{"load_summary": {"count": 480, "schedule_delay": {"mean": 0.0009616735565941781, "min": -0.0006422769511118531, "p0.1": -0.0006259331961045973, "p1": -0.0003584460658021271, "p5": -4.922953958157447e-05, "p10": 0.0001685882511083037, "p25": 0.000511465041199699, "median": 0.0008375721517950296, "p75": 0.0012119257735321298, "p90": 0.001547745434800163, "p95": 0.001782093296060338, "p99": 0.0022362768696621025, "p99.9": 0.02362967078213185, "max": 0.02834624343086034}, "send_duration": 59.54403306898894, "requested_rate": 8.0, "achieved_rate": 8.061261141714438}, "successes": {"count": 480, "latency": {"request_latency": {"mean": 32.765343285468774, "min": 27.482994956022594, "p0.1": 27.541568856928613, "p1": 27.751455141672633, "p5": 29.114912512362935, "p10": 29.686055546015268, "p25": 31.031868820267846, "median": 33.03572746249847, "p75": 34.119985384793836, "p90": 36.19796071389574, "p95": 37.11915540850314, "p99": 37.73762341288966, "p99.9": 37.81243360013299, "max": 37.81290940998588}, "normalized_time_per_output_token": {"mean": 0.034318782376199716, "min": 0.027577700973016216, "p0.1": 0.027603814491938317, "p1": 0.027888076987029026, "p5": 0.029358017309116104, "p10": 0.03004154672826062, "p25": 0.031886226799557486, "median": 0.03356309717148201, "p75": 0.03547143429764549, "p90": 0.03862495737091077, "p95": 0.041117195760062224, "p99": 0.04448406934756344, "p99.9": 0.1005336336691492, "max": 0.14883562066669886}, "time_per_output_token": {"mean": 0.016302828244540747, "min": 0.013676023167413266, "p0.1": 0.013706711765990257, "p1": 0.013804431627795712, "p5": 0.014480420753492965, "p10": 0.01477931653672626, "p25": 0.01543086987105111, "median": 0.016433467241631274, "p75": 0.016981129490894087, "p90": 0.01801659730598745, "p95": 0.01846881733358098, "p99": 0.018780979811003188, "p99.9": 0.018819770259927857, "max": 0.01882037471913882}, "time_to_first_token": {"mean": 0.10488233279526564, "min": 0.07092069799546152, "p0.1": 0.07143663895793725, "p1": 0.0738215918984497, "p5": 0.07797010199865326, "p10": 0.08169538500951604, "p25": 0.09240609823609702, "median": 0.10407958348514512, "p75": 0.11685544801002834, "p90": 0.12671672098804265, "p95": 0.13137467203778214, "p99": 0.1501263280690181, "p99.9": 0.17559546146530242, "max": 0.17895687703276053}, "inter_token_latency": {"mean": 0.016302828244540747, "min": 1.8799910321831703e-06, "p0.1": 3.5499688237905502e-06, "p1": 1.2270000297576189e-05, "p5": 1.689000055193901e-05, "p10": 2.0809995476156473e-05, "p25": 3.50099871866405e-05, "median": 0.00019358500139787793, "p75": 0.03188427147688344, "p90": 0.035701330000301824, "p95": 0.03834467208653222, "p99": 0.04515911253518424, "p99.9": 0.06374340868502641, "max": 0.1014009079663083}}, "throughput": {"input_tokens_per_sec": 50149.31581115741, "output_tokens_per_sec": 5145.453921431699, "total_tokens_per_sec": 55294.769732589106, "requests_per_sec": 5.336927307175165}, "prompt_len": {"mean": 9396.664583333333, "min": 9335.0, "p0.1": 9335.0, "p1": 9342.0, "p5": 9358.95, "p10": 9367.0, "p25": 9380.0, "median": 9395.0, "p75": 9411.25, "p90": 9429.0, "p95": 9438.0, "p99": 9453.0, "p99.9": 9460.0, "max": 9460.0}, "output_len": {"mean": 964.1229166666667, "min": 225.0, "p0.1": 465.458, "p1": 761.37, "p5": 799.6, "p10": 865.0, "p25": 964.5, "median": 1000.0, "p75": 1001.0, "p90": 1001.0, "p95": 1001.0, "p99": 1001.21, "p99.9": 1002.0, "max": 1002.0}}, "failures": {"count": 0, "request_latency": null, "prompt_len": null}}