{"load_summary": {"count": 1500, "schedule_delay": {"mean": 0.0008478308294822152, "min": -0.0007357530994340777, "p0.1": -0.0006703322994871996, "p1": -0.0004141008120495826, "p5": -0.00012028551427647471, "p10": 5.680954782292249e-05, "p25": 0.00039504942833445966, "median": 0.0008009435259737074, "p75": 0.001202633196953684, "p90": 0.0015713830187451096, "p95": 0.0017533764970721676, "p99": 0.0021725585259264333, "p99.9": 0.01482019182393741, "max": 0.024943422176875174}, "send_duration": 59.98652601597132, "requested_rate": 25.0, "achieved_rate": 25.00561542104684}, "successes": {"count": 1500, "latency": {"request_latency": {"mean": 76.59650054438761, "min": 44.69068832194898, "p0.1": 45.20431712333491, "p1": 48.59155254893703, "p5": 55.97326893078862, "p10": 63.83673023828887, "p25": 71.44599242674303, "median": 78.73020508201444, "p75": 82.5139754282718, "p90": 88.75995693061273, "p95": 91.60016079350608, "p99": 92.2744475742802, "p99.9": 92.4050590270246, "max": 92.44156667101197}, "normalized_time_per_output_token": {"mean": 0.07939747190327849, "min": 0.04492898728970864, "p0.1": 0.04603469517549556, "p1": 0.048648194779238256, "p5": 0.05814402998725932, "p10": 0.0653195669662594, "p25": 0.07255078189894058, "median": 0.0798607483021542, "p75": 0.08546226478888806, "p90": 0.09217864165029904, "p95": 0.09610580156165305, "p99": 0.10872859324471995, "p99.9": 0.1569469843265579, "max": 0.3476105067511607}, "time_per_output_token": {"mean": 0.038175005382609116, "min": 0.022274580631190553, "p0.1": 0.022533107024323547, "p1": 0.024217247681410425, "p5": 0.02790044154116904, "p10": 0.031836580361414964, "p25": 0.03557990531259276, "median": 0.03924064787132012, "p75": 0.041120995569207446, "p90": 0.04423601075587482, "p95": 0.045668779858582614, "p99": 0.04599949736416992, "p99.9": 0.04607213234971127, "max": 0.04608771294601604}, "time_to_first_token": {"mean": 0.16728214776543124, "min": 0.06687406002311036, "p0.1": 0.0680045750644058, "p1": 0.07510696839366574, "p5": 0.08721405547112226, "p10": 0.09629934804397636, "p25": 0.11905255049350671, "median": 0.1604813430167269, "p75": 0.20951984627754427, "p90": 0.247142453014385, "p95": 0.2685910864820471, "p99": 0.3085127089271555, "p99.9": 0.36187278989341676, "max": 0.3900779339601286}, "inter_token_latency": {"mean": 0.038175005382609116, "min": 1.980050001293421e-06, "p0.1": 4.769972234498709e-06, "p1": 1.185102155432105e-05, "p5": 1.6439997125416994e-05, "p10": 1.9810046069324017e-05, "p25": 3.111001569777727e-05, "median": 0.0002993749803863466, "p75": 0.07960822398308665, "p90": 0.09533938499516809, "p95": 0.10362365093897095, "p99": 0.12824801238835778, "p99.9": 0.1780091079240673, "max": 12.559220087016001}}, "throughput": {"input_tokens_per_sec": 101093.05084386506, "output_tokens_per_sec": 10441.831948191382, "total_tokens_per_sec": 111534.88279205644, "requests_per_sec": 10.75825370619808}, "prompt_len": {"mean": 9396.79, "min": 9335.0, "p0.1": 9335.0, "p1": 9342.0, "p5": 9359.0, "p10": 9368.8, "p25": 9380.0, "median": 9395.0, "p75": 9412.0, "p90": 9429.0, "p95": 9438.0, "p99": 9453.0, "p99.9": 9460.0, "max": 9460.0}, "output_len": {"mean": 970.588, "min": 225.0, "p0.1": 557.2170000000001, "p1": 758.98, "p5": 828.0, "p10": 884.0, "p25": 977.0, "median": 1000.0, "p75": 1001.0, "p90": 1001.0, "p95": 1001.0, "p99": 1002.0, "p99.9": 1015.0, "max": 1031.0}}, "failures": {"count": 0, "request_latency": null, "prompt_len": null}}