{"load_summary": {"count": 900, "schedule_delay": {"mean": 0.0008708257793397125, "min": -0.0007378882146440446, "p0.1": -0.0005046769430628046, "p1": -0.00029039263317827136, "p5": -8.134508680086581e-05, "p10": 9.45662904996425e-05, "p25": 0.0004164077836321667, "median": 0.0007777811260893941, "p75": 0.001155714999185875, "p90": 0.0014826601429376752, "p95": 0.001681325500248931, "p99": 0.0020929081214126196, "p99.9": 0.027900232073327744, "max": 0.03333869617199525}, "send_duration": 59.95582601299975, "requested_rate": 15.0, "achieved_rate": 15.011051633328512}, "successes": {"count": 900, "latency": {"request_latency": {"mean": 46.00172627909963, "min": 32.2435197730083, "p0.1": 32.26009382689453, "p1": 32.957816771980724, "p5": 35.65637644358212, "p10": 38.857910347240974, "p25": 43.191414687011275, "median": 47.345541899994714, "p75": 48.99578163275146, "p90": 51.984755096025765, "p95": 53.19985979595513, "p99": 53.90008228142164, "p99.9": 53.98461234558269, "max": 53.984958073997404}, "normalized_time_per_output_token": {"mean": 0.0479789706957039, "min": 0.03222972614684614, "p0.1": 0.03236804148921394, "p1": 0.033371098145177205, "p5": 0.035822308721782464, "p10": 0.03993404385577662, "p25": 0.04432256900423721, "median": 0.04826151359191101, "p75": 0.05129114109414849, "p90": 0.05436664486490791, "p95": 0.058465948099345744, "p99": 0.06537518312246611, "p99.9": 0.08564124493656275, "max": 0.13138804252676514}, "time_per_output_token": {"mean": 0.0229059655813172, "min": 0.01605744820840048, "p0.1": 0.016065717997528914, "p1": 0.01641169240468733, "p5": 0.017759256251432678, "p10": 0.01934241018102582, "p25": 0.02148607780609786, "median": 0.023578390938785814, "p75": 0.02440519226686432, "p90": 0.025889020714027898, "p95": 0.02651607479762762, "p99": 0.026860452614387083, "p99.9": 0.026886055832850017, "max": 0.026887238559220962}, "time_to_first_token": {"mean": 0.1267712535471138, "min": 0.06754698901204392, "p0.1": 0.06785293668782105, "p1": 0.07477203520247713, "p5": 0.08305212042760104, "p10": 0.0887194738839753, "p25": 0.10389053050312214, "median": 0.12525555246975273, "p75": 0.14803234025021084, "p90": 0.1660447759262752, "p95": 0.1756658949598204, "p99": 0.1939767912327079, "p99.9": 0.21526406526082706, "max": 0.23731937701813877}, "inter_token_latency": {"mean": 0.0229059655813172, "min": 1.9710278138518333e-06, "p0.1": 4.169996827840805e-06, "p1": 1.204002182930708e-05, "p5": 1.6460020560771227e-05, "p10": 1.987995347008109e-05, "p25": 3.207998815923929e-05, "median": 0.00024199503241106868, "p75": 0.04614754152134992, "p90": 0.05333922000718303, "p95": 0.055455479511874725, "p99": 0.06967220462393016, "p99.9": 0.08915918519016124, "max": 0.1342118980246596}}, "throughput": {"input_tokens_per_sec": 82101.27289401287, "output_tokens_per_sec": 8431.729285855377, "total_tokens_per_sec": 90533.00217986826, "requests_per_sec": 8.737100661877625}, "prompt_len": {"mean": 9396.855555555556, "min": 9335.0, "p0.1": 9335.0, "p1": 9348.93, "p5": 9359.0, "p10": 9369.0, "p25": 9380.0, "median": 9395.0, "p75": 9412.0, "p90": 9429.0, "p95": 9438.0, "p99": 9453.0, "p99.9": 9460.0, "max": 9460.0}, "output_len": {"mean": 965.0488888888889, "min": 393.0, "p0.1": 511.668, "p1": 749.93, "p5": 799.9, "p10": 863.5, "p25": 971.0, "median": 1000.0, "p75": 1001.0, "p90": 1001.0, "p95": 1001.0, "p99": 1002.0, "p99.9": 1012.3330000000037, "max": 1042.0}}, "failures": {"count": 0, "request_latency": null, "prompt_len": null}}