{"load_summary": {"count": 1800, "schedule_delay": {"mean": 0.0008219014893337671, "min": -0.0007060792995616794, "p0.1": -0.0006084821398835629, "p1": -0.0003835408960003406, "p5": -9.184056834783403e-05, "p10": 7.827442022971809e-05, "p25": 0.000392479108995758, "median": 0.0007787062204442918, "p75": 0.0011761161440517753, "p90": 0.001533109566662461, "p95": 0.0017208379955263808, "p99": 0.002286304279696196, "p99.9": 0.005881766464331856, "max": 0.03513985133031383}, "send_duration": 59.99289814097574, "requested_rate": 30.0, "achieved_rate": 30.00355134986523}, "successes": {"count": 1800, "latency": {"request_latency": {"mean": 96.96385668682862, "min": 54.810755872982554, "p0.1": 55.88842646859051, "p1": 59.85882662849035, "p5": 70.69110434757313, "p10": 78.88030921791797, "p25": 92.45833157749439, "median": 100.82981209646096, "p75": 104.34111574497365, "p90": 106.41715006703161, "p95": 113.16505656543886, "p99": 116.06474996060598, "p99.9": 116.66456484348677, "max": 116.71467055997346}, "normalized_time_per_output_token": {"mean": 0.10147661899306491, "min": 0.05546486073221963, "p0.1": 0.05692760637067677, "p1": 0.06121306825231304, "p5": 0.07261734229618885, "p10": 0.08032812432954334, "p25": 0.09420641036104434, "median": 0.10266392306694141, "p75": 0.10684163986473869, "p90": 0.11653579678260369, "p95": 0.12544358206438475, "p99": 0.13971257515560542, "p99.9": 0.30350893544163016, "max": 0.48511298063682595}, "time_per_output_token": {"mean": 0.04834311986797208, "min": 0.02733323384609389, "p0.1": 0.02786998032730289, "p1": 0.029849025096468182, "p5": 0.03526316199074601, "p10": 0.03936064289558434, "p25": 0.04609925760455733, "median": 0.05027980497624699, "p75": 0.05203879647726797, "p90": 0.05305926044877532, "p95": 0.05640703062043418, "p99": 0.05785138009508177, "p99.9": 0.058137164763235286, "max": 0.058138712851554274}, "time_to_first_token": {"mean": 0.18822093622425906, "min": 0.06995173898758367, "p0.1": 0.07298076041712193, "p1": 0.07826975922624115, "p5": 0.09007839703117497, "p10": 0.100039563968312, "p25": 0.12732545300968923, "median": 0.17907907752669416, "p75": 0.2393414957623463, "p90": 0.2880737380182836, "p95": 0.3183281684643589, "p99": 0.3698250748607097, "p99.9": 0.42799125449248876, "max": 0.4371261819615029}, "inter_token_latency": {"mean": 0.04834311986797208, "min": 1.8799910321831703e-06, "p0.1": 4.8600369482301175e-06, "p1": 1.1700030881911516e-05, "p5": 1.6170961316674948e-05, "p10": 1.9580009393393993e-05, "p25": 3.0410010367631912e-05, "median": 0.00028231501346454024, "p75": 0.0872122680011671, "p90": 0.11791391908773222, "p95": 0.13756965346110508, "p99": 0.18252469911938532, "p99.9": 0.2936540308707093, "max": 60.16048346500611}}, "throughput": {"input_tokens_per_sec": 98877.47368563635, "output_tokens_per_sec": 10151.54883477325, "total_tokens_per_sec": 109029.02252040959, "requests_per_sec": 10.522502109127007}, "prompt_len": {"mean": 9396.764444444445, "min": 9335.0, "p0.1": 9335.0, "p1": 9342.0, "p5": 9358.95, "p10": 9367.0, "p25": 9380.0, "median": 9395.0, "p75": 9412.0, "p90": 9429.0, "p95": 9438.0, "p99": 9453.0, "p99.9": 9460.0, "max": 9460.0}, "output_len": {"mean": 964.7466666666667, "min": 201.0, "p0.1": 359.222, "p1": 733.96, "p5": 803.0, "p10": 869.0, "p25": 968.0, "median": 1000.0, "p75": 1001.0, "p90": 1001.0, "p95": 1001.0, "p99": 1002.0, "p99.9": 1019.2010000000002, "max": 1022.0}}, "failures": {"count": 0, "request_latency": null, "prompt_len": null}}