{"load_summary": {"count": 2400, "schedule_delay": {"mean": 0.0010756839531677542, "min": -0.0006536072469316423, "p0.1": -0.0006258844610420055, "p1": -0.00034596718731336293, "p5": -8.517729584127663e-05, "p10": 0.0001334073895122856, "p25": 0.0004704494494944811, "median": 0.0008151242218445987, "p75": 0.001218426288687624, "p90": 0.0015608833928126837, "p95": 0.0017564107401994986, "p99": 0.0025681503681698747, "p99.9": 0.09163130848208703, "max": 0.09971731819678098}, "send_duration": 59.99155320000136, "requested_rate": 40.0, "achieved_rate": 40.005631992871045}, "successes": {"count": 2400, "latency": {"request_latency": {"mean": 126.72682551680232, "min": 76.83913417602889, "p0.1": 78.07234999638987, "p1": 80.65958328382926, "p5": 89.76179132262186, "p10": 97.3219051028951, "p25": 111.98383715626551, "median": 121.53835464999429, "p75": 142.64338740476524, "p90": 159.5750105782703, "p95": 163.33229026556944, "p99": 165.06783314860252, "p99.9": 165.88056094313146, "max": 165.9353046210017}, "normalized_time_per_output_token": {"mean": 0.13246854125190002, "min": 0.07676237180422467, "p0.1": 0.07839071073152246, "p1": 0.08172034939248722, "p5": 0.0928607157926499, "p10": 0.09976976739860105, "p25": 0.11519181626133462, "median": 0.12955068012511955, "p75": 0.14812355469516297, "p90": 0.1645630515421153, "p95": 0.17299760728343225, "p99": 0.19980896806231682, "p99.9": 0.30507468367011165, "max": 0.6870655999110183}, "time_per_output_token": {"mean": 0.06299298612840602, "min": 0.03834853735580195, "p0.1": 0.038955002829695135, "p1": 0.040248352009258796, "p5": 0.044770796686178595, "p10": 0.04824982052778887, "p25": 0.055583610920784315, "median": 0.06058689608270752, "p75": 0.07106456644302354, "p90": 0.0792372743919768, "p95": 0.08119745720301082, "p99": 0.082322692663471, "p99.9": 0.0827276622107734, "max": 0.08273921728985657}, "time_to_first_token": {"mean": 0.6366349176022534, "min": 0.06905840896070004, "p0.1": 0.07141617338202196, "p1": 0.08108211902377661, "p5": 0.09457339404616505, "p10": 0.10674392091459595, "p25": 0.14803013551863842, "median": 0.21932260098401457, "p75": 0.3003455300058704, "p90": 0.37060431301943025, "p95": 0.41597076849720876, "p99": 0.5040289303089948, "p99.9": 70.31879983115272, "max": 70.4282865159912}, "inter_token_latency": {"mean": 0.06299298612840602, "min": 2.00001522898674e-06, "p0.1": 4.859990440309048e-06, "p1": 1.178000820800662e-05, "p5": 1.6389996744692326e-05, "p10": 1.977098872885108e-05, "p25": 3.069901140406728e-05, "median": 0.0003098800079897046, "p75": 0.09164204051194247, "p90": 0.1414176480146125, "p95": 0.16311234940367283, "p99": 0.2169941567018393, "p99.9": 0.31775133844593684, "max": 69.97034513403196}}, "throughput": {"input_tokens_per_sec": 100630.45659642786, "output_tokens_per_sec": 10329.751878082654, "total_tokens_per_sec": 110960.20847451051, "requests_per_sec": 10.708960636280269}, "prompt_len": {"mean": 9396.84625, "min": 9335.0, "p0.1": 9335.0, "p1": 9342.0, "p5": 9359.0, "p10": 9369.0, "p25": 9380.0, "median": 9395.0, "p75": 9412.0, "p90": 9429.0, "p95": 9438.0, "p99": 9453.0, "p99.9": 9460.0, "max": 9460.0}, "output_len": {"mean": 964.5895833333333, "min": 220.0, "p0.1": 391.384, "p1": 743.97, "p5": 807.0, "p10": 863.0, "p25": 967.0, "median": 1000.0, "p75": 1001.0, "p90": 1001.0, "p95": 1001.0, "p99": 1002.0, "p99.9": 1019.0, "max": 1125.0}}, "failures": {"count": 0, "request_latency": null, "prompt_len": null}}