{"load_summary": {"count": 1200, "schedule_delay": {"mean": 0.0008903584980968541, "min": -0.0006619053892791271, "p0.1": -0.0005856441477662883, "p1": -0.000352760489913635, "p5": -7.923521043267101e-05, "p10": 9.244914981536567e-05, "p25": 0.00042397606011945754, "median": 0.0007953406020533293, "p75": 0.0011539155821083114, "p90": 0.0014807435567490757, "p95": 0.00170747940428555, "p99": 0.002217372563318349, "p99.9": 0.02486883364833207, "max": 0.035022529831621796}, "send_duration": 59.97914678702364, "requested_rate": 20.0, "achieved_rate": 20.006953487701452}, "successes": {"count": 1200, "latency": {"request_latency": {"mean": 59.36724225605722, "min": 37.28022320504533, "p0.1": 37.482458938616034, "p1": 38.86364580244175, "p5": 43.27368575150031, "p10": 49.90017387720873, "p25": 55.02749927775585, "median": 60.692761217505904, "p75": 64.31344354999601, "p90": 68.34742319391226, "p95": 70.83611703198403, "p99": 71.31136593401548, "p99.9": 71.36367998296588, "max": 71.37040712701855}, "normalized_time_per_output_token": {"mean": 0.0622016271361098, "min": 0.03741657585711577, "p0.1": 0.03760831721121531, "p1": 0.039164061523360744, "p5": 0.04422710226606006, "p10": 0.050940239458812674, "p25": 0.05669608425666533, "median": 0.06208812195514325, "p75": 0.06738814081372071, "p90": 0.07250991176249623, "p95": 0.077094390969768, "p99": 0.08905232261475247, "p99.9": 0.12910715241438958, "max": 0.2656008572891321}, "time_per_output_token": {"mean": 0.02957585538272709, "min": 0.018573854865569357, "p0.1": 0.018674389024900855, "p1": 0.01935815812849263, "p5": 0.021562921820592527, "p10": 0.02485855660515722, "p25": 0.02742582435581582, "median": 0.030212885856579316, "p75": 0.032019067890054584, "p90": 0.03403959152204551, "p95": 0.03529914202050365, "p99": 0.035544647112720186, "p99.9": 0.035557666855815996, "max": 0.03555879342327963}, "time_to_first_token": {"mean": 0.14617545000684914, "min": 0.06992134900065139, "p0.1": 0.07058804054907523, "p1": 0.07571176629920956, "p5": 0.08614003045659047, "p10": 0.09298139712773264, "p25": 0.1108067229797598, "median": 0.14385049749398604, "p75": 0.17408556200098246, "p90": 0.2061525421391707, "p95": 0.22210385602666063, "p99": 0.2502961123327259, "p99.9": 0.27357568338251453, "max": 0.2850251659983769}, "inter_token_latency": {"mean": 0.02957585538272709, "min": 2.0799925550818443e-06, "p0.1": 4.572773235850037e-06, "p1": 1.1830998118966818e-05, "p5": 1.6210018657147884e-05, "p10": 1.9569997675716877e-05, "p25": 3.0769966542720795e-05, "median": 0.00026511450414545834, "p75": 0.05928956899151672, "p90": 0.07138801410328598, "p95": 0.07931390548474153, "p99": 0.09268289963365531, "p99.9": 0.11641272501257961, "max": 0.2718199749942869}}, "throughput": {"input_tokens_per_sec": 95678.40542852656, "output_tokens_per_sec": 9796.77895123228, "total_tokens_per_sec": 105475.18437975884, "requests_per_sec": 10.182130151940946}, "prompt_len": {"mean": 9396.698333333334, "min": 9335.0, "p0.1": 9335.0, "p1": 9342.0, "p5": 9359.0, "p10": 9368.8, "p25": 9380.0, "median": 9395.0, "p75": 9411.0, "p90": 9429.0, "p95": 9438.0, "p99": 9453.0, "p99.9": 9460.0, "max": 9460.0}, "output_len": {"mean": 962.1541666666667, "min": 249.0, "p0.1": 544.447, "p1": 745.0, "p5": 794.95, "p10": 852.0, "p25": 961.75, "median": 1000.0, "p75": 1001.0, "p90": 1001.0, "p95": 1001.0, "p99": 1002.0, "p99.9": 1019.0, "max": 1028.0}}, "failures": {"count": 0, "request_latency": null, "prompt_len": null}}