{"load_summary": {"count": 225, "schedule_delay": {"mean": 0.0010840860896536874, "min": -0.0008688908419571817, "p0.1": -0.0007894635531120002, "p1": -0.00048187969252467156, "p5": -7.364236516878009e-05, "p10": 0.0002011457923799753, "p25": 0.0005520453560166061, "median": 0.0010976125486195087, "p75": 0.0015980207826942205, "p90": 0.002009742148220539, "p95": 0.0022453442448750133, "p99": 0.0026213683909736565, "p99.9": 0.002769722916651518, "max": 0.0027901498251594603}, "send_duration": 24.972668860980775, "requested_rate": 9.0, "achieved_rate": 9.00984997849218}, "successes": {"count": 225, "latency": {"request_latency": {"mean": 38.425583682115345, "min": 30.271951941016596, "p0.1": 30.27872675807355, "p1": 30.45116329521872, "p5": 30.8453926759772, "p10": 31.374911113188137, "p25": 33.005570465000346, "median": 37.686639177030884, "p75": 43.96779811801389, "p90": 45.59086153699318, "p95": 47.443473167007326, "p99": 48.043487104508095, "p99.9": 48.859664295506676, "max": 49.04923805000726}, "normalized_time_per_output_token": {"mean": 0.04071119198133308, "min": 0.030271924735285567, "p0.1": 0.03027193082936932, "p1": 0.030350754735128643, "p5": 0.03132734458328499, "p10": 0.03190494550120429, "p25": 0.03463434068234656, "median": 0.039893335190590976, "p75": 0.04504337369999848, "p90": 0.04910973448279253, "p95": 0.05519214363662721, "p99": 0.062167423736493595, "p99.9": 0.0943873245728488, "max": 0.1000012656837652}, "time_per_output_token": {"mean": 0.01810391955361508, "min": 0.014990003376323934, "p0.1": 0.014999218932004121, "p1": 0.015108740303836677, "p5": 0.015224370119235907, "p10": 0.01555765844278921, "p25": 0.016171387134949262, "median": 0.017376996886557847, "p75": 0.019825126159936656, "p90": 0.02184522739951445, "p95": 0.02252751908806464, "p99": 0.023333948148377952, "p99.9": 0.023964935611313992, "max": 0.024108788257393557}, "time_to_first_token": {"mean": 2.158069864056694, "min": 0.1517819880391471, "p0.1": 0.1524265433247201, "p1": 0.15494383859913796, "p5": 0.164994365000166, "p10": 0.17298428378999234, "p25": 0.20363324700156227, "median": 1.5981115630129352, "p75": 3.790501015027985, "p90": 5.317930582235567, "p95": 5.9615344048012044, "p99": 6.710852298664394, "p99.9": 7.171000543870968, "max": 7.274003591039218}, "inter_token_latency": {"mean": 0.01810391955361508, "min": 1.909967977553606e-06, "p0.1": 3.65225737914443e-06, "p1": 1.327997539192438e-05, "p5": 1.8269987776875496e-05, "p10": 2.252997364848852e-05, "p25": 3.7579971831291914e-05, "median": 0.00022250995971262455, "p75": 0.031426328991074115, "p90": 0.03229801160050556, "p95": 0.032976813812274484, "p99": 0.10421179036144176, "p99.9": 0.6073556029736071, "max": 0.6503087590099312}}, "throughput": {"input_tokens_per_sec": 37631.18131546207, "output_tokens_per_sec": 3825.6203930092934, "total_tokens_per_sec": 41456.801708471365, "requests_per_sec": 4.004729704178857}, "prompt_len": {"mean": 9396.684444444445, "min": 9335.0, "p0.1": 9335.672, "p1": 9343.68, "p5": 9359.2, "p10": 9367.8, "p25": 9380.0, "median": 9395.0, "p75": 9411.0, "p90": 9428.6, "p95": 9438.0, "p99": 9451.8, "p99.9": 9459.104, "max": 9460.0}, "output_len": {"mean": 955.2755555555556, "min": 449.0, "p0.1": 454.376, "p1": 717.48, "p5": 786.4, "p10": 832.8000000000001, "p25": 955.0, "median": 1000.0, "p75": 1001.0, "p90": 1001.0, "p95": 1001.0, "p99": 1004.28, "p99.9": 1009.552, "max": 1010.0}}, "failures": {"count": 0, "request_latency": null, "prompt_len": null}}