{"load_summary": {"count": 120, "schedule_delay": {"mean": 0.0009425953166404118, "min": -0.00036775635089725256, "p0.1": -0.0003577130415360443, "p1": -0.00027287974895443765, "p5": -3.0532741220667724e-06, "p10": 0.00023268784279935063, "p25": 0.00046104648208711296, "median": 0.0008680902246851474, "p75": 0.001297246926696971, "p90": 0.0017888324335217478, "p95": 0.002047007839428261, "p99": 0.0026236747577786444, "p99.9": 0.002662511273345445, "max": 0.0026673697866499424}, "send_duration": 59.40055621200008, "requested_rate": 2.0, "achieved_rate": 2.02018310353393}, "successes": {"count": 120, "latency": {"request_latency": {"mean": 25.456524538493735, "min": 24.35329737199936, "p0.1": 24.36712949836679, "p1": 24.471464546032365, "p5": 24.552407423540718, "p10": 24.68788327834336, "p25": 24.94295644374506, "median": 25.12575187999755, "p75": 25.310319118754705, "p90": 27.12242108521168, "p95": 27.227516439539613, "p99": 27.26773871059879, "p99.9": 27.28049428800424, "max": 27.282170809980016}, "normalized_time_per_output_token": {"mean": 0.026409647462720443, "min": 0.024328968403595764, "p0.1": 0.024342786711655136, "p1": 0.02445166402423446, "p5": 0.024613548053817363, "p10": 0.024784434832049652, "p25": 0.02505109156119233, "median": 0.025348958422232885, "p75": 0.027159725442208356, "p90": 0.029537110920670975, "p95": 0.03169695795174683, "p99": 0.03307101390164169, "p99.9": 0.034298918150056236, "max": 0.03445976542509402}, "time_per_output_token": {"mean": 0.01265826101653309, "min": 0.012097967243880204, "p0.1": 0.012105324368921984, "p1": 0.012161009724069303, "p5": 0.012210005527344891, "p10": 0.012281152462364634, "p25": 0.012409776220627156, "median": 0.012495031899802021, "p75": 0.012582726266351995, "p90": 0.013490468484876297, "p95": 0.013541155722626284, "p99": 0.01355912989069501, "p99.9": 0.01356369512191973, "max": 0.01356428874161342}, "time_to_first_token": {"mean": 0.08848005341860699, "min": 0.06926366896368563, "p0.1": 0.06931104989483719, "p1": 0.06967550063272938, "p5": 0.07190403302374762, "p10": 0.07584892802988179, "p25": 0.08127131550281774, "median": 0.08800241301651113, "p75": 0.0968479887524154, "p90": 0.10095856714178808, "p95": 0.10464223001035862, "p99": 0.10995816228503828, "p99.9": 0.11058001865219558, "max": 0.11058994801715016}, "inter_token_latency": {"mean": 0.01265826101653309, "min": 1.9599683582782745e-06, "p0.1": 3.809982445091009e-06, "p1": 1.4380028005689383e-05, "p5": 2.0350038539618254e-05, "p10": 3.120000474154949e-05, "p25": 4.104996332898736e-05, "median": 0.00021114503033459187, "p75": 0.02500970900291577, "p90": 0.02633460590150207, "p95": 0.027582804026314987, "p99": 0.029052369786659253, "p99.9": 0.04156499331275785, "max": 0.0696216180222109}}, "throughput": {"input_tokens_per_sec": 13203.974133926065, "output_tokens_per_sec": 1361.0323757704323, "total_tokens_per_sec": 14565.006509696499, "requests_per_sec": 1.4050816866468099}, "prompt_len": {"mean": 9397.3, "min": 9349.0, "p0.1": 9349.0, "p1": 9349.38, "p5": 9359.9, "p10": 9370.9, "p25": 9379.75, "median": 9395.5, "p75": 9412.0, "p90": 9431.1, "p95": 9437.05, "p99": 9448.0, "p99.9": 9452.405, "max": 9453.0}, "output_len": {"mean": 968.65, "min": 734.0, "p0.1": 736.499, "p1": 755.38, "p5": 814.7, "p10": 859.7, "p25": 982.75, "median": 999.0, "p75": 1001.0, "p90": 1001.0, "p95": 1001.0, "p99": 1001.0, "p99.9": 1001.0, "max": 1001.0}}, "failures": {"count": 0, "request_latency": null, "prompt_len": null}}