{"load_summary": {"count": 9525, "schedule_delay": {"mean": 0.0009292353462339855, "min": -0.0008688908419571817, "p0.1": -0.000634745018556714, "p1": -0.0003674790216609836, "p5": -8.50033015012741e-05, "p10": 0.00010556415654718877, "p25": 0.00043272372568026185, "median": 0.0008091398049145937, "p75": 0.001200624043121934, "p90": 0.0015582020860165358, "p95": 0.00176025959663093, "p99": 0.0023074858519248668, "p99.9": 0.034140200993978444, "max": 0.09971731819678098}}, "successes": {"count": 9525, "latency": {"request_latency": {"mean": 80.25549433695146, "min": 24.35329737199936, "p0.1": 24.63727298880485, "p1": 25.844952334458938, "p5": 30.712729952600785, "p10": 33.67589335817611, "p25": 48.2447100149584, "median": 78.72575164702721, "p75": 104.85617525799898, "p90": 137.6658996001934, "p95": 146.60532645919594, "p99": 164.02315930359998, "p99.9": 165.50255868491553, "max": 165.9353046210017}, "normalized_time_per_output_token": {"mean": 0.08383559512587373, "min": 0.024328968403595764, "p0.1": 0.024702322182420314, "p1": 0.02682760224760493, "p5": 0.03150855798730512, "p10": 0.03483827208827304, "p25": 0.0496019790506696, "median": 0.08018548792612122, "p75": 0.1087064902249253, "p90": 0.14077922528370987, "p95": 0.15293309255931897, "p99": 0.17820710518100044, "p99.9": 0.2622521710822769, "max": 0.6870655999110183}, "time_per_output_token": {"mean": 0.03992732681545101, "min": 0.012097967243880204, "p0.1": 0.012247460420977423, "p1": 0.012856113715730292, "p5": 0.015271192540533083, "p10": 0.016715116498239948, "p25": 0.024031528599716412, "median": 0.03925353035730808, "p75": 0.0521978351734297, "p90": 0.06847308965447917, "p95": 0.07296159455861277, "p99": 0.08168027397254594, "p99.9": 0.08255718227705047, "max": 0.08273921728985657}, "time_to_first_token": {"mean": 0.32034197297159295, "min": 0.06687406002311036, "p0.1": 0.06928868472506292, "p1": 0.07495602877810598, "p5": 0.08457314197439701, "p10": 0.09183380696922541, "p25": 0.1095779089955613, "median": 0.15053560701198876, "p75": 0.2170966070261784, "p90": 0.2972514369990677, "p95": 0.3589359580073505, "p99": 2.3985542192333473, "p99.9": 69.61143912143876, "max": 70.4282865159912}, "inter_token_latency": {"mean": 0.03992732681545102, "min": 1.8799910321831703e-06, "p0.1": 4.379951860755682e-06, "p1": 1.191999763250351e-05, "p5": 1.646997407078743e-05, "p10": 1.9920000340789557e-05, "p25": 3.200001083314419e-05, "median": 0.00026495999190956354, "p75": 0.06615432898979634, "p90": 0.09948417041450741, "p95": 0.12170167900621891, "p99": 0.17822476059664058, "p99.9": 0.2654231734387624, "max": 69.97034513403196}}, "throughput": {"input_tokens_per_sec": 68052.83087187022, "output_tokens_per_sec": 6988.547541250863, "total_tokens_per_sec": 75041.37841312109, "requests_per_sec": 7.242142666716256}, "prompt_len": {"mean": 9396.781312335957, "min": 9335.0, "p0.1": 9335.0, "p1": 9342.0, "p5": 9359.0, "p10": 9367.8, "p25": 9380.0, "median": 9395.0, "p75": 9412.0, "p90": 9429.0, "p95": 9438.0, "p99": 9453.0, "p99.9": 9460.0, "max": 9460.0}, "output_len": {"mean": 964.9834120734909, "min": 201.0, "p0.1": 397.62, "p1": 744.0, "p5": 805.0, "p10": 864.0, "p25": 968.0, "median": 1000.0, "p75": 1001.0, "p90": 1001.0, "p95": 1001.0, "p99": 1002.0, "p99.9": 1019.0, "max": 1125.0}}, "failures": {"count": 0, "request_latency": null, "prompt_len": null}}