{"load_summary": {"count": 2400, "schedule_delay": {"mean": 0.0013641490093868924, "min": -0.0007791594252921641, "p0.1": -0.0006575109986588359, "p1": -0.00020002490375190972, "p5": 0.00014060295361559839, "p10": 0.000319631869206205, "p25": 0.0006451736844610423, "median": 0.0010012645507231355, "p75": 0.0013541213411372155, "p90": 0.0017103623307775707, "p95": 0.001959322148468345, "p99": 0.003027055227430489, "p99.9": 0.09077679027419124, "max": 0.10744650312699378}, "send_duration": 59.95765224500792, "requested_rate": 40.0, "achieved_rate": 40.02825177664998}, "successes": {"count": 1079, "latency": {"request_latency": {"mean": 177.5488630401275, "min": 54.16838402097346, "p0.1": 54.259861423913854, "p1": 55.18273482119548, "p5": 58.82285593833658, "p10": 62.08736298519653, "p25": 117.81975209599477, "median": 178.2932897839928, "p75": 240.05761528600124, "p90": 288.5440188142238, "p95": 292.16234009676265, "p99": 295.72151431513134, "p99.9": 298.97623996677777, "max": 299.6185492769582}, "normalized_time_per_output_token": {"mean": 0.1855627084450951, "min": 0.054114269751222244, "p0.1": 0.05420565576814571, "p1": 0.05583051035390375, "p5": 0.059527840737958665, "p10": 0.06431469338312469, "p25": 0.11969612641678354, "median": 0.18144200769701274, "p75": 0.24648662899544382, "p90": 0.2940037151600812, "p95": 0.30716488660444197, "p99": 0.3716799234563706, "p99.9": 0.44148455707227824, "max": 0.5594416317515283}, "time_per_output_token": {"mean": 0.02967718870976537, "min": 0.026293060381687373, "p0.1": 0.026293345006972713, "p1": 0.026297012796408156, "p5": 0.026791032498830542, "p10": 0.02768735653502743, "p25": 0.02835456271015195, "median": 0.029122305774608854, "p75": 0.02974227803747874, "p90": 0.030431264983230632, "p95": 0.03599111256438064, "p99": 0.045863472280556344, "p99.9": 0.048194764910255636, "max": 0.0485758401374314}, "time_to_first_token": {"mean": 118.12084017995382, "min": 0.07588743499945849, "p0.1": 0.20625554108852526, "p1": 1.4987561528175137, "p5": 3.3731198511028198, "p10": 7.657928352383898, "p25": 58.36329695949098, "median": 119.87600536103128, "p75": 182.27429173199926, "p90": 231.39958418563475, "p95": 235.64232096497435, "p99": 238.55575703884358, "p99.9": 240.04017551110266, "max": 240.33498957497068}, "inter_token_latency": {"mean": 0.029677600127115324, "min": 2.3579923436045647e-06, "p0.1": 5.1263248315081e-06, "p1": 1.4608027413487434e-05, "p5": 1.9337702542543422e-05, "p10": 2.4314969778060913e-05, "p25": 4.05249884352088e-05, "median": 0.0004319650470279157, "p75": 0.035486796987243, "p90": 0.036709136411082, "p95": 0.0382453333993908, "p99": 0.6198879036295692, "p99.9": 0.6441262537058218, "max": 37.65888956101844}}, "throughput": {"input_tokens_per_sec": 28121.630268455057, "output_tokens_per_sec": 2885.4897368727547, "total_tokens_per_sec": 31007.12000532781, "requests_per_sec": 2.9918630858653903}, "prompt_len": {"mean": 9399.370713623726, "min": 9337.0, "p0.1": 9337.0, "p1": 9348.0, "p5": 9357.0, "p10": 9365.0, "p25": 9383.5, "median": 9398.0, "p75": 9415.0, "p90": 9434.0, "p95": 9448.0, "p99": 9476.0, "p99.9": 9480.0, "max": 9480.0}, "output_len": {"mean": 964.4457831325301, "min": 408.0, "p0.1": 530.522, "p1": 752.78, "p5": 798.9, "p10": 859.0, "p25": 966.0, "median": 1000.0, "p75": 1001.0, "p90": 1001.0, "p95": 1001.0, "p99": 1002.0, "p99.9": 1010.4540000000002, "max": 1205.0}}, "failures": {"count": 1321, "request_latency": {"mean": 300.52169680205947, "min": 300.00266433600336, "p0.1": 300.00506649735615, "p1": 300.0127637570375, "p5": 300.0560836860095, "p10": 300.1093972090166, "p25": 300.27520749298856, "median": 300.5296978590195, "p75": 300.78322544205, "p90": 300.9112684210413, "p95": 300.9503719130298, "p99": 300.9842756801751, "p99.9": 300.997363484262, "max": 300.9995559719973}, "prompt_len": {"mean": 0.0, "min": 0.0, "p0.1": 0.0, "p1": 0.0, "p5": 0.0, "p10": 0.0, "p25": 0.0, "median": 0.0, "p75": 0.0, "p90": 0.0, "p95": 0.0, "p99": 0.0, "p99.9": 0.0, "max": 0.0}}}