{"load_summary": {"count": 120, "schedule_delay": {"mean": 0.001018529839833112, "min": -0.0003667006967589259, "p0.1": -0.00032695323042571545, "p1": -1.3603625120595104e-05, "p5": 0.00022131298028398307, "p10": 0.0004029041505418718, "p25": 0.0006637315964326262, "median": 0.0009770887263584882, "p75": 0.0013672193890670314, "p90": 0.0017220726411323994, "p95": 0.001918355096131563, "p99": 0.0022245565312914556, "p99.9": 0.0024121564708766553, "max": 0.002431624277960509}, "send_duration": 57.576046317990404, "requested_rate": 2.0, "achieved_rate": 2.084200074059347}, "successes": {"count": 120, "latency": {"request_latency": {"mean": 31.60480232375703, "min": 24.567691521020606, "p0.1": 24.58710731290537, "p1": 24.73932376813842, "p5": 25.442470216934453, "p10": 26.18107347182813, "p25": 28.25648518152593, "median": 32.61987702496117, "p75": 34.5286212972278, "p90": 36.21094713871135, "p95": 37.73678122240526, "p99": 38.03662880434887, "p99.9": 38.07525166261161, "max": 38.07930276700063}, "normalized_time_per_output_token": {"mean": 0.03280362962941166, "min": 0.02454314837264796, "p0.1": 0.024597256272819164, "p1": 0.025038161722896784, "p5": 0.025542064335205412, "p10": 0.02638587623413177, "p25": 0.028580500208732512, "median": 0.03382792545347694, "p75": 0.035413828788214516, "p90": 0.03772577143043085, "p95": 0.03922361969505423, "p99": 0.04635918031760279, "p99.9": 0.05472660310187474, "max": 0.055762129393829137}, "time_per_output_token": {"mean": 0.01546548342746582, "min": 0.01220887220289064, "p0.1": 0.012209453589433468, "p1": 0.012229324537041682, "p5": 0.012328490580076994, "p10": 0.012820195892297694, "p25": 0.01380003769201625, "median": 0.015808751685896245, "p75": 0.01692155908271, "p90": 0.017690339576111345, "p95": 0.01852079487382824, "p99": 0.018776413360952402, "p99.9": 0.01887139506424401, "max": 0.018883636489754652}, "time_to_first_token": {"mean": 0.604523427359527, "min": 0.07336847804253921, "p0.1": 0.07361994586017681, "p1": 0.0756234015361406, "p5": 0.09033022552612238, "p10": 0.14634687778889202, "p25": 0.16429795102158096, "median": 0.7414338155358564, "p75": 0.7642748552316334, "p90": 1.2468045926128979, "p95": 1.4036476593348197, "p99": 1.610130480275839, "p99.9": 1.726788266390971, "max": 1.7403804960194975}, "inter_token_latency": {"mean": 0.01546548342746582, "min": 2.6400084607303143e-06, "p0.1": 4.139096825383604e-06, "p1": 1.6555203474126755e-05, "p5": 2.3128988686949015e-05, "p10": 3.424100577831268e-05, "p25": 4.371796967461705e-05, "median": 0.0002929849724750966, "p75": 0.02553387696389109, "p90": 0.026684443466365337, "p95": 0.027688619613763874, "p99": 0.04417027848074202, "p99.9": 0.5824311260417463, "max": 0.6197474519722164}}, "throughput": {"input_tokens_per_sec": 13616.156074242184, "output_tokens_per_sec": 1404.6628568889607, "total_tokens_per_sec": 15020.818931131145, "requests_per_sec": 1.4490770690555124}, "prompt_len": {"mean": 9396.433333333332, "min": 9337.0, "p0.1": 9337.952, "p1": 9345.76, "p5": 9357.0, "p10": 9361.9, "p25": 9380.75, "median": 9394.0, "p75": 9412.0, "p90": 9424.1, "p95": 9443.25, "p99": 9463.81, "p99.9": 9474.572, "max": 9476.0}, "output_len": {"mean": 969.35, "min": 523.0, "p0.1": 550.37, "p1": 756.42, "p5": 835.85, "p10": 889.3, "p25": 975.5, "median": 1000.0, "p75": 1001.0, "p90": 1001.0, "p95": 1001.0, "p99": 1001.0, "p99.9": 1001.881, "max": 1002.0}}, "failures": {"count": 0, "request_latency": null, "prompt_len": null}}