{"load_summary": {"count": 225, "schedule_delay": {"mean": 0.0015087005439110928, "min": -0.0004463345976546407, "p0.1": -0.0003441378744319081, "p1": 6.307067582383756e-05, "p5": 0.0005284990067593754, "p10": 0.0007258904282934965, "p25": 0.0009875932591967285, "median": 0.0013864928623661399, "p75": 0.00190167740220204, "p90": 0.002550894557498395, "p95": 0.002986968669574706, "p99": 0.0036372150294482685, "p99.9": 0.004168581611476843, "max": 0.004275535815395415}, "send_duration": 24.860795588989276, "requested_rate": 9.0, "achieved_rate": 9.050394191714902}, "successes": {"count": 225, "latency": {"request_latency": {"mean": 56.40270078011064, "min": 37.55335370701505, "p0.1": 37.75363348752772, "p1": 38.90625050204806, "p5": 41.493879701197145, "p10": 43.81006423480576, "p25": 49.19534970499808, "median": 56.79501955397427, "p75": 63.57100073597394, "p90": 68.03078666160582, "p95": 69.1930682361708, "p99": 74.87728443925036, "p99.9": 75.45689394425881, "max": 75.47515785100404}, "normalized_time_per_output_token": {"mean": 0.05843218915466504, "min": 0.03755335370701505, "p0.1": 0.03788271186495642, "p1": 0.03933254520917681, "p5": 0.041930305664052446, "p10": 0.044626270316166367, "p25": 0.05018986665105878, "median": 0.05842692613299005, "p75": 0.06568381943581142, "p90": 0.07048628852783549, "p95": 0.07447014029298475, "p99": 0.08304939611564738, "p99.9": 0.08792994110946885, "max": 0.08795898618079022}, "time_per_output_token": {"mean": 0.02459213673087418, "min": 0.012626447096950598, "p0.1": 0.01262644859252247, "p1": 0.012900043720881436, "p5": 0.01747221874172284, "p10": 0.018465082306848388, "p25": 0.021067552577200596, "median": 0.024881322387816977, "p75": 0.028402954935031508, "p90": 0.030815783599995473, "p95": 0.03189409395412443, "p99": 0.03236552515673265, "p99.9": 0.032775088079727496, "max": 0.03288903168216673}, "time_to_first_token": {"mean": 7.133354248307749, "min": 0.7396438730065711, "p0.1": 0.7417065911092795, "p1": 0.7558304140041582, "p5": 1.2927308190031908, "p10": 1.7131785630132073, "p25": 3.2604530549724586, "median": 5.639272520027589, "p75": 8.342155854043085, "p90": 12.332839020213576, "p95": 13.194688191195016, "p99": 48.57293723638402, "p99.9": 48.741337976201905, "max": 48.75881196599221}, "inter_token_latency": {"mean": 0.02459213673087418, "min": 2.4050241336226463e-06, "p0.1": 3.854209091514349e-06, "p1": 1.4012970495969057e-05, "p5": 1.9547995179891586e-05, "p10": 2.4714379105716946e-05, "p25": 4.148896550759673e-05, "median": 0.00034184695687144995, "p75": 0.034643541963305324, "p90": 0.03559897079830989, "p95": 0.03626119781984016, "p99": 0.5971213608351537, "p99.9": 0.6213833963256331, "max": 33.0972769120126}}, "throughput": {"input_tokens_per_sec": 21504.53318021778, "output_tokens_per_sec": 2218.2798477448337, "total_tokens_per_sec": 23722.81302796261, "requests_per_sec": 2.2878298759744573}, "prompt_len": {"mean": 9399.533333333333, "min": 9337.0, "p0.1": 9338.792, "p1": 9348.24, "p5": 9357.0, "p10": 9364.4, "p25": 9384.0, "median": 9398.0, "p75": 9415.0, "p90": 9434.6, "p95": 9447.6, "p99": 9475.52, "p99.9": 9479.328, "max": 9480.0}, "output_len": {"mean": 969.6, "min": 718.0, "p0.1": 724.496, "p1": 767.4, "p5": 827.6, "p10": 887.4, "p25": 972.0, "median": 1000.0, "p75": 1001.0, "p90": 1001.0, "p95": 1001.0, "p99": 1001.0, "p99.9": 1001.7760000000001, "max": 1002.0}}, "failures": {"count": 0, "request_latency": null, "prompt_len": null}}