{"load_summary": {"count": 1800, "schedule_delay": {"mean": 0.0011619031766248453, "min": -0.0008631015662103891, "p0.1": -0.000836155068827793, "p1": -0.00017497116175945848, "p5": 0.0001361362519674003, "p10": 0.00033896423410624267, "p25": 0.0006499567680293694, "median": 0.0010235457157250494, "p75": 0.0013643960846820846, "p90": 0.0016940326197072868, "p95": 0.0019067509681917724, "p99": 0.0025500268931500612, "p99.9": 0.042957405433003366, "max": 0.13415143237216398}, "send_duration": 59.8655478329747, "requested_rate": 30.0, "achieved_rate": 30.06737706672313}, "successes": {"count": 1110, "latency": {"request_latency": {"mean": 171.6251565235991, "min": 54.27030515798833, "p0.1": 54.35074353589676, "p1": 56.40195555544924, "p5": 59.498490806031626, "p10": 62.634161916893206, "p25": 109.83245254647045, "median": 172.61031776797608, "p75": 233.99229985599231, "p90": 284.3129959096026, "p95": 288.8768943667237, "p99": 293.95078863745323, "p99.9": 298.29175957360104, "max": 299.9173375729588}, "normalized_time_per_output_token": {"mean": 0.18122293226153163, "min": 0.054216089068919414, "p0.1": 0.054356058434416356, "p1": 0.05672972469729349, "p5": 0.061162398802898754, "p10": 0.06439322779559507, "p25": 0.11252405451448505, "median": 0.17688013683250756, "p75": 0.23925427799913934, "p90": 0.2886894533005017, "p95": 0.29646889012961375, "p99": 0.3707835633966314, "p99.9": 0.8492987993896621, "max": 1.4257633660559148}, "time_per_output_token": {"mean": 0.030013317918363584, "min": 0.02675017425239478, "p0.1": 0.02676137815870484, "p1": 0.026802622913610425, "p5": 0.02714999046277961, "p10": 0.02739971963237731, "p25": 0.028567200457893495, "median": 0.02930122330885563, "p75": 0.030229721814343382, "p90": 0.030533847304960844, "p95": 0.03891873558273892, "p99": 0.046427084112755215, "p99.9": 0.04844077910114133, "max": 0.0500727694887465}, "time_to_first_token": {"mean": 111.51416998314194, "min": 0.15090923197567463, "p0.1": 0.7255096116685309, "p1": 1.2388434720825172, "p5": 3.5522719830391, "p10": 6.4410645683179615, "p25": 53.70385615498526, "median": 114.40671770347399, "p75": 174.74689174225205, "p90": 225.1576417893113, "p95": 229.74774078897897, "p99": 235.01433193626465, "p99.9": 236.3482619864641, "max": 236.94427916099085}, "inter_token_latency": {"mean": 0.030013317918363588, "min": 2.5199842639267445e-06, "p0.1": 4.8790243454277515e-06, "p1": 1.4778983313590288e-05, "p5": 1.9508006516844034e-05, "p10": 2.428604057058692e-05, "p25": 3.970699617639184e-05, "median": 0.00041220951243303716, "p75": 0.035516087256837636, "p90": 0.03675657633575611, "p95": 0.03853159516584128, "p99": 0.6192652318079491, "p99.9": 0.6417209965969105, "max": 39.29079862200888}}, "throughput": {"input_tokens_per_sec": 28964.83252020954, "output_tokens_per_sec": 2965.234264519568, "total_tokens_per_sec": 31930.066784729108, "requests_per_sec": 3.081573376141726}, "prompt_len": {"mean": 9399.364864864865, "min": 9337.0, "p0.1": 9337.0, "p1": 9348.0, "p5": 9357.0, "p10": 9365.0, "p25": 9383.25, "median": 9398.0, "p75": 9415.0, "p90": 9434.0, "p95": 9448.0, "p99": 9476.0, "p99.9": 9480.0, "max": 9480.0}, "output_len": {"mean": 962.2468468468469, "min": 161.0, "p0.1": 209.872, "p1": 710.81, "p5": 791.0, "p10": 858.9, "p25": 969.25, "median": 1000.0, "p75": 1001.0, "p90": 1001.0, "p95": 1001.0, "p99": 1002.0, "p99.9": 1012.3460000000005, "max": 1105.0}}, "failures": {"count": 690, "request_latency": {"mean": 300.51270606776336, "min": 300.004352059972, "p0.1": 300.0048763573111, "p1": 300.01144620345383, "p5": 300.0587334671407, "p10": 300.12671446478345, "p25": 300.2654579424852, "median": 300.5135607944976, "p75": 300.754168128522, "p90": 300.902804298047, "p95": 300.95176695345725, "p99": 300.9909367870586, "p99.9": 301.0004556479573, "max": 301.00113134196727}, "prompt_len": {"mean": 0.0, "min": 0.0, "p0.1": 0.0, "p1": 0.0, "p5": 0.0, "p10": 0.0, "p25": 0.0, "median": 0.0, "p75": 0.0, "p90": 0.0, "p95": 0.0, "p99": 0.0, "p99.9": 0.0, "max": 0.0}}}