{"load_summary": {"count": 480, "schedule_delay": {"mean": 0.0010259953834368693, "min": -0.00043961586197838187, "p0.1": -0.00040614951099269094, "p1": -0.00020593966357409954, "p5": 0.00012737416545860475, "p10": 0.0003035215137060732, "p25": 0.0006374302465701476, "median": 0.0010018491593655199, "p75": 0.0014001966919749975, "p90": 0.0017202219460159542, "p95": 0.001922689855564385, "p99": 0.002415304795722476, "p99.9": 0.003808483681874465, "max": 0.004577347659505904}, "send_duration": 59.89019450597698, "requested_rate": 8.0, "achieved_rate": 8.014667575542713}, "successes": {"count": 480, "latency": {"request_latency": {"mean": 77.44158834728636, "min": 54.72724044194911, "p0.1": 54.82445297034556, "p1": 55.91681130278798, "p5": 57.69148611347191, "p10": 59.77312245680951, "p25": 62.09249968348013, "median": 72.51321946948883, "p75": 92.90159659399069, "p90": 99.97491321401321, "p95": 103.09465329563245, "p99": 106.24871886693815, "p99.9": 106.8347267684656, "max": 106.8717276249663}, "normalized_time_per_output_token": {"mean": 0.08036034227519598, "min": 0.054875314038967456, "p0.1": 0.05501509929878376, "p1": 0.056398525781541683, "p5": 0.058418761423390524, "p10": 0.060420753675625515, "p25": 0.06305626431371544, "median": 0.0778789969892574, "p75": 0.09617214999717223, "p90": 0.10380368384797312, "p95": 0.10929281213348639, "p99": 0.1215059796875245, "p99.9": 0.13139752809935645, "max": 0.13350492406057776}, "time_per_output_token": {"mean": 0.026972429219440767, "min": 0.013114048150900484, "p0.1": 0.013118801294476812, "p1": 0.013432734034691547, "p5": 0.014592667907259826, "p10": 0.016617273331775952, "p25": 0.024452372270480693, "median": 0.029328052713898177, "p75": 0.030286794342942753, "p90": 0.031016646094316768, "p95": 0.03182480039120919, "p99": 0.04147881305855945, "p99.9": 0.04555997455100562, "max": 0.04572951372414162}, "time_to_first_token": {"mean": 23.410793053441253, "min": 0.08260211703600362, "p0.1": 0.08658371351438109, "p1": 0.14218919915496372, "p5": 0.2270223186351359, "p10": 0.930662035400747, "p25": 1.8044238145084819, "median": 26.028109553502873, "p75": 39.20473127377045, "p90": 44.945323879044736, "p95": 74.51236644800811, "p99": 75.5141597429692, "p99.9": 75.96885228772604, "max": 76.11951754603069}, "inter_token_latency": {"mean": 0.026972429219440767, "min": 2.382963430136442e-06, "p0.1": 4.092988092452288e-06, "p1": 1.4148012269288301e-05, "p5": 1.8699036445468664e-05, "p10": 2.368588466197253e-05, "p25": 4.0050013922154903e-05, "median": 0.00038148899329826236, "p75": 0.03515554900513962, "p90": 0.03628627572907135, "p95": 0.037787676902371455, "p99": 0.6103248955553863, "p99.9": 0.6323890551278608, "max": 31.86307265900541}}, "throughput": {"input_tokens_per_sec": 27833.052364343086, "output_tokens_per_sec": 2867.3639687060913, "total_tokens_per_sec": 30700.416333049176, "requests_per_sec": 2.96113955705353}, "prompt_len": {"mean": 9399.439583333333, "min": 9337.0, "p0.1": 9337.0, "p1": 9348.0, "p5": 9357.0, "p10": 9365.0, "p25": 9384.0, "median": 9397.5, "p75": 9415.0, "p90": 9434.1, "p95": 9448.0, "p99": 9476.0, "p99.9": 9480.0, "max": 9480.0}, "output_len": {"mean": 968.33125, "min": 510.0, "p0.1": 565.085, "p1": 757.95, "p5": 811.95, "p10": 877.9, "p25": 976.0, "median": 1000.0, "p75": 1001.0, "p90": 1001.0, "p95": 1001.0, "p99": 1002.0, "p99.9": 1021.1680000000006, "max": 1025.0}}, "failures": {"count": 0, "request_latency": null, "prompt_len": null}}