{"load_summary": {"count": 300, "schedule_delay": {"mean": 0.0011081059377950927, "min": -0.0003618875634856522, "p0.1": -0.0003511063558980823, "p1": -0.0002640444872668013, "p5": 1.2451835209503773e-05, "p10": 0.00026952371117658916, "p25": 0.0005746844981331378, "median": 0.0009512209799140692, "p75": 0.0013185981952119619, "p90": 0.0017072258051484828, "p95": 0.0018745759909506892, "p99": 0.0024178159044822667, "p99.9": 0.03180982266401496, "max": 0.04412774764932692}, "send_duration": 59.81894581002416, "requested_rate": 5.0, "achieved_rate": 5.015133515604808}, "successes": {"count": 300, "latency": {"request_latency": {"mean": 51.981954324368076, "min": 31.495816930022556, "p0.1": 31.788041445894226, "p1": 33.519060727952166, "p5": 37.50455505683785, "p10": 42.6259805177513, "p25": 48.81625587101735, "median": 53.87453345552785, "p75": 56.84556056326255, "p90": 58.256385872204554, "p95": 59.120535229460806, "p99": 60.88511363834084, "p99.9": 63.00352720371692, "max": 63.01277913199738}, "normalized_time_per_output_token": {"mean": 0.053751069680937937, "min": 0.031495816930022555, "p0.1": 0.03180749930917669, "p1": 0.03351906072795217, "p5": 0.03749365551976864, "p10": 0.044013965742660324, "p25": 0.04954383732511768, "median": 0.05533868529469804, "p75": 0.05805788420694937, "p90": 0.06178641536278412, "p95": 0.06572515254305751, "p99": 0.07502793178995568, "p99.9": 0.07702558620327267, "max": 0.07770899620681096}, "time_per_output_token": {"mean": 0.023561300462054215, "min": 0.013753169137936342, "p0.1": 0.013753240736112421, "p1": 0.014147827886140973, "p5": 0.015479780406032727, "p10": 0.016009041144773698, "p25": 0.019543498495119452, "median": 0.025113212747621756, "p75": 0.027715882486018268, "p90": 0.028273296498700858, "p95": 0.028773258661858328, "p99": 0.030013250088552653, "p99.9": 0.0302369685104425, "max": 0.030304362485237626}, "time_to_first_token": {"mean": 4.780648364300141, "min": 0.08347340300679207, "p0.1": 0.08404730540094897, "p1": 0.09941664582118392, "p5": 0.15696604406984987, "p10": 0.16934828279190697, "p25": 0.733994030742906, "median": 1.2415760939766187, "p75": 2.3731962665187893, "p90": 18.184746110328707, "p95": 20.18559520285926, "p99": 21.68863884749473, "p99.9": 22.344072059203764, "max": 22.461899197020102}, "inter_token_latency": {"mean": 0.023561300462054215, "min": 2.5160261429846287e-06, "p0.1": 3.823299426585436e-06, "p1": 1.4322974602691828e-05, "p5": 1.914199674502015e-05, "p10": 2.4194014258682728e-05, "p25": 4.034372977912426e-05, "median": 0.0003272889880463481, "p75": 0.03286562077119015, "p90": 0.03521648429450579, "p95": 0.035923228191677474, "p99": 0.5813410417665728, "p99.9": 0.6252928881797133, "max": 14.25349535496207}}, "throughput": {"input_tokens_per_sec": 26435.428648626228, "output_tokens_per_sec": 2732.9055780562435, "total_tokens_per_sec": 29168.33422668247, "requests_per_sec": 2.8126247385629117}, "prompt_len": {"mean": 9398.846666666666, "min": 9337.0, "p0.1": 9339.392, "p1": 9348.99, "p5": 9356.9, "p10": 9362.0, "p25": 9381.75, "median": 9397.5, "p75": 9414.0, "p90": 9435.0, "p95": 9448.05, "p99": 9476.0, "p99.9": 9479.103, "max": 9480.0}, "output_len": {"mean": 971.6566666666666, "min": 752.0, "p0.1": 752.299, "p1": 758.95, "p5": 823.9, "p10": 898.2, "p25": 975.75, "median": 1000.0, "p75": 1001.0, "p90": 1001.0, "p95": 1001.0, "p99": 1001.0, "p99.9": 1002.0, "max": 1002.0}}, "failures": {"count": 0, "request_latency": null, "prompt_len": null}}