{"load_summary": {"count": 900, "schedule_delay": {"mean": 0.0010406081028567213, "min": -0.0012437363038770854, "p0.1": -0.0010711226462735794, "p1": -0.0002105024579213932, "p5": 0.00012556638394016774, "p10": 0.00034539360203780236, "p25": 0.0006134072755230591, "median": 0.0009979254973586649, "p75": 0.001396121399011463, "p90": 0.0017214123450685294, "p95": 0.0019634507450973612, "p99": 0.0026448236795840784, "p99.9": 0.0061473861130671836, "max": 0.021200656367000192}, "send_duration": 59.7880437829881, "requested_rate": 15.0, "achieved_rate": 15.053176907187641}, "successes": {"count": 900, "latency": {"request_latency": {"mean": 133.58137886452798, "min": 55.194656586973, "p0.1": 55.21899683938478, "p1": 57.2396626264893, "p5": 58.971424721906075, "p10": 61.050603963673346, "p25": 94.7426052489609, "median": 148.3793838675192, "p75": 180.58936071350763, "p90": 201.15009845531895, "p95": 203.5843175576534, "p99": 218.141199202711, "p99.9": 220.18924077058907, "max": 220.36670551198767}, "normalized_time_per_output_token": {"mean": 0.13904799746643265, "min": 0.055139517069903096, "p0.1": 0.056176103631314776, "p1": 0.05755684099879095, "p5": 0.05989405259549705, "p10": 0.0626085974684789, "p25": 0.09474896083512373, "median": 0.15051392995804497, "p75": 0.18542003662750128, "p90": 0.20384286450774408, "p95": 0.21939491947761802, "p99": 0.24872324433370738, "p99.9": 0.328062915365866, "max": 0.7381508700094525}, "time_per_output_token": {"mean": 0.028740931877630407, "min": 0.0123318767581223, "p0.1": 0.012583101283322599, "p1": 0.013354857753661669, "p5": 0.018644576742708717, "p10": 0.02252109900789116, "p25": 0.027910175817838088, "median": 0.02896351195227328, "p75": 0.029563584873191384, "p90": 0.030768055560830367, "p95": 0.03963438165607396, "p99": 0.04714535746181102, "p99.9": 0.04999003876453579, "max": 0.050568727458258675}, "time_to_first_token": {"mean": 76.01570491556706, "min": 0.0830994049902074, "p0.1": 0.09036730490048649, "p1": 0.5119440275774105, "p5": 1.778745421074564, "p10": 3.0731659673911054, "p25": 8.169843207724625, "median": 91.21108409401495, "p75": 108.01589691975096, "p90": 149.54763096297393, "p95": 152.48828824909288, "p99": 191.54423619150998, "p99.9": 193.1286187929118, "max": 193.3166283890023}, "inter_token_latency": {"mean": 0.028740931877630403, "min": 2.50496668741107e-06, "p0.1": 4.980904224794358e-06, "p1": 1.4584977179765701e-05, "p5": 1.9485014490783215e-05, "p10": 2.4348963052034378e-05, "p25": 3.984401701018214e-05, "median": 0.00041211649659089744, "p75": 0.03537686298659537, "p90": 0.036392598802922296, "p95": 0.03767076318908948, "p99": 0.6157947597664315, "p99.9": 0.6398217412079154, "max": 40.36674878699705}}, "throughput": {"input_tokens_per_sec": 30345.66889304101, "output_tokens_per_sec": 3123.6587479502473, "total_tokens_per_sec": 33469.32764099126, "requests_per_sec": 3.228550775363157}, "prompt_len": {"mean": 9399.16111111111, "min": 9337.0, "p0.1": 9337.0, "p1": 9348.0, "p5": 9357.0, "p10": 9364.9, "p25": 9383.0, "median": 9397.0, "p75": 9414.0, "p90": 9434.0, "p95": 9448.0, "p99": 9476.0, "p99.9": 9480.0, "max": 9480.0}, "output_len": {"mean": 967.5111111111111, "min": 209.0, "p0.1": 484.094, "p1": 746.98, "p5": 820.9, "p10": 873.0, "p25": 970.0, "median": 1000.0, "p75": 1001.0, "p90": 1001.0, "p95": 1001.0, "p99": 1001.0, "p99.9": 1078.6240000000253, "max": 1280.0}}, "failures": {"count": 0, "request_latency": null, "prompt_len": null}}