{"load_summary": {"count": 600, "schedule_delay": {"mean": 0.001014141977551238, "min": -0.0006740925018675625, "p0.1": -0.0006627655627089552, "p1": -0.00028677237743977456, "p5": 0.00014880606322549285, "p10": 0.00032195947133004674, "p25": 0.0006400944257620722, "median": 0.0009994926222134382, "p75": 0.001355445827357471, "p90": 0.001697952731046826, "p95": 0.0019269749289378523, "p99": 0.0026530509011354294, "p99.9": 0.003246390248183178, "max": 0.0033974727266468108}, "send_duration": 59.967121752968524, "requested_rate": 10.0, "achieved_rate": 10.005482712204683}, "successes": {"count": 600, "latency": {"request_latency": {"mean": 88.23962000698617, "min": 56.113716322986875, "p0.1": 56.12918209985015, "p1": 56.488138723295414, "p5": 57.96047590734088, "p10": 59.00198140020366, "p25": 61.265763495728606, "median": 94.32277287350735, "p75": 101.77290058550716, "p90": 122.5854636177828, "p95": 125.79481417746864, "p99": 132.1592572659813, "p99.9": 132.7319587340423, "max": 132.88290243496886}, "normalized_time_per_output_token": {"mean": 0.09210336364675373, "min": 0.056113716322986874, "p0.1": 0.05612918209985015, "p1": 0.057268886625002104, "p5": 0.0584825347473135, "p10": 0.059602367960044624, "p25": 0.06280634157930466, "median": 0.0957641519493586, "p75": 0.11020901923377666, "p90": 0.12464716669648758, "p95": 0.13240806184655804, "p99": 0.14922516686480636, "p99.9": 0.2705483349018536, "max": 0.28923933496374044}, "time_per_output_token": {"mean": 0.027346003376532004, "min": 0.013969616559216578, "p0.1": 0.013969770627342013, "p1": 0.01463468308273119, "p5": 0.01687138410002542, "p10": 0.01866819623770236, "p25": 0.026788746476629696, "median": 0.028274808560213797, "p75": 0.02936230496388539, "p90": 0.02986872152042301, "p95": 0.03674406461861693, "p99": 0.04571882830351067, "p99.9": 0.04638921950651736, "max": 0.04646672409346982}, "time_to_first_token": {"mean": 33.464728636372115, "min": 0.1600763499736786, "p0.1": 0.16160751615825575, "p1": 0.17682780712551904, "p5": 1.0102183439623333, "p10": 1.3166947203921155, "p25": 2.6012952629680512, "median": 37.11431195199839, "p75": 44.419647461763816, "p90": 80.41300292679225, "p95": 82.75895087219541, "p99": 85.18891026232974, "p99.9": 86.46561680332496, "max": 86.58087825099938}, "inter_token_latency": {"mean": 0.027346003376532004, "min": 2.4199835024774075e-06, "p0.1": 4.6011971426196394e-06, "p1": 1.456699101254344e-05, "p5": 1.970503944903612e-05, "p10": 2.461305120959878e-05, "p25": 4.046695539727807e-05, "median": 0.0004181065014563501, "p75": 0.035148871014826, "p90": 0.03639944939059205, "p95": 0.03772217358346097, "p99": 0.6125715869001579, "p99.9": 0.6366826578796027, "max": 36.97641519503668}}, "throughput": {"input_tokens_per_sec": 31346.986201148025, "output_tokens_per_sec": 3224.3351609349734, "total_tokens_per_sec": 34571.321362083, "requests_per_sec": 3.335168364294417}, "prompt_len": {"mean": 9398.921666666667, "min": 9337.0, "p0.1": 9337.0, "p1": 9348.0, "p5": 9357.0, "p10": 9364.0, "p25": 9383.0, "median": 9397.0, "p75": 9414.0, "p90": 9434.0, "p95": 9448.0, "p99": 9476.0, "p99.9": 9480.0, "max": 9480.0}, "output_len": {"mean": 966.7683333333333, "min": 440.0, "p0.1": 440.599, "p1": 735.96, "p5": 806.0, "p10": 878.8, "p25": 972.0, "median": 1000.0, "p75": 1001.0, "p90": 1001.0, "p95": 1001.0, "p99": 1002.0, "p99.9": 1069.9420000000096, "max": 1155.0}}, "failures": {"count": 0, "request_latency": null, "prompt_len": null}}