{"load_summary": {"count": 1500, "schedule_delay": {"mean": 0.001006515816319734, "min": -0.001172433781903237, "p0.1": -0.0008412772333831526, "p1": -0.0002779360144631937, "p5": 4.81042661704123e-05, "p10": 0.0002857834566384554, "p25": 0.0006023411697242409, "median": 0.000962587830144912, "p75": 0.0013302848674356937, "p90": 0.0016594319429714234, "p95": 0.0018678156688110902, "p99": 0.002570633051800541, "p99.9": 0.013357804800676004, "max": 0.03100403252756223}, "send_duration": 59.9106318380218, "requested_rate": 25.0, "achieved_rate": 25.037292279866044}, "successes": {"count": 1138, "latency": {"request_latency": {"mean": 172.77078966374378, "min": 54.032233179023024, "p0.1": 54.14720321640949, "p1": 56.12543968307553, "p5": 59.07853545654507, "p10": 61.1089541558933, "p25": 110.99157374922652, "median": 171.26497573652887, "p75": 229.1755536524579, "p90": 275.2417638189858, "p95": 284.228032823361, "p99": 298.75668238253564, "p99.9": 299.7518195584293, "max": 300.054895415029}, "normalized_time_per_output_token": {"mean": 0.17979771050526663, "min": 0.053978254924098926, "p0.1": 0.05410003490008622, "p1": 0.05628292268094937, "p5": 0.06005426465286186, "p10": 0.062225377234061234, "p25": 0.11248288973561711, "median": 0.17559283773741968, "p75": 0.2502190968574332, "p90": 0.28359826578291303, "p95": 0.2983480753649174, "p99": 0.3403489064406607, "p99.9": 0.3714005308625076, "max": 0.37970182118516016}, "time_per_output_token": {"mean": 0.02969526833784112, "min": 0.01697433403797163, "p0.1": 0.016974749644048746, "p1": 0.017861851092255993, "p5": 0.026993687406155178, "p10": 0.027734682477960272, "p25": 0.028508201887798977, "median": 0.0290729309625245, "p75": 0.029886368406787704, "p90": 0.03050824457565488, "p95": 0.03716337982058312, "p99": 0.04573242998076788, "p99.9": 0.04833984458822704, "max": 0.04896143792753994}, "time_to_first_token": {"mean": 113.29638795033776, "min": 0.14422033698065206, "p0.1": 0.15052420665166574, "p1": 0.9039163857052337, "p5": 3.375123111967696, "p10": 5.655201130715431, "p25": 53.281200854238705, "median": 111.57451395949465, "p75": 170.82323188449664, "p90": 217.01942903326707, "p95": 225.38022135310746, "p99": 262.7210755513579, "p99.9": 263.52211391597945, "max": 263.9038394779782}, "inter_token_latency": {"mean": 0.02969526833784112, "min": 2.496992237865925e-06, "p0.1": 5.405174568295479e-06, "p1": 1.4330027624964714e-05, "p5": 1.908995909616351e-05, "p10": 2.392899477854371e-05, "p25": 3.901100717484951e-05, "median": 0.0004432004934642464, "p75": 0.03549869875132572, "p90": 0.03657062597922049, "p95": 0.038336470891954376, "p99": 0.6187061344226821, "p99.9": 0.644137740575945, "max": 37.10574270103825}}, "throughput": {"input_tokens_per_sec": 29719.251172967837, "output_tokens_per_sec": 3055.4891914627933, "total_tokens_per_sec": 32774.74036443063, "requests_per_sec": 3.1618012867494185}, "prompt_len": {"mean": 9399.468365553603, "min": 9337.0, "p0.1": 9337.0, "p1": 9348.0, "p5": 9355.0, "p10": 9364.0, "p25": 9383.0, "median": 9398.0, "p75": 9415.0, "p90": 9434.0, "p95": 9446.3, "p99": 9476.0, "p99.9": 9480.0, "max": 9480.0}, "output_len": {"mean": 966.3760984182777, "min": 511.0, "p0.1": 665.781, "p1": 750.0, "p5": 805.0, "p10": 874.4, "p25": 969.0, "median": 1000.0, "p75": 1001.0, "p90": 1001.0, "p95": 1001.0, "p99": 1002.0, "p99.9": 1016.5890000000002, "max": 1046.0}}, "failures": {"count": 362, "request_latency": {"mean": 300.4918141257166, "min": 300.0051326790126, "p0.1": 300.00601819719617, "p1": 300.017938257138, "p5": 300.0513920449681, "p10": 300.0899727577809, "p25": 300.2626687472366, "median": 300.48407860903535, "p75": 300.7149323725316, "p90": 300.8884909269167, "p95": 300.9406248519314, "p99": 300.9758963963593, "p99.9": 300.9999532920653, "max": 301.00169430300593}, "prompt_len": {"mean": 0.0, "min": 0.0, "p0.1": 0.0, "p1": 0.0, "p5": 0.0, "p10": 0.0, "p25": 0.0, "median": 0.0, "p75": 0.0, "p90": 0.0, "p95": 0.0, "p99": 0.0, "p99.9": 0.0, "max": 0.0}}}