{"load_summary": {"count": 9525, "schedule_delay": {"mean": 0.001147896347578439, "min": -0.0012437363038770854, "p0.1": -0.0007361533492803573, "p1": -0.00023627912160009148, "p5": 0.00011153179220855239, "p10": 0.00031541974749416113, "p25": 0.0006368574104271829, "median": 0.0010043789516203105, "p75": 0.0013697243994101882, "p90": 0.0017147658625617625, "p95": 0.0019510346581228057, "p99": 0.002757157559972257, "p99.9": 0.0504580933316628, "max": 0.13415143237216398}}, "successes": {"count": 7152, "latency": {"request_latency": {"mean": 144.07580458047934, "min": 24.567691521020606, "p0.1": 25.588417903224297, "p1": 33.39534606532252, "p5": 53.77483874572499, "p10": 58.037964103353445, "p25": 65.08964778824884, "median": 121.18095865799114, "p75": 214.15922738423978, "p90": 270.67055678560865, "p95": 285.92053113552686, "p99": 294.3249458384229, "p99.9": 299.24243926943916, "max": 300.054895415029}, "normalized_time_per_output_token": {"mean": 0.15051381133276404, "min": 0.02454314837264796, "p0.1": 0.025639072292479633, "p1": 0.03426061209805838, "p5": 0.055043491168607, "p10": 0.0591112046049245, "p25": 0.0690614612818724, "median": 0.12597970445738718, "p75": 0.21959849141590215, "p90": 0.2794974365532636, "p95": 0.2928434363260914, "p99": 0.3437291559076355, "p99.9": 0.44066185230311555, "max": 1.4257633660559148}, "time_per_output_token": {"mean": 0.02846224514145766, "min": 0.012001420595716435, "p0.1": 0.01232900212557609, "p1": 0.013899701185581361, "p5": 0.017586672004000554, "p10": 0.0225579294614142, "p25": 0.02787589543303543, "median": 0.028935339510729276, "p75": 0.029780986896307177, "p90": 0.030720387830349295, "p95": 0.036588884516004366, "p99": 0.04614954668072499, "p99.9": 0.04937979547570247, "max": 0.05092816716043752}, "time_to_first_token": {"mean": 87.06920406262567, "min": 0.07262493699090555, "p0.1": 0.08127955754712457, "p1": 0.15879659317957703, "p5": 0.9085170786827803, "p10": 1.73660139470594, "p25": 7.964164596007322, "median": 65.6642505225027, "p75": 153.59748738874623, "p90": 211.62873828726592, "p95": 227.7553283135523, "p99": 254.40646774390711, "p99.9": 263.4580904457652, "max": 264.0633825570112}, "inter_token_latency": {"mean": 0.02846227290235082, "min": 2.3579923436045647e-06, "p0.1": 4.772969987243414e-06, "p1": 1.4464952982962132e-05, "p5": 1.9272032659500837e-05, "p10": 2.4190987460315228e-05, "p25": 3.9924983866512775e-05, "median": 0.0004053919983562082, "p75": 0.03534503100672737, "p90": 0.03651360250660219, "p95": 0.038102234300458795, "p99": 0.6163564078853233, "p99.9": 0.6398307374755392, "max": 40.36674878699705}}, "throughput": {"input_tokens_per_sec": 26991.32405782109, "output_tokens_per_sec": 2773.5425969613752, "total_tokens_per_sec": 29764.866654782465, "requests_per_sec": 2.871640934940205}, "prompt_len": {"mean": 9399.26845637584, "min": 9337.0, "p0.1": 9337.0, "p1": 9348.0, "p5": 9357.0, "p10": 9364.0, "p25": 9383.0, "median": 9398.0, "p75": 9414.25, "p90": 9434.0, "p95": 9448.0, "p99": 9476.0, "p99.9": 9480.0, "max": 9480.0}, "output_len": {"mean": 965.8389261744967, "min": 161.0, "p0.1": 440.151, "p1": 744.0, "p5": 804.0, "p10": 870.0, "p25": 971.0, "median": 1000.0, "p75": 1001.0, "p90": 1001.0, "p95": 1001.0, "p99": 1002.0, "p99.9": 1020.0, "max": 1280.0}}, "failures": {"count": 2373, "request_latency": {"mean": 300.5145239678831, "min": 300.00266433600336, "p0.1": 300.0049489778916, "p1": 300.0120789020299, "p5": 300.05547810358695, "p10": 300.11384257735915, "p25": 300.27379615802784, "median": 300.51822565402836, "p75": 300.7647680549999, "p90": 300.9079614457907, "p95": 300.9498703597812, "p99": 300.9867990551167, "p99.9": 300.99992943229455, "max": 301.00169430300593}, "prompt_len": {"mean": 0.0, "min": 0.0, "p0.1": 0.0, "p1": 0.0, "p5": 0.0, "p10": 0.0, "p25": 0.0, "median": 0.0, "p75": 0.0, "p90": 0.0, "p95": 0.0, "p99": 0.0, "p99.9": 0.0, "max": 0.0}}}