{"load_summary": {"count": 760, "schedule_delay": {"mean": 0.0010465690385133616, "min": -0.0011427844874560833, "p0.1": -0.0006873004361987113, "p1": -0.0002917287254240364, "p5": 9.11835231818259e-06, "p10": 0.0002215390908531845, "p25": 0.000541454617632553, "median": 0.0009204302332364023, "p75": 0.0013048325781710446, "p90": 0.0016885172110050917, "p95": 0.0019635464239399878, "p99": 0.002509509149240329, "p99.9": 0.03106191268912613, "max": 0.038452015491202474}, "send_duration": 39.1631700550206, "requested_rate": 20.0, "achieved_rate": 19.405987792414937}, "successes": {"count": 760, "latency": {"request_latency": {"mean": 40.53766672621132, "min": 32.435879233060405, "p0.1": 32.496033982162366, "p1": 33.09416394271655, "p5": 34.85148075482575, "p10": 36.33729127228726, "p25": 38.4546403940476, "median": 40.8305811950122, "p75": 42.5416092442174, "p90": 44.9003870610497, "p95": 45.748600961233024, "p99": 46.45980585423065, "p99.9": 46.66049646752433, "max": 46.72177831502631}, "normalized_time_per_output_token": {"mean": 0.08955768977989802, "min": 0.0, "p0.1": 0.01556628348326417, "p1": 0.03308774557871531, "p5": 0.0351354510952221, "p10": 0.0366235619301694, "p25": 0.0390715108348252, "median": 0.04134506288360791, "p75": 0.04379182617354033, "p90": 0.04656214794139359, "p95": 0.15786022213123876, "p99": 1.2690187609428856, "p99.9": 1.4188142211378838, "max": 1.4947621977608652}, "time_per_output_token": {"mean": 0.020140483394598622, "min": 0.016126038696172868, "p0.1": 0.016146254960445108, "p1": 0.016402568842008847, "p5": 0.017332679825977002, "p10": 0.018066738150361788, "p25": 0.01906204743567435, "median": 0.020303697944541968, "p75": 0.021148017941297954, "p90": 0.022326332054256614, "p95": 0.022744273354776082, "p99": 0.023089424394851742, "p99.9": 0.02320649329741454, "max": 0.023230788090486437}, "time_to_first_token": {"mean": 0.17146175933487126, "min": 0.059906768030487, "p0.1": 0.06180299667548388, "p1": 0.0681264894339256, "p5": 0.07683362867101096, "p10": 0.0811915137572214, "p25": 0.09292725147679448, "median": 0.17691499402280897, "p75": 0.20320071728201583, "p90": 0.27804625340504574, "p95": 0.32055586370988715, "p99": 0.48785035417415185, "p99.9": 0.820932057583135, "max": 0.9170141940703616}, "inter_token_latency": {"mean": 0.020140483394598625, "min": 2.3569446057081223e-06, "p0.1": 2.8215468628332017e-06, "p1": 1.186795998364687e-05, "p5": 1.970988232642412e-05, "p10": 2.52679456025362e-05, "p25": 3.967492375522852e-05, "median": 0.0002710185362957418, "p75": 0.037589205749100074, "p90": 0.042770751169882715, "p95": 0.045286306983325635, "p99": 0.12642662802012636, "p99.9": 0.21318277566169902, "max": 3.065799752017483}}, "throughput": {"input_tokens_per_sec": 75223.13426439332, "output_tokens_per_sec": 9277.111355735517, "total_tokens_per_sec": 84500.24562012883, "requests_per_sec": 9.920801687318916}, "prompt_len": {"mean": 7582.364473684211, "min": 7505.0, "p0.1": 7513.349, "p1": 7521.59, "p5": 7534.95, "p10": 7544.0, "p25": 7562.0, "median": 7583.0, "p75": 7602.0, "p90": 7618.0, "p95": 7631.0, "p99": 7650.0, "p99.9": 7663.482, "max": 7665.0}, "output_len": {"mean": 935.1171052631579, "min": 0.0, "p0.1": 18.975, "p1": 32.0, "p5": 239.40000000000015, "p10": 943.0, "p25": 992.0, "median": 998.0, "p75": 1000.0, "p90": 1000.0, "p95": 1000.0, "p99": 1001.0, "p99.9": 1242.5540000000985, "max": 1997.0}}, "failures": {"count": 0, "request_latency": null, "prompt_len": null}}