{"load_summary": {"count": 200, "schedule_delay": {"mean": 0.0009133228217251599, "min": -0.00034060701727867126, "p0.1": -0.00032729731407016516, "p1": -0.0002668362157419324, "p5": 1.251022331416609e-05, "p10": 0.000224177516065538, "p25": 0.0005057862144894898, "median": 0.0008533074869774282, "p75": 0.0012202121142763644, "p90": 0.0015716267982497812, "p95": 0.00173776121228002, "p99": 0.001957502162549644, "p99.9": 0.007375131160253767, "max": 0.008707493194378912}, "send_duration": 20.526573985931464, "requested_rate": 10.0, "achieved_rate": 9.743467182447315}, "successes": {"count": 200, "latency": {"request_latency": {"mean": 26.827973909709836, "min": 25.192562751006335, "p0.1": 25.241057474120403, "p1": 25.43760379313375, "p5": 25.89872793845716, "p10": 26.060782632697375, "p25": 26.340617567970185, "median": 26.80434803996468, "p75": 27.17858777329093, "p90": 27.886274804442657, "p95": 28.08863194807782, "p99": 28.322665420072152, "p99.9": 28.401037278005038, "max": 28.413246436044574}, "normalized_time_per_output_token": {"mean": 0.04267219856091651, "min": 0.025243048848703743, "p0.1": 0.025310955440208997, "p1": 0.02564122951229826, "p5": 0.02602644719722066, "p10": 0.026123449005520896, "p25": 0.02649614931619726, "median": 0.027029504571425313, "p75": 0.02755006603747028, "p90": 0.02840815830936659, "p95": 0.030869569867865692, "p99": 0.7839211257755847, "p99.9": 0.8413221259312821, "max": 0.8548771730927525}, "time_per_output_token": {"mean": 0.013300923912758372, "min": 0.012470402695675628, "p0.1": 0.012495372613201496, "p1": 0.012599394102860102, "p5": 0.01282762365999456, "p10": 0.012930000453839718, "p25": 0.013068286275849732, "median": 0.013263387228405314, "p75": 0.013500987700912622, "p90": 0.013819317760087713, "p95": 0.013956190118006362, "p99": 0.014051750605529838, "p99.9": 0.014083923732454103, "max": 0.01408745038478092}, "time_to_first_token": {"mean": 0.1524198833515402, "min": 0.06075806403532624, "p0.1": 0.06111556852003559, "p1": 0.06339796182233841, "p5": 0.06877266702358611, "p10": 0.07485256616491824, "p25": 0.08822415079339407, "median": 0.1518373380531557, "p75": 0.16982748004375026, "p90": 0.28214620796497913, "p95": 0.3103896784188691, "p99": 0.40408326772623643, "p99.9": 0.4749402005590967, "max": 0.478082912042737}, "inter_token_latency": {"mean": 0.01330092391275837, "min": 2.384069375693798e-06, "p0.1": 3.3329706639051437e-06, "p1": 1.5327008441090584e-05, "p5": 2.191396779380739e-05, "p10": 2.963700098916888e-05, "p25": 4.3533043935894966e-05, "median": 0.00025567098055034876, "p75": 0.025844132236670703, "p90": 0.026835225347895175, "p95": 0.027538565691793335, "p99": 0.03105878925998699, "p99.9": 0.11129926493891983, "max": 0.2928469910984859}}, "throughput": {"input_tokens_per_sec": 32642.127183756504, "output_tokens_per_sec": 4116.008774857179, "total_tokens_per_sec": 36758.13595861368, "requests_per_sec": 4.3031304003148705}, "prompt_len": {"mean": 7585.67, "min": 7520.0, "p0.1": 7520.199, "p1": 7521.99, "p5": 7533.9, "p10": 7542.9, "p25": 7564.0, "median": 7585.0, "p75": 7606.25, "p90": 7628.1, "p95": 7638.05, "p99": 7662.01, "p99.9": 7663.0, "max": 7663.0}, "output_len": {"mean": 956.515, "min": 33.0, "p0.1": 33.0, "p1": 33.99, "p5": 862.95, "p10": 953.0, "p25": 992.0, "median": 998.0, "p75": 1000.0, "p90": 1000.0, "p95": 1000.0, "p99": 1000.0, "p99.9": 1000.801, "max": 1001.0}}, "failures": {"count": 0, "request_latency": null, "prompt_len": null}}