{"load_summary": {"count": 300, "schedule_delay": {"mean": 0.0011747694162962338, "min": -0.0004212447674944997, "p0.1": -0.0003598199535626918, "p1": -0.00011304727406240999, "p5": 0.00014567567850463093, "p10": 0.0002654518117196858, "p25": 0.0005635287088807672, "median": 0.0009882496087811887, "p75": 0.0013975824986118823, "p90": 0.0016957314452156428, "p95": 0.0018886537873186173, "p99": 0.003271261251065791, "p99.9": 0.025392852125573157, "max": 0.027937008650042117}, "send_duration": 19.152201453922316, "requested_rate": 15.0, "achieved_rate": 15.663995636311608}, "successes": {"count": 300, "latency": {"request_latency": {"mean": 29.520199905432914, "min": 27.169294480932876, "p0.1": 27.2599000847016, "p1": 27.675382302595537, "p5": 28.349781871016603, "p10": 28.716552607982884, "p25": 29.096730709221447, "median": 29.651943230070174, "p75": 29.86208720956347, "p90": 30.208782649750354, "p95": 30.86457232197863, "p99": 30.9350626654434, "p99.9": 30.961730373574422, "max": 30.962777171982452}, "normalized_time_per_output_token": {"mean": 0.06359456824584013, "min": 0.0141672302696019, "p0.1": 0.01805484746878986, "p1": 0.027817536853055207, "p5": 0.028539496606897547, "p10": 0.02875347890834901, "p25": 0.02923964206191849, "median": 0.029767357609175975, "p75": 0.030243789975176374, "p90": 0.031131737962256885, "p95": 0.03968750931128331, "p99": 0.9002232176704636, "p99.9": 1.42684375592112, "max": 1.6394366213870752}, "time_per_output_token": {"mean": 0.014656223098268972, "min": 0.013464512950999067, "p0.1": 0.013505829074948645, "p1": 0.013712551778279312, "p5": 0.014045207240974935, "p10": 0.014186816813750263, "p25": 0.01444402114941221, "median": 0.014709667627449971, "p75": 0.014839074509992691, "p90": 0.015016952661644047, "p95": 0.015342014270564327, "p99": 0.015376434338721575, "p99.9": 0.015378429127134162, "max": 0.015378992318809646}, "time_to_first_token": {"mean": 0.12392378435314944, "min": 0.06103469606023282, "p0.1": 0.061735693740542046, "p1": 0.06411927467444911, "p5": 0.06924332408816554, "p10": 0.07294781294185668, "p25": 0.08010423847008497, "median": 0.09191861102590337, "p75": 0.16956029800348915, "p90": 0.19266294982517143, "p95": 0.25576949398964643, "p99": 0.3315590823628007, "p99.9": 0.3918497707120849, "max": 0.4020358769921586}, "inter_token_latency": {"mean": 0.014656223098268972, "min": 2.3299362510442734e-06, "p0.1": 2.881243242882192e-06, "p1": 1.3158073415979744e-05, "p5": 2.1351920440793038e-05, "p10": 2.8684036806225777e-05, "p25": 4.56860288977623e-05, "median": 0.000333002011757344, "p75": 0.028785123286070302, "p90": 0.03092219678219408, "p95": 0.0316655377333518, "p99": 0.03936112677562053, "p99.9": 0.11646851337701183, "max": 0.21886629099026322}}, "throughput": {"input_tokens_per_sec": 47400.812979535294, "output_tokens_per_sec": 5937.478443404126, "total_tokens_per_sec": 53338.291422939415, "requests_per_sec": 6.249604525418617}, "prompt_len": {"mean": 7584.61, "min": 7517.0, "p0.1": 7517.897, "p1": 7521.99, "p5": 7534.95, "p10": 7543.0, "p25": 7561.75, "median": 7585.0, "p75": 7604.25, "p90": 7626.0, "p95": 7635.15, "p99": 7659.03, "p99.9": 7663.0, "max": 7663.0}, "output_len": {"mean": 950.0566666666666, "min": 18.0, "p0.1": 22.186, "p1": 32.0, "p5": 751.5500000000001, "p10": 963.0, "p25": 992.0, "median": 997.0, "p75": 1000.0, "p90": 1000.0, "p95": 1000.0, "p99": 1000.01, "p99.9": 1700.5980000000218, "max": 1999.0}}, "failures": {"count": 0, "request_latency": null, "prompt_len": null}}