{"load_summary": {"count": 735, "schedule_delay": {"mean": 0.0010208553393833896, "min": -0.000407560495659709, "p0.1": -0.00037707405630499124, "p1": -0.0002094171103090048, "p5": 5.309445550665263e-05, "p10": 0.00023370091803371913, "p25": 0.0005589023930951953, "median": 0.0009791902266442776, "p75": 0.0013936574687249959, "p90": 0.001764302118681372, "p95": 0.0020370045909658074, "p99": 0.0029333956236951048, "p99.9": 0.005898956482997209, "max": 0.006331880926154554}, "send_duration": 21.404768335050903, "requested_rate": 35.0, "achieved_rate": 34.3381431882361}, "successes": {"count": 735, "latency": {"request_latency": {"mean": 41.9371999246979, "min": 35.84233174298424, "p0.1": 36.04677220518189, "p1": 36.46222197703086, "p5": 37.479319198569286, "p10": 38.2618413655553, "p25": 39.29531380394474, "median": 41.46160310599953, "p75": 44.35513923747931, "p90": 46.72588749318384, "p95": 47.417244941159154, "p99": 49.76460669010179, "p99.9": 51.35786034434897, "max": 51.653574888943695}, "normalized_time_per_output_token": {"mean": 0.10818573316459215, "min": 0.035950182289853805, "p0.1": 0.03607546045064919, "p1": 0.03655326423671193, "p5": 0.037762207695790605, "p10": 0.03850670886464001, "p25": 0.039655393231143726, "median": 0.04196490830765619, "p75": 0.045697535290861874, "p90": 0.04864430352608312, "p95": 0.10834234900164043, "p99": 1.3601712682489169, "p99.9": 7.0308091344919, "max": 9.596416538977063}, "time_per_output_token": {"mean": 0.020800032018683717, "min": 0.01779766367917796, "p0.1": 0.017893720615116102, "p1": 0.018112773021291207, "p5": 0.01853938250112925, "p10": 0.01901738750222402, "p25": 0.019508358971241382, "median": 0.02054916763614662, "p75": 0.022004216688649977, "p90": 0.023191134415197837, "p95": 0.02354227035193062, "p99": 0.024774482300706804, "p99.9": 0.025554253460998, "max": 0.025694646814110586}, "time_to_first_token": {"mean": 0.20680184102756585, "min": 0.06525201397016644, "p0.1": 0.06556267581158318, "p1": 0.07372332795755937, "p5": 0.08599267619429156, "p10": 0.09051042303908616, "p25": 0.10400536801898852, "median": 0.128741419990547, "p75": 0.18474050296936184, "p90": 0.4250519918510691, "p95": 0.7642083282698877, "p99": 1.0065065938397302, "p99.9": 1.2194104006327724, "max": 1.2532200430287048}, "inter_token_latency": {"mean": 0.020800032018683714, "min": 2.2830208763480186e-06, "p0.1": 2.6570323389023543e-06, "p1": 5.353940650820732e-06, "p5": 1.856801100075245e-05, "p10": 2.466794103384018e-05, "p25": 3.993208520114422e-05, "median": 0.00029230292420834303, "p75": 0.041822658968158066, "p90": 0.04508629115298391, "p95": 0.04656031959457323, "p99": 0.07967110572149975, "p99.9": 0.2809654817273849, "max": 18.51136086101178}}, "throughput": {"input_tokens_per_sec": 76532.41668766485, "output_tokens_per_sec": 9467.827466514975, "total_tokens_per_sec": 86000.24415417983, "requests_per_sec": 10.093032466758581}, "prompt_len": {"mean": 7582.697959183673, "min": 7516.0, "p0.1": 7516.734, "p1": 7522.0, "p5": 7534.7, "p10": 7544.0, "p25": 7562.5, "median": 7583.0, "p75": 7602.0, "p90": 7618.6, "p95": 7631.3, "p99": 7650.0, "p99.9": 7663.532, "max": 7665.0}, "output_len": {"mean": 938.0557823129252, "min": 5.0, "p0.1": 6.468, "p1": 32.34, "p5": 360.1, "p10": 935.6, "p25": 991.5, "median": 997.0, "p75": 1000.0, "p90": 1000.0, "p95": 1000.0, "p99": 1000.0, "p99.9": 1001.0, "max": 1001.0}}, "failures": {"count": 0, "request_latency": null, "prompt_len": null}}