{"load_summary": {"count": 748, "schedule_delay": {"mean": 0.0009103324813681112, "min": -0.0010939697967842221, "p0.1": -0.000722299508168362, "p1": -0.0003540327795781195, "p5": -7.969235302880405e-05, "p10": 0.00014629029901698233, "p25": 0.000521217763889581, "median": 0.0008864864357747138, "p75": 0.001296728354645893, "p90": 0.001656066521536559, "p95": 0.0019058974343352018, "p99": 0.002596781840547919, "p99.9": 0.003066189358127309, "max": 0.0031664795242249966}, "send_duration": 32.08139967301395, "requested_rate": 22.0, "achieved_rate": 23.315690949394533}, "successes": {"count": 748, "latency": {"request_latency": {"mean": 39.72103863576334, "min": 32.521863557980396, "p0.1": 32.59772326211829, "p1": 33.3048873897444, "p5": 34.51959550889442, "p10": 35.95630739131011, "p25": 37.43947918372578, "median": 39.003010498476215, "p75": 42.10965762799606, "p90": 45.21950908247381, "p95": 45.81450636729714, "p99": 46.3198659201595, "p99.9": 46.72997719285441, "max": 47.070431297062896}, "normalized_time_per_output_token": {"mean": 0.08250338956455308, "min": 0.018101543840463495, "p0.1": 0.02892220770367269, "p1": 0.03335394044479911, "p5": 0.03500904853669754, "p10": 0.03625759134390391, "p25": 0.03769756919485167, "median": 0.039587177257668416, "p75": 0.04415541533025322, "p90": 0.046425238350308026, "p95": 0.07719430047081506, "p99": 1.1945913297820232, "p99.9": 1.4091538845944624, "max": 1.6023942404572153}, "time_per_output_token": {"mean": 0.01972420301043196, "min": 0.01614461195005196, "p0.1": 0.016180355841823996, "p1": 0.016544819832002202, "p5": 0.017150282538418, "p10": 0.017878110792619577, "p25": 0.018597124294230206, "median": 0.019326464201883133, "p75": 0.020893597391958552, "p90": 0.02244409450381852, "p95": 0.022718856642281043, "p99": 0.023009984400968693, "p99.9": 0.02325386382303602, "max": 0.023415808015952593}, "time_to_first_token": {"mean": 0.18741458715101514, "min": 0.059699672972783446, "p0.1": 0.06391592630348168, "p1": 0.07157953311223536, "p5": 0.08564804653287865, "p10": 0.09482629732228816, "p25": 0.11159701901488006, "median": 0.13500365702202544, "p75": 0.17990715976338834, "p90": 0.35789519231766465, "p95": 0.5119435560598503, "p99": 0.8398320750577825, "p99.9": 0.9749028459248377, "max": 0.9933228350710124}, "inter_token_latency": {"mean": 0.01972420301043196, "min": 2.3709144443273544e-06, "p0.1": 2.812943421304226e-06, "p1": 1.1862954124808311e-05, "p5": 1.9368017092347145e-05, "p10": 2.4734996259212494e-05, "p25": 3.859598655253649e-05, "median": 0.00026280898600816727, "p75": 0.039765269262716174, "p90": 0.04438528477912769, "p95": 0.046639750286703925, "p99": 0.07154273106600159, "p99.9": 0.1861034987428824, "max": 14.202212253003381}}, "throughput": {"input_tokens_per_sec": 72070.99472931754, "output_tokens_per_sec": 8938.533262977704, "total_tokens_per_sec": 81009.52799229525, "requests_per_sec": 9.505035946864277}, "prompt_len": {"mean": 7582.401069518716, "min": 7505.0, "p0.1": 7513.217, "p1": 7521.47, "p5": 7534.35, "p10": 7544.0, "p25": 7562.0, "median": 7583.0, "p75": 7602.0, "p90": 7618.0, "p95": 7631.0, "p99": 7650.0, "p99.9": 7663.506, "max": 7665.0}, "output_len": {"mean": 940.3997326203208, "min": 24.0, "p0.1": 26.988, "p1": 33.0, "p5": 485.1, "p10": 936.7, "p25": 992.0, "median": 997.0, "p75": 1000.0, "p90": 1000.0, "p95": 1000.0, "p99": 1000.0, "p99.9": 1261.711000000042, "max": 1999.0}}, "failures": {"count": 0, "request_latency": null, "prompt_len": null}}