{"load_summary": {"count": 1485, "schedule_delay": {"mean": 0.0008086352910131517, "min": -0.000629618763923645, "p0.1": -0.0005930147897452116, "p1": -0.0003984022978693247, "p5": -0.0001232303911820054, "p10": 9.12504503503442e-05, "p25": 0.00041616708040237427, "median": 0.0007954631000757217, "p75": 0.0011958286631852388, "p90": 0.0015398294897750026, "p95": 0.0017365556908771394, "p99": 0.0021796512976288798, "p99.9": 0.0029211198114790227, "max": 0.0034889011876657605}, "send_duration": 27.145587624982, "requested_rate": 55.0, "achieved_rate": 54.70502317044554}, "successes": {"count": 1485, "latency": {"request_latency": {"mean": 68.43743444256208, "min": 49.88241944601759, "p0.1": 49.93591746966122, "p1": 50.338080091136504, "p5": 52.245985605590974, "p10": 53.50418269902002, "p25": 57.17979996697977, "median": 63.974789540981874, "p75": 80.45836000097916, "p90": 89.09442806660664, "p95": 90.82449985698331, "p99": 99.65313983554952, "p99.9": 101.14856773014228, "max": 101.1990368879633}, "normalized_time_per_output_token": {"mean": 0.14515736819674488, "min": 0.036816165182555934, "p0.1": 0.046247679820620106, "p1": 0.050589013633900747, "p5": 0.052588446101100535, "p10": 0.054037126773579275, "p25": 0.057974452021066096, "median": 0.06771471197204665, "p75": 0.0841940792633867, "p90": 0.09193508953393931, "p95": 0.20664744259670093, "p99": 2.251423933294821, "p99.9": 2.792143762116581, "max": 5.22334862017648}, "time_per_output_token": {"mean": 0.033786376561967306, "min": 0.02473517599900061, "p0.1": 0.02473527581935543, "p1": 0.024904288987213488, "p5": 0.025827098752140183, "p10": 0.026586266348907806, "p25": 0.028418927776640273, "median": 0.03165692219341724, "p75": 0.03995518668716227, "p90": 0.04392852940090952, "p95": 0.04503513657837466, "p99": 0.0457439725425072, "p99.9": 0.04912754836678274, "max": 0.04976846255972443}, "time_to_first_token": {"mean": 0.7743454497557616, "min": 0.06124408892355859, "p0.1": 0.06292866658046842, "p1": 0.07706364566925913, "p5": 0.08921458953991532, "p10": 0.0960343808401376, "p25": 0.11549471796024591, "median": 0.14225281996186823, "p75": 0.17485494108404964, "p90": 0.4314227929804477, "p95": 0.8122574144275857, "p99": 40.46955204316415, "p99.9": 41.527217063935474, "max": 41.55576546501834}, "inter_token_latency": {"mean": 0.033786376561967306, "min": 2.335989847779274e-06, "p0.1": 3.394028637558222e-06, "p1": 1.2606014497578144e-05, "p5": 1.9295956008136272e-05, "p10": 2.409599255770445e-05, "p25": 3.457791171967983e-05, "median": 0.0001921210205182433, "p75": 0.04849746800027788, "p90": 0.06306658603716642, "p95": 0.07067282497882843, "p99": 0.11475510775577297, "p99.9": 0.609393755793126, "max": 41.47261824004818}}, "throughput": {"input_tokens_per_sec": 87862.69832177539, "output_tokens_per_sec": 10860.093847649428, "total_tokens_per_sec": 98722.7921694248, "requests_per_sec": 11.587483493279045}, "prompt_len": {"mean": 7582.552188552188, "min": 7505.0, "p0.1": 7516.0, "p1": 7521.84, "p5": 7534.2, "p10": 7544.0, "p25": 7562.0, "median": 7583.0, "p75": 7602.0, "p90": 7618.0, "p95": 7631.0, "p99": 7650.0, "p99.9": 7664.032, "max": 7665.0}, "output_len": {"mean": 937.2262626262626, "min": 17.0, "p0.1": 22.968, "p1": 33.0, "p5": 364.0, "p10": 931.6, "p25": 992.0, "median": 997.0, "p75": 1000.0, "p90": 1000.0, "p95": 1000.0, "p99": 1000.0, "p99.9": 1518.3880000000759, "max": 1999.0}}, "failures": {"count": 0, "request_latency": null, "prompt_len": null}}