{"load_summary": {"count": 750, "schedule_delay": {"mean": 0.0009960150903401276, "min": -0.0005669820820912719, "p0.1": -0.0005609630931867287, "p1": -0.00040488719241693616, "p5": 4.36545175034553e-05, "p10": 0.00020592665532603865, "p25": 0.0005662943876814097, "median": 0.0009610042325221002, "p75": 0.0013810034724883735, "p90": 0.0016788495704531674, "p95": 0.0018672862148378043, "p99": 0.002807804293697699, "p99.9": 0.010273032995407157, "max": 0.015418544528074563}, "send_duration": 27.595934803015552, "requested_rate": 25.0, "achieved_rate": 27.177916071828218}, "successes": {"count": 750, "latency": {"request_latency": {"mean": 40.74881736294708, "min": 33.938431069022045, "p0.1": 33.974139006567306, "p1": 34.83241359725478, "p5": 35.87644488609512, "p10": 37.033702970831655, "p25": 38.22966147176339, "median": 40.12522161449306, "p75": 43.1463790537382, "p90": 45.88151608159533, "p95": 46.68944021430798, "p99": 47.438772717284735, "p99.9": 49.149521767517115, "max": 49.38180919305887}, "normalized_time_per_output_token": {"mean": 0.12627486495104293, "min": 0.019193262147044893, "p0.1": 0.03046825034350717, "p1": 0.03526203510152724, "p5": 0.03617603576536775, "p10": 0.03731567264666082, "p25": 0.03855667615344878, "median": 0.04052504756959808, "p75": 0.045188382400490806, "p90": 0.048028636372887325, "p95": 0.22669298815187972, "p99": 1.3798356403066083, "p99.9": 7.8097278625985265, "max": 23.062608865497168}, "time_per_output_token": {"mean": 0.02023170066143192, "min": 0.01685839872764212, "p0.1": 0.016867379999745743, "p1": 0.01729534073913845, "p5": 0.01776079103274542, "p10": 0.01842416521740788, "p25": 0.01900259756445845, "median": 0.01992093059346024, "p75": 0.021458324648036473, "p90": 0.022800579493422516, "p95": 0.0231971374345894, "p99": 0.023442196759357718, "p99.9": 0.024476140345438168, "max": 0.02458321552773447}, "time_to_first_token": {"mean": 0.20022449384008845, "min": 0.06658028205856681, "p0.1": 0.0675439582024701, "p1": 0.0759977622225415, "p5": 0.08479249961092136, "p10": 0.09070884208194911, "p25": 0.10293370028375648, "median": 0.12438419309910387, "p75": 0.1776667493104469, "p90": 0.39450425659306354, "p95": 0.7113943314994678, "p99": 0.958529762213584, "p99.9": 1.1557916483355224, "max": 1.1594646259909496}, "inter_token_latency": {"mean": 0.02023170066143192, "min": 2.3819738999009132e-06, "p0.1": 2.877088263630867e-06, "p1": 1.2137984158471227e-05, "p5": 1.956301275640726e-05, "p10": 2.4858047254383564e-05, "p25": 3.8671918446198106e-05, "median": 0.00026819208869710565, "p75": 0.040789117716485634, "p90": 0.04492178183281794, "p95": 0.04669182808720507, "p99": 0.06768501532147643, "p99.9": 0.20426512939320313, "max": 17.266039269976318}}, "throughput": {"input_tokens_per_sec": 74135.56866348807, "output_tokens_per_sec": 9104.592216312964, "total_tokens_per_sec": 83240.16087980103, "requests_per_sec": 9.777310272287428}, "prompt_len": {"mean": 7582.409333333333, "min": 7505.0, "p0.1": 7513.239, "p1": 7521.49, "p5": 7534.45, "p10": 7544.0, "p25": 7562.0, "median": 7583.0, "p75": 7601.75, "p90": 7618.0, "p95": 7631.0, "p99": 7650.0, "p99.9": 7663.502, "max": 7665.0}, "output_len": {"mean": 931.196, "min": 2.0, "p0.1": 13.235, "p1": 32.0, "p5": 192.90000000000006, "p10": 923.8, "p25": 991.0, "median": 997.0, "p75": 1000.0, "p90": 1000.0, "p95": 1000.0, "p99": 1000.0, "p99.9": 1254.4940000000895, "max": 1999.0}}, "failures": {"count": 0, "request_latency": null, "prompt_len": null}}