{"load_summary": {"count": 1470, "schedule_delay": {"mean": 0.0007743755528120464, "min": -0.0007391134276986122, "p0.1": -0.0006004130856599658, "p1": -0.0003912612469866872, "p5": -0.00013138948124833406, "p10": 6.358869140967729e-05, "p25": 0.00040024236659519374, "median": 0.0007605357677675784, "p75": 0.0011545735760591924, "p90": 0.001459241972770542, "p95": 0.001702009863220155, "p99": 0.0020268885581754105, "p99.9": 0.0030078544853022575, "max": 0.003079442889429629}, "send_duration": 28.19351179304067, "requested_rate": 49.0, "achieved_rate": 52.13965577579651}, "successes": {"count": 1470, "latency": {"request_latency": {"mean": 67.20312051605417, "min": 48.96716453100089, "p0.1": 49.11856526549777, "p1": 50.04928787829238, "p5": 51.71660015876405, "p10": 53.09968010500306, "p25": 56.69743535123416, "median": 62.84472018451197, "p75": 78.56224661302986, "p90": 88.39379269630881, "p95": 89.78545068991953, "p99": 97.48482758088386, "p99.9": 98.32873523021478, "max": 98.41822802904062}, "normalized_time_per_output_token": {"mean": 0.21652690882799025, "min": 0.02491767094939488, "p0.1": 0.04912373024994368, "p1": 0.05034819413381473, "p5": 0.052090915939302686, "p10": 0.0536450724800018, "p25": 0.057493612436078284, "median": 0.06586286614643455, "p75": 0.0806589033781162, "p90": 0.09039705885519954, "p95": 0.13987054145962283, "p99": 2.17278149835028, "p99.9": 27.8413025927057, "max": 79.38544288591947}, "time_per_output_token": {"mean": 0.03309677127406873, "min": 0.023685318327844908, "p0.1": 0.024164110944752508, "p1": 0.024783546900006545, "p5": 0.02551268434021629, "p10": 0.02629358352825529, "p25": 0.028137366027744748, "median": 0.030779031624437833, "p75": 0.03883217527838387, "p90": 0.04300198664026302, "p95": 0.044615548259585275, "p99": 0.045041734486140995, "p99.9": 0.04511207222962007, "max": 0.045130520799094395}, "time_to_first_token": {"mean": 0.920070900867351, "min": 0.06333719904068857, "p0.1": 0.06637911246565636, "p1": 0.0769633812236134, "p5": 0.08753264581901021, "p10": 0.09657553607830778, "p25": 0.11404906774987467, "median": 0.14052221248857677, "p75": 0.17509729097946547, "p90": 0.41269098311895513, "p95": 0.7277075951453298, "p99": 39.64311691513051, "p99.9": 41.1184407121304, "max": 41.32643640495371}, "inter_token_latency": {"mean": 0.03309677127406873, "min": 2.3960601538419724e-06, "p0.1": 3.3460091799497604e-06, "p1": 1.2636068277060986e-05, "p5": 1.954403705894947e-05, "p10": 2.4255947209894657e-05, "p25": 3.465998452156782e-05, "median": 0.00019029946997761726, "p75": 0.047741427493747324, "p90": 0.06219598718453199, "p95": 0.07007026666542514, "p99": 0.11279284491552975, "p99.9": 0.5683507381557327, "max": 41.170824542990886}}, "throughput": {"input_tokens_per_sec": 88048.07703957689, "output_tokens_per_sec": 10949.810298610295, "total_tokens_per_sec": 98997.88733818718, "requests_per_sec": 11.61171770333907}, "prompt_len": {"mean": 7582.691836734693, "min": 7505.0, "p0.1": 7516.0, "p1": 7521.69, "p5": 7535.0, "p10": 7544.0, "p25": 7562.0, "median": 7583.0, "p75": 7602.0, "p90": 7619.0, "p95": 7631.55, "p99": 7650.0, "p99.9": 7664.062, "max": 7665.0}, "output_len": {"mean": 942.9965986394558, "min": 1.0, "p0.1": 10.911000000000001, "p1": 33.0, "p5": 506.45, "p10": 954.0, "p25": 992.0, "median": 997.0, "p75": 1000.0, "p90": 1000.0, "p95": 1000.0, "p99": 1000.0, "p99.9": 1003.6550000000009, "max": 1996.0}}, "failures": {"count": 0, "request_latency": null, "prompt_len": null}}