{"load_summary": {"count": 1508, "schedule_delay": {"mean": 0.0008078813633142874, "min": -0.0016148065915331244, "p0.1": -0.000865021858131513, "p1": -0.00038703901693224905, "p5": -8.964745793491592e-05, "p10": 9.931791573762895e-05, "p25": 0.0004048722330480814, "median": 0.0008038551895879209, "p75": 0.001188634312711656, "p90": 0.001506915909703821, "p95": 0.001732172135962173, "p99": 0.002183858589269221, "p99.9": 0.00312136336136612, "max": 0.0036472338251769543}, "send_duration": 28.188192893052474, "requested_rate": 52.0, "achieved_rate": 53.497576298042}, "successes": {"count": 1508, "latency": {"request_latency": {"mean": 68.00496990361863, "min": 48.63622031605337, "p0.1": 48.66684876667289, "p1": 49.16389189865091, "p5": 50.866480876383136, "p10": 52.37010643932736, "p25": 56.88052882350166, "median": 64.18824939499609, "p75": 80.42089430446504, "p90": 88.35760374427772, "p95": 90.3482087654178, "p99": 99.14962876079139, "p99.9": 100.42330537076296, "max": 100.66898191301152}, "normalized_time_per_output_token": {"mean": 0.1477553011683459, "min": 0.025951209949976014, "p0.1": 0.029308238116541752, "p1": 0.04915811114851886, "p5": 0.05128723317675176, "p10": 0.05281670108584671, "p25": 0.05797902955490573, "median": 0.0677469454812023, "p75": 0.08305388083144832, "p90": 0.09172386319044315, "p95": 0.23901569979283685, "p99": 2.1479189308185167, "p99.9": 3.1094501472819323, "max": 10.318385331588797}, "time_per_output_token": {"mean": 0.03339584335444791, "min": 0.023944118988003464, "p0.1": 0.0239468054249163, "p1": 0.024085927175278583, "p5": 0.025163456119278373, "p10": 0.025830558833127647, "p25": 0.028274685298728553, "median": 0.031283335868564285, "p75": 0.039445154796329915, "p90": 0.043099453092173626, "p95": 0.0446136290343614, "p99": 0.04550091050151477, "p99.9": 0.04560463725734895, "max": 0.04658226602301672}, "time_to_first_token": {"mean": 1.123161268229837, "min": 0.063156567979604, "p0.1": 0.06446271871600766, "p1": 0.07299973277025856, "p5": 0.08563849822385236, "p10": 0.09329286987194792, "p25": 0.10931293928297237, "median": 0.13845523301279172, "p75": 0.17515576726873405, "p90": 0.34891344110947087, "p95": 0.8086040796188153, "p99": 40.78513710743748, "p99.9": 42.321961834898225, "max": 42.36384243995417}, "inter_token_latency": {"mean": 0.03339584335444791, "min": 2.383952960371971e-06, "p0.1": 3.335997462272644e-06, "p1": 1.2689037248492241e-05, "p5": 1.9771046936511993e-05, "p10": 2.453499473631382e-05, "p25": 3.5032047890126705e-05, "median": 0.00019253906793892384, "p75": 0.04854850424453616, "p90": 0.06231548248324544, "p95": 0.07122877661604435, "p99": 0.12019279858446684, "p99.9": 0.4939778497161071, "max": 42.54655114992056}}, "throughput": {"input_tokens_per_sec": 88944.90858272169, "output_tokens_per_sec": 11009.174451428311, "total_tokens_per_sec": 99954.08303415001, "requests_per_sec": 11.730424419728884}, "prompt_len": {"mean": 7582.411803713528, "min": 7505.0, "p0.1": 7510.577, "p1": 7521.07, "p5": 7534.35, "p10": 7544.0, "p25": 7562.0, "median": 7583.0, "p75": 7602.0, "p90": 7618.0, "p95": 7631.0, "p99": 7650.0, "p99.9": 7663.986000000001, "max": 7665.0}, "output_len": {"mean": 938.5145888594164, "min": 5.0, "p0.1": 20.042, "p1": 33.0, "p5": 287.40000000000003, "p10": 943.1, "p25": 991.0, "median": 997.0, "p75": 1000.0, "p90": 1000.0, "p95": 1000.0, "p99": 1001.0, "p99.9": 1999.0, "max": 1999.0}}, "failures": {"count": 0, "request_latency": null, "prompt_len": null}}