{"load_summary": {"count": 1520, "schedule_delay": {"mean": 0.001557650931155015, "min": -0.000717209535650909, "p0.1": -0.000510091417003423, "p1": -0.00012626811745576562, "p5": 0.0002976246876642108, "p10": 0.0005081215407699346, "p25": 0.0008752525318413973, "median": 0.0013547459384426475, "p75": 0.0018839338154066354, "p90": 0.0025181837612763057, "p95": 0.003207129257498309, "p99": 0.0052026032470166555, "p99.9": 0.010881171586108728, "max": 0.11355985538102686}, "send_duration": 37.31915588793345, "requested_rate": 40.0, "achieved_rate": 40.72975296023423}, "successes": {"count": 1520, "latency": {"request_latency": {"mean": 65.06284685203764, "min": 45.718258665991016, "p0.1": 45.78199368564435, "p1": 46.41874762690277, "p5": 48.79914416927495, "p10": 50.90935141020454, "p25": 55.55181074774009, "median": 61.17973335349234, "p75": 75.15469699978712, "p90": 84.27797260658117, "p95": 86.69462286357884, "p99": 91.56444035435794, "p99.9": 92.40049067049569, "max": 92.51702212297823}, "normalized_time_per_output_token": {"mean": 0.14939007490420664, "min": 0.034719753399651575, "p0.1": 0.04382333918112667, "p1": 0.046643086929476246, "p5": 0.04939189118890208, "p10": 0.051387717312560394, "p25": 0.056535725700465264, "median": 0.06347691906790451, "p75": 0.07778064987854863, "p90": 0.08785696980107453, "p95": 0.21239649366022806, "p99": 2.270347193852494, "p99.9": 3.9342151612815335, "max": 16.694342689501354}, "time_per_output_token": {"mean": 0.03055535989799363, "min": 0.020361352991464007, "p0.1": 0.020428580125123542, "p1": 0.02118944066895711, "p5": 0.023291885188490066, "p10": 0.024058302785943623, "p25": 0.026110921390157988, "median": 0.029382116918800924, "p75": 0.034457197922885464, "p90": 0.03968201251607436, "p95": 0.04243837193210855, "p99": 0.043789348399922504, "p99.9": 0.043961461295184134, "max": 0.0439704937541202}, "time_to_first_token": {"mean": 3.7856853169346945, "min": 0.07297534390818328, "p0.1": 0.07368428516737185, "p1": 0.08251264912774786, "p5": 0.0952980175265111, "p10": 0.10383173478767276, "p25": 0.12441022947314195, "median": 0.1565382374683395, "p75": 0.20983939251163974, "p90": 27.72590738105356, "p95": 32.998149942804595, "p99": 36.50904909427743, "p99.9": 38.29355444038056, "max": 38.64372042496689}, "inter_token_latency": {"mean": 0.03055535989799363, "min": 2.2830208763480186e-06, "p0.1": 2.634013071656227e-06, "p1": 3.6539498250931504e-06, "p5": 1.6142032109200954e-05, "p10": 2.301204949617386e-05, "p25": 3.82070429623127e-05, "median": 0.0002713055000640452, "p75": 0.04751097346888855, "p90": 0.06010149917565286, "p95": 0.06820883442997001, "p99": 0.15769049585796913, "p99.9": 0.48227828416228735, "max": 38.25769652903546}}, "throughput": {"input_tokens_per_sec": 89274.33458578728, "output_tokens_per_sec": 11061.438783883632, "total_tokens_per_sec": 100335.7733696709, "requests_per_sec": 11.773890862754396}, "prompt_len": {"mean": 7582.398684210526, "min": 7505.0, "p0.1": 7510.709, "p1": 7521.19, "p5": 7534.95, "p10": 7544.0, "p25": 7562.0, "median": 7583.0, "p75": 7602.0, "p90": 7618.1, "p95": 7631.0, "p99": 7650.0, "p99.9": 7663.962, "max": 7665.0}, "output_len": {"mean": 939.4888157894737, "min": 4.0, "p0.1": 18.038, "p1": 32.0, "p5": 343.45000000000005, "p10": 949.9, "p25": 991.0, "median": 997.0, "p75": 1000.0, "p90": 1000.0, "p95": 1000.0, "p99": 1000.0, "p99.9": 1483.1140000002206, "max": 1999.0}}, "failures": {"count": 0, "request_latency": null, "prompt_len": null}}