{"load_summary": {"count": 1482, "schedule_delay": {"mean": 0.0007966302844127653, "min": -0.0010264968732371926, "p0.1": -0.0006466512205079198, "p1": -0.0004964016517624259, "p5": -9.658621856942773e-05, "p10": 5.838592769578099e-05, "p25": 0.0004175402573309839, "median": 0.0007921055657789111, "p75": 0.001154619560111314, "p90": 0.0015188598656095565, "p95": 0.0017027567955665293, "p99": 0.0021101326984353367, "p99.9": 0.0032241047731368434, "max": 0.0038851916324347258}, "send_duration": 26.314885935978964, "requested_rate": 57.0, "achieved_rate": 56.31793364430811}, "successes": {"count": 1482, "latency": {"request_latency": {"mean": 68.37525255204707, "min": 49.12588514399249, "p0.1": 49.16793400904979, "p1": 49.70669852405088, "p5": 51.79639154945035, "p10": 53.31322573642247, "p25": 57.10573381718132, "median": 64.52394426194951, "p75": 80.73845672752941, "p90": 89.14513887714129, "p95": 90.92995384183014, "p99": 100.4581470721448, "p99.9": 101.54741232762463, "max": 101.68116200796794}, "normalized_time_per_output_token": {"mean": 0.21083548431338872, "min": 0.04912588514399249, "p0.1": 0.049198942981186905, "p1": 0.05024179803402978, "p5": 0.05243658781136807, "p10": 0.0541931728037217, "p25": 0.05824444537910017, "median": 0.06693890859927501, "p75": 0.08342152084549148, "p90": 0.09360956181835842, "p95": 0.31328060989192147, "p99": 2.5201800222691966, "p99.9": 16.275021918221025, "max": 45.662451894022524}, "time_per_output_token": {"mean": 0.033904255287013, "min": 0.02419579052825927, "p0.1": 0.024196126619740372, "p1": 0.024588073745174664, "p5": 0.025662394878601114, "p10": 0.02654162092340425, "p25": 0.02844580510668845, "median": 0.03198388886330454, "p75": 0.04013501619239446, "p90": 0.04432591785492817, "p95": 0.04516137784346298, "p99": 0.04891156070971576, "p99.9": 0.05032724300263576, "max": 0.05034059884658699}, "time_to_first_token": {"mean": 0.47507183269750614, "min": 0.06316587899345905, "p0.1": 0.06687238902458921, "p1": 0.07311698943958618, "p5": 0.08672167094773613, "p10": 0.09454740567598492, "p25": 0.11247606822871603, "median": 0.14020494947908446, "p75": 0.1737055677222088, "p90": 0.37235649186186537, "p95": 0.5914975253166634, "p99": 1.0698084117320832, "p99.9": 42.84266749518715, "max": 42.93797647894826}, "inter_token_latency": {"mean": 0.033904255287013, "min": 2.3479806259274483e-06, "p0.1": 3.2780226320028305e-06, "p1": 1.2613018043339252e-05, "p5": 1.9271974451839924e-05, "p10": 2.4139066226780415e-05, "p25": 3.477896098047495e-05, "median": 0.00019750051433220506, "p75": 0.04839691476081498, "p90": 0.0639064030139707, "p95": 0.07106388286920265, "p99": 0.11631242489325808, "p99.9": 0.6030266759344497, "max": 42.79670846404042}}, "throughput": {"input_tokens_per_sec": 87805.66478480681, "output_tokens_per_sec": 10792.309795978019, "total_tokens_per_sec": 98597.97458078484, "requests_per_sec": 11.579966288375743}, "prompt_len": {"mean": 7582.549257759784, "min": 7505.0, "p0.1": 7516.0, "p1": 7521.81, "p5": 7534.05, "p10": 7544.0, "p25": 7562.0, "median": 7583.0, "p75": 7602.0, "p90": 7618.0, "p95": 7631.0, "p99": 7650.0, "p99.9": 7664.0380000000005, "max": 7665.0}, "output_len": {"mean": 931.9811066126856, "min": 2.0, "p0.1": 4.0, "p1": 33.0, "p5": 201.05, "p10": 931.0, "p25": 991.0, "median": 997.0, "p75": 1000.0, "p90": 1000.0, "p95": 1000.0, "p99": 1000.0, "p99.9": 1001.0, "max": 1005.0}}, "failures": {"count": 0, "request_latency": null, "prompt_len": null}}