{"load_summary": {"count": 1548, "schedule_delay": {"mean": 0.003986429552293746, "min": -0.0008506171870976686, "p0.1": -0.0005635953231249005, "p1": -0.00017205027164891363, "p5": 0.00023556425003334883, "p10": 0.0004565104260109365, "p25": 0.0008116139215417206, "median": 0.0012715679476968944, "p75": 0.001799104968085885, "p90": 0.0025274127721786497, "p95": 0.0033100237022154005, "p99": 0.1214788838406089, "p99.9": 0.2714730276546921, "max": 0.29970891890116036}, "send_duration": 35.17228182510007, "requested_rate": 43.0, "achieved_rate": 44.0119298400281}, "successes": {"count": 1548, "latency": {"request_latency": {"mean": 66.22602156083549, "min": 46.51443276903592, "p0.1": 46.65909789796872, "p1": 47.709199572533834, "p5": 49.271654222073266, "p10": 51.19669739174424, "p25": 55.52548017568188, "median": 62.269873426062986, "p75": 78.30529465997824, "p90": 86.10719913474749, "p95": 88.33037590165621, "p99": 94.17006737828603, "p99.9": 95.033573855574, "max": 95.14576496102381}, "normalized_time_per_output_token": {"mean": 0.23465983924318767, "min": 0.025629164652667707, "p0.1": 0.046862281667861855, "p1": 0.04787125796076833, "p5": 0.04954021114820367, "p10": 0.05156915770749329, "p25": 0.05651538450444623, "median": 0.06613834748998258, "p75": 0.08082152340632304, "p90": 0.09195529025925495, "p95": 0.40754116861141326, "p99": 2.3318270941463517, "p99.9": 24.675067668027566, "max": 89.52570748596918}, "time_per_output_token": {"mean": 0.03138689999698227, "min": 0.022851471425739695, "p0.1": 0.0229095898619398, "p1": 0.02328558141552866, "p5": 0.024008153990437712, "p10": 0.024780701397659154, "p25": 0.026415030120072937, "median": 0.02971325711442459, "p75": 0.035475237277257994, "p90": 0.040507411316497016, "p95": 0.043078155800163664, "p99": 0.044527926853729825, "p99.9": 0.04465483199302517, "max": 0.04468549161414983}, "time_to_first_token": {"mean": 3.3555252526053354, "min": 0.06675688503310084, "p0.1": 0.0712823771451367, "p1": 0.08104770683567039, "p5": 0.09540913954842836, "p10": 0.1041081841220148, "p25": 0.12401166293420829, "median": 0.15791385795455426, "p75": 0.20858243521070108, "p90": 0.9852934619178987, "p95": 33.97786483420641, "p99": 37.64128809802467, "p99.9": 39.345527904094084, "max": 39.36959479795769}, "inter_token_latency": {"mean": 0.03138689999698227, "min": 2.296990714967251e-06, "p0.1": 2.8400681912899017e-06, "p1": 1.1499971151351929e-05, "p5": 1.930701546370983e-05, "p10": 2.4552922695875168e-05, "p25": 3.816303797066212e-05, "median": 0.00039001903496682644, "p75": 0.04879303925554268, "p90": 0.05962547659873965, "p95": 0.06819474740186705, "p99": 0.12148867046460499, "p99.9": 0.5311670493404391, "max": 39.310993023915216}}, "throughput": {"input_tokens_per_sec": 90661.34243240506, "output_tokens_per_sec": 11105.327149567307, "total_tokens_per_sec": 101766.66958197237, "requests_per_sec": 11.95670976629859}, "prompt_len": {"mean": 7582.465762273901, "min": 7505.0, "p0.1": 7511.017, "p1": 7521.47, "p5": 7534.35, "p10": 7544.0, "p25": 7562.0, "median": 7583.0, "p75": 7602.0, "p90": 7618.3, "p95": 7631.0, "p99": 7650.0, "p99.9": 7663.906000000001, "max": 7665.0}, "output_len": {"mean": 928.7945736434109, "min": 1.0, "p0.1": 3.094, "p1": 33.0, "p5": 158.85000000000008, "p10": 933.7, "p25": 991.0, "median": 997.0, "p75": 1000.0, "p90": 1000.0, "p95": 1000.0, "p99": 1000.0, "p99.9": 1002.0, "max": 1998.0}}, "failures": {"count": 0, "request_latency": null, "prompt_len": null}}