{"load_summary": {"count": 60, "schedule_delay": {"mean": 0.0009987712449704607, "min": -0.00010392861440777779, "p0.1": -0.000103687186492607, "p1": -0.0001015143352560699, "p5": -6.136424490250647e-05, "p10": 0.0001489907619543374, "p25": 0.000576157181058079, "median": 0.0009614078444428742, "p75": 0.001520948571851477, "p90": 0.0018156523117795586, "p95": 0.0019522781774867323, "p99": 0.002180364943342283, "p99.9": 0.002218253843602725, "max": 0.00222246372140944}, "send_duration": 19.000888993032277, "requested_rate": 3.0, "achieved_rate": 3.157746988680493}, "successes": {"count": 60, "latency": {"request_latency": {"mean": 25.376863949386948, "min": 24.596900368109345, "p0.1": 24.600654554387088, "p1": 24.63444223088678, "p5": 24.706568918633273, "p10": 24.71454765960807, "p25": 24.91518314543646, "median": 25.402543980511837, "p75": 25.739194844296435, "p90": 26.020989659719636, "p95": 26.190213970572223, "p99": 26.345425124078755, "p99.9": 26.370646959790843, "max": 26.373449385981075}, "normalized_time_per_output_token": {"mean": 0.0585300484613035, "min": 0.024685215859863167, "p0.1": 0.024686981283589236, "p1": 0.024702870097123845, "p5": 0.024807792364447547, "p10": 0.02491104076722404, "p25": 0.02515422725661748, "median": 0.025618397900464586, "p75": 0.026274854346999853, "p90": 0.03072200809214235, "p95": 0.08008936314269045, "p99": 0.9055526857895739, "p99.9": 1.0232832787994126, "max": 1.0363644558005034}, "time_per_output_token": {"mean": 0.012573932834432616, "min": 0.01218450578158374, "p0.1": 0.01218799747948638, "p1": 0.01221942276061014, "p5": 0.012272569266161177, "p10": 0.01227680831275036, "p25": 0.012356326515753305, "median": 0.0125513307911147, "p75": 0.012756661674915824, "p90": 0.012892893793260113, "p95": 0.012980980004063168, "p99": 0.013069267552297703, "p99.9": 0.013083793648024394, "max": 0.013085407658660694}, "time_to_first_token": {"mean": 0.1613193698072185, "min": 0.06743113999255002, "p0.1": 0.06771011217392515, "p1": 0.0702208618063014, "p5": 0.07836784209939651, "p10": 0.08846216714009643, "p25": 0.1367947012768127, "median": 0.14961784856859595, "p75": 0.16344546599430032, "p90": 0.17919829722959552, "p95": 0.318033958156593, "p99": 0.43447830967605094, "p99.9": 0.46246381984977103, "max": 0.4655733209801838}, "inter_token_latency": {"mean": 0.012573932834432616, "min": 2.8349459171295166e-06, "p0.1": 4.419857170432806e-06, "p1": 1.8204147927463055e-05, "p5": 3.29029920976609e-05, "p10": 3.859692951664329e-05, "p25": 4.7279056161642075e-05, "median": 0.00027160655008628964, "p75": 0.024790926254354417, "p90": 0.025503948400728404, "p95": 0.026012208760948848, "p99": 0.02763158211950213, "p99.9": 0.10130221564508986, "max": 0.2807979480130598}}, "throughput": {"input_tokens_per_sec": 10312.271635233445, "output_tokens_per_sec": 1252.2570039415282, "total_tokens_per_sec": 11564.528639174972, "requests_per_sec": 1.3592774483770838}, "prompt_len": {"mean": 7586.583333333333, "min": 7530.0, "p0.1": 7530.236, "p1": 7532.36, "p5": 7541.9, "p10": 7545.0, "p25": 7563.25, "median": 7583.5, "p75": 7607.5, "p90": 7620.6, "p95": 7632.3, "p99": 7660.23, "p99.9": 7661.823, "max": 7662.0}, "output_len": {"mean": 921.2666666666667, "min": 25.0, "p0.1": 25.413, "p1": 29.13, "p5": 317.25, "p10": 837.1, "p25": 986.0, "median": 996.0, "p75": 1000.0, "p90": 1000.0, "p95": 1000.0, "p99": 1000.0, "p99.9": 1000.0, "max": 1000.0}}, "failures": {"count": 0, "request_latency": null, "prompt_len": null}}