{"load_summary": {"count": 17084, "schedule_delay": {"mean": 0.0012333357354476254, "min": -0.0016148065915331244, "p0.1": -0.0006434178240597248, "p1": -0.00036312621901743116, "p5": -2.8937146998941883e-05, "p10": 0.00017483395058661712, "p25": 0.0005154364043846726, "median": 0.000924618449062109, "p75": 0.0013475820305757225, "p90": 0.001770071964710951, "p95": 0.0020941339258570223, "p99": 0.0033884899888653296, "p99.9": 0.11189148407826886, "max": 0.29970891890116036}}, "successes": {"count": 17084, "latency": {"request_latency": {"mean": 59.298162192127705, "min": 24.596900368109345, "p0.1": 25.010764838652335, "p1": 26.9355360540573, "p5": 36.20260899417335, "p10": 38.59367886935361, "p25": 45.41732806447544, "median": 57.55852362996666, "p75": 71.80920067022089, "p90": 85.02939005920199, "p95": 89.15062593855546, "p99": 94.86223929700674, "p99.9": 102.1325389994425, "max": 103.6728746870067}, "normalized_time_per_output_token": {"mean": 0.15191845538580573, "min": 0.0, "p0.1": 0.024919847954334096, "p1": 0.027096113564129404, "p5": 0.03659444143236033, "p10": 0.039068767623576604, "p25": 0.04682967309163162, "median": 0.05900806275650393, "p75": 0.07808412180904997, "p90": 0.09053536576404532, "p95": 0.19906857021923455, "p99": 2.1018493502400073, "p99.9": 6.032856258005483, "max": 89.52570748596918}, "time_per_output_token": {"mean": 0.028999791201633287, "min": 0.01218450578158374, "p0.1": 0.012396359080281716, "p1": 0.013352132032258619, "p5": 0.017965518875804002, "p10": 0.019177936827376445, "p25": 0.022382099807385994, "median": 0.02831784018865395, "p75": 0.03490378213541078, "p90": 0.04139078881550601, "p95": 0.04406028956160073, "p99": 0.045597839733288535, "p99.9": 0.050705266352702866, "max": 0.05162440207995137}, "time_to_first_token": {"mean": 1.2004508042086959, "min": 0.059699672972783446, "p0.1": 0.06340706302854232, "p1": 0.0728518640238326, "p5": 0.08581263685482554, "p10": 0.09366752376081422, "p25": 0.11276246930356137, "median": 0.14655412296997383, "p75": 0.1906560932402499, "p90": 0.47081153272884013, "p95": 0.9436111846647678, "p99": 36.97845534079576, "p99.9": 41.55387030742332, "max": 43.11025448003784}, "inter_token_latency": {"mean": 0.02899979120163329, "min": 2.2830208763480186e-06, "p0.1": 2.856017090380192e-06, "p1": 1.1748983524739742e-05, "p5": 1.929106656461954e-05, "p10": 2.4496926926076412e-05, "p25": 3.683404065668583e-05, "median": 0.00026665895711630583, "p75": 0.045109213242540136, "p90": 0.05613767704926431, "p95": 0.0681229591602459, "p99": 0.11728232171153653, "p99.9": 0.45634179749933795, "max": 42.9431336610578}}, "throughput": {"input_tokens_per_sec": 77232.0891788829, "output_tokens_per_sec": 9547.55325075107, "total_tokens_per_sec": 86779.64242963397, "requests_per_sec": 10.185485773658922}, "prompt_len": {"mean": 7582.563158510888, "min": 7505.0, "p0.1": 7505.9130000000005, "p1": 7521.0, "p5": 7534.0, "p10": 7544.0, "p25": 7562.0, "median": 7583.0, "p75": 7602.0, "p90": 7619.0, "p95": 7631.0, "p99": 7650.0, "p99.9": 7665.0, "max": 7665.0}, "output_len": {"mean": 937.3684734254273, "min": 0.0, "p0.1": 5.083000000000002, "p1": 33.0, "p5": 301.4500000000003, "p10": 938.3000000000002, "p25": 991.0, "median": 997.0, "p75": 1000.0, "p90": 1000.0, "p95": 1000.0, "p99": 1000.0, "p99.9": 1998.9170000000013, "max": 1999.0}}, "failures": {"count": 0, "request_latency": null, "prompt_len": null}}