{"load_summary": {"count": 760, "schedule_delay": {"mean": 0.0009885971743834058, "min": -0.0005571949295699596, "p0.1": -0.0004336003370117396, "p1": -0.00015352996531873943, "p5": 8.984219748526813e-05, "p10": 0.00027536258567124606, "p25": 0.000597681209910661, "median": 0.0009408796904608607, "p75": 0.0013756213011220098, "p90": 0.0017798467772081495, "p95": 0.0019990560133010147, "p99": 0.0024229231290519237, "p99.9": 0.0034339290750213824, "max": 0.0040909177623689175}, "send_duration": 35.42696685902774, "requested_rate": 20.0, "achieved_rate": 21.452584496556515}, "successes": {"count": 760, "latency": {"request_latency": {"mean": 41.70834980771546, "min": 33.856199943926185, "p0.1": 34.0603297887377, "p1": 34.86360309632495, "p5": 36.8994574952405, "p10": 37.91792513050605, "p25": 39.477485522744246, "median": 41.95716429501772, "p75": 44.2353986458038, "p90": 45.32352120017167, "p95": 45.76343823705101, "p99": 46.34035743078217, "p99.9": 46.50006695520925, "max": 46.52126728091389}, "normalized_time_per_output_token": {"mean": 0.07102308357638643, "min": 0.0340605633238694, "p0.1": 0.034351085936729524, "p1": 0.03558144233641036, "p5": 0.03718142217977438, "p10": 0.038035966418590396, "p25": 0.039907919450424476, "median": 0.042296913757920614, "p75": 0.04484130114935229, "p90": 0.04626112436343876, "p95": 0.07127142244779898, "p99": 1.2457497435177265, "p99.9": 1.4496634949726155, "max": 1.6464606698330801}, "time_per_output_token": {"mean": 0.020719905106673507, "min": 0.016792092183400047, "p0.1": 0.01688752404817551, "p1": 0.017279917380937992, "p5": 0.018340790271916114, "p10": 0.018814137769406426, "p25": 0.01960696144164356, "median": 0.020846738563924994, "p75": 0.021991477620418833, "p90": 0.02250454892201451, "p95": 0.02274570794277957, "p99": 0.02304518907480798, "p99.9": 0.0231282083177355, "max": 0.023138807231871256}, "time_to_first_token": {"mean": 0.17539535954465943, "min": 0.059636742109432817, "p0.1": 0.060949170723557475, "p1": 0.06614255846710876, "p5": 0.07385722566395998, "p10": 0.07950295268092304, "p25": 0.09185754519421607, "median": 0.1822424060665071, "p75": 0.21077476954087615, "p90": 0.29840014423243705, "p95": 0.3483025867259129, "p99": 0.448532210136763, "p99.9": 0.5347176290983371, "max": 0.5630349051207304}, "inter_token_latency": {"mean": 0.020719905106673504, "min": 2.3441389203071594e-06, "p0.1": 2.756016328930855e-06, "p1": 1.093856291845441e-05, "p5": 2.0242994651198387e-05, "p10": 2.617682330310344e-05, "p25": 4.1152641642838717e-05, "median": 0.0002672880655154586, "p75": 0.04011667100712657, "p90": 0.04437747874762863, "p95": 0.04619517188984901, "p99": 0.12788511100923636, "p99.9": 0.22386197027540788, "max": 0.38677933299914}}, "throughput": {"input_tokens_per_sec": 78917.38054847688, "output_tokens_per_sec": 9917.306332553742, "total_tokens_per_sec": 88834.68688103062, "requests_per_sec": 10.40829002420889}, "prompt_len": {"mean": 7582.1657894736845, "min": 7494.0, "p0.1": 7501.59, "p1": 7520.59, "p5": 7538.0, "p10": 7548.0, "p25": 7563.0, "median": 7582.0, "p75": 7600.0, "p90": 7618.1, "p95": 7628.0, "p99": 7644.0, "p99.9": 7667.482, "max": 7669.0}, "output_len": {"mean": 952.8276315789474, "min": 24.0, "p0.1": 30.072, "p1": 33.59, "p5": 595.5500000000001, "p10": 966.9, "p25": 991.0, "median": 998.0, "p75": 1000.0, "p90": 1000.0, "p95": 1000.0, "p99": 1000.41, "p99.9": 1073.8180000000295, "max": 1300.0}}, "failures": {"count": 0, "request_latency": null, "prompt_len": null}}