{"load_summary": {"count": 1548, "schedule_delay": {"mean": 0.002520560852019718, "min": -0.0012069132644683123, "p0.1": -0.0007666388594079762, "p1": -0.0002586365910246968, "p5": 8.387853158637881e-05, "p10": 0.0002918262267485261, "p25": 0.0006524072377942502, "median": 0.0010567562421783805, "p75": 0.0014973431825637817, "p90": 0.0019840797409415244, "p95": 0.002411321958061306, "p99": 0.02649147365242172, "p99.9": 0.21780717693874882, "max": 0.235501543385908}, "send_duration": 35.41726634791121, "requested_rate": 43.0, "achieved_rate": 43.707495231102044}, "successes": {"count": 1548, "latency": {"request_latency": {"mean": 66.92862846679219, "min": 47.62209420115687, "p0.1": 47.72969772891724, "p1": 48.927283181604, "p5": 50.30105459707556, "p10": 51.733148087887095, "p25": 56.06341798097128, "median": 66.21163764607627, "p75": 78.90986019803677, "p90": 83.77241414748133, "p95": 84.50302877507637, "p99": 86.3842752514826, "p99.9": 88.20655451079581, "max": 89.41360109695233}, "normalized_time_per_output_token": {"mean": 0.22075305135333723, "min": 0.0, "p0.1": 0.02213806575280649, "p1": 0.04903661323572509, "p5": 0.05056604407362174, "p10": 0.05217898403133731, "p25": 0.05695013496849186, "median": 0.06735826848545698, "p75": 0.08155054871330786, "p90": 0.08639950024848803, "p95": 0.32411097861193544, "p99": 2.2414238750694, "p99.9": 26.609482721810714, "max": 66.51259669288993}, "time_per_output_token": {"mean": 0.03217115989645507, "min": 0.01770215434034349, "p0.1": 0.017703398696445827, "p1": 0.02172645704752218, "p5": 0.02416008168468201, "p10": 0.024784517565533626, "p25": 0.026954006487461758, "median": 0.02998336058544942, "p75": 0.038636432088067246, "p90": 0.04160378044268683, "p95": 0.042038240456518, "p99": 0.04288894336681342, "p99.9": 0.043117112851389604, "max": 0.043152044556205575}, "time_to_first_token": {"mean": 2.477645442119736, "min": 0.0636511710472405, "p0.1": 0.06518590985354968, "p1": 0.07637505419785157, "p5": 0.09383856491185724, "p10": 0.10094237944576889, "p25": 0.1194996970007196, "median": 0.14985165849793702, "p75": 0.19216355151729658, "p90": 0.7504157928517083, "p95": 31.78013569036265, "p99": 36.11615782100474, "p99.9": 37.74452602264172, "max": 38.01194781111553}, "inter_token_latency": {"mean": 0.03217115989645507, "min": 2.293149009346962e-06, "p0.1": 2.8319191187620163e-06, "p1": 1.1530937626957893e-05, "p5": 2.022506669163704e-05, "p10": 2.568308264017105e-05, "p25": 3.9400067180395126e-05, "median": 0.0003352304920554161, "p75": 0.049155308050103486, "p90": 0.05956240582745524, "p95": 0.06826757137896493, "p99": 0.12179540031589559, "p99.9": 0.5555179316187281, "max": 36.20355945103802}}, "throughput": {"input_tokens_per_sec": 94130.13210780876, "output_tokens_per_sec": 11555.263745865339, "total_tokens_per_sec": 105685.39585367411, "requests_per_sec": 12.414227223710569}, "prompt_len": {"mean": 7582.43992248062, "min": 7494.0, "p0.1": 7499.47, "p1": 7521.0, "p5": 7538.35, "p10": 7548.0, "p25": 7564.0, "median": 7582.0, "p75": 7600.25, "p90": 7619.0, "p95": 7628.0, "p99": 7644.0, "p99.9": 7667.906000000001, "max": 7669.0}, "output_len": {"mean": 930.8081395348837, "min": 0.0, "p0.1": 0.5469999999999999, "p1": 32.0, "p5": 174.35000000000002, "p10": 920.1, "p25": 992.0, "median": 998.0, "p75": 1000.0, "p90": 1000.0, "p95": 1000.0, "p99": 1000.0, "p99.9": 1001.0, "max": 1994.0}}, "failures": {"count": 0, "request_latency": null, "prompt_len": null}}