{"load_summary": {}, "successes": {"count": 300, "rate": 4.411765, "prompt_len": {"mean": 0, "rate": 38128.484214}, "output_len": {"mean": 0, "rate": 4493.983718}, "queue_len": {"mean": 0}, "request_latency": {"mean": 29.310267, "median": 28.196721, "p90": 37.435897, "p99": 39.74359}, "time_to_first_token": {"mean": 0.074505, "median": 0.052044, "p90": 0.200867, "p99": 0.247842}, "time_per_output_token": {"mean": 0.029207, "median": 0.036946, "p90": 0.047596, "p99": 0.049992}, "kv_cache_usage_percentage": {"mean": 0.0, "median": 0.0, "p90": 0.0, "p99": 0.0}, "num_requests_swapped": {"mean": 0}, "num_preemptions_total": {"mean": 0}, "prefix_cache_hit_percent": {"mean": 94.67151260175329}}, "failures": {}}