{"load_summary": {}, "successes": {"count": 735, "rate": 8.647059, "prompt_len": {"mean": 0, "rate": 65660.348623}, "output_len": {"mean": 0, "rate": 8644.860091}, "queue_len": {"mean": 0}, "request_latency": {"mean": 41.822922, "median": 43.518519, "p90": 48.703704, "p99": 49.87037}, "time_to_first_token": {"mean": 0.154213, "median": 0.077725, "p90": 0.422368, "p99": 0.909167}, "time_per_output_token": {"mean": 0.041726, "median": 0.037539, "p90": 0.047693, "p99": 0.049977}, "kv_cache_usage_percentage": {"mean": 0.0, "median": 0.0, "p90": 0.0, "p99": 0.0}, "num_requests_swapped": {"mean": 0}, "num_preemptions_total": {"mean": 0}, "prefix_cache_hit_percent": {"mean": 90.51113116404062}}, "failures": {}}