{"load_summary": {}, "successes": {"count": 1518, "rate": 11.328358, "prompt_len": {"mean": 0, "rate": 88123.421957}, "output_len": {"mean": 0, "rate": 11357.950679}, "queue_len": {"mean": 0}, "request_latency": {"mean": 67.215456, "median": 69.735099, "p90": 109.94702, "p99": 118.994702}, "time_to_first_token": {"mean": 1.256088, "median": 0.098951, "p90": 0.461905, "p99": 34.120755}, "time_per_output_token": {"mean": 0.065931, "median": 0.047296, "p90": 0.071527, "p99": 0.177438}, "kv_cache_usage_percentage": {"mean": 0.0, "median": 0.0, "p90": 0.0, "p99": 0.0}, "num_requests_swapped": {"mean": 0}, "num_preemptions_total": {"mean": 0}, "prefix_cache_hit_percent": {"mean": 91.66334867904905}}, "failures": {}}