{"load_summary": {"count": 1518, "schedule_delay": {"mean": 0.0016794809657461913, "min": -0.0006964104250073433, "p0.1": -0.0005647818285506219, "p1": -0.00038584192749112844, "p5": 1.628116006031634e-05, "p10": 0.00021159506868571046, "p25": 0.0005681653856299818, "median": 0.0009644386591389775, "p75": 0.0013799839070998132, "p90": 0.001774101820774376, "p95": 0.002112165850121528, "p99": 0.003563041980378323, "p99.9": 0.15561083589936617, "max": 0.19387962576001883}, "send_duration": 33.79416855494492, "requested_rate": 46.0, "achieved_rate": 44.918992385681264}, "successes": {"count": 1518, "latency": {"request_latency": {"mean": 67.33106315997858, "min": 47.98795285401866, "p0.1": 48.37647003105702, "p1": 49.847643557409754, "p5": 51.33851492810063, "p10": 52.875748318526895, "p25": 57.35639347025426, "median": 69.86162043898366, "p75": 78.28300407493953, "p90": 80.34537336369976, "p95": 81.81729125967249, "p99": 83.24037828288739, "p99.9": 83.4652957610439, "max": 83.49103471590206}, "normalized_time_per_output_token": {"mean": 0.10524180071642597, "min": 0.0, "p0.1": 0.013106551025302629, "p1": 0.04963706473477055, "p5": 0.05147667029120218, "p10": 0.053266282931448354, "p25": 0.057925159223788186, "median": 0.07196300901161665, "p75": 0.07950391431534799, "p90": 0.08253650225306798, "p95": 0.09536723262049658, "p99": 1.637260782580458, "p99.9": 2.4710087479854956, "max": 2.964352900593507}, "time_per_output_token": {"mean": 0.03295107172253504, "min": 0.020277550362789633, "p0.1": 0.020456054830320945, "p1": 0.022882266651885794, "p5": 0.024959293427481048, "p10": 0.025653441095150362, "p25": 0.02792142397350702, "median": 0.03187209816244866, "p75": 0.03888096252034745, "p90": 0.03997846259040872, "p95": 0.04075606517580527, "p99": 0.041483328528423, "p99.9": 0.041592375575446816, "max": 0.04160785539830192}, "time_to_first_token": {"mean": 1.3293515675792003, "min": 0.06457790709100664, "p0.1": 0.06510364614310675, "p1": 0.07502340851351619, "p5": 0.09157547370996326, "p10": 0.10072216712869704, "p25": 0.12129475525580347, "median": 0.14921601442620158, "p75": 0.18810500676045194, "p90": 0.4474772918736561, "p95": 1.1638841667096127, "p99": 32.54367553707445, "p99.9": 37.40545176848797, "max": 37.5617233698722}, "inter_token_latency": {"mean": 0.03295107172253503, "min": 2.315966412425041e-06, "p0.1": 2.9029324650764465e-06, "p1": 1.2440141290426254e-05, "p5": 2.100784331560135e-05, "p10": 2.64081172645092e-05, "p25": 3.99220734834671e-05, "median": 0.00030849745962768793, "p75": 0.04851261823205277, "p90": 0.06015010045375675, "p95": 0.06832250558072697, "p99": 0.11580355760874228, "p99.9": 0.594419127667032, "max": 37.53022046899423}}, "throughput": {"input_tokens_per_sec": 99387.47065639523, "output_tokens_per_sec": 12516.65646587179, "total_tokens_per_sec": 111904.12712226702, "requests_per_sec": 13.1079656018973}, "prompt_len": {"mean": 7582.219367588933, "min": 7494.0, "p0.1": 7499.17, "p1": 7521.0, "p5": 7538.0, "p10": 7548.0, "p25": 7563.0, "median": 7582.0, "p75": 7600.0, "p90": 7618.3, "p95": 7628.0, "p99": 7644.0, "p99.9": 7667.966, "max": 7669.0}, "output_len": {"mean": 954.8893280632411, "min": 0.0, "p0.1": 13.959000000000003, "p1": 33.0, "p5": 736.5500000000002, "p10": 965.0, "p25": 992.0, "median": 997.0, "p75": 1000.0, "p90": 1000.0, "p95": 1000.0, "p99": 1000.0, "p99.9": 1131.927000000047, "max": 1997.0}}, "failures": {"count": 0, "request_latency": null, "prompt_len": null}}