{"load_summary": {}, "successes": {"count": 1548, "rate": 10.825175, "prompt_len": {"mean": 0, "rate": 83656.228174}, "output_len": {"mean": 0, "rate": 10873.546536}, "queue_len": {"mean": 0}, "request_latency": {"mean": 66.800197, "median": 67.820225, "p90": 109.564045, "p99": 118.956404}, "time_to_first_token": {"mean": 2.37784, "median": 0.096135, "p90": 0.622143, "p99": 37.020755}, "time_per_output_token": {"mean": 0.064352, "median": 0.049036, "p90": 0.071897, "p99": 0.173947}, "kv_cache_usage_percentage": {"mean": 0.0, "median": 0.0, "p90": 0.0, "p99": 0.0}, "num_requests_swapped": {"mean": 0}, "num_preemptions_total": {"mean": 0}, "prefix_cache_hit_percent": {"mean": 90.80712772024903}}, "failures": {}}