{"load_summary": {}, "successes": {"count": 760, "rate": 8.26087, "prompt_len": {"mean": 0, "rate": 65830.808904}, "output_len": {"mean": 0, "rate": 8289.027505}, "queue_len": {"mean": 0}, "request_latency": {"mean": 41.590714, "median": 42.816635, "p90": 48.563327, "p99": 49.856333}, "time_to_first_token": {"mean": 0.148414, "median": 0.142933, "p90": 0.308232, "p99": 0.650167}, "time_per_output_token": {"mean": 0.041521, "median": 0.037894, "p90": 0.048427, "p99": 0.141713}, "kv_cache_usage_percentage": {"mean": 0.0, "median": 0.0, "p90": 0.0, "p99": 0.0}, "num_requests_swapped": {"mean": 0}, "num_preemptions_total": {"mean": 0}, "prefix_cache_hit_percent": {"mean": 88.8175554482442}}, "failures": {}}