{"load_summary": {"count": 1470, "schedule_delay": {"mean": 0.0010134081699929777, "min": -0.000617072219029069, "p0.1": -0.0005557372109033168, "p1": -0.00035772544331848623, "p5": 3.283005207777026e-06, "p10": 0.00021512757521122695, "p25": 0.000566470087505877, "median": 0.0009663384407758713, "p75": 0.001399652159307152, "p90": 0.001797933503985405, "p95": 0.002073709433898329, "p99": 0.0030107406619936214, "p99.9": 0.004164465317735509, "max": 0.010852607665583491}, "send_duration": 30.601625197101384, "requested_rate": 49.0, "achieved_rate": 48.03666441020393}, "successes": {"count": 1470, "latency": {"request_latency": {"mean": 66.28647089205067, "min": 48.63675212813541, "p0.1": 48.869187501942044, "p1": 50.373512504366225, "p5": 51.51308829401387, "p10": 52.742378979665226, "p25": 56.406587224046234, "median": 67.89768168504816, "p75": 76.5684120793012, "p90": 78.42003636017907, "p95": 79.50899381275521, "p99": 81.74932085605106, "p99.9": 82.18557002809249, "max": 82.31960371183231}, "normalized_time_per_output_token": {"mean": 0.12452594430364546, "min": 0.0, "p0.1": 0.01831236237684324, "p1": 0.05053006586969183, "p5": 0.05173224870852638, "p10": 0.05323826916471589, "p25": 0.05739860315422993, "median": 0.07119553378003796, "p75": 0.07746084229801631, "p90": 0.0810806157354707, "p95": 0.10322559446494688, "p99": 2.2788353445202745, "p99.9": 2.620726702778993, "max": 9.366724979132414}, "time_per_output_token": {"mean": 0.03297887686916321, "min": 0.0230959197635465, "p0.1": 0.024284262926903378, "p1": 0.02487109227667864, "p5": 0.0254142927210152, "p10": 0.026039182872749745, "p25": 0.028067637043402364, "median": 0.033820430177956474, "p75": 0.03814964586422537, "p90": 0.03907241199535831, "p95": 0.0396369806051823, "p99": 0.04074513441565721, "p99.9": 0.040970510100495294, "max": 0.04105042025580935}, "time_to_first_token": {"mean": 0.2289447120424094, "min": 0.05957600404508412, "p0.1": 0.06425183584867045, "p1": 0.07637026701588183, "p5": 0.09155467648524791, "p10": 0.09875979027710854, "p25": 0.11810601473553106, "median": 0.14538880856707692, "p75": 0.1792063566390425, "p90": 0.35208188362885356, "p95": 0.6767779746092856, "p99": 1.3335366914677431, "p99.9": 1.8919802669603392, "max": 32.677489791065454}, "inter_token_latency": {"mean": 0.03297887686916321, "min": 2.3560132831335068e-06, "p0.1": 2.903863787651062e-06, "p1": 1.2363074347376823e-05, "p5": 2.053799107670784e-05, "p10": 2.5886809453368187e-05, "p25": 3.9144186303019524e-05, "median": 0.00029910251032561064, "p75": 0.04705129493959248, "p90": 0.05944818817079068, "p95": 0.06994476440595461, "p99": 0.11263516339473434, "p99.9": 0.6163109954523437, "max": 37.31441028416157}}, "throughput": {"input_tokens_per_sec": 99946.60288444291, "output_tokens_per_sec": 12504.018418774594, "total_tokens_per_sec": 112450.6213032175, "requests_per_sec": 13.181379943202854}, "prompt_len": {"mean": 7582.408163265306, "min": 7494.0, "p0.1": 7498.69, "p1": 7521.0, "p5": 7538.45, "p10": 7548.0, "p25": 7564.0, "median": 7582.0, "p75": 7600.75, "p90": 7619.0, "p95": 7628.0, "p99": 7644.0, "p99.9": 7668.062, "max": 7669.0}, "output_len": {"mean": 948.6122448979592, "min": 0.0, "p0.1": 3.7520000000000007, "p1": 33.0, "p5": 555.9, "p10": 959.0, "p25": 992.0, "median": 998.0, "p75": 1000.0, "p90": 1000.0, "p95": 1000.0, "p99": 1000.0, "p99.9": 1002.0620000000004, "max": 1999.0}}, "failures": {"count": 0, "request_latency": null, "prompt_len": null}}