{"load_summary": {}, "successes": {"count": 1508, "rate": 11.424242, "prompt_len": {"mean": 0, "rate": 88370.06613}, "output_len": {"mean": 0, "rate": 11460.338664}, "queue_len": {"mean": 0}, "request_latency": {"mean": 67.905145, "median": 71.769723, "p90": 110.353945, "p99": 119.035394}, "time_to_first_token": {"mean": 0.141237, "median": 0.094849, "p90": 0.248128, "p99": 1.218333}, "time_per_output_token": {"mean": 0.06781, "median": 0.046641, "p90": 0.07208, "p99": 0.179305}, "kv_cache_usage_percentage": {"mean": 0.0, "median": 0.0, "p90": 0.0, "p99": 0.0}, "num_requests_swapped": {"mean": 0}, "num_preemptions_total": {"mean": 0}, "prefix_cache_hit_percent": {"mean": 91.82703255073477}}, "failures": {}}