{"load_summary": {"count": 1482, "schedule_delay": {"mean": 0.001037930034405166, "min": -0.0005542270373553038, "p0.1": -0.0005257019905839115, "p1": -0.0003399730334058404, "p5": 4.4249813072383404e-05, "p10": 0.00022871079854667185, "p25": 0.0005693448474630713, "median": 0.000998716801404953, "p75": 0.0014252433320507407, "p90": 0.0018744659610092657, "p95": 0.002169578499160707, "p99": 0.003159438425209375, "p99.9": 0.004197245735442269, "max": 0.004578704945743084}, "send_duration": 26.217048841994256, "requested_rate": 57.0, "achieved_rate": 56.5281015774035}, "successes": {"count": 1482, "latency": {"request_latency": {"mean": 69.56282133461896, "min": 50.70554452389479, "p0.1": 50.83829837423028, "p1": 52.03853314097971, "p5": 52.99360481910408, "p10": 54.20890415089671, "p25": 58.9939472694532, "median": 71.82611944095697, "p75": 80.53408362582559, "p90": 83.54751390314195, "p95": 84.48396631303476, "p99": 85.85231441877782, "p99.9": 86.35827380248305, "max": 87.08467588806525}, "normalized_time_per_output_token": {"mean": 0.16260789148613944, "min": 0.0, "p0.1": 0.012937752329704953, "p1": 0.052156562775461934, "p5": 0.05318711215895694, "p10": 0.05457575640806056, "p25": 0.05961636170143281, "median": 0.07446711945676861, "p75": 0.08176509125493675, "p90": 0.08580201114312654, "p95": 0.1434494018071945, "p99": 2.319779324018022, "p99.9": 3.476366726611644, "max": 40.18247816595249}, "time_per_output_token": {"mean": 0.03463278067170535, "min": 0.025241182911545337, "p0.1": 0.02529595992390298, "p1": 0.025753048562353057, "p5": 0.026176909369148682, "p10": 0.026669739506501557, "p25": 0.029392857536399405, "median": 0.03579602924490656, "p75": 0.040138396387477626, "p90": 0.041642208970761554, "p95": 0.04209661443434681, "p99": 0.04279752909153959, "p99.9": 0.04304046297920983, "max": 0.04337220516885216}, "time_to_first_token": {"mean": 0.19816822994059874, "min": 0.07057430292479694, "p0.1": 0.0752626314307563, "p1": 0.08291991769336164, "p5": 0.09125783800845966, "p10": 0.09797367362771184, "p25": 0.11833080241922289, "median": 0.14653697155881673, "p75": 0.17919570859521627, "p90": 0.3336515241069719, "p95": 0.6576567132608034, "p99": 1.0442550677852704, "p99.9": 1.2964348538487733, "max": 1.3306739090476185}, "inter_token_latency": {"mean": 0.034632780671705346, "min": 2.341112121939659e-06, "p0.1": 2.9150396585464478e-06, "p1": 1.2630696874111893e-05, "p5": 2.0541949197649956e-05, "p10": 2.5653047487139702e-05, "p25": 3.840611316263676e-05, "median": 0.0002995439572259784, "p75": 0.04771068814443424, "p90": 0.06380133270286023, "p95": 0.07301723979180677, "p99": 0.11968274495797232, "p99.9": 0.6192246772588736, "max": 43.14163692086004}}, "throughput": {"input_tokens_per_sec": 99296.66096122557, "output_tokens_per_sec": 12353.296353886815, "total_tokens_per_sec": 111649.95731511238, "requests_per_sec": 13.09576995648731}, "prompt_len": {"mean": 7582.346153846154, "min": 7494.0, "p0.1": 7498.81, "p1": 7521.0, "p5": 7539.0, "p10": 7548.0, "p25": 7563.25, "median": 7582.0, "p75": 7600.0, "p90": 7619.0, "p95": 7628.0, "p99": 7644.0, "p99.9": 7668.0380000000005, "max": 7669.0}, "output_len": {"mean": 943.304318488529, "min": 0.0, "p0.1": 0.9620000000000002, "p1": 33.0, "p5": 520.15, "p10": 953.1, "p25": 992.0, "median": 998.0, "p75": 1000.0, "p90": 1000.0, "p95": 1000.0, "p99": 1000.0, "p99.9": 1002.0, "max": 1995.0}}, "failures": {"count": 0, "request_latency": null, "prompt_len": null}}