{
    "load_summary": {
        "count": 1500,
        "schedule_delay": {
            "mean": 0.0009933445872738957,
            "min": -0.0005401603411883116,
            "p0.1": -0.0005071769952774048,
            "p1": -0.00029745783191174267,
            "p5": -9.765627328306393e-06,
            "p10": 0.00021373529452830555,
            "p25": 0.0005403066170401871,
            "median": 0.0009733721381053329,
            "p75": 0.001377791166305542,
            "p90": 0.0017595156095921993,
            "p95": 0.0020168316783383488,
            "p99": 0.002763855643570423,
            "p99.9": 0.0042554003125988855,
            "max": 0.008394520496949553
        },
        "send_duration": 24.461431697010994,
        "requested_rate": 60.0,
        "achieved_rate": 61.32102235795499
    },
    "successes": {
        "count": 1500,
        "latency": {
            "request_latency": {
                "mean": 70.58390688870087,
                "min": 51.37075247406028,
                "p0.1": 51.46442559680343,
                "p1": 52.46214134982321,
                "p5": 53.69251352091087,
                "p10": 54.614977994561194,
                "p25": 59.16721304121893,
                "median": 73.2353812820511,
                "p75": 82.1951727194828,
                "p90": 84.81841467714403,
                "p95": 85.85240382605699,
                "p99": 87.84304254989372,
                "p99.9": 88.69429303993776,
                "max": 89.06363520515151
            },
            "normalized_time_per_output_token": {
                "mean": 0.14559880443296438,
                "min": 0.0,
                "p0.1": 0.034330802649116136,
                "p1": 0.05259191467116121,
                "p5": 0.053980817218637095,
                "p10": 0.055108125620886315,
                "p25": 0.05999597964984099,
                "median": 0.07657215431446182,
                "p75": 0.08374195995948948,
                "p90": 0.08780789296129694,
                "p95": 0.17566806142841362,
                "p99": 2.3163290468665343,
                "p99.9": 3.229553624311403,
                "max": 7.244882439612411
            },
            "time_per_output_token": {
                "mean": 0.03513400540451676,
                "min": 0.02556967050575282,
                "p0.1": 0.025600676288758322,
                "p1": 0.02605218398094904,
                "p5": 0.02646937679193601,
                "p10": 0.02691688229201193,
                "p25": 0.02946870399817386,
                "median": 0.036509574673637496,
                "p75": 0.040969681746096234,
                "p90": 0.042264020007100424,
                "p95": 0.042785576294452746,
                "p99": 0.04378490403725667,
                "p99.9": 0.044227598251095394,
                "max": 0.04437053296796471
            },
            "time_to_first_token": {
                "mean": 0.21434803044345851,
                "min": 0.06957115512341261,
                "p0.1": 0.07370246586645954,
                "p1": 0.0824013259075582,
                "p5": 0.09236524779116735,
                "p10": 0.10072299162857234,
                "p25": 0.11902974545955658,
                "median": 0.1460079555399716,
                "p75": 0.18583534192293882,
                "p90": 0.3893140790518377,
                "p95": 0.7415815010084769,
                "p99": 1.2322504952037707,
                "p99.9": 1.5646129972506333,
                "max": 1.6368994091171771
            },
            "inter_token_latency": {
                "mean": 0.035134005404516756,
                "min": 2.348097041249275e-06,
                "p0.1": 2.922024577856064e-06,
                "p1": 1.2626172974705696e-05,
                "p5": 2.0900042727589607e-05,
                "p10": 2.5999033823609352e-05,
                "p25": 3.8915080949664116e-05,
                "median": 0.00029954861383885145,
                "p75": 0.04856139497132972,
                "p90": 0.06502413023263218,
                "p95": 0.07366657314123586,
                "p99": 0.11873150813626099,
                "p99.9": 0.6216165010123532,
                "max": 43.51372468308546
            }
        },
        "throughput": {
            "input_tokens_per_sec": 100266.9152203362,
            "output_tokens_per_sec": 12447.385285461058,
            "total_tokens_per_sec": 112714.30050579726,
            "requests_per_sec": 13.22382667672733
        },
        "prompt_len": {
            "mean": 7582.292,
            "min": 7494.0,
            "p0.1": 7498.99,
            "p1": 7521.0,
            "p5": 7539.0,
            "p10": 7548.0,
            "p25": 7564.0,
            "median": 7582.0,
            "p75": 7600.0,
            "p90": 7618.1,
            "p95": 7628.0,
            "p99": 7644.0,
            "p99.9": 7668.002,
            "max": 7669.0
        },
        "output_len": {
            "mean": 941.2846666666667,
            "min": 0.0,
            "p0.1": 15.485000000000001,
            "p1": 33.0,
            "p5": 362.8,
            "p10": 952.0,
            "p25": 992.75,
            "median": 998.0,
            "p75": 1000.0,
            "p90": 1000.0,
            "p95": 1000.0,
            "p99": 1000.0,
            "p99.9": 1499.996000000203,
            "max": 1998.0
        }
    },
    "failures": {
        "count": 0,
        "request_latency": null,
        "prompt_len": null
    }
}