{"load_summary": {"count": 200, "schedule_delay": {"mean": 0.0009921685000881552, "min": -0.00018779863603413105, "p0.1": -0.0001698003737255931, "p1": -8.787938626483083e-05, "p5": 4.558101063594223e-05, "p10": 0.00030347686260938643, "p25": 0.0006428319029510021, "median": 0.001015196437947452, "p75": 0.0013447339879348874, "p90": 0.0016719027189537883, "p95": 0.0019283799803815774, "p99": 0.0021689583640545603, "p99.9": 0.0022480600941926247, "max": 0.002254888880997896}, "send_duration": 21.875441116979346, "requested_rate": 10.0, "achieved_rate": 9.142672777682339}, "successes": {"count": 200, "latency": {"request_latency": {"mean": 27.37368445198168, "min": 25.29965052800253, "p0.1": 25.30463197841309, "p1": 25.484487304501236, "p5": 25.84090288480511, "p10": 26.063479428365827, "p25": 26.45442095870385, "median": 26.91804915049579, "p75": 28.2732738442719, "p90": 29.17076673032716, "p95": 29.488553168124053, "p99": 29.686676337630487, "p99.9": 29.692142319683917, "max": 29.692986151902005}, "normalized_time_per_output_token": {"mean": 0.06862507553949365, "min": 0.025324682942125948, "p0.1": 0.025356805233148857, "p1": 0.02552212500998983, "p5": 0.02596470570346889, "p10": 0.026121146705408792, "p25": 0.026686734416149355, "median": 0.027601286144892913, "p75": 0.02887447225041026, "p90": 0.03037937588595503, "p95": 0.29609626362996166, "p99": 0.8889827535664517, "p99.9": 0.9017232358324765, "max": 0.9039794334676117}, "time_per_output_token": {"mean": 0.013569167188823927, "min": 0.012528947485761641, "p0.1": 0.012531461802333234, "p1": 0.012625517460354917, "p5": 0.012795839679061153, "p10": 0.012906798078231271, "p25": 0.013109713455801527, "median": 0.013331800793832366, "p75": 0.014043672171922615, "p90": 0.014470942629357407, "p95": 0.014630499353260221, "p99": 0.014740726209414572, "p99.9": 0.014747358578707565, "max": 0.014749000223864545}, "time_to_first_token": {"mean": 0.15356081173638814, "min": 0.06047459412366152, "p0.1": 0.06116017459146678, "p1": 0.0654198075714521, "p5": 0.06795462678419426, "p10": 0.07104047294706106, "p25": 0.09095401980448514, "median": 0.15870608913246542, "p75": 0.17433128593256697, "p90": 0.23951538810506462, "p95": 0.27365545376669603, "p99": 0.3252494259318337, "p99.9": 0.33439579863124547, "max": 0.33656513481400907}, "inter_token_latency": {"mean": 0.013569167188823927, "min": 2.318061888217926e-06, "p0.1": 3.1159725040197372e-06, "p1": 1.4917904045432807e-05, "p5": 2.1919142454862595e-05, "p10": 3.094107378274202e-05, "p25": 4.746275953948498e-05, "median": 0.0003226210828870535, "p75": 0.02602410048712045, "p90": 0.027513064583763482, "p95": 0.02863122330745682, "p99": 0.032360166020225734, "p99.9": 0.1126577683335637, "max": 0.21474136994220316}}, "throughput": {"input_tokens_per_sec": 30607.362250197944, "output_tokens_per_sec": 3742.200551112116, "total_tokens_per_sec": 34349.56280131006, "requests_per_sec": 4.036023027515225}, "prompt_len": {"mean": 7583.545, "min": 7520.0, "p0.1": 7520.398, "p1": 7522.99, "p5": 7537.95, "p10": 7545.9, "p25": 7562.0, "median": 7586.0, "p75": 7604.0, "p90": 7618.1, "p95": 7626.0, "p99": 7644.01, "p99.9": 7650.607, "max": 7652.0}, "output_len": {"mean": 927.2, "min": 32.0, "p0.1": 32.0, "p1": 32.0, "p5": 90.50000000000006, "p10": 897.2000000000002, "p25": 994.0, "median": 997.0, "p75": 1000.0, "p90": 1000.0, "p95": 1000.0, "p99": 1000.01, "p99.9": 1001.801, "max": 1002.0}}, "failures": {"count": 0, "request_latency": null, "prompt_len": null}}