{"load_summary": {"count": 750, "schedule_delay": {"mean": 0.0015276183939228454, "min": -0.0006573074497282505, "p0.1": -0.00039706833916716277, "p1": -5.2567792590707536e-05, "p5": 0.00019760195864364506, "p10": 0.0004188737599179149, "p25": 0.000759925227612257, "median": 0.00120875786524266, "p75": 0.0016729501658119261, "p90": 0.0021572101628407835, "p95": 0.002658096631057559, "p99": 0.005181332868523893, "p99.9": 0.06013170158304329, "max": 0.06471375958062708}, "send_duration": 51.410165160894394, "requested_rate": 15.0, "achieved_rate": 14.588554571898054}, "successes": {"count": 750, "latency": {"request_latency": {"mean": 42.62783100089493, "min": 30.555668539833277, "p0.1": 30.584386299515142, "p1": 31.62878999983892, "p5": 34.29273326917318, "p10": 35.70703342000488, "p25": 39.39350268384442, "median": 43.10672600858379, "p75": 46.52646229142556, "p90": 48.6459573965054, "p95": 49.159979772707445, "p99": 51.11175293819048, "p99.9": 51.31707079472836, "max": 51.401515847072005}, "normalized_time_per_output_token": {"mean": 0.08271661926526669, "min": 0.0, "p0.1": 0.015366282137562267, "p1": 0.03162878999983892, "p5": 0.034664928623300506, "p10": 0.035939902256563315, "p25": 0.03996062921394313, "median": 0.04371369034901727, "p75": 0.04734871547075567, "p90": 0.05001739423875697, "p95": 0.0777878143296839, "p99": 1.2952838032980714, "p99.9": 1.4485229116677716, "max": 1.4796548697132883}, "time_per_output_token": {"mean": 0.02084293796976244, "min": 0.015124526307818064, "p0.1": 0.015137968329414525, "p1": 0.015659606695139796, "p5": 0.0169505248982706, "p10": 0.0176949920237594, "p25": 0.01954703925921326, "median": 0.021121403784665656, "p75": 0.022344588683989097, "p90": 0.023290862913475256, "p95": 0.02379292133297987, "p99": 0.024453250343799877, "p99.9": 0.025269931408918294, "max": 0.025286376889006628}, "time_to_first_token": {"mean": 0.829220470582135, "min": 0.145763557869941, "p0.1": 0.1490165921805892, "p1": 0.15978137952741236, "p5": 0.16783955913269893, "p10": 0.1762164982734248, "p25": 0.19034089538035914, "median": 0.2340262900106609, "p75": 0.7668102662428282, "p90": 2.54724971826654, "p95": 3.849592996377032, "p99": 5.971871778238564, "p99.9": 6.74883736966366, "max": 6.908211435889825}, "inter_token_latency": {"mean": 0.020842937969762443, "min": 2.2971071302890778e-06, "p0.1": 2.680055098608136e-06, "p1": 8.358852937817574e-06, "p5": 1.9800150766968727e-05, "p10": 2.645188942551613e-05, "p25": 4.332792013883591e-05, "median": 0.0002643910702317953, "p75": 0.035631182545330375, "p90": 0.04299575595650822, "p95": 0.0452097934205085, "p99": 0.13173720934893937, "p99.9": 0.5313508448947699, "max": 0.6974720631260425}}, "throughput": {"input_tokens_per_sec": 65768.3349848215, "output_tokens_per_sec": 8202.932135036792, "total_tokens_per_sec": 73971.2671198583, "requests_per_sec": 8.673938564331406}, "prompt_len": {"mean": 7582.292, "min": 7494.0, "p0.1": 7501.49, "p1": 7521.0, "p5": 7539.0, "p10": 7548.0, "p25": 7564.0, "median": 7582.0, "p75": 7600.0, "p90": 7618.1, "p95": 7628.0, "p99": 7644.0, "p99.9": 7667.502, "max": 7669.0}, "output_len": {"mean": 945.6986666666667, "min": 0.0, "p0.1": 20.972, "p1": 33.0, "p5": 506.8, "p10": 962.7, "p25": 993.0, "median": 998.0, "p75": 1000.0, "p90": 1000.0, "p95": 1000.0, "p99": 1000.0, "p99.9": 1250.9960000000897, "max": 1997.0}}, "failures": {"count": 0, "request_latency": null, "prompt_len": null}}