{
    "load_summary": {},
    "successes": {
        "count": 750,
        "rate": 7.142857,
        "prompt_len": {
            "mean": 0,
            "rate": 52942.927356
        },
        "output_len": {
            "mean": 0,
            "rate": 7141.46954
        },
        "queue_len": {
            "mean": 0
        },
        "request_latency": {
            "mean": 42.48358,
            "median": 43.081395,
            "p90": 48.895349,
            "p99": 55.833333
        },
        "time_to_first_token": {
            "mean": 0.760792,
            "median": 0.221792,
            "p90": 2.471233,
            "p99": 6.480556
        },
        "time_per_output_token": {
            "mean": 0.041709,
            "median": 0.037991,
            "p90": 0.048644,
            "p99": 0.146262
        },
        "kv_cache_usage_percentage": {
            "mean": 0.0,
            "median": 0.0,
            "p90": 0.0,
            "p99": 0.0
        },
        "num_requests_swapped": {
            "mean": 0
        },
        "num_preemptions_total": {
            "mean": 0
        },
        "prefix_cache_hit_percent": {
            "mean": 67.57904402884907
        }
    },
    "failures": {}
}