{"load_summary": {"count": 1485, "schedule_delay": {"mean": 0.0010154513704907211, "min": -0.0010076265316456556, "p0.1": -0.0008859862443059683, "p1": -0.0002965067233890295, "p5": 2.1495763212442406e-05, "p10": 0.00021809050813317298, "p25": 0.0005668327212333679, "median": 0.0009800323750823736, "p75": 0.0014116629026830196, "p90": 0.0018351734150201082, "p95": 0.0020992948208004235, "p99": 0.002733749803155661, "p99.9": 0.003909295377321599, "max": 0.005065240664407611}, "send_duration": 27.066033801063895, "requested_rate": 55.0, "achieved_rate": 54.86581487759867}, "successes": {"count": 1471, "latency": {"request_latency": {"mean": 68.47384728443521, "min": 51.11564478999935, "p0.1": 51.307878627288154, "p1": 52.35781138762832, "p5": 53.36577973503154, "p10": 54.51605634111911, "p25": 58.14428795292042, "median": 70.58067007106729, "p75": 79.23406280984636, "p90": 80.73815068486147, "p95": 81.7632411965169, "p99": 83.7285322743468, "p99.9": 84.05540965700756, "max": 84.15125875989906}, "normalized_time_per_output_token": {"mean": 0.14169782190799382, "min": 0.0, "p0.1": 0.028051577186592347, "p1": 0.05235781138762832, "p5": 0.05360396267252508, "p10": 0.055051836884815714, "p25": 0.05904913385978803, "median": 0.07408990016514726, "p75": 0.08006229361101283, "p90": 0.08330493175062921, "p95": 0.12328706296999736, "p99": 2.2789709466796695, "p99.9": 6.592659051724338, "max": 18.20181957865134}, "time_per_output_token": {"mean": 0.03407844860901249, "min": 0.025475900154909876, "p0.1": 0.025525069982323078, "p1": 0.025960424673421936, "p5": 0.026309586044269216, "p10": 0.02693334585560699, "p25": 0.028926589610711345, "median": 0.035174385861036134, "p75": 0.03948732675437158, "p90": 0.04023156578008873, "p95": 0.04075749447530388, "p99": 0.04171962832286395, "p99.9": 0.04189438159186472, "max": 0.04194521681156134}, "time_to_first_token": {"mean": 0.21530293343816, "min": 0.061188219115138054, "p0.1": 0.06350995385553687, "p1": 0.08258938044309616, "p5": 0.09395148395560682, "p10": 0.10226259496994317, "p25": 0.11872346454765648, "median": 0.14431177382357419, "p75": 0.18137327244039625, "p90": 0.4350589069072157, "p95": 0.7358180285664275, "p99": 1.2684944815933703, "p99.9": 1.6457952225441423, "max": 1.7750183308962733}, "inter_token_latency": {"mean": 0.03407844860901249, "min": 2.319924533367157e-06, "p0.1": 2.8889626264572144e-06, "p1": 1.2364936992526054e-05, "p5": 2.0625884644687176e-05, "p10": 2.5842105969786644e-05, "p25": 3.895850386470556e-05, "median": 0.0003008299972862005, "p75": 0.04756768641527742, "p90": 0.06273520784452558, "p95": 0.07258559856563807, "p99": 0.11018161524552834, "p99.9": 0.6184495127038108, "max": 39.86980702588335}}, "throughput": {"input_tokens_per_sec": 101548.41016761863, "output_tokens_per_sec": 12701.095562622904, "total_tokens_per_sec": 114249.50573024154, "requests_per_sec": 13.392853277920757}, "prompt_len": {"mean": 7582.283480625425, "min": 7494.0, "p0.1": 7498.7, "p1": 7521.0, "p5": 7538.5, "p10": 7548.0, "p25": 7563.0, "median": 7582.0, "p75": 7600.5, "p90": 7619.0, "p95": 7628.0, "p99": 7644.0, "p99.9": 7668.06, "max": 7669.0}, "output_len": {"mean": 948.3487423521414, "min": 0.0, "p0.1": 4.41, "p1": 33.0, "p5": 560.5, "p10": 963.0, "p25": 992.0, "median": 998.0, "p75": 1000.0, "p90": 1000.0, "p95": 1000.0, "p99": 1000.3, "p99.9": 1530.8800000001993, "max": 1999.0}}, "failures": {"count": 14, "request_latency": {"mean": 2.737703428503924, "min": 0.874781752936542, "p0.1": 0.8771907055242918, "p1": 0.8988712788140402, "p5": 0.9952293823240325, "p10": 1.1621546589303762, "p25": 1.5996198986540549, "median": 2.2678311410127208, "p75": 3.626565710932482, "p90": 5.3604232643265295, "p95": 5.995739971252624, "p99": 6.042116884693969, "p99.9": 6.052551690218272, "max": 6.053711113054305}, "prompt_len": {"mean": 0.0, "min": 0.0, "p0.1": 0.0, "p1": 0.0, "p5": 0.0, "p10": 0.0, "p25": 0.0, "median": 0.0, "p75": 0.0, "p90": 0.0, "p95": 0.0, "p99": 0.0, "p99.9": 0.0, "max": 0.0}}}