{"load_summary": {"count": 748, "schedule_delay": {"mean": 0.001019347398068736, "min": -0.0015867664478719234, "p0.1": -0.0009139586868695915, "p1": -0.0003549791965633631, "p5": 3.7973746657371615e-06, "p10": 0.0001814715564250946, "p25": 0.0005713719292543828, "median": 0.000967822503298521, "p75": 0.0013272141804918647, "p90": 0.0017334849108010533, "p95": 0.0019840045599266885, "p99": 0.0025758780771866397, "p99.9": 0.018373818601947825, "max": 0.027933085337281227}, "send_duration": 33.086328517179936, "requested_rate": 22.0, "achieved_rate": 22.6075250268885}, "successes": {"count": 748, "latency": {"request_latency": {"mean": 38.994072950996376, "min": 32.57580070896074, "p0.1": 32.713347667045426, "p1": 33.68442673237994, "p5": 35.47968922500731, "p10": 36.4191175381653, "p25": 37.52994275686797, "median": 39.25176116055809, "p75": 40.5626502961386, "p90": 41.68315805320162, "p95": 41.91644591435325, "p99": 42.91194350891048, "p99.9": 43.21726066284208, "max": 43.2208640370518}, "normalized_time_per_output_token": {"mean": 0.07167435163359782, "min": 0.0, "p0.1": 0.024277015718171598, "p1": 0.03352955589462165, "p5": 0.035669796019071824, "p10": 0.036644920182272896, "p25": 0.037722908514493614, "median": 0.03966934168350417, "p75": 0.04092425069709097, "p90": 0.042258218609149883, "p95": 0.04457907335381621, "p99": 1.1969671718475061, "p99.9": 3.4732805876000605, "max": 8.340066712815315}, "time_per_output_token": {"mean": 0.01935968189283506, "min": 0.016189535719639006, "p0.1": 0.016258828691363372, "p1": 0.016730514425214896, "p5": 0.017610285939586613, "p10": 0.018057657560012, "p25": 0.018627488894259154, "median": 0.019524761352807687, "p75": 0.020117191578736756, "p90": 0.020692146223583917, "p95": 0.020847814538139574, "p99": 0.021220935340192322, "p99.9": 0.02145789717430359, "max": 0.02147820054030773}, "time_to_first_token": {"mean": 0.17927599932380858, "min": 0.061872635036706924, "p0.1": 0.0632099653177429, "p1": 0.06986303014447913, "p5": 0.08714008609531447, "p10": 0.09345498392358423, "p25": 0.10976788576226681, "median": 0.13496379856951535, "p75": 0.17488544958177954, "p90": 0.2904802243690938, "p95": 0.5579869183828118, "p99": 0.7832102928194213, "p99.9": 1.0075346806708265, "max": 1.019488761201501}, "inter_token_latency": {"mean": 0.019359681892835056, "min": 2.3229513317346573e-06, "p0.1": 2.756016328930855e-06, "p1": 1.0041492059826852e-05, "p5": 2.018292434513569e-05, "p10": 2.6098918169736862e-05, "p25": 4.090997390449047e-05, "median": 0.00026102596893906593, "p75": 0.03946222906233743, "p90": 0.04435120013076812, "p95": 0.04599315588129684, "p99": 0.06573994032805819, "p99.9": 0.14093783086911832, "max": 0.5918250801041722}}, "throughput": {"input_tokens_per_sec": 81700.0679108065, "output_tokens_per_sec": 10350.618240625956, "total_tokens_per_sec": 92050.68615143246, "requests_per_sec": 10.77508154657708}, "prompt_len": {"mean": 7582.31550802139, "min": 7494.0, "p0.1": 7501.47, "p1": 7521.0, "p5": 7539.0, "p10": 7548.0, "p25": 7563.75, "median": 7582.0, "p75": 7600.0, "p90": 7618.3, "p95": 7628.0, "p99": 7644.0, "p99.9": 7667.506, "max": 7669.0}, "output_len": {"mean": 960.6069518716578, "min": 0.0, "p0.1": 3.735, "p1": 34.0, "p5": 862.0, "p10": 972.7, "p25": 993.0, "median": 998.0, "p75": 1000.0, "p90": 1000.0, "p95": 1000.0, "p99": 1000.0, "p99.9": 1052.3470000000084, "max": 1201.0}}, "failures": {"count": 0, "request_latency": null, "prompt_len": null}}