{"load_summary": {"count": 1520, "schedule_delay": {"mean": 0.0014669316638518419, "min": -0.0007680559065192938, "p0.1": -0.0005572165392804891, "p1": -0.0001831244048662484, "p5": 0.00016124011017382145, "p10": 0.00040191616863012315, "p25": 0.0008125489694066346, "median": 0.0012976499274373055, "p75": 0.0018969454104080796, "p90": 0.0025526863289996983, "p95": 0.003239320882130414, "p99": 0.005523028941825014, "p99.9": 0.00860041201417367, "max": 0.01073079602792859}, "send_duration": 37.86280842591077, "requested_rate": 40.0, "achieved_rate": 40.14493544435055}, "successes": {"count": 1520, "latency": {"request_latency": {"mean": 64.50110193312943, "min": 45.84958822093904, "p0.1": 46.078893617969705, "p1": 46.98446037286427, "p5": 48.611378544115, "p10": 50.38945669471286, "p25": 55.793706416036, "median": 63.365263863583095, "p75": 76.17516250052722, "p90": 78.64407471697778, "p95": 79.74554205789464, "p99": 80.8122839454934, "p99.9": 81.02572427940419, "max": 81.16972274309956}, "normalized_time_per_output_token": {"mean": 0.1524055120728205, "min": 0.0, "p0.1": 0.02388407600459224, "p1": 0.04723029166163728, "p5": 0.048836764801840536, "p10": 0.05088778474328424, "p25": 0.056612578376611086, "median": 0.06491522000741679, "p75": 0.077424406118982, "p90": 0.08029956433419269, "p95": 0.13058821898817108, "p99": 2.0569957985519745, "p99.9": 8.362520452153026, "max": 38.92058678495232}, "time_per_output_token": {"mean": 0.030576703689846642, "min": 0.018015668240968306, "p0.1": 0.020390783942242068, "p1": 0.021165393299085955, "p5": 0.02221940000035238, "p10": 0.02316932608126786, "p25": 0.026026581426668655, "median": 0.029320154560502732, "p75": 0.035987530726877076, "p90": 0.03911424667053418, "p95": 0.039734368371278764, "p99": 0.040274416629001844, "p99.9": 0.04036091645545365, "max": 0.04041800558518643}, "time_to_first_token": {"mean": 3.242086590865878, "min": 0.07654980500228703, "p0.1": 0.07852211330481805, "p1": 0.08319109766511247, "p5": 0.09579018426593393, "p10": 0.1037817345932126, "p25": 0.12357992853503674, "median": 0.15350451890844852, "p75": 0.1961207942222245, "p90": 3.0920484051602304, "p95": 31.19277759726392, "p99": 34.10511383196572, "p99.9": 35.25755963510836, "max": 35.48542971396819}, "inter_token_latency": {"mean": 0.03057670368984665, "min": 2.334127202630043e-06, "p0.1": 2.8250550385564566e-06, "p1": 1.1375872418284416e-05, "p5": 1.9897939637303352e-05, "p10": 2.5472138077020645e-05, "p25": 3.938889130949974e-05, "median": 0.00036011100746691227, "p75": 0.04814348346553743, "p90": 0.05834692285861822, "p95": 0.06703316941857337, "p99": 0.11869959063129501, "p99.9": 0.43097100071497674, "max": 35.608028068905696}}, "throughput": {"input_tokens_per_sec": 100904.92293356403, "output_tokens_per_sec": 12573.544593232742, "total_tokens_per_sec": 113478.46752679677, "requests_per_sec": 13.308089866613864}, "prompt_len": {"mean": 7582.2243421052635, "min": 7494.0, "p0.1": 7499.19, "p1": 7521.0, "p5": 7538.0, "p10": 7548.0, "p25": 7563.0, "median": 7582.0, "p75": 7600.0, "p90": 7618.1, "p95": 7628.0, "p99": 7644.0, "p99.9": 7667.962, "max": 7669.0}, "output_len": {"mean": 944.8046052631579, "min": 0.0, "p0.1": 1.0380000000000003, "p1": 33.0, "p5": 516.75, "p10": 957.8, "p25": 992.0, "median": 998.0, "p75": 1000.0, "p90": 1000.0, "p95": 1000.0, "p99": 1000.81, "p99.9": 1001.0, "max": 1010.0}}, "failures": {"count": 0, "request_latency": null, "prompt_len": null}}