{"load_summary": {"count": 735, "schedule_delay": {"mean": 0.0010895793547942524, "min": -0.0004938500933349133, "p0.1": -0.00035417421301826835, "p1": -0.00022449451964348555, "p5": 0.00014419043436646463, "p10": 0.00029721893370151533, "p25": 0.0006247023120522499, "median": 0.0010317254345864058, "p75": 0.0014750936534255743, "p90": 0.0018835686612874271, "p95": 0.0021304893540218467, "p99": 0.002877483945339917, "p99.9": 0.006078870316501799, "max": 0.006964306812733412}, "send_duration": 19.97958250902593, "requested_rate": 35.0, "achieved_rate": 36.78755547909763}, "successes": {"count": 735, "latency": {"request_latency": {"mean": 41.96211327231128, "min": 36.69702917779796, "p0.1": 36.76715132543305, "p1": 37.717207761574535, "p5": 39.11070596226491, "p10": 39.56244857353158, "p25": 40.26106646785047, "median": 42.07939586392604, "p75": 43.17935923405457, "p90": 44.57773156547919, "p95": 44.78199829920195, "p99": 46.171077257413415, "p99.9": 46.41943951602236, "max": 46.64573462703265}, "normalized_time_per_output_token": {"mean": 0.10471818985759704, "min": 0.0, "p0.1": 0.027095865102430804, "p1": 0.037717207761574535, "p5": 0.03922289736752159, "p10": 0.03971751317116432, "p25": 0.040619128382330574, "median": 0.04247754498012364, "p75": 0.043715016918937574, "p90": 0.04531610713164895, "p95": 0.04942503201605279, "p99": 1.3162950474245008, "p99.9": 6.574274099769948, "max": 19.662232991540805}, "time_per_output_token": {"mean": 0.020825896678933344, "min": 0.018247924490842497, "p0.1": 0.018282940443888864, "p1": 0.01873243297308987, "p5": 0.019434978299867782, "p10": 0.019608781717858206, "p25": 0.01999110778384581, "median": 0.02087636797948145, "p75": 0.021428252126428595, "p90": 0.02211824103185478, "p95": 0.02225619673196958, "p99": 0.0228252174518281, "p99.9": 0.02309613263832829, "max": 0.023225069966987297}, "time_to_first_token": {"mean": 0.20273574813186718, "min": 0.07245451118797064, "p0.1": 0.07277114103315398, "p1": 0.07753937061876058, "p5": 0.08769668114837259, "p10": 0.09431122057139874, "p25": 0.10577198443934321, "median": 0.12622701399959624, "p75": 0.1846025970298797, "p90": 0.42487249728292226, "p95": 0.6622667954303315, "p99": 0.8834188777254888, "p99.9": 1.123235108500813, "max": 1.1303733179811388}, "inter_token_latency": {"mean": 0.020825896678933344, "min": 2.3739412426948547e-06, "p0.1": 2.756016328930855e-06, "p1": 9.453394450247289e-06, "p5": 1.947770360857248e-05, "p10": 2.5457004085183144e-05, "p25": 3.998703323304653e-05, "median": 0.00028759799897670746, "p75": 0.04298524803016335, "p90": 0.045618927432224156, "p95": 0.046968260477297005, "p99": 0.056267976374365224, "p99.9": 0.19651222765818557, "max": 10.13260760717094}}, "throughput": {"input_tokens_per_sec": 84048.31670923678, "output_tokens_per_sec": 10552.565327113287, "total_tokens_per_sec": 94600.88203635007, "requests_per_sec": 11.084738336186788}, "prompt_len": {"mean": 7582.345578231292, "min": 7494.0, "p0.1": 7501.34, "p1": 7521.0, "p5": 7538.7, "p10": 7548.0, "p25": 7563.0, "median": 7582.0, "p75": 7600.5, "p90": 7619.0, "p95": 7628.0, "p99": 7644.0, "p99.9": 7667.532, "max": 7669.0}, "output_len": {"mean": 951.9904761904762, "min": 0.0, "p0.1": 1.468, "p1": 32.34, "p5": 820.2000000000003, "p10": 973.0, "p25": 993.0, "median": 998.0, "p75": 1000.0, "p90": 1000.0, "p95": 1000.0, "p99": 1000.0, "p99.9": 1001.0, "max": 1001.0}}, "failures": {"count": 0, "request_latency": null, "prompt_len": null}}