{"load_summary": {"count": 750, "schedule_delay": {"mean": 0.0009764277618378401, "min": -0.0010347829665988684, "p0.1": -0.0007410255456343294, "p1": -0.0003703928762115538, "p5": 5.462886765599252e-05, "p10": 0.0002328029600903392, "p25": 0.0005769270355813205, "median": 0.0009666685946285725, "p75": 0.0013359931763261557, "p90": 0.0017535108607262373, "p95": 0.0019281118293292818, "p99": 0.0025127221038565035, "p99.9": 0.003427775162737828, "max": 0.003522420534864068}, "send_duration": 30.656617181142792, "requested_rate": 25.0, "achieved_rate": 24.464538783533264}, "successes": {"count": 750, "latency": {"request_latency": {"mean": 39.27828854831898, "min": 33.672154784202576, "p0.1": 33.87382950469665, "p1": 34.76845106492285, "p5": 36.01263494634768, "p10": 36.89914673373569, "p25": 37.86520666378783, "median": 39.65505859255791, "p75": 40.608687883010134, "p90": 41.66584228710271, "p95": 42.00528733417159, "p99": 42.63007419138914, "p99.9": 43.0063243712138, "max": 43.07141850912012}, "normalized_time_per_output_token": {"mean": 0.06543431882515632, "min": 0.0, "p0.1": 0.02221001479098203, "p1": 0.03457069060029377, "p5": 0.036406106702619824, "p10": 0.0370947327923989, "p25": 0.03813647147952667, "median": 0.03990954489214346, "p75": 0.04111860875970429, "p90": 0.0428887381628037, "p95": 0.07028486122135665, "p99": 1.095677090247562, "p99.9": 1.2584806349216036, "max": 1.2754141484110733}, "time_per_output_token": {"mean": 0.019508711978107725, "min": 0.016728328830650497, "p0.1": 0.016832383243901038, "p1": 0.017281414329007767, "p5": 0.017801463649707562, "p10": 0.018297053524409364, "p25": 0.018836208670723553, "median": 0.019683838667890717, "p75": 0.02019723580218968, "p90": 0.020693789700849976, "p95": 0.02088541333208853, "p99": 0.021185549699823777, "p99.9": 0.02136537747492938, "max": 0.021365598779169843}, "time_to_first_token": {"mean": 0.17081172977512082, "min": 0.06635740003548563, "p0.1": 0.06678895200951956, "p1": 0.07695722924079745, "p5": 0.08845087541267276, "p10": 0.09389128596521915, "p25": 0.10393180535174906, "median": 0.12769521086011082, "p75": 0.17399142525391653, "p90": 0.2987647144123913, "p95": 0.46664121279027293, "p99": 0.835982194787357, "p99.9": 0.9829206345507453, "max": 1.0194586340803653}, "inter_token_latency": {"mean": 0.019508711978107725, "min": 2.325046807527542e-06, "p0.1": 2.7508940547704697e-06, "p1": 1.1042568366974592e-05, "p5": 1.9873026758432388e-05, "p10": 2.584489993751049e-05, "p25": 4.059402272105217e-05, "median": 0.0002638584701344371, "p75": 0.04028285964159295, "p90": 0.04468049274291844, "p95": 0.04619233267148957, "p99": 0.05876435193931684, "p99.9": 0.13383343442250084, "max": 0.5688512569759041}}, "throughput": {"input_tokens_per_sec": 83793.90417371418, "output_tokens_per_sec": 10473.900958188191, "total_tokens_per_sec": 94267.80513190237, "requests_per_sec": 11.051263150207639}, "prompt_len": {"mean": 7582.292, "min": 7494.0, "p0.1": 7501.49, "p1": 7521.0, "p5": 7539.0, "p10": 7548.0, "p25": 7564.0, "median": 7582.0, "p75": 7600.0, "p90": 7618.1, "p95": 7628.0, "p99": 7644.0, "p99.9": 7667.502, "max": 7669.0}, "output_len": {"mean": 947.756, "min": 0.0, "p0.1": 23.968, "p1": 34.0, "p5": 489.0000000000001, "p10": 956.0, "p25": 993.0, "median": 998.0, "p75": 1000.0, "p90": 1000.0, "p95": 1000.0, "p99": 1000.0, "p99.9": 1070.766000000024, "max": 1270.0}}, "failures": {"count": 0, "request_latency": null, "prompt_len": null}}