{"load_summary": {"count": 1508, "schedule_delay": {"mean": 0.0010365673513164056, "min": -0.0006990204565227032, "p0.1": -0.0005205506749916822, "p1": -0.00024159689666703344, "p5": 3.87525768019259e-05, "p10": 0.0002321578795090318, "p25": 0.0005926044541411102, "median": 0.0009816093370318413, "p75": 0.0014053492341190577, "p90": 0.0018491526134312153, "p95": 0.002155729837249964, "p99": 0.003007560942787682, "p99.9": 0.0055219964981080985, "max": 0.006488342536613345}, "send_duration": 29.54619899089448, "requested_rate": 52.0, "achieved_rate": 51.038713997178924}, "successes": {"count": 1508, "latency": {"request_latency": {"mean": 68.0243931399025, "min": 47.96363395918161, "p0.1": 48.21229823374748, "p1": 49.83115832825424, "p5": 51.1600664872909, "p10": 52.357787257037124, "p25": 57.636832352611236, "median": 69.7104343760293, "p75": 79.65602719446179, "p90": 82.10531149259768, "p95": 82.83665978835197, "p99": 84.91631126071094, "p99.9": 85.3878303374378, "max": 85.4837710428983}, "normalized_time_per_output_token": {"mean": 0.14114303626889643, "min": 0.0, "p0.1": 0.03266491348765598, "p1": 0.04983228463609703, "p5": 0.051453072386027254, "p10": 0.05291214257704974, "p25": 0.05853139449870815, "median": 0.07345703038720021, "p75": 0.08081710097693788, "p90": 0.08454776054499143, "p95": 0.10539936004793642, "p99": 2.0896837560158676, "p99.9": 2.7424029753570913, "max": 26.92079044234318}, "time_per_output_token": {"mean": 0.033865521096687355, "min": 0.023871210656700836, "p0.1": 0.023991488832695668, "p1": 0.02467759658755299, "p5": 0.025291834978615053, "p10": 0.025815880322735338, "p25": 0.02871126859258141, "median": 0.03468940455395764, "p75": 0.03968241555964865, "p90": 0.04092292391816326, "p95": 0.04129384891951512, "p99": 0.04232132548089095, "p99.9": 0.04255409775683675, "max": 0.04259195515042592}, "time_to_first_token": {"mean": 0.1895838806860208, "min": 0.07389949099160731, "p0.1": 0.07490812832163647, "p1": 0.08164997776038944, "p5": 0.09291488800663501, "p10": 0.09933767095208168, "p25": 0.11659592314390466, "median": 0.14641165651846677, "p75": 0.17844860081095248, "p90": 0.2630103795556351, "p95": 0.4815615905332359, "p99": 1.0655208147293898, "p99.9": 1.2935463113058359, "max": 1.3080774729605764}, "inter_token_latency": {"mean": 0.033865521096687355, "min": 2.3441389203071594e-06, "p0.1": 2.851942554116249e-06, "p1": 1.1980999261140823e-05, "p5": 2.053193747997284e-05, "p10": 2.5965971872210503e-05, "p25": 3.955792635679245e-05, "median": 0.00031162193045020103, "p75": 0.04777842026669532, "p90": 0.06126871923916042, "p95": 0.07233771299943327, "p99": 0.12067565498175185, "p99.9": 0.5876954038534411, "max": 42.45849915384315}}, "throughput": {"input_tokens_per_sec": 100279.40128860937, "output_tokens_per_sec": 12560.536473258497, "total_tokens_per_sec": 112839.93776186787, "requests_per_sec": 13.22553163973828}, "prompt_len": {"mean": 7582.258620689655, "min": 7494.0, "p0.1": 7499.07, "p1": 7521.0, "p5": 7538.35, "p10": 7548.0, "p25": 7563.75, "median": 7582.0, "p75": 7600.0, "p90": 7618.3, "p95": 7628.0, "p99": 7644.0, "p99.9": 7667.986000000001, "max": 7669.0}, "output_len": {"mean": 949.7188328912467, "min": 0.0, "p0.1": 13.140000000000002, "p1": 33.0, "p5": 629.5500000000003, "p10": 962.0, "p25": 992.0, "median": 997.0, "p75": 1000.0, "p90": 1000.0, "p95": 1000.0, "p99": 1000.0, "p99.9": 1514.3360000001576, "max": 1997.0}}, "failures": {"count": 0, "request_latency": null, "prompt_len": null}}