{"load_summary": {"count": 300, "schedule_delay": {"mean": 0.0009845996523896853, "min": -0.00042934343218803406, "p0.1": -0.00035999105498194694, "p1": -0.00010590888792648909, "p5": 0.00011087630409747363, "p10": 0.0002703435253351927, "p25": 0.0005975779495202005, "median": 0.0009678786154836416, "p75": 0.0013428598758764565, "p90": 0.0016821907367557296, "p95": 0.001886588300112635, "p99": 0.002475289730355143, "p99.9": 0.003588239315897258, "max": 0.004019938176497817}, "send_duration": 20.089930735062808, "requested_rate": 15.0, "achieved_rate": 14.93285387372751}, "successes": {"count": 300, "latency": {"request_latency": {"mean": 29.41285618941222, "min": 26.59187896293588, "p0.1": 26.61640803407668, "p1": 26.738704069680534, "p5": 27.29052016645437, "p10": 27.486138077802025, "p25": 28.18238170433324, "median": 29.525324590387754, "p75": 30.569878743903246, "p90": 31.020558057003655, "p95": 31.37790422302205, "p99": 31.420048619636802, "p99.9": 31.44041350235371, "max": 31.44493906199932}, "normalized_time_per_output_token": {"mean": 0.0742062964525112, "min": 0.026645169301538957, "p0.1": 0.02665871742102494, "p1": 0.026941615810436397, "p5": 0.02744926992320991, "p10": 0.027683346976293252, "p25": 0.02856610277375535, "median": 0.029964403976940127, "p75": 0.0309861131728976, "p90": 0.0315527865171825, "p95": 0.06020957566914785, "p99": 0.8758448771025418, "p99.9": 3.7405105494993345, "max": 4.920647402488005}, "time_per_output_token": {"mean": 0.014608026902618294, "min": 0.013174959893586455, "p0.1": 0.013187194026805096, "p1": 0.013243172084549623, "p5": 0.013525422692551616, "p10": 0.013644544584692914, "p25": 0.01396781847773721, "median": 0.014673122963488758, "p75": 0.01519285079350333, "p90": 0.015426210188067174, "p95": 0.015603129951596803, "p99": 0.015624127914678298, "p99.9": 0.01562970981715507, "max": 0.015631041007008458}, "time_to_first_token": {"mean": 0.12052367665184041, "min": 0.05979690607637167, "p0.1": 0.06001978334807791, "p1": 0.06297123668249696, "p5": 0.0684904505731538, "p10": 0.07279339744709432, "p25": 0.08030755864456296, "median": 0.09269587800372392, "p75": 0.16681416740175337, "p90": 0.18513005021959547, "p95": 0.23407702256226914, "p99": 0.2746509985160082, "p99.9": 0.39013107763952765, "max": 0.4159117650706321}, "inter_token_latency": {"mean": 0.014608026902618294, "min": 2.3900065571069717e-06, "p0.1": 2.9928747098892925e-06, "p1": 1.4360994100570679e-05, "p5": 2.1815067157149315e-05, "p10": 2.9194867238402367e-05, "p25": 4.4604064896702766e-05, "median": 0.0002783664967864752, "p75": 0.028056449838913977, "p90": 0.031102216988801955, "p95": 0.03181599845411256, "p99": 0.036065946447197364, "p99.9": 0.11582027473230867, "max": 0.2346120961010456}}, "throughput": {"input_tokens_per_sec": 46266.4911633798, "output_tokens_per_sec": 5753.242458580856, "total_tokens_per_sec": 52019.73362196065, "requests_per_sec": 6.101754326531232}, "prompt_len": {"mean": 7582.49, "min": 7504.0, "p0.1": 7508.784, "p1": 7522.99, "p5": 7537.95, "p10": 7546.0, "p25": 7562.0, "median": 7584.0, "p75": 7601.0, "p90": 7616.1, "p95": 7626.0, "p99": 7644.01, "p99.9": 7662.515, "max": 7667.0}, "output_len": {"mean": 942.8833333333333, "min": 6.0, "p0.1": 13.774000000000001, "p1": 32.99, "p5": 506.0000000000001, "p10": 958.5, "p25": 991.75, "median": 997.0, "p75": 1000.0, "p90": 1000.0, "p95": 1000.0, "p99": 1001.0, "p99.9": 1003.0, "max": 1003.0}}, "failures": {"count": 0, "request_latency": null, "prompt_len": null}}