{"load_summary": {"count": 750, "schedule_delay": {"mean": 0.0009695547530427575, "min": -0.001157921040430665, "p0.1": -0.0009153075425419957, "p1": -0.00035162452375516297, "p5": -5.227397195994112e-07, "p10": 0.000239176768809557, "p25": 0.0005788460839539766, "median": 0.0009535412536934018, "p75": 0.001367802731692791, "p90": 0.0017400482902303338, "p95": 0.0019037045771256081, "p99": 0.002272650699596852, "p99.9": 0.0030810097123030633, "max": 0.00313161825761199}, "send_duration": 25.353145911823958, "requested_rate": 30.0, "achieved_rate": 29.582127701565515}, "successes": {"count": 750, "latency": {"request_latency": {"mean": 40.5519554079234, "min": 35.120730203110725, "p0.1": 35.18397940010903, "p1": 36.05777290275786, "p5": 37.685521363595036, "p10": 38.39394240742549, "p25": 39.05470538075315, "median": 40.78064076998271, "p75": 41.736812958610244, "p90": 42.921940007130615, "p95": 43.49077006612206, "p99": 44.314685249750035, "p99.9": 44.68910627676896, "max": 44.71693056402728}, "normalized_time_per_output_token": {"mean": 0.07068534918652389, "min": 0.0, "p0.1": 0.026416866792586865, "p1": 0.03608903615572024, "p5": 0.037943256147592044, "p10": 0.03859846227037487, "p25": 0.03928731965894995, "median": 0.04100321858761731, "p75": 0.04227896441374972, "p90": 0.043974810472574226, "p95": 0.060687491474135456, "p99": 1.2393952509357573, "p99.9": 1.3009948342032258, "max": 1.306823772181815}, "time_per_output_token": {"mean": 0.020125931570724533, "min": 0.0174462184728147, "p0.1": 0.01748272913695301, "p1": 0.017915734737821303, "p5": 0.018722623898573258, "p10": 0.01901167096969937, "p25": 0.019425426347428807, "median": 0.020265449165145045, "p75": 0.020735247665131906, "p90": 0.021307164781109274, "p95": 0.021609847871408655, "p99": 0.02193403128487198, "p99.9": 0.022199976974101657, "max": 0.02220113375906026}, "time_to_first_token": {"mean": 0.19224075602988402, "min": 0.07687201700173318, "p0.1": 0.07695278004580178, "p1": 0.08221953401109204, "p5": 0.0894482716685161, "p10": 0.09444983582943678, "p25": 0.10576039616717026, "median": 0.1262960204621777, "p75": 0.17392176954308525, "p90": 0.3567984055262059, "p95": 0.6519192152656614, "p99": 0.8943373632058501, "p99.9": 1.050993699828169, "max": 1.1030521360225976}, "inter_token_latency": {"mean": 0.02012593157072453, "min": 2.310844138264656e-06, "p0.1": 2.720160409808159e-06, "p1": 8.712057024240494e-06, "p5": 1.980504021048546e-05, "p10": 2.586815971881151e-05, "p25": 4.0244252886623144e-05, "median": 0.00024070334620773792, "p75": 0.041742599627468735, "p90": 0.04542108746245503, "p95": 0.046729420754127206, "p99": 0.05738820309052248, "p99.9": 0.17541787644895915, "max": 6.192063050810248}}, "throughput": {"input_tokens_per_sec": 84805.17051645234, "output_tokens_per_sec": 10618.275163844994, "total_tokens_per_sec": 95423.44568029734, "requests_per_sec": 11.184635268128996}, "prompt_len": {"mean": 7582.292, "min": 7494.0, "p0.1": 7501.49, "p1": 7521.0, "p5": 7539.0, "p10": 7548.0, "p25": 7564.0, "median": 7582.0, "p75": 7600.0, "p90": 7618.1, "p95": 7628.0, "p99": 7644.0, "p99.9": 7667.502, "max": 7669.0}, "output_len": {"mean": 949.3626666666667, "min": 0.0, "p0.1": 23.968, "p1": 33.0, "p5": 633.85, "p10": 973.8, "p25": 993.0, "median": 998.0, "p75": 1000.0, "p90": 1000.0, "p95": 1000.0, "p99": 1000.0, "p99.9": 1001.2510000000001, "max": 1002.0}}, "failures": {"count": 0, "request_latency": null, "prompt_len": null}}