{"load_summary": {}, "successes": {"count": 1520, "rate": 11.428571, "prompt_len": {"mean": 0, "rate": 90299.820534}, "output_len": {"mean": 0, "rate": 11469.578555}, "queue_len": {"mean": 0}, "request_latency": {"mean": 64.373906, "median": 64.993969, "p90": 108.998794, "p99": 118.899879}, "time_to_first_token": {"mean": 3.07322, "median": 0.098876, "p90": 0.962931, "p99": 37.917105}, "time_per_output_token": {"mean": 0.061179, "median": 0.047756, "p90": 0.071378, "p99": 0.15858}, "kv_cache_usage_percentage": {"mean": 0.0, "median": 0.0, "p90": 0.0, "p99": 0.0}, "num_requests_swapped": {"mean": 0}, "num_preemptions_total": {"mean": 0}, "prefix_cache_hit_percent": {"mean": 92.9299945582933}}, "failures": {}}