{"load_summary": {}, "successes": {"count": 17073, "rate": 9.154424, "prompt_len": {"mean": 0, "rate": 69421.486796}, "output_len": {"mean": 0, "rate": 9154.7985}, "queue_len": {"mean": 0}, "request_latency": {"mean": 59.222885, "median": 57.478593, "p90": 106.244394, "p99": 118.624439}, "time_to_first_token": {"mean": 0.754223, "median": 0.097764, "p90": 0.409778, "p99": 29.053205}, "time_per_output_token": {"mean": 0.058528, "median": 0.043146, "p90": 0.069402, "p99": 0.15123}, "kv_cache_usage_percentage": {"mean": 0.0, "median": 0.0, "p90": 0.0, "p99": 0.0}, "num_requests_swapped": {"mean": 0}, "num_preemptions_total": {"mean": 0}, "prefix_cache_hit_percent": {"mean": 91.24460223030486}}, "failures": {}}