{"load_summary": {"count": 17084, "schedule_delay": {"mean": 0.001274179922184248, "min": -0.0015867664478719234, "p0.1": -0.0006489907787181437, "p1": -0.0002908357628621161, "p5": 5.710471887141467e-05, "p10": 0.0002535050502046943, "p25": 0.0006078333244659007, "median": 0.001019451767206192, "p75": 0.0014468213776126504, "p90": 0.0018983283545821906, "p95": 0.0022213729098439204, "p99": 0.003500224014278492, "p99.9": 0.11196372790032375, "max": 0.235501543385908}}, "successes": {"count": 17070, "latency": {"request_latency": {"mean": 59.34070122518805, "min": 24.430587243987247, "p0.1": 25.155939994360086, "p1": 27.190793958932627, "p5": 36.6113378985785, "p10": 38.93835961369332, "p25": 43.49414649803657, "median": 58.302524768630974, "p75": 76.40902300103335, "p90": 80.79888939799275, "p95": 83.07896390861133, "p99": 85.4854095423664, "p99.9": 87.84282009266992, "max": 89.41360109695233}, "normalized_time_per_output_token": {"mean": 0.12794661337298763, "min": 0.0, "p0.1": 0.001415585403860857, "p1": 0.02734793449051147, "p5": 0.03696947788891933, "p10": 0.039291773248747185, "p25": 0.044733605019244845, "median": 0.05944626460520823, "p75": 0.07827442909950293, "p90": 0.08396505693228548, "p95": 0.1059006525985177, "p99": 1.9026166996541265, "p99.9": 3.3029542170536303, "max": 66.51259669288993}, "time_per_output_token": {"mean": 0.0292177387635581, "min": 0.012114201555319917, "p0.1": 0.0124700968106813, "p1": 0.013465960290510327, "p5": 0.018128580081192586, "p10": 0.019324986377127304, "p25": 0.02143201371206893, "median": 0.028713444495798907, "p75": 0.03779466271937789, "p90": 0.04021839873753777, "p95": 0.04135113042262176, "p99": 0.0425281121292657, "p99.9": 0.04377573365122064, "max": 0.04437053296796471}, "time_to_first_token": {"mean": 0.8038977576768207, "min": 0.05957600404508412, "p0.1": 0.06371160394488834, "p1": 0.07402292601997033, "p5": 0.08837852318538353, "p10": 0.09633128584828228, "p25": 0.11519612168194726, "median": 0.1484768686350435, "p75": 0.19053091696696356, "p90": 0.42569507576990917, "p95": 0.8460504128015599, "p99": 31.768689709005482, "p99.9": 36.40396880281324, "max": 38.01194781111553}, "inter_token_latency": {"mean": 0.0292177387635581, "min": 2.293149009346962e-06, "p0.1": 2.8219074010849e-06, "p1": 1.17509625852108e-05, "p5": 2.0428095012903214e-05, "p10": 2.5976216420531273e-05, "p25": 3.9997976273298264e-05, "median": 0.0002971059875562787, "p75": 0.04541627410799265, "p90": 0.05531347575597466, "p95": 0.06756882006302475, "p99": 0.11403912658337526, "p99.9": 0.477880261183953, "max": 43.51372468308546}}, "throughput": {"input_tokens_per_sec": 73660.8193783106, "output_tokens_per_sec": 9195.062043384967, "total_tokens_per_sec": 82855.88142169557, "requests_per_sec": 9.714793838805264}, "prompt_len": {"mean": 7582.334797891037, "min": 7494.0, "p0.1": 7494.0, "p1": 7521.0, "p5": 7538.0, "p10": 7548.0, "p25": 7563.0, "median": 7582.0, "p75": 7600.0, "p90": 7619.0, "p95": 7628.0, "p99": 7644.0, "p99.9": 7669.0, "max": 7669.0}, "output_len": {"mean": 946.5009958992384, "min": 0.0, "p0.1": 0.06899999999999906, "p1": 33.0, "p5": 519.45, "p10": 960.0, "p25": 992.0, "median": 998.0, "p75": 1000.0, "p90": 1000.0, "p95": 1000.0, "p99": 1000.0, "p99.9": 1003.9310000000005, "max": 1999.0}}, "failures": {"count": 14, "request_latency": {"mean": 2.737703428503924, "min": 0.874781752936542, "p0.1": 0.8771907055242918, "p1": 0.8988712788140402, "p5": 0.9952293823240325, "p10": 1.1621546589303762, "p25": 1.5996198986540549, "median": 2.2678311410127208, "p75": 3.626565710932482, "p90": 5.3604232643265295, "p95": 5.995739971252624, "p99": 6.042116884693969, "p99.9": 6.052551690218272, "max": 6.053711113054305}, "prompt_len": {"mean": 0.0, "min": 0.0, "p0.1": 0.0, "p1": 0.0, "p5": 0.0, "p10": 0.0, "p25": 0.0, "median": 0.0, "p75": 0.0, "p90": 0.0, "p95": 0.0, "p99": 0.0, "p99.9": 0.0, "max": 0.0}}}