{"load_summary": {"count": 750, "schedule_delay": {"mean": 0.0010436639226973057, "min": -0.000478965463116765, "p0.1": -0.00046561990794725716, "p1": -0.00023908073315396903, "p5": 3.956094151362779e-05, "p10": 0.00025945550296455625, "p25": 0.000604627188295126, "median": 0.0009902982274070382, "p75": 0.0014213804388418794, "p90": 0.0018783376552164554, "p95": 0.002089446422178298, "p99": 0.0026970790117047724, "p99.9": 0.005346378239338025, "max": 0.010921141365543008}, "send_duration": 24.440532271983102, "requested_rate": 30.0, "achieved_rate": 30.686729390903935}, "successes": {"count": 750, "latency": {"request_latency": {"mean": 48.40207727614263, "min": 42.758302761940286, "p0.1": 42.806279300859195, "p1": 43.59962125310674, "p5": 45.093761111958884, "p10": 45.52014362995978, "p25": 46.53568016446661, "median": 48.02713331650011, "p75": 49.3778501029592, "p90": 52.193340720376, "p95": 54.62130012667039, "p99": 56.85819853388704, "p99.9": 57.28865954127678, "max": 57.5596850248985}, "normalized_time_per_output_token": {"mean": 0.15751389597480567, "min": 0.026873832151575294, "p0.1": 0.03881927717765758, "p1": 0.043664612956869284, "p5": 0.04524137642710702, "p10": 0.045730017740658574, "p25": 0.046998203943717023, "median": 0.04849085988395382, "p75": 0.050664192488083015, "p90": 0.057542157002855414, "p95": 0.4134872748834287, "p99": 1.5194615486309382, "p99.9": 15.388113407960526, "max": 15.839245500663916}, "time_per_output_token": {"mean": 0.023979550840764405, "min": 0.021175101268287193, "p0.1": 0.021223507454309537, "p1": 0.02163804716029056, "p5": 0.0222178455862414, "p10": 0.02251314686904282, "p25": 0.02310308574152336, "median": 0.023784930834305593, "p75": 0.02449118873335538, "p90": 0.025988090290270955, "p95": 0.027141750118070827, "p99": 0.028315455938618665, "p99.9": 0.02854415721012195, "max": 0.02866501559218069}, "time_to_first_token": {"mean": 0.34754201835797477, "min": 0.09853304107673466, "p0.1": 0.09936089711287059, "p1": 0.10599828725680709, "p5": 0.12280836649006233, "p10": 0.14077127033378928, "p25": 0.17425378714688122, "median": 0.20812111150007695, "p75": 0.37163998966570944, "p90": 0.7329509343486281, "p95": 1.0974612204125116, "p99": 1.7138896371121517, "p99.9": 2.2510509308513726, "max": 2.2553423040080816}, "inter_token_latency": {"mean": 0.0239795508407644, "min": 2.3329630494117737e-06, "p0.1": 2.834014594554901e-06, "p1": 1.1970512568950653e-05, "p5": 2.0136823877692223e-05, "p10": 2.5809044018387794e-05, "p25": 4.067225381731987e-05, "median": 0.0003000040305778384, "p75": 0.04204288555774838, "p90": 0.0444106581620872, "p95": 0.04604927350301295, "p99": 0.1264093912439421, "p99.9": 0.5978308722316313, "max": 28.663088974077255}}, "throughput": {"input_tokens_per_sec": 69365.70565089012, "output_tokens_per_sec": 8453.599551290981, "total_tokens_per_sec": 77819.3052021811, "requests_per_sec": 9.154861978872624}, "prompt_len": {"mean": 7576.925333333334, "min": 7507.0, "p0.1": 7507.749, "p1": 7513.0, "p5": 7530.0, "p10": 7540.0, "p25": 7561.0, "median": 7578.0, "p75": 7595.0, "p90": 7608.1, "p95": 7615.0, "p99": 7634.51, "p99.9": 7648.008000000001, "max": 7654.0}, "output_len": {"mean": 923.4, "min": 3.0, "p0.1": 3.0, "p1": 32.49, "p5": 125.0, "p10": 884.5, "p25": 991.0, "median": 998.0, "p75": 1000.0, "p90": 1000.0, "p95": 1000.0, "p99": 1000.0, "p99.9": 1251.2470000000899, "max": 1998.0}}, "failures": {"count": 0, "request_latency": null, "prompt_len": null}}