{"load_summary": {"count": 748, "schedule_delay": {"mean": 0.000938625912553068, "min": -0.0011113460641354322, "p0.1": -0.0007621222094167024, "p1": -0.0003157966863363981, "p5": -1.7150200437754387e-05, "p10": 0.0001982127781957388, "p25": 0.0004990324378013611, "median": 0.0008854600600898266, "p75": 0.0013020444312132895, "p90": 0.0016946941148489715, "p95": 0.0019211495760828254, "p99": 0.002418555796612053, "p99.9": 0.007506831991486937, "max": 0.019489411963149905}, "send_duration": 34.010436420096084, "requested_rate": 22.0, "achieved_rate": 21.993249094505057}, "successes": {"count": 748, "latency": {"request_latency": {"mean": 45.84803697355011, "min": 38.749542105942965, "p0.1": 38.943932069310456, "p1": 39.804616084897425, "p5": 42.02754668908892, "p10": 42.86159558626823, "p25": 44.15175683092093, "median": 46.053660215460695, "p75": 47.667785246274434, "p90": 48.653281151480044, "p95": 48.991623147379144, "p99": 51.129126521802974, "p99.9": 52.39256585133449, "max": 52.51189550291747}, "normalized_time_per_output_token": {"mean": 0.11164605232815651, "min": 0.02376256528063088, "p0.1": 0.035103293793024126, "p1": 0.039718101443094005, "p5": 0.04227571407148315, "p10": 0.04322475441696588, "p25": 0.044614979891199634, "median": 0.04680121059611031, "p75": 0.04848409220024352, "p90": 0.052400073874928066, "p95": 0.279968041715291, "p99": 1.4840240193807614, "p99.9": 2.0228466346217426, "max": 2.4651063089994225}, "time_per_output_token": {"mean": 0.02263052697367311, "min": 0.014446299785616873, "p0.1": 0.014735719586395822, "p1": 0.01646348629903834, "p5": 0.020688925576007655, "p10": 0.021181834599972218, "p25": 0.02186100318315097, "median": 0.022857578515751417, "p75": 0.023584036848423813, "p90": 0.024102247623086295, "p95": 0.024304348852389773, "p99": 0.025224148923468803, "p99.9": 0.025615894276423617, "max": 0.025722346755548908}, "time_to_first_token": {"mean": 0.4957683083186061, "min": 0.060189501848071814, "p0.1": 0.06129122983966954, "p1": 0.06815411730669439, "p5": 0.14733503634342923, "p10": 0.15902169353794307, "p25": 0.1773978472338058, "median": 0.20492518902756274, "p75": 0.328885642986279, "p90": 0.5803401796147231, "p95": 0.7271684882231055, "p99": 13.379756993369664, "p99.9": 22.855139142226, "max": 23.555448996834457}, "inter_token_latency": {"mean": 0.022630526973673112, "min": 2.3229513317346573e-06, "p0.1": 2.800717018544674e-06, "p1": 1.1689960956573486e-05, "p5": 2.0215054973959923e-05, "p10": 2.5952933356165886e-05, "p25": 4.062405787408352e-05, "median": 0.00027158763259649277, "p75": 0.04106216423679143, "p90": 0.043957863561809064, "p95": 0.045627154782414435, "p99": 0.13370671624317768, "p99.9": 0.5072577260267013, "max": 22.170450719073415}}, "throughput": {"input_tokens_per_sec": 65642.04579133556, "output_tokens_per_sec": 7995.214461954117, "total_tokens_per_sec": 73637.26025328967, "requests_per_sec": 8.66334607278391}, "prompt_len": {"mean": 7576.985294117647, "min": 7507.0, "p0.1": 7507.747, "p1": 7513.0, "p5": 7530.0, "p10": 7540.7, "p25": 7561.0, "median": 7578.0, "p75": 7595.0, "p90": 7608.3, "p95": 7615.0, "p99": 7634.53, "p99.9": 7648.024, "max": 7654.0}, "output_len": {"mean": 922.8783422459893, "min": 19.0, "p0.1": 21.988, "p1": 32.0, "p5": 165.85000000000002, "p10": 885.1, "p25": 991.0, "median": 997.0, "p75": 1000.0, "p90": 1000.0, "p95": 1000.0, "p99": 1000.0, "p99.9": 1254.2410000000427, "max": 1999.0}}, "failures": {"count": 0, "request_latency": null, "prompt_len": null}}