{"load_summary": {}, "successes": {"count": 760, "rate": 7.378641, "prompt_len": {"mean": 0, "rate": 55554.522122}, "output_len": {"mean": 0, "rate": 7352.882182}, "queue_len": {"mean": 0}, "request_latency": {"mean": 42.677206, "median": 43.448276, "p90": 48.689655, "p99": 49.868966}, "time_to_first_token": {"mean": 0.392802, "median": 0.157534, "p90": 0.571591, "p99": 7.307143}, "time_per_output_token": {"mean": 0.042455, "median": 0.037865, "p90": 0.048481, "p99": 0.148638}, "kv_cache_usage_percentage": {"mean": 0.0, "median": 0.0, "p90": 0.0, "p99": 0.0}, "num_requests_swapped": {"mean": 0}, "num_preemptions_total": {"mean": 0}, "prefix_cache_hit_percent": {"mean": 80.99086755431102}}, "failures": {}}