{"load_summary": {"count": 750, "schedule_delay": {"mean": 0.0009831573689977329, "min": -0.0008489892352372408, "p0.1": -0.0006247309984173626, "p1": -0.00022569540422409773, "p5": 3.531636903062464e-05, "p10": 0.00022350703366100794, "p25": 0.0005558208795264363, "median": 0.0009605401428416371, "p75": 0.0013292529038153589, "p90": 0.0017824784154072404, "p95": 0.0019733166554942727, "p99": 0.0027257354790344813, "p99.9": 0.005394796416629166, "max": 0.005897158291190863}, "send_duration": 31.689069803105667, "requested_rate": 25.0, "achieved_rate": 23.667466563707613}, "successes": {"count": 750, "latency": {"request_latency": {"mean": 46.22737269708173, "min": 41.16950931400061, "p0.1": 41.4642468719699, "p1": 42.24964628781425, "p5": 42.99662309490377, "p10": 43.63351783461403, "p25": 44.644970251014456, "median": 46.28619441995397, "p75": 47.689463887538295, "p90": 48.36273128222674, "p95": 48.635261208948215, "p99": 51.49705991220428, "p99.9": 51.99207610159554, "max": 52.038398921024054}, "normalized_time_per_output_token": {"mean": 0.18544341562862005, "min": 0.024006453287094377, "p0.1": 0.03698542145797881, "p1": 0.04231400342452362, "p5": 0.04326833297464024, "p10": 0.043888584976686684, "p25": 0.045054972137499136, "median": 0.04695544126521564, "p75": 0.048301635445176856, "p90": 0.05149557180579707, "p95": 0.10492900029436135, "p99": 1.5083484405675698, "p99.9": 23.696321863967434, "max": 48.65555479004979}, "time_per_output_token": {"mean": 0.022757966984282604, "min": 0.014520985878485514, "p0.1": 0.014561300490260486, "p1": 0.014877812728010722, "p5": 0.021178640056603252, "p10": 0.021583526731219268, "p25": 0.02210470396188855, "median": 0.0229007476274141, "p75": 0.023596100258853413, "p90": 0.02396121298250133, "p95": 0.02412506594241288, "p99": 0.02552686422821721, "p99.9": 0.025823297949390433, "max": 0.025852835066486213}, "time_to_first_token": {"mean": 0.6177070640126864, "min": 0.07467613904736936, "p0.1": 0.08090927051356994, "p1": 0.09351455880329013, "p5": 0.12044184228871019, "p10": 0.14297600828576834, "p25": 0.1742612179950811, "median": 0.20223317795898765, "p75": 0.31932338495971635, "p90": 0.6083347885636614, "p95": 0.8614312845282256, "p99": 18.72670457461383, "p99.9": 22.37389593240899, "max": 22.441082320176065}, "inter_token_latency": {"mean": 0.022757966984282604, "min": 2.3301690816879272e-06, "p0.1": 2.8139911592006683e-06, "p1": 1.1598924174904823e-05, "p5": 2.035684883594513e-05, "p10": 2.6175985112786293e-05, "p25": 4.1117193177342415e-05, "median": 0.0002859649248421192, "p75": 0.04140772554092109, "p90": 0.04408416552469134, "p95": 0.045745989878196266, "p99": 0.12873789035715164, "p99.9": 0.5298424363224774, "max": 22.36674578883685}}, "throughput": {"input_tokens_per_sec": 68190.25024062235, "output_tokens_per_sec": 8422.31537174767, "total_tokens_per_sec": 76612.56561237002, "requests_per_sec": 8.999725778031822}, "prompt_len": {"mean": 7576.925333333334, "min": 7507.0, "p0.1": 7507.749, "p1": 7513.0, "p5": 7530.0, "p10": 7540.0, "p25": 7561.0, "median": 7578.0, "p75": 7595.0, "p90": 7608.1, "p95": 7615.0, "p99": 7634.51, "p99.9": 7648.008000000001, "max": 7654.0}, "output_len": {"mean": 935.8413333333333, "min": 1.0, "p0.1": 2.498, "p1": 32.0, "p5": 451.4500000000001, "p10": 910.8, "p25": 991.0, "median": 997.0, "p75": 1000.0, "p90": 1000.0, "p95": 1000.0, "p99": 1000.0, "p99.9": 1251.4940000000895, "max": 1996.0}}, "failures": {"count": 0, "request_latency": null, "prompt_len": null}}