{"load_summary": {}, "successes": {"count": 1482, "rate": 6.767123, "prompt_len": {"mean": 0, "rate": 53305.2489}, "output_len": {"mean": 0, "rate": 6767.356112}, "queue_len": {"mean": 0}, "request_latency": {"mean": 102.75963, "median": 104.197531, "p90": 210.988581, "p99": 237.098858}, "time_to_first_token": {"mean": 51.1305, "median": 60.738916, "p90": 138.56, "p99": 157.856}, "time_per_output_token": {"mean": 0.049839, "median": 0.037696, "p90": 0.048029, "p99": 0.614652}, "kv_cache_usage_percentage": {"mean": 0.0, "median": 0.0, "p90": 0.0, "p99": 0.0}, "num_requests_swapped": {"mean": 0}, "num_preemptions_total": {"mean": 0}, "prefix_cache_hit_percent": {"mean": 58.748647562492415}}, "failures": {}}