{"load_summary": {}, "successes": {"count": 1520, "rate": 7.45098, "prompt_len": {"mean": 0, "rate": 58721.131225}, "output_len": {"mean": 0, "rate": 7454.779435}, "queue_len": {"mean": 0}, "request_latency": {"mean": 83.41182, "median": 76.556442, "p90": 118.152794, "p99": 225.408}, "time_to_first_token": {"mean": 31.136703, "median": 24.0, "p90": 79.215686, "p99": 151.459459}, "time_per_output_token": {"mean": 0.051245, "median": 0.037929, "p90": 0.048354, "p99": 0.540371}, "kv_cache_usage_percentage": {"mean": 0.0, "median": 0.0, "p90": 0.0, "p99": 0.0}, "num_requests_swapped": {"mean": 0}, "num_preemptions_total": {"mean": 0}, "prefix_cache_hit_percent": {"mean": 59.186061663766466}}, "failures": {}}