{"load_summary": {"count": 1470, "schedule_delay": {"mean": 0.0010018616251102617, "min": -0.0004473824519664049, "p0.1": -0.0004073026387486607, "p1": -0.00017335709882900118, "p5": 0.0001082688686437905, "p10": 0.00026255256962031125, "p25": 0.0005781770450994372, "median": 0.0009638327173888683, "p75": 0.0013564957771450281, "p90": 0.001740597537718714, "p95": 0.0020024731988087293, "p99": 0.002886187671683727, "p99.9": 0.0037040261088404866, "max": 0.005110421683639288}, "send_duration": 28.787336581153795, "requested_rate": 49.0, "achieved_rate": 51.06411966442095}, "successes": {"count": 1470, "latency": {"request_latency": {"mean": 98.05891038515212, "min": 46.708828361006454, "p0.1": 47.421856090248795, "p1": 48.2144509595423, "p5": 49.57004961030325, "p10": 50.160569601575844, "p25": 56.126120324246585, "median": 93.82198723359033, "p75": 132.4773095464916, "p90": 142.84788403320127, "p95": 152.10741407495226, "p99": 168.75057357942683, "p99.9": 171.24415158003734, "max": 171.3037864959333}, "normalized_time_per_output_token": {"mean": 0.21896596943689658, "min": 0.025403453032588893, "p0.1": 0.03555533256857746, "p1": 0.048381442782428355, "p5": 0.04972801093388558, "p10": 0.05056177372628659, "p25": 0.06011569258692907, "median": 0.09649215419289217, "p75": 0.1344607733544283, "p90": 0.15452995311076842, "p95": 0.391977128215376, "p99": 3.9657081657990587, "p99.9": 4.782467185755287, "max": 5.079499579255322}, "time_per_output_token": {"mean": 0.02529898004304618, "min": 0.012672716523634678, "p0.1": 0.012673462268426201, "p1": 0.013039212588248528, "p5": 0.016566028251357588, "p10": 0.022273847949295503, "p25": 0.02361489030040232, "median": 0.02420372777668036, "p75": 0.025440422264204687, "p90": 0.03227321323624504, "p95": 0.038059411331036616, "p99": 0.04333630866236702, "p99.9": 0.04575814499663638, "max": 0.046328575579218684}, "time_to_first_token": {"mean": 47.37060626833098, "min": 0.06480813003145158, "p0.1": 0.1374397975257598, "p1": 0.1643716680025682, "p5": 0.9409639987745322, "p10": 1.4464269037824125, "p25": 3.1408916462096386, "median": 45.64320748555474, "p75": 85.3043835083954, "p90": 89.03499238218647, "p95": 120.48962427729275, "p99": 138.82382442672036, "p99.9": 141.39011825671074, "max": 141.61064301105216}, "inter_token_latency": {"mean": 0.02529898004304618, "min": 2.3471657186746597e-06, "p0.1": 3.372086212038994e-06, "p1": 1.409696415066719e-05, "p5": 2.0995968952775e-05, "p10": 2.6608118787407875e-05, "p25": 4.255189560353756e-05, "median": 0.0003553684800863266, "p75": 0.03648810455342755, "p90": 0.038713533221744, "p95": 0.04082470491994172, "p99": 0.18503239884972714, "p99.9": 0.6718974806347471, "max": 42.379918223945424}}, "throughput": {"input_tokens_per_sec": 56635.91357412788, "output_tokens_per_sec": 7016.114799408011, "total_tokens_per_sec": 63652.02837353589, "requests_per_sec": 7.47495499608613}, "prompt_len": {"mean": 7576.756462585034, "min": 7507.0, "p0.1": 7507.469, "p1": 7513.0, "p5": 7530.0, "p10": 7540.0, "p25": 7561.0, "median": 7578.0, "p75": 7595.0, "p90": 7608.0, "p95": 7614.0, "p99": 7634.3099999999995, "p99.9": 7650.248000000001, "max": 7654.0}, "output_len": {"mean": 938.6163265306122, "min": 19.0, "p0.1": 23.938, "p1": 32.0, "p5": 213.9, "p10": 940.7, "p25": 991.0, "median": 997.0, "p75": 1000.0, "p90": 1000.0, "p95": 1000.0, "p99": 1001.0, "p99.9": 1999.0, "max": 1999.0}}, "failures": {"count": 0, "request_latency": null, "prompt_len": null}}