{"load_summary": {"count": 200, "schedule_delay": {"mean": 0.0009319482801947742, "min": -0.00039616692811250687, "p0.1": -0.000388966501923278, "p1": -8.27554939314723e-05, "p5": 0.0001630897982977331, "p10": 0.0002625531982630491, "p25": 0.000510814948938787, "median": 0.0009288979927077889, "p75": 0.0012881876318715513, "p90": 0.0016546408645808695, "p95": 0.0018264472251757974, "p99": 0.0021297248639166352, "p99.9": 0.002719678241293888, "max": 0.00285351206548512}, "send_duration": 20.85141375497915, "requested_rate": 10.0, "achieved_rate": 9.591675765977337}, "successes": {"count": 200, "latency": {"request_latency": {"mean": 27.395184840367875, "min": 25.407411699183285, "p0.1": 25.43999642181909, "p1": 25.648240380785428, "p5": 26.075389254326, "p10": 26.288238660176283, "p25": 26.600608832668513, "median": 27.294780779862776, "p75": 27.971122277667746, "p90": 29.01014298063237, "p95": 29.218369729444383, "p99": 29.28196290056221, "p99.9": 29.38563095749868, "max": 29.397211047122255}, "normalized_time_per_output_token": {"mean": 0.05819920470185995, "min": 0.013627885420247166, "p0.1": 0.015987225016139018, "p1": 0.02557028111663695, "p5": 0.026128952621749624, "p10": 0.02642686159784282, "p25": 0.026785993352001526, "median": 0.027531032099225184, "p75": 0.028417870683232815, "p90": 0.029335862710167856, "p95": 0.05264613972211883, "p99": 0.8497214629718356, "p99.9": 0.8631561104176151, "max": 0.8656698236591183}, "time_per_output_token": {"mean": 0.013560103997728367, "min": 0.012586051929460048, "p0.1": 0.012601292855149812, "p1": 0.012709891269599477, "p5": 0.012915218406580742, "p10": 0.0130095369551961, "p25": 0.013154728964181978, "median": 0.013519643759378221, "p75": 0.013823510745125098, "p90": 0.014324497361120575, "p95": 0.014480400607724073, "p99": 0.014547034543483979, "p99.9": 0.014585319025363348, "max": 0.01459268515237022}, "time_to_first_token": {"mean": 0.20131925408379175, "min": 0.06120258918963373, "p0.1": 0.061748148669954386, "p1": 0.06446363508934155, "p5": 0.06704230485484004, "p10": 0.07154758616816252, "p25": 0.08808319637319073, "median": 0.1592278640018776, "p75": 0.17874855548143387, "p90": 0.34933127576950923, "p95": 0.5717802004073739, "p99": 0.8907361916429348, "p99.9": 1.0822936808136296, "max": 1.0883852660190314}, "inter_token_latency": {"mean": 0.013560103997728367, "min": 2.4051405489444733e-06, "p0.1": 3.2542264088988305e-06, "p1": 1.476401463150978e-05, "p5": 2.1314946934580803e-05, "p10": 2.9654940590262413e-05, "p25": 4.457798786461353e-05, "median": 0.0002653055125847459, "p75": 0.02585730655118823, "p90": 0.02703576032072306, "p95": 0.02793083161814138, "p99": 0.03197134219110015, "p99.9": 0.11448204064299464, "max": 0.6538438100833446}}, "throughput": {"input_tokens_per_sec": 31899.638787359316, "output_tokens_per_sec": 3994.625209406799, "total_tokens_per_sec": 35894.263996766116, "requests_per_sec": 4.210120212482727}, "prompt_len": {"mean": 7576.895, "min": 7508.0, "p0.1": 7508.995, "p1": 7516.96, "p5": 7530.95, "p10": 7544.0, "p25": 7563.0, "median": 7576.0, "p75": 7596.0, "p90": 7606.0, "p95": 7611.0, "p99": 7627.07, "p99.9": 7634.0, "max": 7634.0}, "output_len": {"mean": 948.815, "min": 32.0, "p0.1": 32.0, "p1": 32.99, "p5": 541.5500000000004, "p10": 969.8, "p25": 992.0, "median": 998.0, "p75": 1000.0, "p90": 1000.0, "p95": 1000.0, "p99": 1001.0, "p99.9": 1800.398000000016, "max": 1999.0}}, "failures": {"count": 0, "request_latency": null, "prompt_len": null}}