{"load_summary": {}, "successes": {"count": 750, "rate": 7.352941, "prompt_len": {"mean": 0, "rate": 59684.725001}, "output_len": {"mean": 0, "rate": 7373.077165}, "queue_len": {"mean": 0}, "request_latency": {"mean": 46.109851, "median": 45.215577, "p90": 49.388039, "p99": 57.580645}, "time_to_first_token": {"mean": 0.575969, "median": 0.201598, "p90": 0.688426, "p99": 16.2125}, "time_per_output_token": {"mean": 0.045664, "median": 0.037855, "p90": 0.048585, "p99": 0.17179}, "kv_cache_usage_percentage": {"mean": 0.0, "median": 0.0, "p90": 0.0, "p99": 0.0}, "num_requests_swapped": {"mean": 0}, "num_preemptions_total": {"mean": 0}, "prefix_cache_hit_percent": {"mean": 81.31195309555868}}, "failures": {}}