{"load_summary": {"count": 760, "schedule_delay": {"mean": 0.0010810591219189136, "min": -0.0006968535017222166, "p0.1": -0.0006820238188374788, "p1": -0.0003389189182780683, "p5": -6.281258538365338e-06, "p10": 0.00020445631816983225, "p25": 0.0005763366352766752, "median": 0.0009422701550647616, "p75": 0.001314634399022907, "p90": 0.0017160681542009117, "p95": 0.0019498703652061514, "p99": 0.002605085147079079, "p99.9": 0.029402234462328272, "max": 0.07233008951880038}, "send_duration": 36.77924031787552, "requested_rate": 20.0, "achieved_rate": 20.663830830421563}, "successes": {"count": 760, "latency": {"request_latency": {"mean": 42.79377289952858, "min": 35.574118800926954, "p0.1": 35.58923380548251, "p1": 37.09206774876686, "p5": 37.83143703617388, "p10": 38.6831310078036, "p25": 40.19901567994384, "median": 42.97579703456722, "p75": 45.03570139175281, "p90": 46.7972806511214, "p95": 47.83375674256822, "p99": 48.621531025366856, "p99.9": 49.26387990323524, "max": 49.2862725330051}, "normalized_time_per_output_token": {"mean": 0.0917675889138781, "min": 0.019630836493241925, "p0.1": 0.021339769731502194, "p1": 0.0370862308748276, "p5": 0.037991649208977386, "p10": 0.03883834446277376, "p25": 0.040741765260376775, "median": 0.04367860947654117, "p75": 0.046000375641527556, "p90": 0.04895530024474129, "p95": 0.23372441121697124, "p99": 1.3399554514393703, "p99.9": 2.080608097843201, "max": 2.287098375381902}, "time_per_output_token": {"mean": 0.021139382222588793, "min": 0.014700253233909309, "p0.1": 0.014749482674493702, "p1": 0.016945223230903486, "p5": 0.018517940002423745, "p10": 0.019097784197801303, "p25": 0.019929694951769533, "median": 0.021291391128373482, "p75": 0.022315738921710893, "p90": 0.023129692437990138, "p95": 0.023717150863910234, "p99": 0.024190355654232724, "p99.9": 0.024494760272483148, "max": 0.024500586637139863}, "time_to_first_token": {"mean": 0.4230556318686515, "min": 0.060711483005434275, "p0.1": 0.06096940112160519, "p1": 0.06595863084774464, "p5": 0.07494980173651129, "p10": 0.08146736475173384, "p25": 0.09418600279605016, "median": 0.185915446607396, "p75": 0.22680651769042015, "p90": 0.5704482566798107, "p95": 0.8661185557837591, "p99": 7.344127906470089, "p99.9": 18.52790534950909, "max": 18.529038030887023}, "inter_token_latency": {"mean": 0.02113938222258879, "min": 2.3490283638238907e-06, "p0.1": 2.7869828045368195e-06, "p1": 1.1299969628453255e-05, "p5": 2.0265113562345505e-05, "p10": 2.6152003556489944e-05, "p25": 4.0835002437233925e-05, "median": 0.00027444097213447094, "p75": 0.03931633528554812, "p90": 0.043542102817446, "p95": 0.04519521399633959, "p99": 0.130395395301748, "p99.9": 0.43415448161214837, "max": 12.280877819983289}}, "throughput": {"input_tokens_per_sec": 67949.73018262851, "output_tokens_per_sec": 8401.870100922177, "total_tokens_per_sec": 76351.6002835507, "requests_per_sec": 8.96779709636811}, "prompt_len": {"mean": 7577.081578947368, "min": 7507.0, "p0.1": 7507.759, "p1": 7513.0, "p5": 7530.0, "p10": 7540.9, "p25": 7561.0, "median": 7578.0, "p75": 7595.0, "p90": 7608.1, "p95": 7615.0, "p99": 7634.41, "p99.9": 7647.928000000001, "max": 7654.0}, "output_len": {"mean": 936.8934210526315, "min": 18.0, "p0.1": 19.518, "p1": 33.0, "p5": 189.75, "p10": 923.9, "p25": 991.0, "median": 997.0, "p75": 1000.0, "p90": 1000.0, "p95": 1000.0, "p99": 1001.0, "p99.9": 1998.241, "max": 1999.0}}, "failures": {"count": 0, "request_latency": null, "prompt_len": null}}