{"load_summary": {}, "successes": {"count": 1518, "rate": 7.093458, "prompt_len": {"mean": 0, "rate": 54619.235306}, "output_len": {"mean": 0, "rate": 7094.288932}, "queue_len": {"mean": 0}, "request_latency": {"mean": 95.736507, "median": 97.062147, "p90": 207.23741, "p99": 236.723741}, "time_to_first_token": {"mean": 44.041408, "median": 53.797753, "p90": 134.283333, "p99": 157.428333}, "time_per_output_token": {"mean": 0.051112, "median": 0.037744, "p90": 0.04807, "p99": 0.604666}, "kv_cache_usage_percentage": {"mean": 0.0, "median": 0.0, "p90": 0.0, "p99": 0.0}, "num_requests_swapped": {"mean": 0}, "num_preemptions_total": {"mean": 0}, "prefix_cache_hit_percent": {"mean": 59.09752900029669}}, "failures": {}}