{"load_summary": {"count": 750, "schedule_delay": {"mean": 0.0011861020714665452, "min": -0.000715908594429493, "p0.1": -0.0003799011481460184, "p1": -0.00010921978391706943, "p5": 0.0002111677778884769, "p10": 0.0003986311843618751, "p25": 0.000702526536770165, "median": 0.0010963525855913758, "p75": 0.0015405246522277594, "p90": 0.001957940496504307, "p95": 0.0022320676129311324, "p99": 0.0034346900181844824, "p99.9": 0.009945605907822359, "max": 0.012690918985754251}, "send_duration": 53.964362448081374, "requested_rate": 15.0, "achieved_rate": 13.898060979068699}, "successes": {"count": 750, "latency": {"request_latency": {"mean": 44.26811173205388, "min": 32.448729360010475, "p0.1": 32.47656705961539, "p1": 33.75132761561312, "p5": 35.46755678226473, "p10": 37.10585166704841, "p25": 40.72853839898016, "median": 44.09543346252758, "p75": 48.13973831530893, "p90": 50.54170795015525, "p95": 51.45615088486811, "p99": 56.6294402493909, "p99.9": 56.94866510115168, "max": 56.98452966590412}, "normalized_time_per_output_token": {"mean": 0.09071286811288337, "min": 0.032448729360010475, "p0.1": 0.032476567059615394, "p1": 0.033969981392427025, "p5": 0.03579880761125198, "p10": 0.03751556718698703, "p25": 0.04145934078138089, "median": 0.045113638512801896, "p75": 0.04971019910322126, "p90": 0.054310181487469224, "p95": 0.0930300607090023, "p99": 1.359652352518976, "p99.9": 1.8092147071219151, "max": 2.598609823782585}, "time_per_output_token": {"mean": 0.02159352495129835, "min": 0.014693472141363677, "p0.1": 0.015075021549721767, "p1": 0.016158990204509494, "p5": 0.01724383227120706, "p10": 0.018189262147112722, "p25": 0.020187514155307486, "median": 0.02173438284679715, "p75": 0.02336199533605393, "p90": 0.02431876188769391, "p95": 0.0250777222182153, "p99": 0.026986050762752508, "p99.9": 0.02780085586371223, "max": 0.02796149397906994}, "time_to_first_token": {"mean": 0.9874103468029449, "min": 0.14343360997736454, "p0.1": 0.1448769786711782, "p1": 0.1607924228068441, "p5": 0.17008838427718728, "p10": 0.17713737883605063, "p25": 0.19071399047970772, "median": 0.2368470379151404, "p75": 1.0944640911184251, "p90": 2.982044144324027, "p95": 4.0580297999666035, "p99": 6.555720121217891, "p99.9": 9.580805171574305, "max": 14.058106570038944}, "inter_token_latency": {"mean": 0.02159352495129835, "min": 2.2980384528636932e-06, "p0.1": 2.7320347726345062e-06, "p1": 1.1082040145993233e-05, "p5": 2.0229024812579155e-05, "p10": 2.636108547449112e-05, "p25": 4.202406853437424e-05, "median": 0.00026846444234251976, "p75": 0.03650968224974349, "p90": 0.04319913005456329, "p95": 0.045150010113138704, "p99": 0.1314929208229296, "p99.9": 0.5526205830485648, "max": 16.2532551640179}}, "throughput": {"input_tokens_per_sec": 60791.93045190892, "output_tokens_per_sec": 7537.129003886931, "total_tokens_per_sec": 68329.05945579585, "requests_per_sec": 8.02329807639329}, "prompt_len": {"mean": 7576.925333333334, "min": 7507.0, "p0.1": 7507.749, "p1": 7513.0, "p5": 7530.0, "p10": 7540.0, "p25": 7561.0, "median": 7578.0, "p75": 7595.0, "p90": 7608.1, "p95": 7615.0, "p99": 7634.51, "p99.9": 7648.008000000001, "max": 7654.0}, "output_len": {"mean": 939.4053333333334, "min": 19.0, "p0.1": 24.243, "p1": 33.0, "p5": 472.8000000000001, "p10": 935.8, "p25": 991.25, "median": 997.0, "p75": 1000.0, "p90": 1000.0, "p95": 1000.0, "p99": 1000.0, "p99.9": 1001.2510000000001, "max": 1002.0}}, "failures": {"count": 0, "request_latency": null, "prompt_len": null}}