{"load_summary": {"count": 1518, "schedule_delay": {"mean": 0.001083525805703422, "min": -0.0015395928639918566, "p0.1": -0.0007365773776546121, "p1": -0.00028568557696416973, "p5": 3.313573542982341e-05, "p10": 0.00026745835784822706, "p25": 0.0006149877444840968, "median": 0.0010050766868516803, "p75": 0.0014213949907571077, "p90": 0.00179760146420449, "p95": 0.002096289698965847, "p99": 0.003036171335261313, "p99.9": 0.008216731564375525, "max": 0.06582994619384408}, "send_duration": 33.466819976922125, "requested_rate": 46.0, "achieved_rate": 45.35835795115205}, "successes": {"count": 1518, "latency": {"request_latency": {"mean": 95.8496657184496, "min": 46.70022395811975, "p0.1": 47.535728776882635, "p1": 49.13470926673151, "p5": 50.1478179252008, "p10": 51.248859099368566, "p25": 54.43752804142423, "median": 92.90505124942865, "p75": 127.4258775881026, "p90": 141.70056032692082, "p95": 149.56911271417047, "p99": 158.31846489036224, "p99.9": 163.7309337118118, "max": 164.105394449085}, "normalized_time_per_output_token": {"mean": 0.3066840215859631, "min": 0.027556383234632387, "p0.1": 0.047147712799716475, "p1": 0.04926359619691968, "p5": 0.050492443034276004, "p10": 0.0515792539041955, "p25": 0.05655308722727932, "median": 0.09677430882124083, "p75": 0.13020674778451213, "p90": 0.15489537196855527, "p95": 0.5126323580147608, "p99": 3.927828678839505, "p99.9": 37.113611419128574, "max": 75.7370625725016}, "time_per_output_token": {"mean": 0.025494977918414825, "min": 0.012744371173391375, "p0.1": 0.012787983967991278, "p1": 0.013256950107677004, "p5": 0.015411920907596747, "p10": 0.021503995844327762, "p25": 0.023382212830629936, "median": 0.02455013005642629, "p75": 0.025975959724659377, "p90": 0.03318853218627136, "p95": 0.03952537832118668, "p99": 0.04411614566443205, "p99.9": 0.0459106845176703, "max": 0.04654172617885778}, "time_to_first_token": {"mean": 44.77072558867652, "min": 0.06762533308938146, "p0.1": 0.07184455548180267, "p1": 0.0915589905763045, "p5": 0.5055727423052304, "p10": 0.8980265093967319, "p25": 1.9283817167161033, "median": 43.722619413398206, "p75": 81.72589071042603, "p90": 90.3011449086247, "p95": 119.31987065359715, "p99": 128.73453467730667, "p99.9": 136.41012605129535, "max": 136.73926162114367}, "inter_token_latency": {"mean": 0.02549497791841483, "min": 2.2980384528636932e-06, "p0.1": 3.249039174988866e-06, "p1": 1.3854820281267166e-05, "p5": 2.080012345686555e-05, "p10": 2.6348978281021118e-05, "p25": 4.207785241305828e-05, "median": 0.00035150256007909775, "p75": 0.036763280688319355, "p90": 0.040212914999574426, "p95": 0.04233313763979822, "p99": 0.17922566369641574, "p99.9": 0.6707524677855093, "max": 44.04178646905348}}, "throughput": {"input_tokens_per_sec": 58755.49064270044, "output_tokens_per_sec": 7233.221059283154, "total_tokens_per_sec": 65988.7117019836, "requests_per_sec": 7.754482698998931}, "prompt_len": {"mean": 7576.971014492754, "min": 7507.0, "p0.1": 7507.517, "p1": 7513.0, "p5": 7529.85, "p10": 7540.0, "p25": 7561.0, "median": 7578.0, "p75": 7595.0, "p90": 7608.3, "p95": 7615.0, "p99": 7634.83, "p99.9": 7649.864000000001, "max": 7654.0}, "output_len": {"mean": 932.7793148880105, "min": 2.0, "p0.1": 11.306000000000003, "p1": 32.0, "p5": 139.40000000000003, "p10": 916.7, "p25": 992.0, "median": 997.0, "p75": 1000.0, "p90": 1000.0, "p95": 1000.0, "p99": 1000.8299999999999, "p99.9": 1998.4830000000002, "max": 1999.0}}, "failures": {"count": 0, "request_latency": null, "prompt_len": null}}