{"load_summary": {"count": 1482, "schedule_delay": {"mean": 0.00105424808098227, "min": -0.0007318668067455292, "p0.1": -0.0005945926618296653, "p1": -0.0002739460836164653, "p5": 7.252141367644071e-05, "p10": 0.00027022568974643946, "p25": 0.0006100173341110349, "median": 0.0010074785677716136, "p75": 0.001448916387744248, "p90": 0.001850318862125278, "p95": 0.0022118705441243956, "p99": 0.002994306862819943, "p99.9": 0.0047215943657793495, "max": 0.005822597537189722}, "send_duration": 25.63055884791538, "requested_rate": 57.0, "achieved_rate": 57.8216030635062}, "successes": {"count": 1482, "latency": {"request_latency": {"mean": 102.87298396250907, "min": 45.57792331604287, "p0.1": 46.233784111038084, "p1": 47.24239378870931, "p5": 49.018228490673934, "p10": 50.6985749485204, "p25": 58.739119435544126, "median": 95.83384335343726, "p75": 136.28752379404614, "p90": 153.75692281397062, "p95": 160.82472846474266, "p99": 178.92784532117656, "p99.9": 183.1811434376503, "max": 183.21198966703378}, "normalized_time_per_output_token": {"mean": 0.2159754725628696, "min": 0.02466149432370332, "p0.1": 0.0460333095742185, "p1": 0.04759073202654212, "p5": 0.049380633180364265, "p10": 0.051296164187439715, "p25": 0.06406467445980184, "median": 0.09877431853010937, "p75": 0.1382861019760603, "p90": 0.1622999057274146, "p95": 0.3845779700021651, "p99": 3.9429006883973554, "p99.9": 5.362937640789663, "max": 6.912035785676715}, "time_per_output_token": {"mean": 0.024827036955188057, "min": 0.012467047820410963, "p0.1": 0.012572742014654328, "p1": 0.013420594910344483, "p5": 0.015455578255531345, "p10": 0.021749664439742026, "p25": 0.02350655720104463, "median": 0.023997312544487594, "p75": 0.024762228206519143, "p90": 0.03142876701150464, "p95": 0.037385117078356137, "p99": 0.04254272660904815, "p99.9": 0.04467015581836535, "max": 0.04510893206100917}, "time_to_first_token": {"mean": 53.132816288124566, "min": 0.13329833978787065, "p0.1": 0.14059126851405018, "p1": 0.3542238994850777, "p5": 1.576329135952983, "p10": 2.4728999172803015, "p25": 4.8864404245396145, "median": 47.44384297810029, "p75": 88.45197896240279, "p90": 97.27138123170008, "p95": 131.51097988106775, "p99": 142.26709065604257, "p99.9": 143.48648175062007, "max": 143.49138267990202}, "inter_token_latency": {"mean": 0.024827072175020254, "min": 2.3439060896635056e-06, "p0.1": 3.5685496404767037e-06, "p1": 1.4167046174407005e-05, "p5": 2.092756330966951e-05, "p10": 2.660718746483326e-05, "p25": 4.288996569812298e-05, "median": 0.0003773283679038286, "p75": 0.0356979554053396, "p90": 0.03817761749960482, "p95": 0.03997189997462555, "p99": 0.16851144634419707, "p99.9": 0.6597172287153088, "max": 41.647424010094255}}, "throughput": {"input_tokens_per_sec": 55785.50307039151, "output_tokens_per_sec": 6909.8118079967235, "total_tokens_per_sec": 62695.314878388235, "requests_per_sec": 7.362638943216924}, "prompt_len": {"mean": 7576.835357624831, "min": 7507.0, "p0.1": 7507.481, "p1": 7513.0, "p5": 7530.0, "p10": 7540.1, "p25": 7561.0, "median": 7578.0, "p75": 7595.0, "p90": 7608.0, "p95": 7614.0, "p99": 7635.0, "p99.9": 7650.152000000002, "max": 7654.0}, "output_len": {"mean": 938.4966261808368, "min": 19.0, "p0.1": 26.924, "p1": 33.0, "p5": 225.44999999999993, "p10": 919.0, "p25": 991.0, "median": 997.0, "p75": 1000.0, "p90": 1000.0, "p95": 1000.0, "p99": 1001.0, "p99.9": 1999.0, "max": 1999.0}}, "failures": {"count": 0, "request_latency": null, "prompt_len": null}}