{"load_summary": {}, "successes": {"count": 1548, "rate": 7.301887, "prompt_len": {"mean": 0, "rate": 56239.350812}, "output_len": {"mean": 0, "rate": 7298.014236}, "queue_len": {"mean": 0}, "request_latency": {"mean": 92.327311, "median": 89.910448, "p90": 197.589041, "p99": 235.758904}, "time_to_first_token": {"mean": 39.275203, "median": 43.079848, "p90": 118.192691, "p99": 155.819269}, "time_per_output_token": {"mean": 0.052567, "median": 0.037764, "p90": 0.04814, "p99": 0.588772}, "kv_cache_usage_percentage": {"mean": 0.0, "median": 0.0, "p90": 0.0, "p99": 0.0}, "num_requests_swapped": {"mean": 0}, "num_preemptions_total": {"mean": 0}, "prefix_cache_hit_percent": {"mean": 64.52964447964976}}, "failures": {}}