{"load_summary": {"count": 735, "schedule_delay": {"mean": 0.0010045901042263525, "min": -0.0005579404532909393, "p0.1": -0.0004435728122480214, "p1": -0.0002846928033977747, "p5": -1.0471767745912072e-05, "p10": 0.0002067927271127701, "p25": 0.0005823278333991766, "median": 0.0009775361977517605, "p75": 0.0013523115776479244, "p90": 0.0017981446348130706, "p95": 0.0020346265053376553, "p99": 0.0026862844172865076, "p99.9": 0.00700346656143754, "max": 0.015526431845501065}, "send_duration": 20.344015788054094, "requested_rate": 35.0, "achieved_rate": 36.12856024382307}, "successes": {"count": 735, "latency": {"request_latency": {"mean": 49.80949714436025, "min": 43.7473848790396, "p0.1": 43.813171849358824, "p1": 44.33839647140354, "p5": 45.503355164802635, "p10": 46.25677664680406, "p25": 47.586008926155046, "median": 49.20994985289872, "p75": 51.38730628101621, "p90": 54.04083352824673, "p95": 57.18613162918481, "p99": 62.039966742629176, "p99.9": 64.06008677854157, "max": 64.21414610301144}, "normalized_time_per_output_token": {"mean": 0.10254219589079518, "min": 0.024813857071987796, "p0.1": 0.025668024792997964, "p1": 0.044295072487495445, "p5": 0.045655032899184156, "p10": 0.04639898323171281, "p25": 0.04802136311487147, "median": 0.04965109605411999, "p75": 0.05239531024754979, "p90": 0.059142448910668804, "p95": 0.134862744222491, "p99": 1.5142550064620093, "p99.9": 2.449087470590626, "max": 2.5249421005248136}, "time_per_output_token": {"mean": 0.024652206628668013, "min": 0.021728716203887045, "p0.1": 0.02176242799709934, "p1": 0.022006921600215307, "p5": 0.0226199333275343, "p10": 0.022913071833926067, "p25": 0.023584801442527874, "median": 0.02432615189500775, "p75": 0.02548165001103823, "p90": 0.026871558887463277, "p95": 0.028402551520568805, "p99": 0.030533010935597488, "p99.9": 0.031681207640150554, "max": 0.031829153980546886}, "time_to_first_token": {"mean": 0.40967299905890714, "min": 0.09168591490015388, "p0.1": 0.094323533650022, "p1": 0.10277441816404462, "p5": 0.12556840039324016, "p10": 0.13985135429538786, "p25": 0.1780484125483781, "median": 0.26174428104422987, "p75": 0.4282756594475359, "p90": 0.9386346883606168, "p95": 1.4158421249128876, "p99": 1.9208526613377033, "p99.9": 2.393792256373448, "max": 2.4103616399224848}, "inter_token_latency": {"mean": 0.024652206628668013, "min": 2.323184162378311e-06, "p0.1": 2.8659123927354813e-06, "p1": 1.238992903381586e-05, "p5": 2.00960086658597e-05, "p10": 2.5656074285507202e-05, "p25": 4.030903801321983e-05, "median": 0.000294998986646533, "p75": 0.04235575860366225, "p90": 0.04451240370981395, "p95": 0.04629765702411533, "p99": 0.12763190335128444, "p99.9": 0.6084129236796875, "max": 35.13954991498031}}, "throughput": {"input_tokens_per_sec": 66147.45528872327, "output_tokens_per_sec": 8228.271253465344, "total_tokens_per_sec": 74375.72654218861, "requests_per_sec": 8.730254975614196}, "prompt_len": {"mean": 7576.806802721088, "min": 7507.0, "p0.1": 7507.734, "p1": 7513.68, "p5": 7530.0, "p10": 7541.0, "p25": 7561.0, "median": 7578.0, "p75": 7595.0, "p90": 7608.0, "p95": 7614.0, "p99": 7634.66, "p99.9": 7648.128000000001, "max": 7654.0}, "output_len": {"mean": 942.5006802721089, "min": 20.0, "p0.1": 20.734, "p1": 33.0, "p5": 345.6, "p10": 955.6, "p25": 992.0, "median": 998.0, "p75": 1000.0, "p90": 1000.0, "p95": 1000.0, "p99": 1000.0, "p99.9": 1999.0, "max": 1999.0}}, "failures": {"count": 0, "request_latency": null, "prompt_len": null}}