{"load_summary": {}, "successes": {"count": 1508, "rate": 6.792793, "prompt_len": {"mean": 0, "rate": 53262.347592}, "output_len": {"mean": 0, "rate": 6794.551622}, "queue_len": {"mean": 0}, "request_latency": {"mean": 99.356107, "median": 100.68, "p90": 209.48398, "p99": 236.948398}, "time_to_first_token": {"mean": 48.003967, "median": 56.980198, "p90": 137.211679, "p99": 157.721168}, "time_per_output_token": {"mean": 0.049896, "median": 0.037735, "p90": 0.048051, "p99": 0.613935}, "kv_cache_usage_percentage": {"mean": 0.0, "median": 0.0, "p90": 0.0, "p99": 0.0}, "num_requests_swapped": {"mean": 0}, "num_preemptions_total": {"mean": 0}, "prefix_cache_hit_percent": {"mean": 57.38065225701809}}, "failures": {}}