{"load_summary": {"count": 1548, "schedule_delay": {"mean": 0.0023607164156594306, "min": -0.0011705933138728142, "p0.1": -0.0007483007058035583, "p1": -0.00033919070614501834, "p5": 1.8129474483430638e-06, "p10": 0.00021246552933007481, "p25": 0.0005701708723790944, "median": 0.0009676715126261115, "p75": 0.0013764332397840917, "p90": 0.0017768464051187039, "p95": 0.0020768212387338274, "p99": 0.06833233750658085, "p99.9": 0.17053799008438497, "max": 0.19418612704612315}, "send_duration": 37.66156565886922, "requested_rate": 43.0, "achieved_rate": 41.10291149394765}, "successes": {"count": 1548, "latency": {"request_latency": {"mean": 92.44515166898289, "min": 47.341472557978705, "p0.1": 47.62025412845076, "p1": 48.173121950365605, "p5": 49.49300998994149, "p10": 50.67826723293401, "p25": 53.92839615128469, "median": 92.66471033694688, "p75": 122.82512965338537, "p90": 130.36537094756494, "p95": 138.0682182541932, "p99": 153.13333103554322, "p99.9": 157.758686754894, "max": 157.92042953893542}, "normalized_time_per_output_token": {"mean": 0.22470328426241973, "min": 0.024190926489202663, "p0.1": 0.026614898752237114, "p1": 0.04826181093115048, "p5": 0.04965466023690348, "p10": 0.05090405238010863, "p25": 0.05585595678671962, "median": 0.09403256498598643, "p75": 0.12767525664709206, "p90": 0.15046308374431028, "p95": 0.6734065032425673, "p99": 3.632604526927512, "p99.9": 4.4438444808563, "max": 6.003242725830363}, "time_per_output_token": {"mean": 0.02620560873766047, "min": 0.012480288759564636, "p0.1": 0.012943478312009996, "p1": 0.014363431439311222, "p5": 0.01889795489530235, "p10": 0.02162534331503524, "p25": 0.023778747010597682, "median": 0.0252136727650722, "p75": 0.026521339402489852, "p90": 0.03468960783125991, "p95": 0.041363535526809915, "p99": 0.04534356669237397, "p99.9": 0.047006263536260265, "max": 0.047425277243395784}, "time_to_first_token": {"mean": 39.9439584783825, "min": 0.06264315103180707, "p0.1": 0.06521295600803569, "p1": 0.15745232449378818, "p5": 0.2634835336939432, "p10": 0.4801985034253448, "p25": 1.3961351197212934, "median": 40.98273730301298, "p75": 78.78295109723695, "p90": 82.54865182314533, "p95": 84.81463965740986, "p99": 122.1987475625053, "p99.9": 129.53002739932913, "max": 130.0494945012033}, "inter_token_latency": {"mean": 0.026205608737660473, "min": 2.2721942514181137e-06, "p0.1": 3.041510470211506e-06, "p1": 1.3604993000626564e-05, "p5": 2.070097252726555e-05, "p10": 2.618599683046341e-05, "p25": 4.164408892393112e-05, "median": 0.0003403833834454417, "p75": 0.037860598240513355, "p90": 0.041522253886796534, "p95": 0.04282763010123745, "p99": 0.18705618084873935, "p99.9": 0.6700392420592287, "max": 43.13819870795123}}, "throughput": {"input_tokens_per_sec": 60490.31309513336, "output_tokens_per_sec": 7411.911991018301, "total_tokens_per_sec": 67902.22508615167, "requests_per_sec": 7.983456291115381}, "prompt_len": {"mean": 7576.958010335918, "min": 7507.0, "p0.1": 7507.547, "p1": 7513.0, "p5": 7530.0, "p10": 7540.7, "p25": 7561.0, "median": 7578.0, "p75": 7595.0, "p90": 7608.0, "p95": 7615.0, "p99": 7634.53, "p99.9": 7649.624000000002, "max": 7654.0}, "output_len": {"mean": 928.4089147286821, "min": 23.0, "p0.1": 29.282, "p1": 32.0, "p5": 128.75000000000006, "p10": 920.4000000000001, "p25": 991.0, "median": 997.0, "p75": 1000.0, "p90": 1000.0, "p95": 1000.0, "p99": 1001.0, "p99.9": 1999.0, "max": 1999.0}}, "failures": {"count": 0, "request_latency": null, "prompt_len": null}}