{"load_summary": {"count": 1520, "schedule_delay": {"mean": 0.0011082657628178009, "min": -0.0006409664638340473, "p0.1": -0.0005967052890919149, "p1": -0.00026382207171991466, "p5": 6.619124906137587e-05, "p10": 0.0002547259908169508, "p25": 0.0006021683220751584, "median": 0.0009867546614259481, "p75": 0.0013773238169960678, "p90": 0.001768276351504028, "p95": 0.0020189448026940223, "p99": 0.002810227887239305, "p99.9": 0.00441233893600315, "max": 0.15404681209474802}, "send_duration": 38.887643851106986, "requested_rate": 40.0, "achieved_rate": 39.08696566497513}, "successes": {"count": 1520, "latency": {"request_latency": {"mean": 83.53717103715356, "min": 47.76588911493309, "p0.1": 48.55212834216398, "p1": 49.17196077819215, "p5": 50.72950474981917, "p10": 51.85723767587915, "p25": 54.92312894447241, "median": 88.61394718103111, "p75": 108.03661474119872, "p90": 118.03234166020994, "p95": 122.94082098584622, "p99": 131.9186194604355, "p99.9": 146.99790596163584, "max": 147.23012006585486}, "normalized_time_per_output_token": {"mean": 0.19874467294901105, "min": 0.034304418015000726, "p0.1": 0.04430404466365512, "p1": 0.049206587478916625, "p5": 0.05100595153743899, "p10": 0.05222798226911779, "p25": 0.05594683486867133, "median": 0.0903762853810331, "p75": 0.11268735603049243, "p90": 0.12924389963822638, "p95": 0.702779762440513, "p99": 3.364471969662842, "p99.9": 4.401228433529662, "max": 5.666254054997927}, "time_per_output_token": {"mean": 0.02552445321236186, "min": 0.012634152626113287, "p0.1": 0.012826913081229605, "p1": 0.01612866099492397, "p5": 0.016825680759625334, "p10": 0.017738379440505405, "p25": 0.02385808891280606, "median": 0.025458100899031895, "p75": 0.026985568162348206, "p90": 0.033039927037620376, "p95": 0.039279653937769936, "p99": 0.04324655281068796, "p99.9": 0.044785453925641185, "max": 0.0453741622408959}, "time_to_first_token": {"mean": 32.39092759083509, "min": 0.08461794489994645, "p0.1": 0.08984800751600415, "p1": 0.12022253135452048, "p5": 0.17221938596339897, "p10": 0.18863413124345244, "p25": 0.39724379387916997, "median": 37.83538705599494, "p75": 62.66541071725078, "p90": 79.42194426837382, "p95": 83.91995879299938, "p99": 85.86577376174739, "p99.9": 120.98263748204889, "max": 121.48669074918143}, "inter_token_latency": {"mean": 0.02552445321236186, "min": 2.2980384528636932e-06, "p0.1": 2.895016223192215e-06, "p1": 1.288694329559803e-05, "p5": 2.057780511677265e-05, "p10": 2.6148976758122444e-05, "p25": 4.102615639567375e-05, "median": 0.0003363749710842967, "p75": 0.03959391947137192, "p90": 0.04299323356244713, "p95": 0.044425801280885927, "p99": 0.1832874391670342, "p99.9": 0.6406315736568423, "max": 41.55841820384376}}, "throughput": {"input_tokens_per_sec": 62043.190585748016, "output_tokens_per_sec": 7612.500701009806, "total_tokens_per_sec": 69655.69128675782, "requests_per_sec": 8.188386705768602}, "prompt_len": {"mean": 7576.973684210527, "min": 7507.0, "p0.1": 7507.519, "p1": 7513.0, "p5": 7529.95, "p10": 7540.0, "p25": 7561.0, "median": 7578.0, "p75": 7595.0, "p90": 7608.1, "p95": 7615.0, "p99": 7634.8099999999995, "p99.9": 7649.848000000002, "max": 7654.0}, "output_len": {"mean": 929.6703947368421, "min": 22.0, "p0.1": 23.0, "p1": 32.0, "p5": 126.9, "p10": 908.8, "p25": 991.0, "median": 997.0, "p75": 1000.0, "p90": 1000.0, "p95": 1000.0, "p99": 1000.0, "p99.9": 1998.4810000000002, "max": 1999.0}}, "failures": {"count": 0, "request_latency": null, "prompt_len": null}}