{"load_summary": {"count": 1485, "schedule_delay": {"mean": 0.0009872994583212968, "min": -0.000575291458517313, "p0.1": -0.0004723494872450829, "p1": -0.00028072903864085675, "p5": 2.2896518930792826e-05, "p10": 0.00022241463884711265, "p25": 0.0005643428303301334, "median": 0.0009452521335333586, "p75": 0.0013622886035591364, "p90": 0.0017231982666999106, "p95": 0.00199359324760735, "p99": 0.0026473015639930987, "p99.9": 0.007021761962213054, "max": 0.013116300338879228}, "send_duration": 28.092334385961294, "requested_rate": 55.0, "achieved_rate": 52.86139555358937}, "successes": {"count": 1485, "latency": {"request_latency": {"mean": 100.23290666090497, "min": 47.733398474985734, "p0.1": 47.95003100597672, "p1": 48.78462920058519, "p5": 49.397815574146804, "p10": 50.0494491585996, "p25": 55.75078754592687, "median": 94.8984363800846, "p75": 134.524267537985, "p90": 150.27717872229405, "p95": 160.13802183629014, "p99": 174.7037495839782, "p99.9": 176.1778466255609, "max": 176.22669570799917}, "normalized_time_per_output_token": {"mean": 0.2984391927973184, "min": 0.04627617380687554, "p0.1": 0.04774381612298079, "p1": 0.04886478906835429, "p5": 0.049699551524166, "p10": 0.050534388406714426, "p25": 0.05818270458525007, "median": 0.09840372034144422, "p75": 0.13759156566240147, "p90": 0.16466842147688426, "p95": 0.39004890394753483, "p99": 3.3904310638917723, "p99.9": 26.535522054288588, "max": 92.32217395189218}, "time_per_output_token": {"mean": 0.024784490538619332, "min": 0.012780069018542386, "p0.1": 0.012816233249868953, "p1": 0.013165647026760199, "p5": 0.014943150804307814, "p10": 0.0212697630288542, "p25": 0.023646677599178215, "median": 0.024188388132493476, "p75": 0.025090408495286185, "p90": 0.029867967895359216, "p95": 0.037069022905748, "p99": 0.043642029233476064, "p99.9": 0.04540845463408119, "max": 0.04560501198854478}, "time_to_first_token": {"mean": 50.577903418793575, "min": 0.0654884569812566, "p0.1": 0.07576282387692482, "p1": 0.16409886502660812, "p5": 0.9496906765736639, "p10": 1.5801564056426287, "p25": 3.4027064309921116, "median": 45.770128609845415, "p75": 87.29427985404618, "p90": 97.88517018174753, "p95": 129.12945260740815, "p99": 142.8790832776949, "p99.9": 145.07775276267904, "max": 145.25184496399015}, "inter_token_latency": {"mean": 0.02478449053861933, "min": 2.3781321942806244e-06, "p0.1": 3.522029146552086e-06, "p1": 1.4375895261764526e-05, "p5": 2.1345913410186768e-05, "p10": 2.6891008019447327e-05, "p25": 4.281499423086643e-05, "median": 0.0003744678106158972, "p75": 0.03621477703563869, "p90": 0.03831192031502724, "p95": 0.04055338995531201, "p99": 0.18384623158723173, "p99.9": 0.6647949328022109, "max": 42.05890181311406}}, "throughput": {"input_tokens_per_sec": 55990.754692916846, "output_tokens_per_sec": 6908.829980245637, "total_tokens_per_sec": 62899.58467316248, "requests_per_sec": 7.38969776771183}, "prompt_len": {"mean": 7576.866666666667, "min": 7507.0, "p0.1": 7507.484, "p1": 7513.0, "p5": 7530.0, "p10": 7540.4, "p25": 7561.0, "median": 7578.0, "p75": 7595.0, "p90": 7608.0, "p95": 7614.0, "p99": 7635.0, "p99.9": 7650.128000000001, "max": 7654.0}, "output_len": {"mean": 934.9272727272727, "min": 1.0, "p0.1": 3.484, "p1": 33.0, "p5": 250.00000000000003, "p10": 928.4, "p25": 991.0, "median": 997.0, "p75": 1000.0, "p90": 1000.0, "p95": 1000.0, "p99": 1000.0, "p99.9": 1002.0, "max": 1999.0}}, "failures": {"count": 0, "request_latency": null, "prompt_len": null}}