{"load_summary": {"count": 1508, "schedule_delay": {"mean": 0.0009891631670570402, "min": -0.0005368480924516916, "p0.1": -0.0004995239099953323, "p1": -0.00025174489011988045, "p5": 5.701289046555758e-05, "p10": 0.00023165540769696236, "p25": 0.0005609954241663218, "median": 0.0009437463013455272, "p75": 0.0013996614143252373, "p90": 0.0017477618996053935, "p95": 0.001970418018754571, "p99": 0.002591854264028371, "p99.9": 0.0037221660322975425, "max": 0.004160636104643345}, "send_duration": 30.072511387057602, "requested_rate": 52.0, "achieved_rate": 50.14546276467627}, "successes": {"count": 1508, "latency": {"request_latency": {"mean": 99.46995627830519, "min": 47.13398173288442, "p0.1": 47.238264058928934, "p1": 47.73824901642511, "p5": 49.386501701304226, "p10": 50.19304993106052, "p25": 56.25508863508003, "median": 93.55648442008533, "p75": 131.29176802485017, "p90": 149.78380115432665, "p95": 157.41921773101203, "p99": 175.83079331297893, "p99.9": 177.28607710377804, "max": 177.32114894501865}, "normalized_time_per_output_token": {"mean": 0.21023196973940492, "min": 0.02473773131739729, "p0.1": 0.036233684664919386, "p1": 0.047852024131140765, "p5": 0.04968656566644224, "p10": 0.05059408589985662, "p25": 0.059269265140068854, "median": 0.09701908051257205, "p75": 0.13584808268024243, "p90": 0.16255501370999076, "p95": 0.356780337954645, "p99": 3.874119675231846, "p99.9": 5.173213718607861, "max": 7.051243160081167}, "time_per_output_token": {"mean": 0.02485247660887434, "min": 0.012652601296340917, "p0.1": 0.012652843728763, "p1": 0.01313278196002196, "p5": 0.015448620400230016, "p10": 0.021127541887195504, "p25": 0.02339408090115287, "median": 0.02403736658599591, "p75": 0.025049363099935017, "p90": 0.030736344636812137, "p95": 0.038450198510582824, "p99": 0.04343338489270318, "p99.9": 0.045478144985624296, "max": 0.04602055074107172}, "time_to_first_token": {"mean": 49.677257600363, "min": 0.1322102879639715, "p0.1": 0.1373788728537038, "p1": 0.17852906480664388, "p5": 1.032819015788846, "p10": 1.6433340806746857, "p25": 3.165462962409947, "median": 45.224941380904056, "p75": 84.09141953039216, "p90": 101.26895529716275, "p95": 127.6163014621241, "p99": 141.72067331886387, "p99.9": 144.53565067876272, "max": 145.01452277693897}, "inter_token_latency": {"mean": 0.024852476608874338, "min": 2.378830686211586e-06, "p0.1": 3.3080577850341797e-06, "p1": 1.412397250533104e-05, "p5": 2.1105865016579628e-05, "p10": 2.6812078431248665e-05, "p25": 4.289904609322548e-05, "median": 0.0003434550017118454, "p75": 0.03595324815250933, "p90": 0.03818311069626361, "p95": 0.04059010995551944, "p99": 0.18334498551674616, "p99.9": 0.667318151959687, "max": 42.08680328493938}}, "throughput": {"input_tokens_per_sec": 56137.80041517727, "output_tokens_per_sec": 6935.087048583, "total_tokens_per_sec": 63072.88746376027, "requests_per_sec": 7.408971340850261}, "prompt_len": {"mean": 7577.003315649868, "min": 7507.0, "p0.1": 7507.507, "p1": 7513.0, "p5": 7530.0, "p10": 7540.0, "p25": 7561.0, "median": 7578.0, "p75": 7595.0, "p90": 7608.0, "p95": 7615.0, "p99": 7634.93, "p99.9": 7649.944000000001, "max": 7654.0}, "output_len": {"mean": 936.039124668435, "min": 13.0, "p0.1": 20.0, "p1": 32.0, "p5": 230.0, "p10": 932.8000000000001, "p25": 991.0, "median": 997.0, "p75": 1000.0, "p90": 1000.0, "p95": 1000.0, "p99": 1001.0, "p99.9": 1491.0560000001642, "max": 1999.0}}, "failures": {"count": 0, "request_latency": null, "prompt_len": null}}