{"load_summary": {"count": 60, "schedule_delay": {"mean": 0.0009933267681238552, "min": 7.643713615834713e-05, "p0.1": 8.177647762931884e-05, "p1": 0.00012983055086806416, "p5": 0.0002404921455308795, "p10": 0.0003235776675865054, "p25": 0.0005933612701483071, "median": 0.001012320863083005, "p75": 0.0013233685749582946, "p90": 0.0016207164386287333, "p95": 0.0017378193326294418, "p99": 0.0023178750835359096, "p99.9": 0.0023282414693385363, "max": 0.0023293932899832726}, "send_duration": 17.67502911319025, "requested_rate": 3.0, "achieved_rate": 3.3946195853914674}, "successes": {"count": 60, "latency": {"request_latency": {"mean": 25.4050058757149, "min": 23.983528654789552, "p0.1": 23.98611868577078, "p1": 24.00942896460183, "p5": 24.39734857490985, "p10": 24.74644198345486, "p25": 25.167626059032045, "median": 25.46591325441841, "p75": 25.752846098213922, "p90": 25.97113710078411, "p95": 26.268463645956945, "p99": 26.33771413425682, "p99.9": 26.350361053599745, "max": 26.351766266860068}, "normalized_time_per_output_token": {"mean": 0.02555801111685017, "min": 0.0240556957420156, "p0.1": 0.024065460319863504, "p1": 0.024153341520494656, "p5": 0.024560753968385227, "p10": 0.024947111937643655, "p25": 0.02537448498095286, "median": 0.02555810376652516, "p75": 0.025892461111537604, "p90": 0.026143488531606234, "p95": 0.026322566079531325, "p99": 0.026532502507228932, "p99.9": 0.02656359756016854, "max": 0.026567052566050717}, "time_per_output_token": {"mean": 0.012570905640064913, "min": 0.011875000361796248, "p0.1": 0.011877176870234839, "p1": 0.011896765446182163, "p5": 0.012091878528668564, "p10": 0.012256016469349259, "p25": 0.012454993389281577, "median": 0.012592897778595688, "p75": 0.012747522859189748, "p90": 0.012866157341631188, "p95": 0.0129758185090398, "p99": 0.013062683566201614, "p99.9": 0.013069496182068346, "max": 0.013070253139386872}, "time_to_first_token": {"mean": 0.1948455743258819, "min": 0.13269309792667627, "p0.1": 0.1328018450133968, "p1": 0.13378056879388167, "p5": 0.13595563570270314, "p10": 0.13944741983432324, "p25": 0.1468285788432695, "median": 0.1576061185915023, "p75": 0.17184212349820882, "p90": 0.32857522603590045, "p95": 0.40075842192163674, "p99": 0.5300532994116657, "p99.9": 0.5327519337905106, "max": 0.5330517820548266}, "inter_token_latency": {"mean": 0.012570905640064911, "min": 2.537854015827179e-06, "p0.1": 4.139566095545888e-06, "p1": 1.638136338442564e-05, "p5": 2.3321842309087516e-05, "p10": 3.708191215991974e-05, "p25": 4.6508852392435074e-05, "median": 0.0002440835814923048, "p75": 0.024844854546245188, "p90": 0.025623719883151354, "p95": 0.026101373659912497, "p99": 0.02784240919165315, "p99.9": 0.1014785931827501, "max": 0.4751239870674908}}, "throughput": {"input_tokens_per_sec": 10618.978001378411, "output_tokens_per_sec": 1393.2027380065683, "total_tokens_per_sec": 12012.18073938498, "requests_per_sec": 1.401518413929215}, "prompt_len": {"mean": 7576.766666666666, "min": 7517.0, "p0.1": 7517.708, "p1": 7524.08, "p5": 7540.45, "p10": 7548.7, "p25": 7564.0, "median": 7577.5, "p75": 7595.25, "p90": 7603.0, "p95": 7606.0, "p99": 7616.46, "p99.9": 7619.646, "max": 7620.0}, "output_len": {"mean": 994.0666666666667, "min": 956.0, "p0.1": 956.413, "p1": 960.13, "p5": 967.9, "p10": 972.9, "p25": 993.0, "median": 998.0, "p75": 1000.0, "p90": 1000.0, "p95": 1000.0, "p99": 1001.41, "p99.9": 1001.941, "max": 1002.0}}, "failures": {"count": 0, "request_latency": null, "prompt_len": null}}