{"load_summary": {}, "successes": {"count": 1470, "rate": 6.837209, "prompt_len": {"mean": 0, "rate": 51768.992354}, "output_len": {"mean": 0, "rate": 6837.770068}, "queue_len": {"mean": 0}, "request_latency": {"mean": 97.942565, "median": 99.058824, "p90": 208.330341, "p99": 236.833034}, "time_to_first_token": {"mean": 47.374774, "median": 59.354839, "p90": 137.685009, "p99": 157.768501}, "time_per_output_token": {"mean": 0.050684, "median": 0.037705, "p90": 0.048028, "p99": 0.61369}, "kv_cache_usage_percentage": {"mean": 0.0, "median": 0.0, "p90": 0.0, "p99": 0.0}, "num_requests_swapped": {"mean": 0}, "num_preemptions_total": {"mean": 0}, "prefix_cache_hit_percent": {"mean": 58.62233111742029}}, "failures": {}}