{"load_summary": {"count": 17084, "schedule_delay": {"mean": 0.0011530863593109614, "min": -0.0015395928639918566, "p0.1": -0.00062033860408701, "p1": -0.0002801929088309407, "p5": 4.660135600715877e-05, "p10": 0.00024368036538362505, "p25": 0.0005830257432535291, "median": 0.000970958499237895, "p75": 0.0013830644311383367, "p90": 0.0017779923276975752, "p95": 0.002040372835472226, "p99": 0.0028887065080925645, "p99.9": 0.07179057762283733, "max": 0.19418612704612315}}, "successes": {"count": 17084, "latency": {"request_latency": {"mean": 81.31856073144034, "min": 23.983528654789552, "p0.1": 25.210318818949162, "p1": 27.465378755254207, "p5": 39.4634692432126, "p10": 44.076718119787984, "p25": 48.645158083410934, "median": 63.7547498755157, "p75": 116.27202287380351, "p90": 137.01487727479542, "p95": 149.75380461587335, "p99": 167.08138148756456, "p99.9": 178.78011804649333, "max": 183.21198966703378}, "normalized_time_per_output_token": {"mean": 0.20758353962910633, "min": 0.013627885420247166, "p0.1": 0.024958938413173194, "p1": 0.027491777431139976, "p5": 0.040292131279563166, "p10": 0.04466235062972675, "p25": 0.049468904643886306, "median": 0.0829489611397321, "p75": 0.12891319302033685, "p90": 0.1546638947250449, "p95": 0.37458186938952, "p99": 3.3724237306150147, "p99.9": 5.322969709924481, "max": 92.32217395189218}, "time_per_output_token": {"mean": 0.024232327407880637, "min": 0.011875000361796248, "p0.1": 0.012466142196202375, "p1": 0.013115950113721844, "p5": 0.01488698770562401, "p10": 0.018729453517341878, "p25": 0.02264253254737826, "median": 0.02396361805448101, "p75": 0.025172378465937947, "p90": 0.02827326256920515, "p95": 0.03612279592400489, "p99": 0.04318851876349281, "p99.9": 0.04585279365704793, "max": 0.047425277243395784}, "time_to_first_token": {"mean": 32.764074466317204, "min": 0.057251957012340426, "p0.1": 0.06418888621125371, "p1": 0.07696825441671536, "p5": 0.13937562961364164, "p10": 0.17313778484240175, "p25": 0.3195688809501007, "median": 3.6567540236283094, "p75": 73.93229125719517, "p90": 88.72753762663342, "p95": 98.26513615873408, "p99": 135.14447171948385, "p99.9": 144.07843001842082, "max": 145.25184496399015}, "inter_token_latency": {"mean": 0.024232329941193453, "min": 2.2721942514181137e-06, "p0.1": 2.998858690261841e-06, "p1": 1.3454118743538857e-05, "p5": 2.0734965801239014e-05, "p10": 2.6416964828968048e-05, "p25": 4.200008697807789e-05, "median": 0.00032539735548198223, "p75": 0.036744363082107157, "p90": 0.04181837905198335, "p95": 0.043717365874908855, "p99": 0.13440842263866104, "p99.9": 0.6431442197947989, "max": 44.04178646905348}}, "throughput": {"input_tokens_per_sec": 51930.55070431622, "output_tokens_per_sec": 6400.326145567799, "total_tokens_per_sec": 58330.87684988402, "requests_per_sec": 6.8537744981094235}, "prompt_len": {"mean": 7576.927241863732, "min": 7507.0, "p0.1": 7507.0, "p1": 7513.0, "p5": 7530.0, "p10": 7540.0, "p25": 7561.0, "median": 7578.0, "p75": 7595.0, "p90": 7608.0, "p95": 7615.0, "p99": 7635.0, "p99.9": 7654.0, "max": 7654.0}, "output_len": {"mean": 933.8396160149848, "min": 1.0, "p0.1": 19.0, "p1": 32.0, "p5": 189.0, "p10": 923.0, "p25": 991.0, "median": 997.0, "p75": 1000.0, "p90": 1000.0, "p95": 1000.0, "p99": 1000.0, "p99.9": 1999.0, "max": 1999.0}}, "failures": {"count": 0, "request_latency": null, "prompt_len": null}}