{"load_summary": {}, "successes": {"count": 17084, "rate": 6.565719, "prompt_len": {"mean": 0, "rate": 49709.716455}, "output_len": {"mean": 0, "rate": 6565.418434}, "queue_len": {"mean": 0}, "request_latency": {"mean": 81.202819, "median": 61.212654, "p90": 189.77756, "p99": 234.977756}, "time_to_first_token": {"mean": 32.722177, "median": 3.909821, "p90": 123.156419, "p99": 156.315642}, "time_per_output_token": {"mean": 0.048538, "median": 0.037732, "p90": 0.048189, "p99": 0.552439}, "kv_cache_usage_percentage": {"mean": 0.0, "median": 0.0, "p90": 0.0, "p99": 0.0}, "num_requests_swapped": {"mean": 0}, "num_preemptions_total": {"mean": 0}, "prefix_cache_hit_percent": {"mean": 61.43202940561828}}, "failures": {}}