{"load_summary": {"count": 15000, "schedule_delay": {"mean": 0.0013044772330167082, "min": -0.0015262485248968005, "p0.1": -0.0007507729897624813, "p1": -0.00024400948313996196, "p5": 0.00010050451091956348, "p10": 0.0003009932232089341, "p25": 0.0006428531341953203, "median": 0.0010337206767871976, "p75": 0.0014610257931053638, "p90": 0.0019241651985794307, "p95": 0.002345194426015951, "p99": 0.0037282511452212987, "p99.9": 0.10039851171599017, "max": 0.12367476290091872}, "send_duration": 59.999812074005604, "requested_rate": 250.0, "achieved_rate": 250.00078302742918}, "successes": {"count": 2364, "latency": {"request_latency": {"mean": 203.94271574674013, "min": 147.3160433640005, "p0.1": 147.44191594329052, "p1": 149.9860548253212, "p5": 153.75658700088388, "p10": 156.55399323829914, "p25": 164.16724239324685, "median": 203.23276908049593, "p75": 236.2630801264895, "p90": 255.57200899969322, "p95": 281.06997277245387, "p99": 297.54609531343624, "p99.9": 299.8506978911182, "max": 300.04567613004474}, "normalized_time_per_output_token": {"mean": 0.21418399020099102, "min": 0.14370428592071902, "p0.1": 0.14721235147784345, "p1": 0.1502257639928673, "p5": 0.15522409203825369, "p10": 0.1590350279395716, "p25": 0.16873297765193018, "median": 0.20997658186438795, "p75": 0.24473040639612112, "p90": 0.27145941883757196, "p95": 0.2948505762892729, "p99": 0.3314735517508622, "p99.9": 0.6676957968471079, "max": 3.0545904435589306}, "time_per_output_token": {"mean": 0.10174713494382656, "min": 0.0735476153833128, "p0.1": 0.07358999662475663, "p1": 0.07487811572259703, "p5": 0.07674529164795822, "p10": 0.07814223043414809, "p25": 0.0819202329616585, "median": 0.10142255546651077, "p75": 0.1178475205603351, "p90": 0.12745937353182668, "p95": 0.14017598996761133, "p99": 0.14845098360044467, "p99.9": 0.1496180086065679, "max": 0.14969542945477657}, "time_to_first_token": {"mean": 0.2890158771981829, "min": 0.07973478396888822, "p0.1": 0.08184571684646653, "p1": 0.09613922333926894, "p5": 0.11971620008407627, "p10": 0.13904996939236297, "p25": 0.18440661278145853, "median": 0.27740082098171115, "p75": 0.3759347222512588, "p90": 0.46461884491727695, "p95": 0.5145730447402457, "p99": 0.6083734328020364, "p99.9": 0.7042662274342172, "max": 0.7309811839950271}, "inter_token_latency": {"mean": 0.10174715575507551, "min": 2.5199842639267445e-06, "p0.1": 8.937876089476052e-06, "p1": 1.387100201100111e-05, "p5": 1.8866034224629402e-05, "p10": 2.3878004867583513e-05, "p25": 3.442598972469568e-05, "median": 0.000587791990255937, "p75": 0.13167966826586053, "p90": 0.24410299613955458, "p95": 0.29252287388371767, "p99": 0.6008432139619255, "p99.9": 0.785648771402196, "max": 136.2526121159899}}, "throughput": {"input_tokens_per_sec": 61581.449177301896, "output_tokens_per_sec": 6318.667820288354, "total_tokens_per_sec": 67900.11699759024, "requests_per_sec": 6.551072952768879}, "prompt_len": {"mean": 9400.20812182741, "min": 9334.0, "p0.1": 9334.0, "p1": 9351.0, "p5": 9358.0, "p10": 9366.0, "p25": 9381.0, "median": 9398.0, "p75": 9420.0, "p90": 9436.7, "p95": 9448.0, "p99": 9467.0, "p99.9": 9475.0, "max": 9475.0}, "output_len": {"mean": 964.524111675127, "min": 77.0, "p0.1": 272.888, "p1": 738.89, "p5": 800.3, "p10": 863.3, "p25": 969.0, "median": 1000.0, "p75": 1001.0, "p90": 1001.0, "p95": 1001.0, "p99": 1002.0, "p99.9": 1079.2130000000084, "max": 1339.0}}, "failures": {"count": 12636, "request_latency": {"mean": 300.510153808921, "min": 300.0086394820246, "p0.1": 300.0165952900768, "p1": 300.0333061841986, "p5": 300.07203311323246, "p10": 300.11790901448694, "p25": 300.2657569700241, "median": 300.50901822550804, "p75": 300.7504433492577, "p90": 300.9090020029689, "p95": 300.9543560702441, "p99": 300.99292274888137, "p99.9": 301.0019219057035, "max": 301.0189242240158}, "prompt_len": {"mean": 0.0, "min": 0.0, "p0.1": 0.0, "p1": 0.0, "p5": 0.0, "p10": 0.0, "p25": 0.0, "median": 0.0, "p75": 0.0, "p90": 0.0, "p95": 0.0, "p99": 0.0, "p99.9": 0.0, "max": 0.0}}}