{"load_summary": {"count": 9000, "schedule_delay": {"mean": 0.0012851204121123172, "min": -0.0013898491160944104, "p0.1": -0.0007359861868899316, "p1": -0.00021171139553189278, "p5": 0.00013154417683836073, "p10": 0.0003073184459935874, "p25": 0.0006388898764271289, "median": 0.0010156321513932198, "p75": 0.0014129885385045782, "p90": 0.0018328479549381887, "p95": 0.002169584567309355, "p99": 0.0033006861532339864, "p99.9": 0.08717075358872554, "max": 0.10852746578166261}, "send_duration": 59.99868919397704, "requested_rate": 150.0, "achieved_rate": 150.00327708665114}, "successes": {"count": 2353, "latency": {"request_latency": {"mean": 197.92183903831003, "min": 138.12255155300954, "p0.1": 138.2678559128656, "p1": 139.76139960224506, "p5": 142.99219987880207, "p10": 146.18315450043883, "p25": 154.2816377399722, "median": 195.22019406000618, "p75": 232.23266013001557, "p90": 269.8649449206074, "p95": 286.0143570345943, "p99": 297.32957532360916, "p99.9": 299.6286714454098, "max": 300.0353252119967}, "normalized_time_per_output_token": {"mean": 0.20637808777399588, "min": 0.1381236695484807, "p0.1": 0.1384236309386524, "p1": 0.1407387078638516, "p5": 0.1449396590643417, "p10": 0.14859223231459037, "p25": 0.15761392388911966, "median": 0.20186733320681285, "p75": 0.23891579976361899, "p90": 0.28112589821942086, "p95": 0.2954875149288961, "p99": 0.34561164884746687, "p99.9": 0.5738204471616737, "max": 1.058809035355484}, "time_per_output_token": {"mean": 0.0987475464391155, "min": 0.06893648329537189, "p0.1": 0.06899058707173716, "p1": 0.06972556034748469, "p5": 0.07138104627826025, "p10": 0.0729402553374313, "p25": 0.07700272973464883, "median": 0.09741838907798299, "p75": 0.11586547154772758, "p90": 0.13457424543149393, "p95": 0.1426468502151778, "p99": 0.1482647220258029, "p99.9": 0.14943261762033114, "max": 0.1497244603298281}, "time_to_first_token": {"mean": 0.2706320852182397, "min": 0.06707874999847263, "p0.1": 0.0737708445941098, "p1": 0.08698330246610567, "p5": 0.10902788259554655, "p10": 0.12419323399662971, "p25": 0.16831202094908804, "median": 0.25109383201925084, "p75": 0.35516688600182533, "p90": 0.4356822340399959, "p95": 0.48105869580758737, "p99": 0.5806925715948456, "p99.9": 0.962920351766517, "max": 0.9788017880055122}, "inter_token_latency": {"mean": 0.09874759593744735, "min": 2.582964953035116e-06, "p0.1": 1.031096326187253e-05, "p1": 1.4230026863515377e-05, "p5": 1.937296474352479e-05, "p10": 2.4299020878970623e-05, "p25": 3.606703830882907e-05, "median": 0.0005458260420709848, "p75": 0.1309631029726006, "p90": 0.23369823619723323, "p95": 0.289241860830225, "p99": 0.4549830203223961, "p99.9": 0.6308001337554366, "max": 145.64071370498277}}, "throughput": {"input_tokens_per_sec": 61395.15988884922, "output_tokens_per_sec": 6316.368088677239, "total_tokens_per_sec": 67711.52797752646, "requests_per_sec": 6.531459343065448}, "prompt_len": {"mean": 9399.914577135572, "min": 9334.0, "p0.1": 9334.0, "p1": 9351.0, "p5": 9359.0, "p10": 9366.0, "p25": 9381.0, "median": 9397.0, "p75": 9419.0, "p90": 9436.0, "p95": 9448.0, "p99": 9467.0, "p99.9": 9475.0, "max": 9475.0}, "output_len": {"mean": 967.0684232894178, "min": 209.0, "p0.1": 382.28799999999995, "p1": 743.04, "p5": 801.0, "p10": 873.0, "p25": 976.0, "median": 1000.0, "p75": 1001.0, "p90": 1001.0, "p95": 1001.0, "p99": 1002.0, "p99.9": 1012.0, "max": 1031.0}}, "failures": {"count": 6647, "request_latency": {"mean": 284.96073788227187, "min": 60.50500002299668, "p0.1": 62.492706305770206, "p1": 170.48566084263388, "p5": 183.99724894046668, "p10": 186.5643056491972, "p25": 300.15143748599803, "median": 300.4383694489952, "p75": 300.71821572099, "p90": 300.88661565182264, "p95": 300.9451332516852, "p99": 300.9896857068106, "p99.9": 301.000993397234, "max": 301.00267239799723}, "prompt_len": {"mean": 0.0, "min": 0.0, "p0.1": 0.0, "p1": 0.0, "p5": 0.0, "p10": 0.0, "p25": 0.0, "median": 0.0, "p75": 0.0, "p90": 0.0, "p95": 0.0, "p99": 0.0, "p99.9": 0.0, "max": 0.0}}}