{"load_summary": {"count": 24000, "schedule_delay": {"mean": 0.001365761287318795, "min": -0.0014355132007040083, "p0.1": -0.0007484929438214749, "p1": -0.00025691124610602854, "p5": 0.00011789936979766936, "p10": 0.0003128347278106958, "p25": 0.0006525036587845534, "median": 0.0010493547888472676, "p75": 0.0014794222661294043, "p90": 0.001972135528922081, "p95": 0.0024816659541102106, "p99": 0.004707285246695357, "p99.9": 0.09649767096790607, "max": 0.16163163090823218}, "send_duration": 60.00031991000287, "requested_rate": 400.0, "achieved_rate": 399.9978672780188}, "successes": {"count": 2290, "latency": {"request_latency": {"mean": 209.0487345747128, "min": 156.0981052920106, "p0.1": 156.15442947478755, "p1": 158.04643207173328, "p5": 161.46965721216984, "p10": 164.63382852431968, "p25": 171.12437302351464, "median": 208.2140618910198, "p75": 241.23059530025057, "p90": 259.397435592633, "p95": 267.5674748058314, "p99": 297.2797052081407, "p99.9": 299.76780331508746, "max": 300.020287945983}, "normalized_time_per_output_token": {"mean": 0.21811239961877288, "min": 0.10323957405629201, "p0.1": 0.15612658228456858, "p1": 0.1586560463762031, "p5": 0.16304905369408865, "p10": 0.1662233993009643, "p25": 0.17473162350606572, "median": 0.2142172798829115, "p75": 0.24902938800088897, "p90": 0.2748383696250677, "p95": 0.2973997128983728, "p99": 0.33590097814931574, "p99.9": 0.619355730261872, "max": 1.065934123768885}, "time_per_output_token": {"mean": 0.1042621908907599, "min": 0.07791196005396789, "p0.1": 0.07792648083324594, "p1": 0.07889065126098505, "p5": 0.0805811838955017, "p10": 0.08217215365182184, "p25": 0.08536711210596415, "median": 0.10388898751875297, "p75": 0.12028112019676962, "p90": 0.12937097856052057, "p95": 0.1333862383908839, "p99": 0.14809167106221233, "p99.9": 0.14946881930448622, "max": 0.14956208338630783}, "time_to_first_token": {"mean": 0.3601529668252529, "min": 0.07241988397436216, "p0.1": 0.08930859710130608, "p1": 0.11551259337284137, "p5": 0.14300122297136114, "p10": 0.1647534886142239, "p25": 0.22380978149885777, "median": 0.3529701075167395, "p75": 0.4758079405146418, "p90": 0.5817135284130927, "p95": 0.6330306221207138, "p99": 0.7396916214498928, "p99.9": 0.866179090942549, "max": 0.8970344049739651}, "inter_token_latency": {"mean": 0.10426219089075989, "min": 2.4640467017889023e-06, "p0.1": 8.773440786171703e-06, "p1": 1.4093995559960604e-05, "p5": 1.9239960238337517e-05, "p10": 2.4179893080145142e-05, "p25": 3.466597991064191e-05, "median": 0.0006039754953235388, "p75": 0.12890577323560137, "p90": 0.23906435130629694, "p95": 0.2949842144444119, "p99": 0.769386393838213, "p99.9": 1.1865586922683873, "max": 128.80193642398808}}, "throughput": {"input_tokens_per_sec": 59701.22839045719, "output_tokens_per_sec": 6140.977525638448, "total_tokens_per_sec": 65842.20591609564, "requests_per_sec": 6.351073247377232}, "prompt_len": {"mean": 9400.179475982533, "min": 9334.0, "p0.1": 9334.0, "p1": 9351.0, "p5": 9358.0, "p10": 9366.0, "p25": 9381.0, "median": 9398.0, "p75": 9420.0, "p90": 9437.0, "p95": 9448.0, "p99": 9467.0, "p99.9": 9475.0, "max": 9475.0}, "output_len": {"mean": 966.9196506550219, "min": 223.0, "p0.1": 405.61600000000004, "p1": 748.0, "p5": 814.45, "p10": 874.0, "p25": 972.0, "median": 1000.0, "p75": 1001.0, "p90": 1001.0, "p95": 1001.0, "p99": 1002.0, "p99.9": 1019.7110000000002, "max": 1564.0}}, "failures": {"count": 21710, "request_latency": {"mean": 298.1531135531524, "min": 60.36411785701057, "p0.1": 62.4011672282067, "p1": 186.40128167627495, "p5": 300.06257290668725, "p10": 300.11325553698117, "p25": 300.26080005199765, "median": 300.5089127594838, "p75": 300.755834378273, "p90": 300.90563406416334, "p95": 300.95419133247924, "p99": 300.99466344153103, "p99.9": 301.00357609948423, "max": 301.0481525840005}, "prompt_len": {"mean": 0.0, "min": 0.0, "p0.1": 0.0, "p1": 0.0, "p5": 0.0, "p10": 0.0, "p25": 0.0, "median": 0.0, "p75": 0.0, "p90": 0.0, "p95": 0.0, "p99": 0.0, "p99.9": 0.0, "max": 0.0}}}