{"load_summary": {"count": 480, "schedule_delay": {"mean": 0.0010658869022639314, "min": -0.0010886731906794012, "p0.1": -0.0009692532597691751, "p1": -0.00027313225029502064, "p5": 5.956632085144526e-05, "p10": 0.00023841076181270186, "p25": 0.0005668441735906526, "median": 0.0009247369016520679, "p75": 0.0012802035344066098, "p90": 0.0016050390957389029, "p95": 0.0018054430227493858, "p99": 0.002418759383726863, "p99.9": 0.03445754157332839, "max": 0.043486977578140795}, "send_duration": 59.94942701701075, "requested_rate": 8.0, "achieved_rate": 8.006748752807916}, "successes": {"count": 480, "latency": {"request_latency": {"mean": 32.66366595060208, "min": 27.70466987398686, "p0.1": 27.715920205439673, "p1": 27.837290816003225, "p5": 28.351727124105672, "p10": 29.20504158778931, "p25": 30.69826265949814, "median": 32.834464202984236, "p75": 34.45268471851887, "p90": 36.09816583980573, "p95": 36.58054817918746, "p99": 36.857971478231484, "p99.9": 36.97172999953391, "max": 36.976237424998544}, "normalized_time_per_output_token": {"mean": 0.03387430569704491, "min": 0.027728156996017786, "p0.1": 0.027747075911966443, "p1": 0.02808749118958913, "p5": 0.028832392707473464, "p10": 0.029699121655894993, "p25": 0.03167891265050843, "median": 0.033403196034639336, "p75": 0.036046984817649654, "p90": 0.037706971200358895, "p95": 0.040009469976163094, "p99": 0.04412035396636158, "p99.9": 0.044807417418973386, "max": 0.044884377710828136}, "time_per_output_token": {"mean": 0.016244662181989653, "min": 0.013785966709150287, "p0.1": 0.013789564709382845, "p1": 0.013836904679112234, "p5": 0.01410295238934902, "p10": 0.01452142896681283, "p25": 0.015275307291485279, "median": 0.016331267509000796, "p75": 0.017139443078079263, "p90": 0.017957050731312648, "p95": 0.018194720078117635, "p99": 0.018339115001025554, "p99.9": 0.018396697392230616, "max": 0.018399348801104533}, "time_to_first_token": {"mean": 0.10358038283072044, "min": 0.06576101196696982, "p0.1": 0.06586683792492841, "p1": 0.07113759985659271, "p5": 0.07708629294647835, "p10": 0.08256988241919316, "p25": 0.09176027122884989, "median": 0.10212962949299254, "p75": 0.1138130307517713, "p90": 0.12575131859630348, "p95": 0.13263432653620838, "p99": 0.15103734513802916, "p99.9": 0.17305827926774672, "max": 0.18387586198514327}, "inter_token_latency": {"mean": 0.016244662181989653, "min": 2.430984750390053e-06, "p0.1": 3.402952919714153e-06, "p1": 1.307976432144642e-05, "p5": 1.7902988474816084e-05, "p10": 2.288800897076726e-05, "p25": 3.8430021959356964e-05, "median": 0.0002681525074876845, "p75": 0.031735379714518785, "p90": 0.036342135496670376, "p95": 0.038391071456135246, "p99": 0.04604790854966255, "p99.9": 0.07704399096086886, "max": 0.1277105089975521}}, "throughput": {"input_tokens_per_sec": 49624.36663181066, "output_tokens_per_sec": 5110.339289567254, "total_tokens_per_sec": 54734.705921377914, "requests_per_sec": 5.279094338590875}, "prompt_len": {"mean": 9400.166666666666, "min": 9334.0, "p0.1": 9334.0, "p1": 9351.0, "p5": 9358.95, "p10": 9366.0, "p25": 9381.0, "median": 9398.0, "p75": 9420.0, "p90": 9436.1, "p95": 9448.0, "p99": 9467.0, "p99.9": 9475.0, "max": 9475.0}, "output_len": {"mean": 968.0333333333333, "min": 739.0, "p0.1": 744.269, "p1": 772.53, "p5": 825.0, "p10": 869.9, "p25": 969.0, "median": 1000.0, "p75": 1001.0, "p90": 1001.0, "p95": 1001.0, "p99": 1001.0, "p99.9": 1014.6890000000006, "max": 1019.0}}, "failures": {"count": 0, "request_latency": null, "prompt_len": null}}