{"load_summary": {"count": 1500, "schedule_delay": {"mean": 0.0010178210927406326, "min": -0.0005102527793496847, "p0.1": -0.00043879408575594423, "p1": -0.00020176024932879954, "p5": 9.860447316896171e-05, "p10": 0.00028415509150363504, "p25": 0.0005817383644171059, "median": 0.0009367582679260522, "p75": 0.0013053353322902694, "p90": 0.0016886029392480851, "p95": 0.001900470227701589, "p99": 0.0024907229293603442, "p99.9": 0.025419721061248676, "max": 0.0345136733376421}, "send_duration": 59.987767623970285, "requested_rate": 25.0, "achieved_rate": 25.00509786266193}, "successes": {"count": 1500, "latency": {"request_latency": {"mean": 76.9277911593682, "min": 45.84382409200771, "p0.1": 46.332015029791506, "p1": 47.685438423228916, "p5": 54.3532712277025, "p10": 63.272485914704156, "p25": 71.31056408873701, "median": 78.29625993798254, "p75": 84.58108583551075, "p90": 90.34171573639034, "p95": 93.15065053146972, "p99": 94.07356466502533, "p99.9": 94.13149820078065, "max": 94.16875782399438}, "normalized_time_per_output_token": {"mean": 0.08007108533077786, "min": 0.04630454068133081, "p0.1": 0.04665976955133899, "p1": 0.048780587821614915, "p5": 0.05567483173047575, "p10": 0.06521329297980968, "p25": 0.07340250272342856, "median": 0.07954460180055048, "p75": 0.0873840625155135, "p90": 0.09402257212589808, "p95": 0.10014399175203408, "p99": 0.11382367356449523, "p99.9": 0.14166103298697805, "max": 0.15441899234754874}, "time_per_output_token": {"mean": 0.038332246380386736, "min": 0.022842049608206044, "p0.1": 0.02308679637082054, "p1": 0.023746684850423073, "p5": 0.02709243344784743, "p10": 0.03154532735477488, "p25": 0.0355242499877597, "median": 0.03900301732306568, "p75": 0.042167584890704095, "p90": 0.04504852164149828, "p95": 0.046414090390503315, "p99": 0.04688504924387045, "p99.9": 0.04692731279900768, "max": 0.04693577487756713}, "time_to_first_token": {"mean": 0.1666486710361593, "min": 0.06924993399297819, "p0.1": 0.07067663149989675, "p1": 0.07575904099270701, "p5": 0.08646736184891779, "p10": 0.09605405288748443, "p25": 0.12011387449456379, "median": 0.15916840700083412, "p75": 0.20865200876141898, "p90": 0.24613359068753204, "p95": 0.26851341740693896, "p99": 0.3003977506549563, "p99.9": 0.3425790213835448, "max": 0.3639359130174853}, "inter_token_latency": {"mean": 0.03833224638038674, "min": 2.5490298867225647e-06, "p0.1": 4.228000703733414e-06, "p1": 1.2903008027933537e-05, "p5": 1.811899710446596e-05, "p10": 2.302299253642559e-05, "p25": 3.436300903558731e-05, "median": 0.0003443890018388629, "p75": 0.07924112846376374, "p90": 0.09660087580559776, "p95": 0.10736008550738915, "p99": 0.1309267877921228, "p99.9": 0.17962259096344596, "max": 10.342757055943366}}, "throughput": {"input_tokens_per_sec": 99344.54920290329, "output_tokens_per_sec": 10211.114212157021, "total_tokens_per_sec": 109555.6634150603, "requests_per_sec": 10.568389176663299}, "prompt_len": {"mean": 9400.16, "min": 9334.0, "p0.1": 9334.0, "p1": 9351.0, "p5": 9358.0, "p10": 9366.0, "p25": 9381.0, "median": 9398.0, "p75": 9420.0, "p90": 9436.1, "p95": 9448.0, "p99": 9467.0, "p99.9": 9475.0, "max": 9475.0}, "output_len": {"mean": 966.194, "min": 518.0, "p0.1": 597.347, "p1": 746.99, "p5": 803.0, "p10": 861.0, "p25": 974.0, "median": 1000.0, "p75": 1001.0, "p90": 1001.0, "p95": 1001.0, "p99": 1002.0, "p99.9": 1023.0040000000008, "max": 1061.0}}, "failures": {"count": 0, "request_latency": null, "prompt_len": null}}