{"load_summary": {"count": 900, "schedule_delay": {"mean": 0.001162348291125252, "min": -0.0011798947234638035, "p0.1": -0.0010534398868330755, "p1": -0.00029562039417214693, "p5": 6.836863467469817e-05, "p10": 0.00025407036882825197, "p25": 0.0005534112133318558, "median": 0.000933851464651525, "p75": 0.0012863640731666237, "p90": 0.001686931203585118, "p95": 0.001912603713572025, "p99": 0.0031338366301497055, "p99.9": 0.03474470169376662, "max": 0.041180048894602805}, "send_duration": 59.96826977597084, "requested_rate": 15.0, "achieved_rate": 15.007936753256605}, "successes": {"count": 900, "latency": {"request_latency": {"mean": 45.57416694868544, "min": 32.505263230006676, "p0.1": 32.66293447447644, "p1": 33.14140635507647, "p5": 34.68927068372432, "p10": 36.80265407338156, "p25": 42.757243370462675, "median": 46.960108718514675, "p75": 49.0308597774856, "p90": 51.49983898828505, "p95": 52.343524814411644, "p99": 52.803923010108996, "p99.9": 52.82683813802997, "max": 52.83879414398689}, "normalized_time_per_output_token": {"mean": 0.04740936620263263, "min": 0.03250526323000667, "p0.1": 0.03263358392214053, "p1": 0.033361072675503686, "p5": 0.03600893211593784, "p10": 0.03883819984493852, "p25": 0.043749689421471685, "median": 0.047834944201006376, "p75": 0.051227257616973935, "p90": 0.05419289804199591, "p95": 0.05765585915280105, "p99": 0.06491971622783695, "p99.9": 0.06947587735297003, "max": 0.07178815471833623}, "time_per_output_token": {"mean": 0.022684248576903362, "min": 0.016178797757106907, "p0.1": 0.01625149453491411, "p1": 0.01648775348627235, "p5": 0.017265196586535816, "p10": 0.018316079352087906, "p25": 0.02124512766265858, "median": 0.023369852760362193, "p75": 0.02440402770377074, "p90": 0.02564090546657171, "p95": 0.026081648447699713, "p99": 0.026295425340170573, "p99.9": 0.026308956127296796, "max": 0.026311473433783084}, "time_to_first_token": {"mean": 0.12646503916572935, "min": 0.06762632698519155, "p0.1": 0.0677744309323025, "p1": 0.07477063372673001, "p5": 0.08236338571005035, "p10": 0.08911344078951515, "p25": 0.10493162852071691, "median": 0.12537629299913533, "p75": 0.14426721628115047, "p90": 0.1662560431577731, "p95": 0.17889091921097133, "p99": 0.2042943548626499, "p99.9": 0.21822114062018289, "max": 0.2231440789764747}, "inter_token_latency": {"mean": 0.022684248576903362, "min": 2.4160253815352917e-06, "p0.1": 3.4070108085870743e-06, "p1": 1.2803997378796339e-05, "p5": 1.7974001821130514e-05, "p10": 2.2849009837955236e-05, "p25": 3.5047007258981466e-05, "median": 0.0002743949880823493, "p75": 0.04438530751212966, "p90": 0.05286570008611306, "p95": 0.05552291484491433, "p99": 0.06971434574516025, "p99.9": 0.10393776448199174, "max": 0.18459887598874047}}, "throughput": {"input_tokens_per_sec": 82318.94554413765, "output_tokens_per_sec": 8457.559737055453, "total_tokens_per_sec": 90776.50528119311, "requests_per_sec": 8.757272524039296}, "prompt_len": {"mean": 9400.066666666668, "min": 9334.0, "p0.1": 9334.0, "p1": 9351.0, "p5": 9358.95, "p10": 9366.0, "p25": 9381.0, "median": 9398.0, "p75": 9420.0, "p90": 9436.1, "p95": 9448.0, "p99": 9467.0, "p99.9": 9475.0, "max": 9475.0}, "output_len": {"mean": 965.7755555555556, "min": 518.0, "p0.1": 660.941, "p1": 755.91, "p5": 806.9, "p10": 875.0, "p25": 964.75, "median": 1000.0, "p75": 1001.0, "p90": 1001.0, "p95": 1001.0, "p99": 1001.0, "p99.9": 1003.5150000000017, "max": 1017.0}}, "failures": {"count": 0, "request_latency": null, "prompt_len": null}}