{"load_summary": {"count": 27000, "schedule_delay": {"mean": 0.001909430667247054, "min": -0.0016459532198496163, "p0.1": -0.0008048321624519303, "p1": -0.00018207182234618812, "p5": 0.00022791160736232997, "p10": 0.0004373337549623102, "p25": 0.0008013335464056581, "median": 0.0012365001894067973, "p75": 0.0017604881286388263, "p90": 0.0025751119072083407, "p95": 0.003924750714213587, "p99": 0.011040411452413433, "p99.9": 0.14030483774952834, "max": 0.22918635403038934}, "send_duration": 60.000679082993884, "requested_rate": 450.0, "achieved_rate": 449.9949069351894}, "successes": {"count": 2271, "latency": {"request_latency": {"mean": 209.96046389395426, "min": 158.24234762898413, "p0.1": 158.32943841406959, "p1": 159.94416959736265, "p5": 163.27184163601487, "p10": 165.64712475502165, "p25": 171.70090011399589, "median": 209.27456570504, "p75": 242.46263628450106, "p90": 259.74712690204615, "p95": 267.36525413097115, "p99": 297.2953141413862, "p99.9": 299.6021585045167, "max": 300.0408264690195}, "normalized_time_per_output_token": {"mean": 0.2195557502509022, "min": 0.15816766097602042, "p0.1": 0.15833023024252965, "p1": 0.16046248898570697, "p5": 0.16453426068197585, "p10": 0.1674895093579592, "p25": 0.17638238637182552, "median": 0.2168211337747914, "p75": 0.2503504131307798, "p90": 0.27416210324974727, "p95": 0.29788235449852035, "p99": 0.33775591290024454, "p99.9": 0.4645060178626038, "max": 1.0990647893445231}, "time_per_output_token": {"mean": 0.10470848953289198, "min": 0.07898922883307977, "p0.1": 0.0790183229124306, "p1": 0.0798281380938292, "p5": 0.08136696044827402, "p10": 0.0826198673133493, "p25": 0.08568686779185516, "median": 0.1043280858435898, "p75": 0.12086678712044029, "p90": 0.1295225028805472, "p95": 0.13336803144578688, "p99": 0.1482382094451332, "p99.9": 0.14935602843607304, "max": 0.14953590866916794}, "time_to_first_token": {"mean": 0.3781162918168942, "min": 0.09834287100238726, "p0.1": 0.1066490237484686, "p1": 0.12598411639919505, "p5": 0.15430847549578175, "p10": 0.18133575603133067, "p25": 0.2398525199969299, "median": 0.3649072030093521, "p75": 0.49560392848798074, "p90": 0.5969606139697134, "p95": 0.6473833694763016, "p99": 0.7961500263598297, "p99.9": 0.9494372313329971, "max": 0.9711524849990383}, "inter_token_latency": {"mean": 0.10470850029006422, "min": 2.3979810066521168e-06, "p0.1": 5.349258193746209e-06, "p1": 1.3787008356302977e-05, "p5": 1.8595019355416298e-05, "p10": 2.368201967328787e-05, "p25": 3.4050026442855597e-05, "median": 0.0006454400136135519, "p75": 0.12671990098897368, "p90": 0.2311118969926613, "p95": 0.2944195114076137, "p99": 0.8644582647364593, "p99.9": 1.2340749274303682, "max": 125.01903800101718}}, "throughput": {"input_tokens_per_sec": 59280.32323496204, "output_tokens_per_sec": 6078.902673470989, "total_tokens_per_sec": 65359.22590843303, "requests_per_sec": 6.306316038496378}, "prompt_len": {"mean": 9400.151034786437, "min": 9334.0, "p0.1": 9334.0, "p1": 9351.0, "p5": 9358.0, "p10": 9366.0, "p25": 9381.0, "median": 9398.0, "p75": 9420.0, "p90": 9437.0, "p95": 9448.0, "p99": 9467.0, "p99.9": 9475.0, "max": 9475.0}, "output_len": {"mean": 963.9387934830471, "min": 209.0, "p0.1": 423.78, "p1": 734.8, "p5": 797.0, "p10": 865.0, "p25": 971.0, "median": 1000.0, "p75": 1001.0, "p90": 1001.0, "p95": 1001.0, "p99": 1001.3000000000002, "p99.9": 1016.9500000000071, "max": 1058.0}}, "failures": {"count": 24729, "request_latency": {"mean": 300.5211814413437, "min": 300.00315934297396, "p0.1": 300.03129267985605, "p1": 300.0489092399715, "p5": 300.0901237943908, "p10": 300.1407021008199, "p25": 300.2821285799728, "median": 300.519785779994, "p75": 300.75911793496925, "p90": 300.904142092797, "p95": 300.95316660180686, "p99": 300.99266710384984, "p99.9": 301.00227671966934, "max": 301.1569535739836}, "prompt_len": {"mean": 0.0, "min": 0.0, "p0.1": 0.0, "p1": 0.0, "p5": 0.0, "p10": 0.0, "p25": 0.0, "median": 0.0, "p75": 0.0, "p90": 0.0, "p95": 0.0, "p99": 0.0, "p99.9": 0.0, "max": 0.0}}}