{"load_summary": {"count": 120, "schedule_delay": {"mean": 0.0009677180850606722, "min": -0.000551103032194078, "p0.1": -0.0005257851807400584, "p1": -0.00029889370198361577, "p5": 6.912299431860448e-05, "p10": 0.0003371373808477074, "p25": 0.0006134392751846462, "median": 0.0009630152489989996, "p75": 0.0013307178160175681, "p90": 0.0016934419050812725, "p95": 0.0018509612738853319, "p99": 0.0022270590363768863, "p99.9": 0.002435500424937348, "max": 0.002459887007717043}, "send_duration": 59.617703181982506, "requested_rate": 2.0, "achieved_rate": 2.01282494284795}, "successes": {"count": 120, "latency": {"request_latency": {"mean": 25.148726255630997, "min": 24.41351434995886, "p0.1": 24.413837947612862, "p1": 24.4336117769446, "p5": 24.61102703292854, "p10": 24.795149168069475, "p25": 24.89817033673171, "median": 25.03113561749342, "p75": 25.478208930013352, "p90": 25.71640284572495, "p95": 25.829545494407647, "p99": 25.853402782743796, "p99.9": 25.858611175030994, "max": 25.859019625990186}, "normalized_time_per_output_token": {"mean": 0.026650840493611206, "min": 0.02441623365797568, "p0.1": 0.024427117848277266, "p1": 0.024511441339575685, "p5": 0.024751212516319267, "p10": 0.024873222316364373, "p25": 0.024995624103640264, "median": 0.025309902793033343, "p75": 0.02697341753524105, "p90": 0.0298726796996716, "p95": 0.03145497513009696, "p99": 0.03473464432829998, "p99.9": 0.059198472179092174, "max": 0.06245805430670206}, "time_per_output_token": {"mean": 0.012497694477979047, "min": 0.01212544577111416, "p0.1": 0.012126503418431763, "p1": 0.01214377169890162, "p5": 0.0122361988196097, "p10": 0.012318760507311536, "p25": 0.01237297041666386, "median": 0.012441321520492838, "p75": 0.012665625409421993, "p90": 0.012777269340132125, "p95": 0.012840790049896855, "p99": 0.012848085931783635, "p99.9": 0.012848977149009408, "max": 0.012849000230370352}, "time_to_first_token": {"mean": 0.08833339779036274, "min": 0.06716516200685874, "p0.1": 0.06755908734694822, "p1": 0.070543338956777, "p5": 0.07277822279429529, "p10": 0.07429996697464958, "p25": 0.07825116599269677, "median": 0.08658056249259971, "p75": 0.09470681703533046, "p90": 0.0990856719436124, "p95": 0.1045330748136621, "p99": 0.11580333746853286, "p99.9": 0.24838949790661208, "max": 0.2662387299933471}, "inter_token_latency": {"mean": 0.012497694477979047, "min": 2.5830231606960297e-06, "p0.1": 4.187000391539187e-06, "p1": 1.517719530966133e-05, "p5": 1.9723965669982137e-05, "p10": 2.9633886879310015e-05, "p25": 4.37217386206612e-05, "median": 0.00024620097246952355, "p75": 0.024923112738179043, "p90": 0.02572431921144016, "p95": 0.02618360736814793, "p99": 0.027663495229789985, "p99.9": 0.04027751916524979, "max": 0.3593519419664517}}, "throughput": {"input_tokens_per_sec": 13408.54238592626, "output_tokens_per_sec": 1362.7394241173727, "total_tokens_per_sec": 14771.28181004363, "requests_per_sec": 1.4264419439300486}, "prompt_len": {"mean": 9399.991666666667, "min": 9334.0, "p0.1": 9336.023, "p1": 9351.57, "p5": 9360.9, "p10": 9367.0, "p25": 9379.0, "median": 9395.5, "p75": 9419.25, "p90": 9435.3, "p95": 9449.15, "p99": 9467.05, "p99.9": 9474.167, "max": 9475.0}, "output_len": {"mean": 955.3416666666667, "min": 401.0, "p0.1": 440.984, "p1": 744.03, "p5": 796.3, "p10": 840.5, "p25": 932.0, "median": 1000.0, "p75": 1001.0, "p90": 1001.0, "p95": 1001.0, "p99": 1001.0, "p99.9": 1001.0, "max": 1001.0}}, "failures": {"count": 0, "request_latency": null, "prompt_len": null}}