{
    "load_summary": {
        "count": 30000,
        "schedule_delay": {
            "mean": 0.0012418986611727936,
            "min": -0.0015477159176953137,
            "p0.1": -0.0008553824537084438,
            "p1": -0.0003346704028081149,
            "p5": -6.747004226781422e-06,
            "p10": 0.00018350173486396672,
            "p25": 0.0005247471854090691,
            "median": 0.0009218558552674949,
            "p75": 0.001353181345621124,
            "p90": 0.0018059536756481977,
            "p95": 0.0022669687372399495,
            "p99": 0.005516255352995342,
            "p99.9": 0.09357892583683229,
            "max": 0.18376226560212672
        },
        "send_duration": 60.00184221699601,
        "requested_rate": 500.0,
        "achieved_rate": 499.98464866304147
    },
    "successes": {
        "count": 2254,
        "latency": {
            "request_latency": {
                "mean": 210.16122133825803,
                "min": 160.03091120999306,
                "p0.1": 160.2284293898747,
                "p1": 161.75404189447,
                "p5": 164.56728878922587,
                "p10": 166.45855757520184,
                "p25": 171.56527135973738,
                "median": 209.9561735574971,
                "p75": 242.96424987600767,
                "p90": 260.23303588622946,
                "p95": 267.6208951370121,
                "p99": 296.6795541532058,
                "p99.9": 299.78491143609716,
                "max": 300.0259712590487
            },
            "normalized_time_per_output_token": {
                "mean": 0.2196825934576563,
                "min": 0.15987104016982323,
                "p0.1": 0.1603963225432893,
                "p1": 0.16254168876900815,
                "p5": 0.16575921936500426,
                "p10": 0.1680057052956223,
                "p25": 0.17461066337714481,
                "median": 0.21737169358251104,
                "p75": 0.24965673168591834,
                "p90": 0.27039369285824943,
                "p95": 0.29614446345607043,
                "p99": 0.33899476880004886,
                "p99.9": 0.833574512588044,
                "max": 1.1579718601435387
            },
            "time_per_output_token": {
                "mean": 0.10480105670570294,
                "min": 0.07988991024138323,
                "p0.1": 0.07997107067201044,
                "p1": 0.08073969752547525,
                "p5": 0.0821095173908329,
                "p10": 0.0830820156673171,
                "p25": 0.08562533269226727,
                "median": 0.10467204195751248,
                "p75": 0.12116467669640069,
                "p90": 0.12967939039865423,
                "p95": 0.13338167218171074,
                "p99": 0.14791368056858853,
                "p99.9": 0.1494979917848359,
                "max": 0.14964778578611787
            },
            "time_to_first_token": {
                "mean": 0.40138813085031194,
                "min": 0.10792741400655359,
                "p0.1": 0.11220317707967478,
                "p1": 0.14108107672538608,
                "p5": 0.1645900279050693,
                "p10": 0.20053271591314115,
                "p25": 0.25888202925852966,
                "median": 0.3976794595073443,
                "p75": 0.5283192934730323,
                "p90": 0.625887208385393,
                "p95": 0.6757151314930524,
                "p99": 0.7689704099984374,
                "p99.9": 0.816660277096149,
                "max": 0.8233835250139236
            },
            "inter_token_latency": {
                "mean": 0.10480106726391443,
                "min": 2.571963705122471e-06,
                "p0.1": 8.615296159405273e-06,
                "p1": 1.4099001418799162e-05,
                "p5": 1.851702108979225e-05,
                "p10": 2.3706990759819746e-05,
                "p25": 3.2078009098768234e-05,
                "median": 0.00044591151527129114,
                "p75": 0.12629526099772193,
                "p90": 0.23189119538874364,
                "p95": 0.29550698458333513,
                "p99": 0.8921811495919246,
                "p99.9": 1.3381263588724037,
                "max": 123.37154699495295
            }
        },
        "throughput": {
            "input_tokens_per_sec": 59303.95628365141,
            "output_tokens_per_sec": 6093.7611354212995,
            "total_tokens_per_sec": 65397.71741907271,
            "requests_per_sec": 6.308823730349822
        },
        "prompt_len": {
            "mean": 9400.160603371784,
            "min": 9334.0,
            "p0.1": 9334.0,
            "p1": 9351.0,
            "p5": 9358.65,
            "p10": 9366.0,
            "p25": 9381.0,
            "median": 9397.5,
            "p75": 9420.0,
            "p90": 9437.0,
            "p95": 9448.0,
            "p99": 9467.0,
            "p99.9": 9475.0,
            "max": 9475.0
        },
        "output_len": {
            "mean": 965.910825199645,
            "min": 209.0,
            "p0.1": 317.77,
            "p1": 744.59,
            "p5": 805.65,
            "p10": 870.3,
            "p25": 972.0,
            "median": 1000.0,
            "p75": 1001.0,
            "p90": 1001.0,
            "p95": 1001.0,
            "p99": 1001.4699999999998,
            "p99.9": 1029.9880000000012,
            "max": 1053.0
        }
    },
    "failures": {
        "count": 27746,
        "request_latency": {
            "mean": 281.2837219541656,
            "min": 0.005918778013437986,
            "p0.1": 0.006554967157135252,
            "p1": 0.007697832089615986,
            "p5": 0.010377847036579624,
            "p10": 300.07642695098184,
            "p25": 300.2328568492667,
            "median": 300.4882056170318,
            "p75": 300.74747639471025,
            "p90": 300.8980699654785,
            "p95": 300.9494444735028,
            "p99": 300.9924058060511,
            "p99.9": 301.00217294724746,
            "max": 301.1263311089715
        },
        "prompt_len": {
            "mean": 0.0,
            "min": 0.0,
            "p0.1": 0.0,
            "p1": 0.0,
            "p5": 0.0,
            "p10": 0.0,
            "p25": 0.0,
            "median": 0.0,
            "p75": 0.0,
            "p90": 0.0,
            "p95": 0.0,
            "p99": 0.0,
            "p99.9": 0.0,
            "max": 0.0
        }
    }
}