{"load_summary": {"count": 225, "schedule_delay": {"mean": 0.0013608670620144242, "min": -0.0002326295943930745, "p0.1": -0.0001937478920444846, "p1": 5.765743553638462e-06, "p5": 0.0002678091870620847, "p10": 0.00044523790711537004, "p25": 0.0008946648449636996, "median": 0.0012315044878050685, "p75": 0.0017499221139587462, "p90": 0.002398982550948858, "p95": 0.0027568598277866838, "p99": 0.0032599591906182467, "p99.9": 0.004093259829096507, "max": 0.004320087959058583}, "send_duration": 24.846996236010455, "requested_rate": 9.0, "achieved_rate": 9.05542053706718}, "successes": {"count": 225, "latency": {"request_latency": {"mean": 38.39145253367903, "min": 30.406064930954017, "p0.1": 30.407122599377296, "p1": 30.69661003038287, "p5": 31.20413358558435, "p10": 31.578100528160576, "p25": 33.17907823098358, "median": 37.89348530798452, "p75": 43.478786060994025, "p90": 45.87542667443631, "p95": 47.71975578040582, "p99": 48.3254412911972, "p99.9": 48.41407874806086, "max": 48.427278301969636}, "normalized_time_per_output_token": {"mean": 0.03985370169507641, "min": 0.030406064930954015, "p0.1": 0.03046898752966651, "p1": 0.030882365669594146, "p5": 0.031272592232969125, "p10": 0.03177949638181756, "p25": 0.03387549973523745, "median": 0.0392818424400175, "p75": 0.044230064144534606, "p90": 0.048662510219843566, "p95": 0.05249344502925292, "p99": 0.05772916239133143, "p99.9": 0.05909441303400686, "max": 0.059136281561595984}, "time_per_output_token": {"mean": 0.01825276352226259, "min": 0.01502461336730076, "p0.1": 0.015036363058940166, "p1": 0.015229650958000671, "p5": 0.015417400678974166, "p10": 0.015655341335613724, "p25": 0.016219090026484962, "median": 0.017662780771640758, "p75": 0.01975018657122118, "p90": 0.021899194145742255, "p95": 0.02244684402309037, "p99": 0.023256572117895887, "p99.9": 0.023525936229623155, "max": 0.023529250139911854}, "time_to_first_token": {"mean": 1.8055112475542248, "min": 0.15338807000080124, "p0.1": 0.15414651360781864, "p1": 0.15813259720802308, "p5": 0.16685702817048878, "p10": 0.1744855453958735, "p25": 0.25790453801164404, "median": 1.2680188469821587, "p75": 2.636526552028954, "p90": 4.691270362399518, "p95": 5.216557844018097, "p99": 6.608262232663107, "p99.9": 7.32573714886001, "max": 7.448227720044088}, "inter_token_latency": {"mean": 0.018252763522262586, "min": 2.4579931050539017e-06, "p0.1": 3.463996108621359e-06, "p1": 1.409598859027028e-05, "p5": 1.9911222625523806e-05, "p10": 2.5020039174705744e-05, "p25": 4.123797407373786e-05, "median": 0.000290140975266695, "p75": 0.03144946595421061, "p90": 0.03252345541259274, "p95": 0.03315133379073813, "p99": 0.10572425580583514, "p99.9": 0.6102812783326957, "max": 0.6572398860007524}}, "throughput": {"input_tokens_per_sec": 37833.31868988497, "output_tokens_per_sec": 3900.363340261211, "total_tokens_per_sec": 41733.68203014618, "requests_per_sec": 4.024773563066213}, "prompt_len": {"mean": 9400.111111111111, "min": 9334.0, "p0.1": 9337.136, "p1": 9351.0, "p5": 9359.0, "p10": 9366.4, "p25": 9381.0, "median": 9398.0, "p75": 9419.0, "p90": 9436.6, "p95": 9448.0, "p99": 9466.76, "p99.9": 9473.432, "max": 9475.0}, "output_len": {"mean": 969.0888888888888, "min": 746.0, "p0.1": 746.896, "p1": 751.24, "p5": 797.8, "p10": 881.6, "p25": 976.0, "median": 1000.0, "p75": 1001.0, "p90": 1001.0, "p95": 1001.0, "p99": 1002.0, "p99.9": 1004.7760000000001, "max": 1005.0}}, "failures": {"count": 0, "request_latency": null, "prompt_len": null}}