{"load_summary": {"count": 1200, "schedule_delay": {"mean": 0.0011837269349780398, "min": -0.0005876765353605151, "p0.1": -0.0005232480426202528, "p1": -0.00020356535795144735, "p5": 7.401708862744273e-05, "p10": 0.00024339775554835797, "p25": 0.0005735526938224211, "median": 0.000943478662520647, "p75": 0.001346854303847067, "p90": 0.0017331160721369091, "p95": 0.001997627949458547, "p99": 0.00288786263205111, "p99.9": 0.045683933168533385, "max": 0.051729412691202015}, "send_duration": 59.963912840990815, "requested_rate": 20.0, "achieved_rate": 20.01203629226294}, "successes": {"count": 1200, "latency": {"request_latency": {"mean": 60.3126496055616, "min": 39.25367487198673, "p0.1": 39.70573778107355, "p1": 40.84934801421419, "p5": 46.01944385532115, "p10": 49.88498060090351, "p25": 56.504678668730776, "median": 61.829819968988886, "p75": 65.02274717524415, "p90": 68.69608197992784, "p95": 70.8959812517307, "p99": 71.47291258510668, "p99.9": 71.53022569137393, "max": 71.53398407495115}, "normalized_time_per_output_token": {"mean": 0.06249061863474651, "min": 0.03966216873131008, "p0.1": 0.039698001502463186, "p1": 0.04192167632256154, "p5": 0.04687712975702324, "p10": 0.05115732569484721, "p25": 0.057831759621776904, "median": 0.06287264928019942, "p75": 0.06737367630226071, "p90": 0.07173618003367749, "p95": 0.076026945424637, "p99": 0.08699061459594669, "p99.9": 0.11710195445357545, "max": 0.12242296694683491}, "time_per_output_token": {"mean": 0.030039604857497904, "min": 0.01955371902248976, "p0.1": 0.01977307789422697, "p1": 0.020332266454983303, "p5": 0.022923375133587956, "p10": 0.024856918458558055, "p25": 0.02811953277073869, "median": 0.03079809161544631, "p75": 0.03238177179797828, "p90": 0.0342288596804624, "p95": 0.03532621282709775, "p99": 0.03561377145075231, "p99.9": 0.03562882071385727, "max": 0.03563756584808852}, "time_to_first_token": {"mean": 0.14659607133813551, "min": 0.06776074296794832, "p0.1": 0.06936015797988512, "p1": 0.07498617364268284, "p5": 0.08495726216060576, "p10": 0.09130208150018007, "p25": 0.10998516602558084, "median": 0.14223717449931428, "p75": 0.17864286653639283, "p90": 0.20626564987469467, "p95": 0.2192323337687412, "p99": 0.24422321874531916, "p99.9": 0.26675255047174967, "max": 0.26940465095685795}, "inter_token_latency": {"mean": 0.030039604857497907, "min": 2.488028258085251e-06, "p0.1": 3.873021341860294e-06, "p1": 1.2797012459486723e-05, "p5": 1.7879996448755264e-05, "p10": 2.278998726978898e-05, "p25": 3.4235010389238596e-05, "median": 0.0003158235049340874, "p75": 0.06178424121753778, "p90": 0.07232381800422445, "p95": 0.08167538091656751, "p99": 0.09516174231423047, "p99.9": 0.12945077221107265, "max": 0.27984564000507817}}, "throughput": {"input_tokens_per_sec": 96217.71134819475, "output_tokens_per_sec": 9927.417053995203, "total_tokens_per_sec": 106145.12840218995, "requests_per_sec": 10.235708050726371}, "prompt_len": {"mean": 9400.200833333334, "min": 9334.0, "p0.1": 9334.0, "p1": 9351.0, "p5": 9358.0, "p10": 9366.0, "p25": 9381.0, "median": 9398.0, "p75": 9420.0, "p90": 9437.0, "p95": 9448.0, "p99": 9467.0, "p99.9": 9475.0, "max": 9475.0}, "output_len": {"mean": 969.8808333333334, "min": 497.0, "p0.1": 510.587, "p1": 757.97, "p5": 824.8, "p10": 882.0, "p25": 976.0, "median": 1000.0, "p75": 1001.0, "p90": 1001.0, "p95": 1001.0, "p99": 1002.0, "p99.9": 1014.8010000000002, "max": 1084.0}}, "failures": {"count": 0, "request_latency": null, "prompt_len": null}}