{"load_summary": {"count": 2400, "schedule_delay": {"mean": 0.0012579382525291294, "min": -0.0011109941406175494, "p0.1": -0.000543697950663045, "p1": -0.00028361022763419893, "p5": 4.550228477455676e-05, "p10": 0.00025282975402660666, "p25": 0.0005694173305528238, "median": 0.0009402777650393546, "p75": 0.0013177065993659198, "p90": 0.0016488077118992804, "p95": 0.0018747867638012393, "p99": 0.0027702897321432774, "p99.9": 0.11592559055443165, "max": 0.13792440510587767}, "send_duration": 59.99857663002331, "requested_rate": 40.0, "achieved_rate": 40.00094893582924}, "successes": {"count": 2400, "latency": {"request_latency": {"mean": 128.21602203692973, "min": 80.12009384395787, "p0.1": 80.44848595662957, "p1": 83.64169701361388, "p5": 91.33645288722182, "p10": 98.61974396704463, "p25": 113.37602112999593, "median": 121.68357759100036, "p75": 143.763307378249, "p90": 160.74018847579137, "p95": 163.9115249324881, "p99": 165.94578227502583, "p99.9": 166.54579254198507, "max": 166.5790015529492}, "normalized_time_per_output_token": {"mean": 0.1332358186061653, "min": 0.08004005379016771, "p0.1": 0.08041635135540709, "p1": 0.08406559168492989, "p5": 0.09459700397165237, "p10": 0.10222083662670774, "p25": 0.11720859185789143, "median": 0.13102392813729935, "p75": 0.15064024896473457, "p90": 0.16470755929532405, "p95": 0.17000858337438124, "p99": 0.20282116920283189, "p99.9": 0.2246947331708222, "max": 0.23193211938938363}, "time_per_output_token": {"mean": 0.06392625153057961, "min": 0.039971138390285176, "p0.1": 0.04013632008152049, "p1": 0.04171994944315472, "p5": 0.04557581814907302, "p10": 0.04920503033858515, "p25": 0.056549978390311194, "median": 0.06067754519040239, "p75": 0.07162962007295419, "p90": 0.08011056139589524, "p95": 0.08173963692116804, "p99": 0.0827634402562925, "p99.9": 0.08302904934898143, "max": 0.08305626404648558}, "time_to_first_token": {"mean": 0.2334891685109566, "min": 0.06800478900549933, "p0.1": 0.07092585983418394, "p1": 0.07938173636910506, "p5": 0.09398782674979884, "p10": 0.10824076411663555, "p25": 0.1489032424869947, "median": 0.2214333735173568, "p75": 0.3077222647407325, "p90": 0.3790764042874798, "p95": 0.4131776071648346, "p99": 0.46657094391935966, "p99.9": 0.5251778531200253, "max": 0.5355559710296802}, "inter_token_latency": {"mean": 0.06392625153057961, "min": 2.402986865490675e-06, "p0.1": 3.8539874367415905e-06, "p1": 1.2836011592298746e-05, "p5": 1.794204581528902e-05, "p10": 2.2969965357333422e-05, "p25": 3.4608005080372095e-05, "median": 0.0003819210105575621, "p75": 0.09247599651280325, "p90": 0.14329415443353358, "p95": 0.16838016788533422, "p99": 0.2252016536873998, "p99.9": 0.32049750590805537, "max": 73.18595711002126}}, "throughput": {"input_tokens_per_sec": 100714.84628286852, "output_tokens_per_sec": 10359.852167441451, "total_tokens_per_sec": 111074.69845030997, "requests_per_sec": 10.71417437837359}, "prompt_len": {"mean": 9400.15, "min": 9334.0, "p0.1": 9334.0, "p1": 9351.0, "p5": 9358.0, "p10": 9366.0, "p25": 9381.0, "median": 9398.0, "p75": 9420.0, "p90": 9437.0, "p95": 9448.0, "p99": 9467.0, "p99.9": 9475.0, "max": 9475.0}, "output_len": {"mean": 966.9295833333333, "min": 401.0, "p0.1": 579.461, "p1": 747.99, "p5": 811.95, "p10": 873.0, "p25": 969.0, "median": 1000.0, "p75": 1001.0, "p90": 1001.0, "p95": 1001.0, "p99": 1002.0, "p99.9": 1038.601, "max": 1087.0}}, "failures": {"count": 0, "request_latency": null, "prompt_len": null}}