{"load_summary": {"count": 18000, "schedule_delay": {"mean": 0.0012258085919343608, "min": -0.001213215698953718, "p0.1": -0.0007513846786459908, "p1": -0.00022472347365692257, "p5": 0.00011460719106253246, "p10": 0.0003321210213471204, "p25": 0.0006649717397522181, "median": 0.0010604399722069502, "p75": 0.0014912124024704099, "p90": 0.001964227401185781, "p95": 0.0023583222267916427, "p99": 0.0037607205956010073, "p99.9": 0.02063251269940551, "max": 0.16274859593249857}, "send_duration": 59.998871454037726, "requested_rate": 300.0, "achieved_rate": 300.00564283594804}, "successes": {"count": 2335, "latency": {"request_latency": {"mean": 206.29261051367817, "min": 151.16236801596824, "p0.1": 151.25896848951163, "p1": 153.24996953703695, "p5": 157.3364595053834, "p10": 159.93992858580313, "p25": 167.30340162702487, "median": 205.4149691030034, "p75": 238.4978320285154, "p90": 257.0914361551986, "p95": 278.69138180019206, "p99": 297.68871997399253, "p99.9": 299.8955378488614, "max": 299.95946236600867}, "normalized_time_per_output_token": {"mean": 0.21559337229320671, "min": 0.14530923055964026, "p0.1": 0.1510414368993777, "p1": 0.15407652934510235, "p5": 0.1588671696268359, "p10": 0.16202418585707215, "p25": 0.1716045747368785, "median": 0.21260103988247617, "p75": 0.24595288808919002, "p90": 0.2736072210529636, "p95": 0.29579062867811123, "p99": 0.3329147346544773, "p99.9": 0.5150457813657321, "max": 1.1265116687449894}, "time_per_output_token": {"mean": 0.10290522863190446, "min": 0.07545115671614869, "p0.1": 0.07548686457800072, "p1": 0.07650333460911862, "p5": 0.07853238496300846, "p10": 0.07982381816602836, "p25": 0.08348603910744551, "median": 0.10243712410346248, "p75": 0.118946383716403, "p90": 0.12825843042660057, "p95": 0.13902360517270987, "p99": 0.14849019388232948, "p99.9": 0.1496277343417245, "max": 0.14967221640776945}, "time_to_first_token": {"mean": 0.3210362770774639, "min": 0.08004471601452678, "p0.1": 0.08604474913491868, "p1": 0.10189935725880787, "p5": 0.12660627031582408, "p10": 0.14439003658480942, "p25": 0.19672064646147192, "median": 0.3149667339748703, "p75": 0.41231779899680987, "p90": 0.5147953529725783, "p95": 0.5831852229021022, "p99": 0.673635338116437, "p99.9": 0.7382645611403279, "max": 0.7451716689975001}, "inter_token_latency": {"mean": 0.1029052390039478, "min": 2.471962943673134e-06, "p0.1": 7.367924554273496e-06, "p1": 1.4045992866158486e-05, "p5": 1.911900471895933e-05, "p10": 2.3990985937416553e-05, "p25": 3.444799222052097e-05, "median": 0.0006034689722582698, "p75": 0.13203266100026667, "p90": 0.24534431358333664, "p95": 0.294003790419083, "p99": 0.6869141706940709, "p99.9": 0.9471322817350853, "max": 133.99473182100337}}, "throughput": {"input_tokens_per_sec": 60962.7132476988, "output_tokens_per_sec": 6257.403275261533, "total_tokens_per_sec": 67220.11652296032, "requests_per_sec": 6.485239314422433}, "prompt_len": {"mean": 9400.225695931478, "min": 9334.0, "p0.1": 9334.0, "p1": 9351.0, "p5": 9358.0, "p10": 9366.0, "p25": 9381.0, "median": 9398.0, "p75": 9420.0, "p90": 9436.6, "p95": 9448.0, "p99": 9467.0, "p99.9": 9475.0, "max": 9475.0}, "output_len": {"mean": 964.8685224839401, "min": 208.0, "p0.1": 393.0, "p1": 755.0, "p5": 806.0, "p10": 863.0, "p25": 969.0, "median": 1000.0, "p75": 1001.0, "p90": 1001.0, "p95": 1001.0, "p99": 1001.0, "p99.9": 1022.6600000000017, "max": 1106.0}}, "failures": {"count": 15665, "request_latency": {"mean": 300.5131558801506, "min": 300.0088878259994, "p0.1": 300.021234759097, "p1": 300.0381506869546, "p5": 300.07695509376936, "p10": 300.1260907163727, "p25": 300.27233356202487, "median": 300.5122740099905, "p75": 300.7545210120152, "p90": 300.9004905753885, "p95": 300.95033934380626, "p99": 300.9933930590819, "p99.9": 301.00096802198095, "max": 301.1380272160168}, "prompt_len": {"mean": 0.0, "min": 0.0, "p0.1": 0.0, "p1": 0.0, "p5": 0.0, "p10": 0.0, "p25": 0.0, "median": 0.0, "p75": 0.0, "p90": 0.0, "p95": 0.0, "p99": 0.0, "p99.9": 0.0, "max": 0.0}}}