{"load_summary": {"count": 7200, "schedule_delay": {"mean": 0.0010116122496320813, "min": -0.0011571581708267331, "p0.1": -0.0006507109691156074, "p1": -0.0002571220422396436, "p5": 5.957448738627138e-05, "p10": 0.00025163023965433243, "p25": 0.0005879988602828234, "median": 0.0009636527975089848, "p75": 0.001338851492619142, "p90": 0.0017241365741938353, "p95": 0.0020509427558863523, "p99": 0.0031238942482741555, "p99.9": 0.008487674578151765, "max": 0.027542804018594325}, "send_duration": 59.99179672595346, "requested_rate": 120.0, "achieved_rate": 120.0164087915233}, "successes": {"count": 2553, "latency": {"request_latency": {"mean": 194.71941463000613, "min": 131.7692852790351, "p0.1": 131.97070700689918, "p1": 133.81265567878495, "p5": 137.3538175547961, "p10": 140.87034408058972, "p25": 150.18398196797352, "median": 194.2761231409968, "p75": 227.20271752402186, "p90": 251.8561389019713, "p95": 289.6496386305662, "p99": 298.2319812491909, "p99.9": 299.8447290448449, "max": 300.0594349229941}, "normalized_time_per_output_token": {"mean": 0.203185238322735, "min": 0.09981520984993325, "p0.1": 0.13182422374634836, "p1": 0.13417585341607105, "p5": 0.13888633269621525, "p10": 0.143545019197927, "p25": 0.1551167357241744, "median": 0.1994223565413244, "p75": 0.2357561868037043, "p90": 0.2803468001517352, "p95": 0.29573914597155304, "p99": 0.3427073678863178, "p99.9": 0.38709405510133493, "max": 0.6689202921513057}, "time_per_output_token": {"mean": 0.09714985553232232, "min": 0.06577958160519613, "p0.1": 0.06585346118722232, "p1": 0.06676938971030646, "p5": 0.06856535379421143, "p10": 0.07031140504169861, "p25": 0.07494543962967072, "median": 0.09693446969864182, "p75": 0.11334836126436879, "p90": 0.12565884152592544, "p95": 0.14452105786886765, "p99": 0.1487545899690761, "p99.9": 0.1496063958380161, "max": 0.14972085973764745}, "time_to_first_token": {"mean": 0.26516433123522776, "min": 0.06893815501825884, "p0.1": 0.07346359504852444, "p1": 0.08524639271898195, "p5": 0.10447694499744102, "p10": 0.12052755339536816, "p25": 0.16656053200131282, "median": 0.25427244504680857, "p75": 0.34836788900429383, "p90": 0.4264791167806835, "p95": 0.4669750990229659, "p99": 0.5461622752086259, "p99.9": 0.6514090882814502, "max": 0.6646922130021267}, "inter_token_latency": {"mean": 0.09714987947984877, "min": 2.5780173018574715e-06, "p0.1": 1.003828621469438e-05, "p1": 1.3996032066643238e-05, "p5": 1.9076978787779808e-05, "p10": 2.4035980459302664e-05, "p25": 3.578298492357135e-05, "median": 0.0005050139734521508, "p75": 0.13005829497706145, "p90": 0.22490970201324673, "p95": 0.2809474741807207, "p99": 0.4041199776530264, "p99.9": 0.5390986934104175, "max": 147.39545057096984}}, "throughput": {"input_tokens_per_sec": 66656.13770056039, "output_tokens_per_sec": 6837.523992828414, "total_tokens_per_sec": 73493.6616933888, "requests_per_sec": 7.090942558856647}, "prompt_len": {"mean": 9400.18018018018, "min": 9334.0, "p0.1": 9334.0, "p1": 9351.0, "p5": 9358.0, "p10": 9366.0, "p25": 9381.0, "median": 9398.0, "p75": 9420.0, "p90": 9436.8, "p95": 9448.0, "p99": 9467.0, "p99.9": 9475.0, "max": 9475.0}, "output_len": {"mean": 964.2616529573052, "min": 337.0, "p0.1": 559.08, "p1": 748.0, "p5": 801.0, "p10": 865.0, "p25": 966.0, "median": 1000.0, "p75": 1001.0, "p90": 1001.0, "p95": 1001.0, "p99": 1002.0, "p99.9": 1033.4800000000032, "max": 1466.0}}, "failures": {"count": 4647, "request_latency": {"mean": 300.50968505508956, "min": 300.00509061897174, "p0.1": 300.0082073368131, "p1": 300.01544970117976, "p5": 300.0603543897916, "p10": 300.11367891783595, "p25": 300.2636822159693, "median": 300.50725326000247, "p75": 300.7609146774921, "p90": 300.90699598621575, "p95": 300.95327316288603, "p99": 300.99101000013763, "p99.9": 301.0002829140436, "max": 301.0008642799803}, "prompt_len": {"mean": 0.0, "min": 0.0, "p0.1": 0.0, "p1": 0.0, "p5": 0.0, "p10": 0.0, "p25": 0.0, "median": 0.0, "p75": 0.0, "p90": 0.0, "p95": 0.0, "p99": 0.0, "p99.9": 0.0, "max": 0.0}}}