{"load_summary": {"count": 3600, "schedule_delay": {"mean": 0.0009862470776715781, "min": -0.0009402304422110319, "p0.1": -0.0006488989710924216, "p1": -0.00021608427341561763, "p5": 0.0001135536003857851, "p10": 0.00029039873043075205, "p25": 0.000587805116083473, "median": 0.0009496049024164677, "p75": 0.0013351216330192983, "p90": 0.0017016791738569735, "p95": 0.0019432371016591785, "p99": 0.0026154978637350675, "p99.9": 0.004629552626167619, "max": 0.00541778450133279}, "send_duration": 59.99850506801158, "requested_rate": 60.0, "achieved_rate": 60.001494969236376}, "successes": {"count": 3600, "latency": {"request_latency": {"mean": 192.93198054059917, "min": 104.86157912696945, "p0.1": 105.18820957553974, "p1": 107.54172610872425, "p5": 114.20250974700029, "p10": 120.64121706610895, "p25": 136.44075576374598, "median": 203.50758428050904, "p75": 240.56812014423485, "p90": 258.23420386468644, "p95": 269.6542177622032, "p99": 278.7443194036005, "p99.9": 279.67410282187666, "max": 279.8015925659565}, "normalized_time_per_output_token": {"mean": 0.20199070911004047, "min": 0.10475682230466478, "p0.1": 0.10518147001660236, "p1": 0.10806156370814525, "p5": 0.11677590492975021, "p10": 0.1240379164964008, "p25": 0.14171150161089938, "median": 0.20882773458614154, "p75": 0.24468945673310039, "p90": 0.2703309958920704, "p95": 0.28122461708973295, "p99": 0.33327111162047895, "p99.9": 0.44892329838879913, "max": 2.0875966932542913}, "time_per_output_token": {"mean": 0.09421516101179606, "min": 0.049890055928046746, "p0.1": 0.05040107275305634, "p1": 0.05298566098316373, "p5": 0.05526977755966352, "p10": 0.059116608201994325, "p25": 0.06707820458494484, "median": 0.09966976753846654, "p75": 0.11873693750937761, "p90": 0.12820630370670275, "p95": 0.1332088325110135, "p99": 0.13515928054062704, "p99.9": 0.13544513135345018, "max": 0.13554062336032954}, "time_to_first_token": {"mean": 4.348385048561047, "min": 0.06666604802012444, "p0.1": 0.07027456137241098, "p1": 0.08403377186739817, "p5": 0.10451177333598025, "p10": 0.1229626975778956, "p25": 0.18586423000670038, "median": 0.3053621069993824, "p75": 0.4340495405049296, "p90": 0.5506266039737966, "p95": 0.621787289349595, "p99": 170.99773031929274, "p99.9": 172.0951801848791, "max": 172.27989919000538}, "inter_token_latency": {"mean": 0.09421516101179606, "min": 2.509972546249628e-06, "p0.1": 5.560588499065489e-06, "p1": 1.3398996088653803e-05, "p5": 1.8602993804961443e-05, "p10": 2.3577013052999973e-05, "p25": 3.550504334270954e-05, "median": 0.00045153600513003767, "p75": 0.10552840324817225, "p90": 0.17044528569094838, "p95": 0.21649170239979862, "p99": 0.28575907130027167, "p99.9": 0.47249873574982554, "max": 171.05882485001348}}, "throughput": {"input_tokens_per_sec": 99780.84560514675, "output_tokens_per_sec": 10238.432241672892, "total_tokens_per_sec": 110019.27784681965, "requests_per_sec": 10.614834264699123}, "prompt_len": {"mean": 9400.132222222222, "min": 9334.0, "p0.1": 9334.0, "p1": 9351.0, "p5": 9358.0, "p10": 9366.0, "p25": 9381.0, "median": 9398.0, "p75": 9420.0, "p90": 9437.0, "p95": 9448.0, "p99": 9467.0, "p99.9": 9475.0, "max": 9475.0}, "output_len": {"mean": 964.54, "min": 67.0, "p0.1": 435.211, "p1": 738.0, "p5": 797.0, "p10": 864.0, "p25": 968.0, "median": 1000.0, "p75": 1001.0, "p90": 1001.0, "p95": 1001.0, "p99": 1002.0, "p99.9": 1032.6040000000012, "max": 1309.0}}, "failures": {"count": 0, "request_latency": null, "prompt_len": null}}