{"load_summary": {"count": 4800, "schedule_delay": {"mean": 0.0010123061163903912, "min": -0.001288020925130695, "p0.1": -0.0005959385054302402, "p1": -0.0002993832796346396, "p5": 7.922140066511932e-05, "p10": 0.00028985757380723954, "p25": 0.0005927652382524684, "median": 0.0009700036607682705, "p75": 0.001353379208012484, "p90": 0.0017458530783187607, "p95": 0.0020424013753654437, "p99": 0.0029823265812592586, "p99.9": 0.005584761475155212, "max": 0.013285730965435505}, "send_duration": 59.9978589679813, "requested_rate": 80.0, "achieved_rate": 80.00285481122897}, "successes": {"count": 2878, "latency": {"request_latency": {"mean": 194.21870199097285, "min": 117.51552042301046, "p0.1": 117.73955335903331, "p1": 120.10763735513494, "p5": 124.86891013064015, "p10": 129.9328005578427, "p25": 141.4423252632405, "median": 194.39838233901537, "p75": 229.58180289274605, "p90": 284.06407345682385, "p95": 293.92603124708404, "p99": 298.6607630762714, "p99.9": 299.9429082645509, "max": 300.01561446802225}, "normalized_time_per_output_token": {"mean": 0.20297315129745094, "min": 0.11772787386697019, "p0.1": 0.11842693695242328, "p1": 0.12078960839627026, "p5": 0.12703771282041357, "p10": 0.13250284446347496, "p25": 0.14596620661848295, "median": 0.20031807829965054, "p75": 0.2376912463402136, "p90": 0.2915253633705592, "p95": 0.2989326150189875, "p99": 0.34694083940417264, "p99.9": 0.4352922461376794, "max": 1.6749759365088641}, "time_per_output_token": {"mean": 0.09689487973035675, "min": 0.05866313982609034, "p0.1": 0.058761517096964436, "p1": 0.059945554872188465, "p5": 0.06231277215714647, "p10": 0.06484363245216827, "p25": 0.07057932768127186, "median": 0.09699099410119569, "p75": 0.1144873263067151, "p90": 0.1417432456385174, "p95": 0.14663822458160472, "p99": 0.14897479445450001, "p99.9": 0.14962766474210598, "max": 0.14965513112243503}, "time_to_first_token": {"mean": 0.27413559723543107, "min": 0.06846816401230171, "p0.1": 0.07309612672840013, "p1": 0.07946800893230829, "p5": 0.10007590670429636, "p10": 0.1171907601878047, "p25": 0.1663173410051968, "median": 0.2644470255181659, "p75": 0.3639173432311509, "p90": 0.45348258920130324, "p95": 0.5001772556366632, "p99": 0.5723299135651906, "p99.9": 0.6629694461472128, "max": 0.6752175720175728}, "inter_token_latency": {"mean": 0.09689487973035676, "min": 2.729997504502535e-06, "p0.1": 1.0177644668146969e-05, "p1": 1.3752956874668598e-05, "p5": 1.8696009647101164e-05, "p10": 2.3619038984179497e-05, "p25": 3.513199044391513e-05, "median": 0.0005111119826324284, "p75": 0.12899514196033124, "p90": 0.19947794518666337, "p95": 0.25846642130927633, "p99": 0.33503708757925765, "p99.9": 0.4766155937168516, "max": 154.95764738199068}}, "throughput": {"input_tokens_per_sec": 74954.67410516654, "output_tokens_per_sec": 7695.251051627153, "total_tokens_per_sec": 82649.9251567937, "requests_per_sec": 7.973802171400705}, "prompt_len": {"mean": 9400.117095205003, "min": 9334.0, "p0.1": 9334.0, "p1": 9351.0, "p5": 9358.0, "p10": 9366.0, "p25": 9381.0, "median": 9398.0, "p75": 9420.0, "p90": 9436.0, "p95": 9448.0, "p99": 9467.0, "p99.9": 9475.0, "max": 9475.0}, "output_len": {"mean": 965.0667129951355, "min": 114.0, "p0.1": 392.50700000000006, "p1": 741.0, "p5": 798.85, "p10": 861.7, "p25": 970.0, "median": 1000.0, "p75": 1001.0, "p90": 1001.0, "p95": 1001.0, "p99": 1001.0, "p99.9": 1010.246000000001, "max": 1094.0}}, "failures": {"count": 1922, "request_latency": {"mean": 300.50480594172393, "min": 300.0042691970011, "p0.1": 300.0072378231362, "p1": 300.01596136580224, "p5": 300.0629434960603, "p10": 300.11557455214205, "p25": 300.26742607800406, "median": 300.5028226674767, "p75": 300.7451300724788, "p90": 300.90065803901524, "p95": 300.9453524749057, "p99": 300.9834070383164, "p99.9": 301.0000015465646, "max": 301.0009997280431}, "prompt_len": {"mean": 0.0, "min": 0.0, "p0.1": 0.0, "p1": 0.0, "p5": 0.0, "p10": 0.0, "p25": 0.0, "median": 0.0, "p75": 0.0, "p90": 0.0, "p95": 0.0, "p99": 0.0, "p99.9": 0.0, "max": 0.0}}}