{"load_summary": {"count": 3000, "schedule_delay": {"mean": 0.001179734794597607, "min": -0.0006448969943448901, "p0.1": -0.0005526977656409145, "p1": -0.00022718656284268944, "p5": 0.00014520980766974392, "p10": 0.0003596589434891939, "p25": 0.0006840105488663539, "median": 0.0010761338926386088, "p75": 0.0015104204358067364, "p90": 0.0020026075770147142, "p95": 0.00233500339090824, "p99": 0.003112756654736582, "p99.9": 0.010984782817019017, "max": 0.05104852531803772}, "send_duration": 59.95656375400722, "requested_rate": 50.0, "achieved_rate": 50.03622309491501}, "successes": {"count": 3000, "latency": {"request_latency": {"mean": 162.3513045483089, "min": 94.2016777509707, "p0.1": 94.69309305753774, "p1": 96.90296429209936, "p5": 103.98008794981288, "p10": 110.36577080160495, "p25": 125.82363800873281, "median": 176.01105621247552, "p75": 191.27235362998908, "p90": 209.7357999796106, "p95": 219.86193675291432, "p99": 222.34112681148224, "p99.9": 222.59501209589246, "max": 222.66074386198306}, "normalized_time_per_output_token": {"mean": 0.1704947503553451, "min": 0.09410757018078991, "p0.1": 0.09601407117174386, "p1": 0.0982018704425741, "p5": 0.10552193883062973, "p10": 0.1130385483405855, "p25": 0.12972742302234266, "median": 0.18105512931287154, "p75": 0.1967993321698202, "p90": 0.220348034495736, "p95": 0.22986711742021376, "p99": 0.2611440656767638, "p99.9": 0.3871021463462138, "max": 3.892086734596983}, "time_per_output_token": {"mean": 0.0805295995920991, "min": 0.04700920724089251, "p0.1": 0.047239991809931, "p1": 0.048355836066799225, "p5": 0.051878792043908085, "p10": 0.055060344260601475, "p25": 0.06277464182620615, "median": 0.08690269662744551, "p75": 0.09481351689331198, "p90": 0.10055498258034844, "p95": 0.10834277563606416, "p99": 0.11085585483201854, "p99.9": 0.11098329150862996, "max": 0.11102565665917144}, "time_to_first_token": {"mean": 1.1529177044849106, "min": 0.06483320001279935, "p0.1": 0.07016470329975709, "p1": 0.08220477865368593, "p5": 0.09907668176747393, "p10": 0.11536321882740594, "p25": 0.16466359473997727, "median": 0.2641751815099269, "p75": 0.3707627672556555, "p90": 0.4602458131033927, "p95": 0.5105810607405147, "p99": 1.5589060730986317, "p99.9": 88.64231183366701, "max": 89.04276118497364}, "inter_token_latency": {"mean": 0.0805295995920991, "min": 2.441985998302698e-06, "p0.1": 5.14299509814009e-06, "p1": 1.3151962775737047e-05, "p5": 1.8363993149250746e-05, "p10": 2.3329048417508602e-05, "p25": 3.520800964906812e-05, "median": 0.0004417430027388036, "p75": 0.10481108300155029, "p90": 0.163353421993088, "p95": 0.1940751897433074, "p99": 0.2506231964565813, "p99.9": 0.36337279586030813, "max": 89.281696939026}}, "throughput": {"input_tokens_per_sec": 101034.37918736045, "output_tokens_per_sec": 10373.971401652065, "total_tokens_per_sec": 111408.35058901251, "requests_per_sec": 10.748180037849846}, "prompt_len": {"mean": 9400.138333333334, "min": 9334.0, "p0.1": 9334.0, "p1": 9351.0, "p5": 9358.0, "p10": 9366.0, "p25": 9381.0, "median": 9398.0, "p75": 9420.0, "p90": 9436.1, "p95": 9448.0, "p99": 9467.0, "p99.9": 9475.0, "max": 9475.0}, "output_len": {"mean": 965.184, "min": 57.0, "p0.1": 516.0, "p1": 747.97, "p5": 801.95, "p10": 865.9000000000001, "p25": 969.75, "median": 1000.0, "p75": 1001.0, "p90": 1001.0, "p95": 1001.0, "p99": 1002.0, "p99.9": 1022.0010000000002, "max": 1053.0}}, "failures": {"count": 0, "request_latency": null, "prompt_len": null}}