{"load_summary": {"count": 12000, "schedule_delay": {"mean": 0.0011172263410019999, "min": -0.001171886979136616, "p0.1": -0.0006097965891240164, "p1": -0.0002002567728050053, "p5": 0.00011645393969956788, "p10": 0.00031059479806572204, "p25": 0.0006484759651357308, "median": 0.0010341602028347552, "p75": 0.0014572465443052351, "p90": 0.001938267849618569, "p95": 0.002324648402282036, "p99": 0.0033634264045394983, "p99.9": 0.009237964565808315, "max": 0.03026010061148554}, "send_duration": 59.99258290295256, "requested_rate": 200.0, "achieved_rate": 200.0247267134987}, "successes": {"count": 2410, "latency": {"request_latency": {"mean": 201.75571946470646, "min": 143.58232644299278, "p0.1": 143.7092623558206, "p1": 145.96811510279542, "p5": 149.71734924512566, "p10": 152.78830692768096, "p25": 160.7078080674837, "median": 201.0565855059831, "p75": 234.42205972477677, "p90": 254.80148695138632, "p95": 284.61133333475146, "p99": 297.6409335893183, "p99.9": 299.561525178178, "max": 300.05581403995166}, "normalized_time_per_output_token": {"mean": 0.21077936189172208, "min": 0.14279472055477357, "p0.1": 0.1436441425867409, "p1": 0.14633342151394657, "p5": 0.150942146070055, "p10": 0.15502127773245564, "p25": 0.16496590383467655, "median": 0.2076630680673912, "p75": 0.24200999293403438, "p90": 0.2779859203433946, "p95": 0.2965840681110503, "p99": 0.3317727647038779, "p99.9": 0.45602542406899227, "max": 1.0895657512834476}, "time_per_output_token": {"mean": 0.1006592052276238, "min": 0.07165947231582889, "p0.1": 0.07172776307204251, "p1": 0.07291961970515264, "p5": 0.07475445423820222, "p10": 0.07625218256356205, "p25": 0.08020674028222205, "median": 0.10033929326937119, "p75": 0.11691292320537941, "p90": 0.12707727222213766, "p95": 0.14197473413796324, "p99": 0.1485108262887603, "p99.9": 0.14948966712343947, "max": 0.14967381279161693}, "time_to_first_token": {"mean": 0.2797538166008049, "min": 0.0684203039854765, "p0.1": 0.07358854363590944, "p1": 0.08860422695870511, "p5": 0.10979826949187554, "p10": 0.125878785882378, "p25": 0.1737250692822272, "median": 0.2699525365023874, "p75": 0.36390821397071704, "p90": 0.4463580974028446, "p95": 0.5014967408467783, "p99": 0.6158975793159334, "p99.9": 0.6653793362310398, "max": 0.678016206016764}, "inter_token_latency": {"mean": 0.10065923899829779, "min": 2.4799956008791924e-06, "p0.1": 8.548952115234e-06, "p1": 1.4068966265767813e-05, "p5": 1.9063998479396105e-05, "p10": 2.408795990049839e-05, "p25": 3.4863012842833996e-05, "median": 0.0005723485082853585, "p75": 0.1336825407925062, "p90": 0.24414316109032372, "p95": 0.2915497517125913, "p99": 0.5152256103564287, "p99.9": 0.7234893411717511, "max": 139.67411357996752}}, "throughput": {"input_tokens_per_sec": 62844.67990941349, "output_tokens_per_sec": 6447.8954451264735, "total_tokens_per_sec": 69292.57535453996, "requests_per_sec": 6.685488266301663}, "prompt_len": {"mean": 9400.163070539418, "min": 9334.0, "p0.1": 9334.0, "p1": 9351.0, "p5": 9358.0, "p10": 9366.0, "p25": 9381.0, "median": 9398.0, "p75": 9420.0, "p90": 9437.0, "p95": 9448.0, "p99": 9467.0, "p99.9": 9475.0, "max": 9475.0}, "output_len": {"mean": 964.4614107883817, "min": 233.0, "p0.1": 520.045, "p1": 751.0, "p5": 800.0, "p10": 852.9, "p25": 967.0, "median": 1000.0, "p75": 1001.0, "p90": 1001.0, "p95": 1001.0, "p99": 1002.0, "p99.9": 1024.4560000000056, "max": 1097.0}}, "failures": {"count": 9590, "request_latency": {"mean": 298.74734519644306, "min": 117.65315414196812, "p0.1": 122.55439247445558, "p1": 186.54050930888974, "p5": 300.05123507315585, "p10": 300.10663028018314, "p25": 300.2565461639897, "median": 300.5030686314858, "p75": 300.75632934497844, "p90": 300.9051137096947, "p95": 300.95369886399715, "p99": 300.9908135634812, "p99.9": 301.0006020661347, "max": 301.0203888360411}, "prompt_len": {"mean": 0.0, "min": 0.0, "p0.1": 0.0, "p1": 0.0, "p5": 0.0, "p10": 0.0, "p25": 0.0, "median": 0.0, "p75": 0.0, "p90": 0.0, "p95": 0.0, "p99": 0.0, "p99.9": 0.0, "max": 0.0}}}