{"load_summary": {"count": 200325, "schedule_delay": {"mean": 0.0012960367277572596, "min": -0.0016459532198496163, "p0.1": -0.0007505136271938682, "p1": -0.0002548595005646348, "p5": 9.635400492697955e-05, "p10": 0.000296934973448515, "p25": 0.0006360757979564369, "median": 0.0010322888847440481, "p75": 0.0014609780046157539, "p90": 0.001948513591196388, "p95": 0.0024206771864555767, "p99": 0.004780810028314606, "p99.9": 0.06968230420773282, "max": 0.22918635403038934}}, "successes": {"count": 45207, "latency": {"request_latency": {"mean": 173.12880660684402, "min": 24.41351434995886, "p0.1": 24.98002500916936, "p1": 30.073549570746255, "p5": 47.07456656401046, "p10": 74.98371091157897, "p25": 135.9773183890211, "median": 172.85483634099364, "p75": 222.76304824397084, "p90": 251.5226005056058, "p95": 270.3414593989203, "p99": 296.6640954476444, "p99.9": 299.7614903217757, "max": 300.0594349229941}, "normalized_time_per_output_token": {"mean": 0.1809924177456017, "min": 0.02441623365797568, "p0.1": 0.02505925574430903, "p1": 0.030832151303083165, "p5": 0.04820775287261398, "p10": 0.07765082817635044, "p25": 0.13978568717584267, "median": 0.18111051640715198, "p75": 0.2312534735553543, "p90": 0.26430226646734845, "p95": 0.29023094724308224, "p99": 0.3299222851553119, "p99.9": 0.49763203115869364, "max": 3.892086734596983}, "time_per_output_token": {"mean": 0.08615972439020736, "min": 0.01212544577111416, "p0.1": 0.012411071152849552, "p1": 0.014950529374234004, "p5": 0.023375931293093323, "p10": 0.037359930104944906, "p25": 0.06746414788680544, "median": 0.08600998086008782, "p75": 0.11093662509471057, "p90": 0.12514743211713253, "p95": 0.13445312679165625, "p99": 0.1479683853663806, "p99.9": 0.1495119707822524, "max": 0.1497287808675789}, "time_to_first_token": {"mean": 0.664867989118313, "min": 0.06483320001279935, "p0.1": 0.07099573175818659, "p1": 0.08044115926837549, "p5": 0.09800297903129832, "p10": 0.11315706263994799, "p25": 0.15917173298657872, "median": 0.252503715979401, "p75": 0.37429069649078883, "p90": 0.4844456370105036, "p95": 0.5542388531030156, "p99": 0.7265403329755645, "p99.9": 170.86281031929772, "max": 172.27989919000538}, "inter_token_latency": {"mean": 0.08615972887599747, "min": 2.3979810066521168e-06, "p0.1": 5.3209951147437096e-06, "p1": 1.3672979548573494e-05, "p5": 1.8685997929424047e-05, "p10": 2.3689004592597485e-05, "p25": 3.4927972592413425e-05, "median": 0.00045846099965274334, "p75": 0.10460547200636938, "p90": 0.18616794280242174, "p95": 0.2690127117908556, "p99": 0.45121639072895064, "p99.9": 0.9840962559192563, "max": 171.05882485001348}}, "throughput": {"input_tokens_per_sec": 66625.35609792889, "output_tokens_per_sec": 6840.321467289505, "total_tokens_per_sec": 73465.67756521839, "requests_per_sec": 7.087694825894713}, "prompt_len": {"mean": 9400.1445793793, "min": 9334.0, "p0.1": 9334.0, "p1": 9351.0, "p5": 9358.0, "p10": 9366.0, "p25": 9381.0, "median": 9398.0, "p75": 9420.0, "p90": 9437.0, "p95": 9448.0, "p99": 9467.0, "p99.9": 9475.0, "max": 9475.0}, "output_len": {"mean": 965.0981927577587, "min": 57.0, "p0.1": 401.0, "p1": 743.06, "p5": 803.0, "p10": 864.0, "p25": 969.0, "median": 1000.0, "p75": 1001.0, "p90": 1001.0, "p95": 1001.0, "p99": 1002.0, "p99.9": 1026.0, "max": 1564.0}}, "failures": {"count": 155118, "request_latency": {"mean": 295.96854181342877, "min": 0.005918778013437986, "p0.1": 0.007248508478980511, "p1": 0.011213022859883496, "p5": 300.0584285032877, "p10": 300.1087904682325, "p25": 300.2582447479799, "median": 300.505488609022, "p75": 300.75302136625396, "p90": 300.90318937007106, "p95": 300.9523180524935, "p99": 300.9926804216695, "p99.9": 301.0018655611099, "max": 301.1569535739836}, "prompt_len": {"mean": 0.0, "min": 0.0, "p0.1": 0.0, "p1": 0.0, "p5": 0.0, "p10": 0.0, "p25": 0.0, "median": 0.0, "p75": 0.0, "p90": 0.0, "p95": 0.0, "p99": 0.0, "p99.9": 0.0, "max": 0.0}}}