{"load_summary": {"count": 6000, "schedule_delay": {"mean": 0.0007089636855525896, "min": -0.0007922170334495604, "p0.1": -0.0006747378790751099, "p1": -0.0004792978300247341, "p5": -0.00015893844538368286, "p10": 8.196616545319557e-06, "p25": 0.00033270043786615133, "median": 0.0007057355542201549, "p75": 0.0010751495574368164, "p90": 0.0014098019746597858, "p95": 0.0015787231852300468, "p99": 0.0019022952771047136, "p99.9": 0.0035593592403457257, "max": 0.004212464264128357}, "send_duration": 59.983833010017406, "requested_rate": 100.0, "achieved_rate": 100.0269522455824}, "successes": {"count": 2712, "latency": {"request_latency": {"mean": 188.89350915829985, "min": 97.79443871398689, "p0.1": 98.08325344919751, "p1": 99.15237070629897, "p5": 109.67577905078652, "p10": 116.93850666899235, "p25": 130.3228057505039, "median": 180.27887908450793, "p75": 247.1678919124679, "p90": 269.7550511657668, "p95": 280.12760732272, "p99": 295.40062783505533, "p99.9": 299.2417173053082, "max": 300.0133841559873}, "normalized_time_per_output_token": {"mean": 0.19772854537728463, "min": 0.09769674197201487, "p0.1": 0.09814508422252444, "p1": 0.09944881982655647, "p5": 0.1135402515744402, "p10": 0.11937654044271392, "p25": 0.13997612624547012, "median": 0.1872243933766623, "p75": 0.2543798315439299, "p90": 0.2834989878541139, "p95": 0.29836608166422157, "p99": 0.3385646053209531, "p99.9": 0.3987520009408435, "max": 0.9953473750783588}, "time_per_output_token": {"mean": 0.09422488057869491, "min": 0.04879888710444272, "p0.1": 0.04891437799031656, "p1": 0.04909949340130682, "p5": 0.054732580849480385, "p10": 0.05833732064218267, "p25": 0.0650183876529283, "median": 0.08994600501497099, "p75": 0.12332213296252192, "p90": 0.1345892113027786, "p95": 0.13968315311860247, "p99": 0.1473659049876244, "p99.9": 0.14926784147423222, "max": 0.14966170361620662}, "time_to_first_token": {"mean": 0.3101648274259197, "min": 0.07099289901088923, "p0.1": 0.0782262429817929, "p1": 0.0901174872694537, "p5": 0.11785632350365631, "p10": 0.1404075900965836, "p25": 0.19336559099610895, "median": 0.29710977897047997, "p75": 0.40003386276657693, "p90": 0.49494818700477483, "p95": 0.5483457479887873, "p99": 0.7655044078989885, "p99.9": 1.0473509479811194, "max": 1.0741140510072}, "inter_token_latency": {"mean": 0.0942248805786949, "min": 1.7799902707338333e-06, "p0.1": 6.89999433234334e-06, "p1": 1.111003803089261e-05, "p5": 1.5199999324977398e-05, "p10": 1.825997605919838e-05, "p25": 2.6849040295928717e-05, "median": 0.00016786050400696695, "p75": 0.09631074400385842, "p90": 0.1698291840031744, "p95": 0.22828554145526145, "p99": 0.33880398642446335, "p99.9": 0.7048702172219983, "max": 147.46998354699463}}, "throughput": {"input_tokens_per_sec": 70624.65562216326, "output_tokens_per_sec": 7230.620269504768, "total_tokens_per_sec": 77855.27589166803, "requests_per_sec": 7.515021722095302}, "prompt_len": {"mean": 9397.797935103245, "min": 9329.0, "p0.1": 9329.0, "p1": 9342.0, "p5": 9352.0, "p10": 9363.0, "p25": 9384.0, "median": 9399.0, "p75": 9414.0, "p90": 9427.0, "p95": 9435.0, "p99": 9452.0, "p99.9": 9460.0, "max": 9460.0}, "output_len": {"mean": 962.155604719764, "min": 281.0, "p0.1": 512.266, "p1": 750.0, "p5": 801.0, "p10": 846.2, "p25": 964.0, "median": 1000.0, "p75": 1001.0, "p90": 1001.0, "p95": 1001.0, "p99": 1002.0, "p99.9": 1009.0, "max": 1041.0}}, "failures": {"count": 3288, "request_latency": {"mean": 300.50240922346876, "min": 300.00254635099554, "p0.1": 300.0046353802004, "p1": 300.01222561153116, "p5": 300.0523018280161, "p10": 300.1029780069133, "p25": 300.24993694350997, "median": 300.5071130784927, "p75": 300.75214499748836, "p90": 300.9042617723229, "p95": 300.9519293305173, "p99": 300.99087042151774, "p99.9": 300.99960575280204, "max": 301.00141609995626}, "prompt_len": {"mean": 0.0, "min": 0.0, "p0.1": 0.0, "p1": 0.0, "p5": 0.0, "p10": 0.0, "p25": 0.0, "median": 0.0, "p75": 0.0, "p90": 0.0, "p95": 0.0, "p99": 0.0, "p99.9": 0.0, "max": 0.0}}}