{"load_summary": {"count": 300, "schedule_delay": {"mean": 0.0007860923601159205, "min": -0.0009622576762922108, "p0.1": -0.0008731849502655678, "p1": -0.000538810053258203, "p5": -0.00031238485826179385, "p10": -9.515645215287801e-05, "p25": 0.00027686603425536305, "median": 0.0006112737464718521, "p75": 0.0010735287360148504, "p90": 0.0014143063919618726, "p95": 0.001613461782108061, "p99": 0.002044772211811493, "p99.9": 0.02552467115462128, "max": 0.034924040955957025}, "send_duration": 59.45491829799721, "requested_rate": 5.0, "achieved_rate": 5.04583991683167}, "successes": {"count": 300, "latency": {"request_latency": {"mean": 30.43059332873517, "min": 26.372642108006403, "p0.1": 26.40220154670358, "p1": 26.497521482165904, "p5": 26.87629216403584, "p10": 28.098681941413087, "p25": 28.801015952500165, "median": 30.74960390504566, "p75": 31.765899966994766, "p90": 33.003459289792225, "p95": 33.33347749382374, "p99": 33.813173386666456, "p99.9": 33.82664830003108, "max": 33.829102498013526}, "normalized_time_per_output_token": {"mean": 0.031577436942675, "min": 0.02647122584910669, "p0.1": 0.026508011415282876, "p1": 0.026729491855067036, "p5": 0.027615574559451253, "p10": 0.028295059846480376, "p25": 0.029443340712195013, "median": 0.031212828377152203, "p75": 0.033089389533116416, "p90": 0.03484130082748372, "p95": 0.03697395231048695, "p99": 0.04211456203058257, "p99.9": 0.043988836422957416, "max": 0.04422998569852799}, "time_per_output_token": {"mean": 0.015135607344804812, "min": 0.013125175501739812, "p0.1": 0.013137172801284973, "p1": 0.013180744046396724, "p5": 0.013376965329615874, "p10": 0.013973681406383387, "p25": 0.014322141660670895, "median": 0.015300393264369758, "p75": 0.015809406157280062, "p90": 0.016412889052419572, "p95": 0.016584207364490657, "p99": 0.01681996895837179, "p99.9": 0.01683586549635049, "max": 0.01683662825534916}, "time_to_first_token": {"mean": 0.1067912006508171, "min": 0.06827907002298161, "p0.1": 0.06893576910626144, "p1": 0.0708118220907636, "p5": 0.07857689902884886, "p10": 0.08378737896564417, "p25": 0.09071219051838852, "median": 0.09912911753053777, "p75": 0.11039930050901603, "p90": 0.132344516995363, "p95": 0.17468789546110203, "p99": 0.23697516647924177, "p99.9": 0.34218095917569236, "max": 0.3730646240292117}, "inter_token_latency": {"mean": 0.015135607344804812, "min": 1.8400023691356182e-06, "p0.1": 3.6329804570414122e-06, "p1": 1.1899974197149277e-05, "p5": 1.6250996850430965e-05, "p10": 2.0309991668909788e-05, "p25": 3.2119976822286844e-05, "median": 0.00013080050121061504, "p75": 0.03036600150517188, "p90": 0.032232458994258195, "p95": 0.03307025551621336, "p99": 0.03632750181248412, "p99.9": 0.10616466778615731, "max": 0.3005647450336255}}, "throughput": {"input_tokens_per_sec": 32020.04458373757, "output_tokens_per_sec": 3297.0507116663443, "total_tokens_per_sec": 35317.09529540391, "requests_per_sec": 3.40712351536955}, "prompt_len": {"mean": 9397.97, "min": 9329.0, "p0.1": 9329.0, "p1": 9332.0, "p5": 9352.0, "p10": 9363.0, "p25": 9385.0, "median": 9399.0, "p75": 9414.0, "p90": 9428.0, "p95": 9435.0, "p99": 9452.07, "p99.9": 9459.701000000001, "max": 9460.0}, "output_len": {"mean": 967.6933333333334, "min": 743.0, "p0.1": 745.691, "p1": 765.92, "p5": 825.65, "p10": 881.5, "p25": 962.5, "median": 1000.0, "p75": 1001.0, "p90": 1001.0, "p95": 1001.0, "p99": 1002.0, "p99.9": 1004.0, "max": 1004.0}}, "failures": {"count": 0, "request_latency": null, "prompt_len": null}}