{"load_summary": {"count": 4200, "schedule_delay": {"mean": 0.0006625137585797347, "min": -0.0008007935830391943, "p0.1": -0.0007114240722148679, "p1": -0.0004976345662726089, "p5": -0.00020303605997469275, "p10": -2.8179027140140506e-05, "p25": 0.00027501213480718434, "median": 0.0006610624259337783, "p75": 0.0010336214763810858, "p90": 0.001358057284960523, "p95": 0.0015369189437478778, "p99": 0.00184294598933775, "p99.9": 0.003244419303315305, "max": 0.004910215910058469}, "send_duration": 59.98760307603516, "requested_rate": 70.0, "achieved_rate": 70.01446606687117}, "successes": {"count": 2981, "latency": {"request_latency": {"mean": 187.01676106908872, "min": 87.50657112000044, "p0.1": 87.80443512141355, "p1": 89.25366788919783, "p5": 99.09192021097988, "p10": 104.79276335600298, "p25": 124.77251563197933, "median": 177.35479078703793, "p75": 248.75837116700131, "p90": 270.1017838490079, "p95": 290.7489755799761, "p99": 299.1254214142333, "p99.9": 299.79261082841555, "max": 300.04348760604626}, "normalized_time_per_output_token": {"mean": 0.19561520710529226, "min": 0.08759026101900963, "p0.1": 0.08802099373839614, "p1": 0.08991126748272774, "p5": 0.10071842429467935, "p10": 0.1077778481412679, "p25": 0.131702947208763, "median": 0.1852740572428086, "p75": 0.25398345732370387, "p90": 0.28801085307297764, "p95": 0.29982083409760424, "p99": 0.3557134064548644, "p99.9": 0.5187480066303813, "max": 1.2511725646123941}, "time_per_output_token": {"mean": 0.0905084975061816, "min": 0.04367317617290245, "p0.1": 0.043797988992127154, "p1": 0.04416832266528316, "p5": 0.049399174565221526, "p10": 0.052294521513260035, "p25": 0.06224275158221034, "median": 0.08410271864668557, "p75": 0.12037338607045457, "p90": 0.13079484705547353, "p95": 0.13727124986807882, "p99": 0.14778414165878878, "p99.9": 0.14956667069596752, "max": 0.1496786217766126}, "time_to_first_token": {"mean": 5.869705546822792, "min": 0.06461086904164404, "p0.1": 0.07534768101177178, "p1": 0.08667161618359387, "p5": 0.11217107798438519, "p10": 0.13258217700058594, "p25": 0.18955325603019446, "median": 0.29946617397945374, "p75": 0.41043046198319644, "p90": 0.5290534210507758, "p95": 0.8497892250306904, "p99": 132.5622904968215, "p99.9": 133.17151559052758, "max": 133.30336487898603}, "inter_token_latency": {"mean": 0.0905084975061816, "min": 1.7500133253633976e-06, "p0.1": 7.049974519759417e-06, "p1": 1.0970048606395721e-05, "p5": 1.5060009900480509e-05, "p10": 1.8109974917024374e-05, "p25": 2.6748981326818466e-05, "median": 0.00016514002345502377, "p75": 0.09727780800312757, "p90": 0.15963482798542827, "p95": 0.19547438697190955, "p99": 0.27249930297257396, "p99.9": 0.5998695069749382, "max": 151.34061501099495}}, "throughput": {"input_tokens_per_sec": 77801.70819282498, "output_tokens_per_sec": 7984.309829696952, "total_tokens_per_sec": 85786.01802252194, "requests_per_sec": 8.278679223057024}, "prompt_len": {"mean": 9397.840657497483, "min": 9329.0, "p0.1": 9329.0, "p1": 9342.0, "p5": 9352.0, "p10": 9363.0, "p25": 9384.0, "median": 9399.0, "p75": 9414.0, "p90": 9428.0, "p95": 9435.0, "p99": 9452.0, "p99.9": 9460.0, "max": 9460.0}, "output_len": {"mean": 964.4424689701442, "min": 209.0, "p0.1": 432.36, "p1": 742.0, "p5": 803.0, "p10": 866.0, "p25": 969.0, "median": 1000.0, "p75": 1001.0, "p90": 1001.0, "p95": 1001.0, "p99": 1002.0, "p99.9": 1012.0, "max": 1033.0}}, "failures": {"count": 1219, "request_latency": {"mean": 300.5209487076331, "min": 300.00279762700666, "p0.1": 300.00341293209397, "p1": 300.0111830667977, "p5": 300.05793893577646, "p10": 300.11525879281106, "p25": 300.28437459201086, "median": 300.53054668201366, "p75": 300.7742270230083, "p90": 300.9055694796145, "p95": 300.9504418577009, "p99": 300.98986798856527, "p99.9": 300.99994921579656, "max": 301.000939288002}, "prompt_len": {"mean": 0.0, "min": 0.0, "p0.1": 0.0, "p1": 0.0, "p5": 0.0, "p10": 0.0, "p25": 0.0, "median": 0.0, "p75": 0.0, "p90": 0.0, "p95": 0.0, "p99": 0.0, "p99.9": 0.0, "max": 0.0}}}