{"load_summary": {"count": 2400, "schedule_delay": {"mean": 0.0007995108517934569, "min": -0.0016088684787973762, "p0.1": -0.0014257618653355166, "p1": -0.0008797867898829281, "p5": -0.00037200403457973155, "p10": -0.00017308347159996628, "p25": 0.00021054917306173593, "median": 0.0006072283140383661, "p75": 0.000989040287095122, "p90": 0.0012868185702245682, "p95": 0.0015058119752211494, "p99": 0.0018322413176065277, "p99.9": 0.09396775069518502, "max": 0.11663726676488295}, "send_duration": 59.99189685098827, "requested_rate": 40.0, "achieved_rate": 40.00540282900663}, "successes": {"count": 2400, "latency": {"request_latency": {"mean": 133.12812456339614, "min": 71.54111518902937, "p0.1": 71.75481632944633, "p1": 73.94322104362539, "p5": 80.10147503596673, "p10": 85.05118608401389, "p25": 100.3943419362331, "median": 141.91643806549837, "p75": 156.34562490425014, "p90": 173.04038585408708, "p95": 183.54688089009136, "p99": 187.29672906710067, "p99.9": 187.793175844364, "max": 188.54349280300085}, "normalized_time_per_output_token": {"mean": 0.13912795789229346, "min": 0.05917398578521776, "p0.1": 0.07172999297234596, "p1": 0.07461863154521735, "p5": 0.08144497818951721, "p10": 0.08712968536525117, "p25": 0.10370685976324603, "median": 0.14482387779223244, "p75": 0.16583569908115856, "p90": 0.1851000049419854, "p95": 0.19234049135153472, "p99": 0.21957542098302624, "p99.9": 0.3838328490934633, "max": 0.839239178126219}, "time_per_output_token": {"mean": 0.06079341703293925, "min": 0.03569647304398747, "p0.1": 0.03578668966084524, "p1": 0.03661556228411268, "p5": 0.03869953738224552, "p10": 0.041235607358320304, "p25": 0.0485850195782141, "median": 0.060966217100956774, "p75": 0.07498534724575733, "p90": 0.07775004862897926, "p95": 0.08008278384084473, "p99": 0.08483866657942768, "p99.9": 0.08560563551126243, "max": 0.08619247286707099}, "time_to_first_token": {"mean": 11.441535590509448, "min": 0.06992536794859916, "p0.1": 0.07120673178683501, "p1": 0.08574270440614783, "p5": 0.10106125549064018, "p10": 0.11592969490448013, "p25": 0.15910298225935549, "median": 0.24033256148686633, "p75": 0.3599946742906468, "p90": 57.99061287688091, "p95": 62.093923333444394, "p99": 107.34058443407586, "p99.9": 109.20948302013653, "max": 109.47388440801296}, "inter_token_latency": {"mean": 0.06079341703293925, "min": 1.7799902707338333e-06, "p0.1": 4.749977961182594e-06, "p1": 1.0790012311190367e-05, "p5": 1.4910008758306503e-05, "p10": 1.7929996829479933e-05, "p25": 2.649001544341445e-05, "median": 0.00015430449275299907, "p75": 0.07951867800147738, "p90": 0.12183678913279437, "p95": 0.14746648905565957, "p99": 0.1871393874828936, "p99.9": 0.4510227582839436, "max": 63.05294353101635}}, "throughput": {"input_tokens_per_sec": 90820.75679315014, "output_tokens_per_sec": 9329.608274627655, "total_tokens_per_sec": 100150.36506777779, "requests_per_sec": 9.663957027900441}, "prompt_len": {"mean": 9397.885, "min": 9329.0, "p0.1": 9329.0, "p1": 9342.0, "p5": 9352.0, "p10": 9363.0, "p25": 9384.0, "median": 9399.0, "p75": 9414.0, "p90": 9428.0, "p95": 9435.0, "p99": 9452.0, "p99.9": 9460.0, "max": 9460.0}, "output_len": {"mean": 965.4025, "min": 206.0, "p0.1": 320.773, "p1": 745.99, "p5": 804.0, "p10": 866.9, "p25": 971.0, "median": 1000.0, "p75": 1001.0, "p90": 1001.0, "p95": 1001.0, "p99": 1002.0, "p99.9": 1064.0100000000011, "max": 1271.0}}, "failures": {"count": 0, "request_latency": null, "prompt_len": null}}