{"load_summary": {"count": 600, "schedule_delay": {"mean": 0.0006263493214889119, "min": -0.0016591636231169105, "p0.1": -0.001520314644789323, "p1": -0.001142717741895467, "p5": -0.0005027085455367341, "p10": -0.00027328241267241535, "p25": 0.00012663363304454833, "median": 0.0005916678928770125, "p75": 0.0009593982249498367, "p90": 0.0013119655253831298, "p95": 0.0015001555526396259, "p99": 0.001962720325682312, "p99.9": 0.026974589080317295, "max": 0.030076334136538208}, "send_duration": 59.96480006899219, "requested_rate": 10.0, "achieved_rate": 10.005870098952604}, "successes": {"count": 600, "latency": {"request_latency": {"mean": 39.27025593334828, "min": 29.53603070002282, "p0.1": 29.551377492719038, "p1": 30.159353844414, "p5": 32.42528896055883, "p10": 34.45782565108384, "p25": 37.21446404924791, "median": 40.00208748347359, "p75": 41.96613439825887, "p90": 42.61315724618616, "p95": 43.512967853428556, "p99": 43.875782894153964, "p99.9": 43.905336646548825, "max": 43.91966360103106}, "normalized_time_per_output_token": {"mean": 0.04120897813748308, "min": 0.029506524175846975, "p0.1": 0.029612657356594185, "p1": 0.030609999478487047, "p5": 0.03348518367437197, "p10": 0.035599296253899126, "p25": 0.03805037650393551, "median": 0.041171407125254016, "p75": 0.042968822793545094, "p90": 0.04655839945103067, "p95": 0.050298259113818335, "p99": 0.05471592278433157, "p99.9": 0.09952531302029514, "max": 0.15216540057979458}, "time_per_output_token": {"mean": 0.019547567969040485, "min": 0.014700701790114772, "p0.1": 0.014705520378412744, "p1": 0.01501519133817368, "p5": 0.01613247495978363, "p10": 0.01715862615402429, "p25": 0.018513757269873147, "median": 0.019912789153408255, "p75": 0.020900643136804814, "p90": 0.021207720143829302, "p95": 0.02167437714516422, "p99": 0.021846198628999294, "p99.9": 0.021853766350504407, "max": 0.021853995458277615}, "time_to_first_token": {"mean": 0.11831053131386095, "min": 0.06695308000780642, "p0.1": 0.06725556779262842, "p1": 0.07106285590794868, "p5": 0.08422173750877847, "p10": 0.09022441516863182, "p25": 0.10152026152354665, "median": 0.11778251297073439, "p75": 0.1324556905310601, "p90": 0.147400350990938, "p95": 0.1556714174279477, "p99": 0.17229519401153084, "p99.9": 0.276087186493573, "max": 0.3772323540179059}, "inter_token_latency": {"mean": 0.019547567969040485, "min": 1.8299906514585018e-06, "p0.1": 4.1800085455179214e-06, "p1": 1.0970048024319112e-05, "p5": 1.4970020856708288e-05, "p10": 1.8090009689331055e-05, "p25": 2.8450042009353638e-05, "median": 0.00014879502123221755, "p75": 0.040955329983262345, "p90": 0.04287898190086708, "p95": 0.04408967951894738, "p99": 0.054040303072542886, "p99.9": 0.06894625748961776, "max": 0.35867767297895625}}, "throughput": {"input_tokens_per_sec": 58995.184955973986, "output_tokens_per_sec": 6033.861334066457, "total_tokens_per_sec": 65029.046290040445, "requests_per_sec": 6.277556060328406}, "prompt_len": {"mean": 9397.795, "min": 9329.0, "p0.1": 9329.0, "p1": 9341.9, "p5": 9352.0, "p10": 9363.0, "p25": 9383.75, "median": 9399.0, "p75": 9414.0, "p90": 9427.1, "p95": 9435.0, "p99": 9452.0, "p99.9": 9460.0, "max": 9460.0}, "output_len": {"mean": 961.18, "min": 257.0, "p0.1": 500.19399999999996, "p1": 739.89, "p5": 796.0, "p10": 852.0, "p25": 959.0, "median": 1000.0, "p75": 1001.0, "p90": 1001.0, "p95": 1001.0, "p99": 1002.0, "p99.9": 1004.8020000000001, "max": 1006.0}}, "failures": {"count": 0, "request_latency": null, "prompt_len": null}}