{"load_summary": {"count": 900, "schedule_delay": {"mean": 0.0007036893354961649, "min": -0.0006862105219624937, "p0.1": -0.0006732675968087278, "p1": -0.0005448096012696624, "p5": -0.00019595914927776902, "p10": -7.751228986307916e-06, "p25": 0.00030100038566160947, "median": 0.000667884130962193, "p75": 0.0010353617690270767, "p90": 0.0013676785223651678, "p95": 0.0015562836168101057, "p99": 0.001869468261138536, "p99.9": 0.011577849131195401, "max": 0.023202086449600756}, "send_duration": 59.98233574302867, "requested_rate": 15.0, "achieved_rate": 15.004417364733929}, "successes": {"count": 900, "latency": {"request_latency": {"mean": 51.26407156078546, "min": 34.8383718150435, "p0.1": 34.85350114891655, "p1": 35.600081877727646, "p5": 39.986642813513754, "p10": 44.11191890607588, "p25": 47.990924106008606, "median": 52.58775632845936, "p75": 55.16722497071896, "p90": 57.81114182397723, "p95": 59.13878624976496, "p99": 59.91741078344756, "p99.9": 59.95671914578649, "max": 59.97248909896007}, "normalized_time_per_output_token": {"mean": 0.054629643691941024, "min": 0.03485929330171958, "p0.1": 0.034980140598063786, "p1": 0.03606187630496525, "p5": 0.040911019840618, "p10": 0.04484098561226272, "p25": 0.04896192518013562, "median": 0.05365571523030037, "p75": 0.05711861340909579, "p90": 0.06115172197631101, "p95": 0.06572385610785816, "p99": 0.07365912330610835, "p99.9": 0.3060953428713541, "max": 1.0401896939632327}, "time_per_output_token": {"mean": 0.02552994401413776, "min": 0.01735028581610457, "p0.1": 0.017358539583632544, "p1": 0.017728151121476222, "p5": 0.019913488566983786, "p10": 0.021965920681113273, "p25": 0.023893279527367646, "median": 0.026186242632950465, "p75": 0.027482332180269346, "p90": 0.028784736050925835, "p95": 0.029458316891457767, "p99": 0.029855536851140767, "p99.9": 0.029866594302071253, "max": 0.02986961052521946}, "time_to_first_token": {"mean": 0.1409966544656264, "min": 0.07240220799576491, "p0.1": 0.07343061096867314, "p1": 0.07745237873226869, "p5": 0.08557629447313957, "p10": 0.09309086296707392, "p25": 0.10822845296934247, "median": 0.13403007251326926, "p75": 0.16137881776376162, "p90": 0.18372324310475963, "p95": 0.20267383240279738, "p99": 0.40387452416238356, "p99.9": 0.7190031284066032, "max": 0.8101900370093063}, "inter_token_latency": {"mean": 0.02552994401413776, "min": 1.860025804489851e-06, "p0.1": 4.6098885941319165e-06, "p1": 1.090002479031682e-05, "p5": 1.492002047598362e-05, "p10": 1.79799972102046e-05, "p25": 2.731999848037958e-05, "median": 0.00014582998119294643, "p75": 0.05385554900567513, "p90": 0.059314002020983025, "p95": 0.06295060050615575, "p99": 0.07470297846011817, "p99.9": 0.09592850921954965, "max": 0.5985035400371999}}, "throughput": {"input_tokens_per_sec": 78130.18088635488, "output_tokens_per_sec": 8020.064063761833, "total_tokens_per_sec": 86150.24495011671, "requests_per_sec": 8.31354130924635}, "prompt_len": {"mean": 9397.942222222222, "min": 9329.0, "p0.1": 9329.0, "p1": 9342.0, "p5": 9352.0, "p10": 9363.0, "p25": 9384.0, "median": 9399.0, "p75": 9414.0, "p90": 9428.0, "p95": 9435.0, "p99": 9452.0, "p99.9": 9460.0, "max": 9460.0}, "output_len": {"mean": 964.6988888888889, "min": 54.0, "p0.1": 193.345, "p1": 741.93, "p5": 797.0, "p10": 861.8, "p25": 971.0, "median": 1000.0, "p75": 1001.0, "p90": 1001.0, "p95": 1001.0, "p99": 1002.0, "p99.9": 1047.5040000000117, "max": 1141.0}}, "failures": {"count": 0, "request_latency": null, "prompt_len": null}}