{"load_summary": {"count": 3000, "schedule_delay": {"mean": 0.0006823993832804263, "min": -0.0008848204161040485, "p0.1": -0.0006818109282758087, "p1": -0.00048308794968761505, "p5": -0.0002163520752219483, "p10": -1.2564245844259845e-05, "p25": 0.0003133194404654205, "median": 0.0006899861909914762, "p75": 0.0010523286910029128, "p90": 0.0013712479500100016, "p95": 0.0015390429500257592, "p99": 0.001876065352698788, "p99.9": 0.0023324129717075506, "max": 0.0027513097738847136}, "send_duration": 59.98743292404106, "requested_rate": 50.0, "achieved_rate": 50.010474757250286}, "successes": {"count": 3000, "latency": {"request_latency": {"mean": 164.85485728380834, "min": 76.73691907397006, "p0.1": 77.00872791349515, "p1": 78.90751304546953, "p5": 88.33174861846783, "p10": 94.24554877810878, "p25": 113.17250488698483, "median": 167.38396825050586, "p75": 212.86451568023767, "p90": 223.80638811699464, "p95": 234.31815803651406, "p99": 242.96644999790877, "p99.9": 243.22832289549757, "max": 243.31188474805094}, "normalized_time_per_output_token": {"mean": 0.17274721315059954, "min": 0.07681347778323781, "p0.1": 0.07731095529478946, "p1": 0.08214004913391384, "p5": 0.09047639277161892, "p10": 0.09732356921410629, "p25": 0.12009987176675535, "median": 0.17219406871946535, "p75": 0.21786254696038024, "p90": 0.23727964383556427, "p95": 0.24922398281472805, "p99": 0.28408759831823716, "p99.9": 0.6083172544933243, "max": 2.224820122385019}, "time_per_output_token": {"mean": 0.07258652277798588, "min": 0.03828978921389272, "p0.1": 0.03840543263347458, "p1": 0.03923865225223417, "p5": 0.04404767745827726, "p10": 0.0470296666077458, "p25": 0.05299774868141268, "median": 0.07197781573487809, "p75": 0.08651675516241333, "p90": 0.10579405602784818, "p95": 0.10903274047575696, "p99": 0.11159385766290662, "p99.9": 0.11207814799128983, "max": 0.11217039996200287}, "time_to_first_token": {"mean": 19.570162011316047, "min": 0.06712528900243342, "p0.1": 0.07466031892673346, "p1": 0.08495367529976647, "p5": 0.10569230798864737, "p10": 0.12431292090332136, "p25": 0.17967994851642288, "median": 0.2887452045106329, "p75": 0.4544480535114417, "p90": 113.17513610287568, "p95": 117.87248579989824, "p99": 133.83297628247527, "p99.9": 134.63871846284636, "max": 135.36731971404515}, "inter_token_latency": {"mean": 0.07258652277798588, "min": 1.7200363799929619e-06, "p0.1": 5.289039050694555e-06, "p1": 1.078000059351325e-05, "p5": 1.48909748531878e-05, "p10": 1.7910031601786613e-05, "p25": 2.6430992875248194e-05, "median": 0.00016170000890269876, "p75": 0.08553901125560515, "p90": 0.1345541667134967, "p95": 0.15993496799783316, "p99": 0.2213823977392162, "p99.9": 0.5166180049041922, "max": 76.68855780805461}}, "throughput": {"input_tokens_per_sec": 93732.50392660749, "output_tokens_per_sec": 9624.004694306004, "total_tokens_per_sec": 103356.5086209135, "requests_per_sec": 9.973905937779886}, "prompt_len": {"mean": 9397.773, "min": 9329.0, "p0.1": 9329.0, "p1": 9342.0, "p5": 9352.0, "p10": 9363.0, "p25": 9384.0, "median": 9399.0, "p75": 9414.0, "p90": 9427.1, "p95": 9435.0, "p99": 9452.0, "p99.9": 9460.0, "max": 9460.0}, "output_len": {"mean": 964.9183333333333, "min": 91.0, "p0.1": 264.964, "p1": 747.0, "p5": 805.95, "p10": 866.9000000000001, "p25": 969.0, "median": 1000.0, "p75": 1001.0, "p90": 1001.0, "p95": 1001.0, "p99": 1002.0, "p99.9": 1006.0010000000002, "max": 1028.0}}, "failures": {"count": 0, "request_latency": null, "prompt_len": null}}