{"load_summary": {"count": 12000, "schedule_delay": {"mean": 0.0009142242869857, "min": -0.0007847733213566244, "p0.1": -0.0006969935914967209, "p1": -0.00043720748159103095, "p5": -0.00014388506242539733, "p10": 5.421778187155724e-05, "p25": 0.00037510991387534887, "median": 0.0007547288259956986, "p75": 0.0011317967728246003, "p90": 0.0014797258481848987, "p95": 0.0016846545680891721, "p99": 0.002081579743535258, "p99.9": 0.07976536789717152, "max": 0.14525183418300003}, "send_duration": 59.998047708009835, "requested_rate": 200.0, "achieved_rate": 200.00650785172098}, "successes": {"count": 2577, "latency": {"request_latency": {"mean": 196.02134434423812, "min": 111.94987776799826, "p0.1": 112.29981267930148, "p1": 112.97110839117319, "p5": 123.52157110661501, "p10": 129.70285248942673, "p25": 141.8474010869977, "median": 188.63492378999945, "p75": 248.06243661994813, "p90": 272.1703629851807, "p95": 282.6112043320201, "p99": 296.13259749939664, "p99.9": 299.45611886722975, "max": 299.9683772830176}, "normalized_time_per_output_token": {"mean": 0.20485698026499127, "min": 0.11183803972826999, "p0.1": 0.11225035159942692, "p1": 0.11298939232826256, "p5": 0.12532265079540658, "p10": 0.13166540520718154, "p25": 0.1510359417243217, "median": 0.19488203364401124, "p75": 0.2551489905344316, "p90": 0.2849702536002082, "p95": 0.3010064040712913, "p99": 0.34977605141091306, "p99.9": 0.5467621404823118, "max": 1.0353415008857656}, "time_per_output_token": {"mean": 0.09775792256677676, "min": 0.055873781884072125, "p0.1": 0.055974549736765244, "p1": 0.0560004487307335, "p5": 0.0616060529667037, "p10": 0.06473148154573159, "p25": 0.07077354548725535, "median": 0.09409794284657727, "p75": 0.1237596650064787, "p90": 0.135765844478755, "p95": 0.14092863205907472, "p99": 0.1476768811450848, "p99.9": 0.14935070120085986, "max": 0.14962507224589844}, "time_to_first_token": {"mean": 0.3683895931643682, "min": 0.086405397974886, "p0.1": 0.09125092731276527, "p1": 0.11104019642109052, "p5": 0.14278402499621734, "p10": 0.17083421697607265, "p25": 0.24143942503724247, "median": 0.35035807301755995, "p75": 0.4559851320227608, "p90": 0.5701107253786176, "p95": 0.6426725819939746, "p99": 0.9760555448406338, "p99.9": 1.2693913926775586, "max": 1.279911207035184}, "inter_token_latency": {"mean": 0.09775794885861801, "min": 1.6599660739302635e-06, "p0.1": 5.259993486106396e-06, "p1": 1.1300027836114168e-05, "p5": 1.5460012946277857e-05, "p10": 1.8549966625869274e-05, "p25": 2.693000715225935e-05, "median": 0.0001772200339473784, "p75": 0.09938575699925423, "p90": 0.1815079491934739, "p95": 0.27729293899610574, "p99": 0.42196820952464015, "p99.9": 0.8381184148872284, "max": 144.35526678198949}}, "throughput": {"input_tokens_per_sec": 67107.62710231416, "output_tokens_per_sec": 6891.552022293453, "total_tokens_per_sec": 73999.17912460762, "requests_per_sec": 7.140795432282972}, "prompt_len": {"mean": 9397.78036476523, "min": 9329.0, "p0.1": 9329.0, "p1": 9342.0, "p5": 9352.0, "p10": 9363.0, "p25": 9384.0, "median": 9399.0, "p75": 9414.0, "p90": 9427.0, "p95": 9435.0, "p99": 9452.0, "p99.9": 9460.0, "max": 9460.0}, "output_len": {"mean": 965.0958478851378, "min": 225.0, "p0.1": 516.912, "p1": 750.0, "p5": 806.0, "p10": 868.0, "p25": 966.0, "median": 1000.0, "p75": 1001.0, "p90": 1001.0, "p95": 1001.0, "p99": 1002.0, "p99.9": 1004.8480000000009, "max": 1065.0}}, "failures": {"count": 9423, "request_latency": {"mean": 300.509543592958, "min": 300.0042720239726, "p0.1": 300.0081044676418, "p1": 300.020543114763, "p5": 300.06139627759114, "p10": 300.11013920459663, "p25": 300.2596646254824, "median": 300.5115552880452, "p75": 300.76154213547125, "p90": 300.90331723621347, "p95": 300.95262097498636, "p99": 300.99209071005345, "p99.9": 301.0007445240694, "max": 301.0272622759803}, "prompt_len": {"mean": 0.0, "min": 0.0, "p0.1": 0.0, "p1": 0.0, "p5": 0.0, "p10": 0.0, "p25": 0.0, "median": 0.0, "p75": 0.0, "p90": 0.0, "p95": 0.0, "p99": 0.0, "p99.9": 0.0, "max": 0.0}}}