{"load_summary": {"count": 225, "schedule_delay": {"mean": 0.001014474173490372, "min": -0.0003760475665330887, "p0.1": -0.0003663349933922291, "p1": -0.0002535264636389911, "p5": 4.868285031989219e-05, "p10": 0.0002082353457808495, "p25": 0.0005481985281221569, "median": 0.0009368516621179879, "p75": 0.0014325877418741584, "p90": 0.0019551053643226623, "p95": 0.002154194563627243, "p99": 0.0025962643581442513, "p99.9": 0.0029217102685943274, "max": 0.0029825986130163074}, "send_duration": 24.962989275052678, "requested_rate": 9.0, "achieved_rate": 9.013343615255998}, "successes": {"count": 225, "latency": {"request_latency": {"mean": 40.91339976736034, "min": 32.48062786902301, "p0.1": 32.48653315189108, "p1": 32.65182069195667, "p5": 33.012067244620994, "p10": 33.622310678986835, "p25": 35.99956086400198, "median": 39.99237814900698, "p75": 45.933611385000404, "p90": 48.90911452801665, "p95": 49.75013662819983, "p99": 52.77921293346211, "p99.9": 53.07409987272974, "max": 53.10457474703435}, "normalized_time_per_output_token": {"mean": 0.04282240672578969, "min": 0.03250699073896976, "p0.1": 0.032528530030109255, "p1": 0.0327455039738561, "p5": 0.033424179580547594, "p10": 0.034628757258384595, "p25": 0.037007702371655876, "median": 0.04194699178377094, "p75": 0.0475877464387959, "p90": 0.051750469568575104, "p95": 0.052939414783309685, "p99": 0.06277332675238903, "p99.9": 0.0691532612115305, "max": 0.06934641254194426}, "time_per_output_token": {"mean": 0.01926899904334529, "min": 0.01612328022738443, "p0.1": 0.016128156634392047, "p1": 0.0162116580350843, "p5": 0.01638476150354714, "p10": 0.016606873117232773, "p25": 0.017229510356322107, "median": 0.018492464450794666, "p75": 0.020891323200378592, "p90": 0.023202289229976587, "p95": 0.02386736120739631, "p99": 0.025258404396794106, "p99.9": 0.02582124210080027, "max": 0.025882277452770427}, "time_to_first_token": {"mean": 2.3165140711143613, "min": 0.15355154703138396, "p0.1": 0.15451685240631924, "p1": 0.16046441138722004, "p5": 0.16834486679872498, "p10": 0.17620732261566446, "p25": 0.6407936770119704, "median": 1.6811296790256165, "p75": 3.3806324569741264, "p90": 5.60641129380092, "p95": 6.600616580992936, "p99": 9.363959938467014, "p99.9": 9.853453299960124, "max": 9.914623521035537}, "inter_token_latency": {"mean": 0.01926899904334529, "min": 1.7309794202446938e-06, "p0.1": 3.689971286803484e-06, "p1": 1.1430243030190467e-05, "p5": 1.6069971024990082e-05, "p10": 1.989002339541912e-05, "p25": 3.2130046747624874e-05, "median": 0.00015038996934890747, "p75": 0.0335153600317426, "p90": 0.034254303039051595, "p95": 0.03476339118788019, "p99": 0.06073989477008599, "p99.9": 0.6162018431639318, "max": 0.6691024369793013}}, "throughput": {"input_tokens_per_sec": 36360.54986697122, "output_tokens_per_sec": 3715.9649197792696, "total_tokens_per_sec": 40076.51478675049, "requests_per_sec": 3.868772850084612}, "prompt_len": {"mean": 9398.471111111112, "min": 9329.0, "p0.1": 9329.672, "p1": 9342.0, "p5": 9354.4, "p10": 9365.4, "p25": 9385.0, "median": 9399.0, "p75": 9414.0, "p90": 9427.6, "p95": 9435.0, "p99": 9450.32, "p99.9": 9459.776, "max": 9460.0}, "output_len": {"mean": 960.5022222222223, "min": 668.0, "p0.1": 679.872, "p1": 737.72, "p5": 795.0, "p10": 863.4, "p25": 959.0, "median": 999.0, "p75": 1001.0, "p90": 1001.0, "p95": 1001.0, "p99": 1001.0, "p99.9": 1001.7760000000001, "max": 1002.0}}, "failures": {"count": 0, "request_latency": null, "prompt_len": null}}