{"load_summary": {"count": 480, "schedule_delay": {"mean": 0.0007246454239066225, "min": -0.0012219609343446791, "p0.1": -0.0008883392434800043, "p1": -0.00044340958003886044, "p5": -0.0002129767002770677, "p10": -7.572163594886658e-05, "p25": 0.00028713337087538093, "median": 0.000677050615195185, "p75": 0.0010300089925294742, "p90": 0.0013038184610195459, "p95": 0.0015836345846764743, "p99": 0.0018814380734693227, "p99.9": 0.017280791519792442, "max": 0.021440650627482682}, "send_duration": 59.95454869698733, "requested_rate": 8.0, "achieved_rate": 8.006064767928436}, "successes": {"count": 480, "latency": {"request_latency": {"mean": 34.95879328577636, "min": 29.92520575999515, "p0.1": 29.95236670776957, "p1": 30.19067692718003, "p5": 30.754843741637888, "p10": 31.72751939970767, "p25": 33.26051890649251, "median": 35.18221431301208, "p75": 36.44207263502176, "p90": 38.724306308320955, "p95": 39.58480214885785, "p99": 40.02489152690221, "p99.9": 40.065274260461855, "max": 40.071127913019154}, "normalized_time_per_output_token": {"mean": 0.03656325672377171, "min": 0.029895310449545607, "p0.1": 0.029942598527274815, "p1": 0.03029643913798723, "p5": 0.03130157164658275, "p10": 0.03208148516011424, "p25": 0.033966862376046854, "median": 0.0359735860314101, "p75": 0.03799177426583775, "p90": 0.04163233930578821, "p95": 0.045112077091469985, "p99": 0.04896296522705533, "p99.9": 0.05193169073177376, "max": 0.052312534118593344}, "time_per_output_token": {"mean": 0.017396641529220554, "min": 0.014899255783113975, "p0.1": 0.014910117647907752, "p1": 0.015033384708436681, "p5": 0.015301534616013886, "p10": 0.015795999427000457, "p25": 0.01655435178548649, "median": 0.017507970530484716, "p75": 0.018135290943536567, "p90": 0.019282010829234766, "p95": 0.01971385899897827, "p99": 0.019925284264462315, "p99.9": 0.0199465189375686, "max": 0.019952472246889404}, "time_to_first_token": {"mean": 0.11046225914797106, "min": 0.06892626901390031, "p0.1": 0.06991474300378468, "p1": 0.07212699116033036, "p5": 0.08164492601354141, "p10": 0.08549488310236483, "p25": 0.095601015505963, "median": 0.10689664300298318, "p75": 0.12170097800844815, "p90": 0.13357387610594743, "p95": 0.14329981940973083, "p99": 0.16755287484615103, "p99.9": 0.34744805155100883, "max": 0.35526526399189606}, "inter_token_latency": {"mean": 0.017396641529220554, "min": 1.760025043040514e-06, "p0.1": 3.7694479105994107e-06, "p1": 1.1200027074664831e-05, "p5": 1.528899883851409e-05, "p10": 1.866003731265664e-05, "p25": 3.029999788850546e-05, "median": 0.00014223498874343932, "p75": 0.034003899272647686, "p90": 0.039217798213940114, "p95": 0.040842829973553305, "p99": 0.04719204055727458, "p99.9": 0.06480888265487884, "max": 0.2886195050086826}}, "throughput": {"input_tokens_per_sec": 49117.703716628646, "output_tokens_per_sec": 5026.7831295985, "total_tokens_per_sec": 54144.48684622715, "requests_per_sec": 5.226466827839648}, "prompt_len": {"mean": 9397.879166666668, "min": 9329.0, "p0.1": 9329.0, "p1": 9342.0, "p5": 9352.95, "p10": 9363.0, "p25": 9384.75, "median": 9399.0, "p75": 9414.0, "p90": 9427.1, "p95": 9435.0, "p99": 9452.0, "p99.9": 9460.0, "max": 9460.0}, "output_len": {"mean": 961.79375, "min": 698.0, "p0.1": 710.454, "p1": 741.16, "p5": 788.0, "p10": 845.9, "p25": 962.0, "median": 998.0, "p75": 1001.0, "p90": 1001.0, "p95": 1001.0, "p99": 1002.0, "p99.9": 1004.0840000000003, "max": 1006.0}}, "failures": {"count": 0, "request_latency": null, "prompt_len": null}}