{"load_summary": {"count": 120, "schedule_delay": {"mean": 0.0007094330319281047, "min": -0.0008380205254070461, "p0.1": -0.0008193385399063118, "p1": -0.0006525734474416823, "p5": -0.0002163482567993924, "p10": -2.6683672331273465e-06, "p25": 0.00033937978150788695, "median": 0.0007180847751442343, "p75": 0.0010793671826831996, "p90": 0.0013905425323173406, "p95": 0.0015404948469949884, "p99": 0.001799964975216426, "p99.9": 0.001971203075605447, "max": 0.0019929976551793516}, "send_duration": 59.46989241900155, "requested_rate": 2.0, "achieved_rate": 2.0178277632407173}, "successes": {"count": 120, "latency": {"request_latency": {"mean": 25.574615700733073, "min": 24.368814426998142, "p0.1": 24.378797778369275, "p1": 24.459472874716155, "p5": 24.71161299753003, "p10": 24.840825257869437, "p25": 25.111365140997805, "median": 25.360363070474705, "p75": 25.62413586777984, "p90": 27.16759855186683, "p95": 27.20991718955629, "p99": 27.238024780682753, "p99.9": 27.239377904449473, "max": 27.23939744901145}, "normalized_time_per_output_token": {"mean": 0.026359092203583685, "min": 0.0243444699570411, "p0.1": 0.024360643620910328, "p1": 0.02451844234047538, "p5": 0.024791917755236183, "p10": 0.024900300803173733, "p25": 0.0251872635182461, "median": 0.02551512068669863, "p75": 0.0271289988146987, "p90": 0.028893459788223927, "p95": 0.030757058398398887, "p99": 0.033483458748436105, "p99.9": 0.03624599141718396, "max": 0.03657343172874834}, "time_per_output_token": {"mean": 0.012717785852039431, "min": 0.012121469404790197, "p0.1": 0.012125914257526639, "p1": 0.012161166871529782, "p5": 0.012290442747370595, "p10": 0.012361231841228861, "p25": 0.012482448215503582, "median": 0.012612338448273783, "p75": 0.012742787363562224, "p90": 0.013506438517673077, "p95": 0.013537785227380009, "p99": 0.013548727929280587, "p99.9": 0.013551306002861311, "max": 0.013551653923535686}, "time_to_first_token": {"mean": 0.0896314233429924, "min": 0.06996553996577859, "p0.1": 0.06996759259980172, "p1": 0.07012369470554404, "p5": 0.0736156020197086, "p10": 0.07573821695987135, "p25": 0.08231046576111112, "median": 0.08870896801818162, "p75": 0.09739114299009088, "p90": 0.10164660091395492, "p95": 0.10703981649712659, "p99": 0.1167441119189607, "p99.9": 0.12439448926609487, "max": 0.12538329703966156}, "inter_token_latency": {"mean": 0.012717785852039433, "min": 2.0710285753011703e-06, "p0.1": 3.823561419267208e-06, "p1": 1.3810000382363796e-05, "p5": 1.9799976143985987e-05, "p10": 2.688000677153468e-05, "p25": 3.522000042721629e-05, "median": 0.00011752001591958106, "p75": 0.02522363726166077, "p90": 0.026381233031861483, "p95": 0.02731781254406087, "p99": 0.02894245061674155, "p99.9": 0.03514621613593854, "max": 0.07009370799642056}}, "throughput": {"input_tokens_per_sec": 13258.856046658138, "output_tokens_per_sec": 1374.4610090544545, "total_tokens_per_sec": 14633.317055712594, "requests_per_sec": 1.410981924534489}, "prompt_len": {"mean": 9396.9, "min": 9329.0, "p0.1": 9329.357, "p1": 9333.9, "p5": 9352.95, "p10": 9364.8, "p25": 9380.5, "median": 9397.0, "p75": 9413.25, "p90": 9426.1, "p95": 9433.1, "p99": 9449.53, "p99.9": 9458.167, "max": 9459.0}, "output_len": {"mean": 974.1166666666667, "min": 741.0, "p0.1": 741.833, "p1": 757.31, "p5": 845.85, "p10": 890.7, "p25": 982.0, "median": 1000.0, "p75": 1001.0, "p90": 1001.0, "p95": 1001.0, "p99": 1002.0, "p99.9": 1013.4530000000002, "max": 1015.0}}, "failures": {"count": 0, "request_latency": null, "prompt_len": null}}