{"load_summary": {"count": 43725, "schedule_delay": {"mean": 0.0007745363879211358, "min": -0.0016591636231169105, "p0.1": -0.000862065922934562, "p1": -0.0005014509079046547, "p5": -0.000186061963904649, "p10": 3.0889757908881285e-06, "p25": 0.00032971223117783666, "median": 0.0007112801540642977, "p75": 0.001086623058654368, "p90": 0.0014303646865300832, "p95": 0.0016212384449318046, "p99": 0.0020047354255802955, "p99.9": 0.0052383224137595615, "max": 0.14525183418300003}}, "successes": {"count": 23345, "latency": {"request_latency": {"mean": 144.71622290702916, "min": 24.368814426998142, "p0.1": 25.011919926440807, "p1": 29.723155793938787, "p5": 38.12555481101153, "p10": 53.29893676597858, "p25": 90.10431210399838, "median": 134.76000188599573, "p75": 195.15743546304293, "p90": 253.61643511101138, "p95": 269.52401272301796, "p99": 293.6157221664978, "p99.9": 299.3876701610028, "max": 300.04348760604626}, "normalized_time_per_output_token": {"mean": 0.15144479397738764, "min": 0.0243444699570411, "p0.1": 0.02510357922998941, "p1": 0.0304086705318095, "p5": 0.03981855428205956, "p10": 0.05466836516277369, "p25": 0.0924535355448406, "median": 0.14032970309344087, "p75": 0.20581145565045095, "p90": 0.26135982524555457, "p95": 0.2840156125789971, "p99": 0.32510594764259787, "p99.9": 0.43865571044054147, "max": 2.224820122385019}, "time_per_output_token": {"mean": 0.06977024653225748, "min": 0.012121469404790197, "p0.1": 0.012442736423524819, "p1": 0.014774084531683251, "p5": 0.01877770185496063, "p10": 0.026554762612996174, "p25": 0.044247824456285584, "median": 0.0646554826681599, "p75": 0.09154834427086214, "p90": 0.12570692644467804, "p95": 0.13327348516313361, "p99": 0.14502654609563034, "p99.9": 0.14914437673860073, "max": 0.1496786217766126}, "time_to_first_token": {"mean": 5.0669448912974575, "min": 0.06461086904164404, "p0.1": 0.07083311611646786, "p1": 0.08090496076038108, "p5": 0.09593897360609845, "p10": 0.10867721999529749, "p25": 0.14842169702751562, "median": 0.23625969601562247, "p75": 0.3774103939649649, "p90": 0.5720243753748948, "p95": 49.21867610979825, "p99": 120.01509722984642, "p99.9": 134.02970203415268, "max": 135.36731971404515}, "inter_token_latency": {"mean": 0.06977024843776991, "min": 1.6599660739302635e-06, "p0.1": 4.9800146371126175e-06, "p1": 1.100997906178236e-05, "p5": 1.5120021998882294e-05, "p10": 1.8179998733103275e-05, "p25": 2.705003134906292e-05, "median": 0.00016170996241271496, "p75": 0.07739763997960836, "p90": 0.13617962602293124, "p95": 0.17481699299532913, "p99": 0.3037547387508675, "p99.9": 0.6884066670136528, "max": 151.34061501099495}}, "throughput": {"input_tokens_per_sec": 69404.25209603726, "output_tokens_per_sec": 7122.874886501874, "total_tokens_per_sec": 76527.12698253914, "requests_per_sec": 7.385129388275953}, "prompt_len": {"mean": 9397.83833797387, "min": 9329.0, "p0.1": 9329.0, "p1": 9342.0, "p5": 9352.0, "p10": 9363.0, "p25": 9384.0, "median": 9399.0, "p75": 9414.0, "p90": 9428.0, "p95": 9435.0, "p99": 9452.0, "p99.9": 9460.0, "max": 9460.0}, "output_len": {"mean": 964.4888412936389, "min": 44.0, "p0.1": 438.504, "p1": 745.0, "p5": 804.0, "p10": 864.0, "p25": 968.0, "median": 1000.0, "p75": 1001.0, "p90": 1001.0, "p95": 1001.0, "p99": 1002.0, "p99.9": 1015.0, "max": 1271.0}}, "failures": {"count": 20380, "request_latency": {"mean": 298.96884620752434, "min": 63.931370365957264, "p0.1": 123.22947764865687, "p1": 236.20390980073307, "p5": 300.0391020641226, "p10": 300.0898313076876, "p25": 300.2455836815061, "median": 300.50137590951636, "p75": 300.75296214025, "p90": 300.9003610971966, "p95": 300.9513997686008, "p99": 300.9917775831418, "p99.9": 301.00017353610485, "max": 301.0272622759803}, "prompt_len": {"mean": 0.0, "min": 0.0, "p0.1": 0.0, "p1": 0.0, "p5": 0.0, "p10": 0.0, "p25": 0.0, "median": 0.0, "p75": 0.0, "p90": 0.0, "p95": 0.0, "p99": 0.0, "p99.9": 0.0, "max": 0.0}}}