{"load_summary": {}, "successes": {"count": 1518, "rate": 5.460432, "prompt_len": {"mean": 0, "rate": 41979.759164}, "output_len": {"mean": 0, "rate": 5463.661726}, "queue_len": {"mean": 0}, "request_latency": {"mean": 132.613079, "median": 128.382353, "p90": 217.676471, "p99": 237.767647}, "time_to_first_token": {"mean": 80.697705, "median": 83.982169, "p90": 157.15899, "p99": 583.175385}, "time_per_output_token": {"mean": 0.05089, "median": 0.037727, "p90": 0.048198, "p99": 0.662781}, "kv_cache_usage_percentage": {"mean": 0.0, "median": 0.0, "p90": 0.0, "p99": 0.0}, "num_requests_swapped": {"mean": 0}, "num_preemptions_total": {"mean": 0}, "prefix_cache_hit_percent": {"mean": 48.664482637539095}}, "failures": {}}