{"load_summary": {"count": 1518, "schedule_delay": {"mean": 0.001323404051952447, "min": -0.0011726508382707834, "p0.1": -0.0006248625244479626, "p1": -0.00017814471619203686, "p5": 7.031877757981426e-05, "p10": 0.00025306057650595907, "p25": 0.0006064035696908832, "median": 0.0010290497448295355, "p75": 0.0014435350894927979, "p90": 0.001841643638908863, "p95": 0.002147790975868702, "p99": 0.002972767853643743, "p99.9": 0.10133818440139347, "max": 0.11088797287084162}, "send_duration": 32.3284218730405, "requested_rate": 46.0, "achieved_rate": 46.95558620094287}, "successes": {"count": 1518, "latency": {"request_latency": {"mean": 132.72923557728478, "min": 48.803319161059335, "p0.1": 49.181065212983874, "p1": 50.17301552769961, "p5": 52.49380214490229, "p10": 55.10973079211544, "p25": 95.79093387746252, "median": 142.68922802596353, "p75": 188.61708534130594, "p90": 206.50541602091397, "p95": 213.6274561011116, "p99": 221.10167218693996, "p99.9": 229.9846656183433, "max": 230.09216168313287}, "normalized_time_per_output_token": {"mean": 0.25376067716423517, "min": 0.036169617826820474, "p0.1": 0.048948819493136606, "p1": 0.05050556627572427, "p5": 0.05309866515487665, "p10": 0.05619486945029348, "p25": 0.09828496935154724, "median": 0.1466524446621374, "p75": 0.19199175432941412, "p90": 0.2166364385183579, "p95": 0.27461940815516184, "p99": 4.415932565460598, "p99.9": 7.309877208112691, "max": 10.543626366221966}, "time_per_output_token": {"mean": 0.025384020240029767, "min": 0.01257743861776186, "p0.1": 0.012585945603526386, "p1": 0.012921786649365104, "p5": 0.014987324888009053, "p10": 0.022672018271020108, "p25": 0.025074730290443, "median": 0.025651062857117626, "p75": 0.026002347027638116, "p90": 0.02752011966012392, "p95": 0.031474473932024905, "p99": 0.041276999810519244, "p99.9": 0.043645759089184916, "max": 0.04391822355579695}, "time_to_first_token": {"mean": 81.872109144392, "min": 0.06626770389266312, "p0.1": 0.07825473311333918, "p1": 0.17274974525440484, "p5": 2.0929243341204713, "p10": 4.337586908205413, "p25": 15.894229387689847, "median": 91.37154826987535, "p75": 139.1482108802884, "p90": 150.6237207706319, "p95": 184.30980281383964, "p99": 191.73324270275884, "p99.9": 202.4223183073731, "max": 202.87710651592351}, "inter_token_latency": {"mean": 0.025384020240029764, "min": 2.3229513317346573e-06, "p0.1": 3.7185540422797206e-06, "p1": 1.475098542869091e-05, "p5": 2.1319836378097534e-05, "p10": 2.7447938919067383e-05, "p25": 4.650396294891834e-05, "median": 0.0004111614543944597, "p75": 0.03417965164408088, "p90": 0.035176882334053514, "p95": 0.036019834282342345, "p99": 0.5568969527282752, "p99.9": 0.6550148611189921, "max": 35.89458463783376}}, "throughput": {"input_tokens_per_sec": 44251.477369672786, "output_tokens_per_sec": 5510.0490151873055, "total_tokens_per_sec": 49761.52638486009, "requests_per_sec": 5.839402062476581}, "prompt_len": {"mean": 7578.083662714097, "min": 7508.0, "p0.1": 7508.0, "p1": 7525.0, "p5": 7534.0, "p10": 7543.0, "p25": 7559.0, "median": 7576.0, "p75": 7596.0, "p90": 7613.0, "p95": 7628.0, "p99": 7653.83, "p99.9": 7676.898000000001, "max": 7680.0}, "output_len": {"mean": 943.5981554677206, "min": 18.0, "p0.1": 25.034, "p1": 33.0, "p5": 458.25000000000006, "p10": 949.7, "p25": 990.0, "median": 997.0, "p75": 1000.0, "p90": 1000.0, "p95": 1000.0, "p99": 1000.0, "p99.9": 1997.9660000000003, "max": 1999.0}}, "failures": {"count": 0, "request_latency": null, "prompt_len": null}}