{"load_summary": {"count": 750, "schedule_delay": {"mean": 0.0010122941428174575, "min": -0.0011988845653831959, "p0.1": -0.0007778162297327071, "p1": -0.0002593279606662691, "p5": 8.024171693250546e-05, "p10": 0.00027201473712921146, "p25": 0.0006065003108233213, "median": 0.0009678471833467484, "p75": 0.0014122085995040834, "p90": 0.0017269555712118745, "p95": 0.0019912591087631877, "p99": 0.0026088809012435373, "p99.9": 0.004577734539984139, "max": 0.007448525866493583}, "send_duration": 23.583537416998297, "requested_rate": 30.0, "achieved_rate": 31.801844936944143}, "successes": {"count": 750, "latency": {"request_latency": {"mean": 78.67265423288197, "min": 49.606366500025615, "p0.1": 49.89171893823193, "p1": 50.514405378969386, "p5": 52.13889430747368, "p10": 53.48568041829858, "p25": 57.0496577853919, "median": 82.00604351831134, "p75": 94.62149051832967, "p90": 102.09861484030262, "p95": 120.18912280754849, "p99": 126.84364325905685, "p99.9": 126.91891084744036, "max": 126.92310505197383}, "normalized_time_per_output_token": {"mean": 0.16655601292640684, "min": 0.04970577805613789, "p0.1": 0.049916671238816115, "p1": 0.05072122002990786, "p5": 0.05262565713239846, "p10": 0.05395032097248203, "p25": 0.058028118533049816, "median": 0.08633883758091615, "p75": 0.09866943782919728, "p90": 0.12581632874868812, "p95": 0.2277208955782321, "p99": 2.6701799770033383, "p99.9": 4.145227332452874, "max": 4.693183330157281}, "time_per_output_token": {"mean": 0.024114844429323597, "min": 0.012103849018494348, "p0.1": 0.012329348583328726, "p1": 0.012548352748087873, "p5": 0.016002623217149188, "p10": 0.017964035735781148, "p25": 0.021745398112574824, "median": 0.025180493281148412, "p75": 0.02599367927859953, "p90": 0.027091821444326494, "p95": 0.031031143217577252, "p99": 0.04018703247549646, "p99.9": 0.042038858806283025, "max": 0.042565319321301205}, "time_to_first_token": {"mean": 30.3338625405229, "min": 0.14795845095068216, "p0.1": 0.15364059708011338, "p1": 0.16266823093174027, "p5": 1.066274112719111, "p10": 2.1508045403053986, "p25": 5.499105121940374, "median": 17.27373788598925, "p75": 48.33142908080481, "p90": 54.172380906902255, "p95": 89.90590757449391, "p99": 98.50879373237025, "p99.9": 100.7481269490372, "max": 100.82214896287769}, "inter_token_latency": {"mean": 0.024114844429323597, "min": 2.3390166461467743e-06, "p0.1": 2.99699604511261e-06, "p1": 1.3812212273478508e-05, "p5": 2.064998261630535e-05, "p10": 2.6901019737124443e-05, "p25": 4.4966291170567274e-05, "median": 0.0003870176151394844, "p75": 0.03374310315120965, "p90": 0.03488323839846998, "p95": 0.03579421703470871, "p99": 0.5520450860122219, "p99.9": 0.6502026930050949, "max": 34.67689654394053}}, "throughput": {"input_tokens_per_sec": 38284.07891247236, "output_tokens_per_sec": 4739.663054551251, "total_tokens_per_sec": 43023.74196702361, "requests_per_sec": 5.051897247925005}, "prompt_len": {"mean": 7578.158666666666, "min": 7508.0, "p0.1": 7513.992, "p1": 7525.0, "p5": 7534.45, "p10": 7542.9, "p25": 7559.0, "median": 7576.0, "p75": 7596.0, "p90": 7613.1, "p95": 7628.0, "p99": 7653.51, "p99.9": 7675.506, "max": 7680.0}, "output_len": {"mean": 938.1946666666666, "min": 19.0, "p0.1": 21.996, "p1": 32.0, "p5": 335.0, "p10": 948.6, "p25": 991.0, "median": 998.0, "p75": 1000.0, "p90": 1000.0, "p95": 1000.0, "p99": 1000.0, "p99.9": 1001.0, "max": 1001.0}}, "failures": {"count": 0, "request_latency": null, "prompt_len": null}}