{"load_summary": {"count": 1470, "schedule_delay": {"mean": 0.0010434179626988107, "min": -0.0011247212532907724, "p0.1": -0.0006367420174647122, "p1": -0.00019995891256257891, "p5": 0.00013488952536135911, "p10": 0.00031514901202172045, "p25": 0.0006326933507807553, "median": 0.001019039424136281, "p75": 0.0013947366387583315, "p90": 0.0017856122925877576, "p95": 0.0020078182802535593, "p99": 0.0026590351690538184, "p99.9": 0.0037829494336620337, "max": 0.006150470348075032}, "send_duration": 30.36371206305921, "requested_rate": 49.0, "achieved_rate": 48.41305295436576}, "successes": {"count": 1470, "latency": {"request_latency": {"mean": 130.17839084893615, "min": 47.9461121361237, "p0.1": 48.154527440553764, "p1": 50.75966173181776, "p5": 53.045605577202515, "p10": 55.6435031558387, "p25": 96.95210335898446, "median": 143.82316398248076, "p75": 186.8054844121216, "p90": 191.42663167393766, "p95": 203.24633009408134, "p99": 212.67626498081722, "p99.9": 225.41316270889504, "max": 225.43418929795735}, "normalized_time_per_output_token": {"mean": 0.2597669501856249, "min": 0.027207420352948052, "p0.1": 0.03851130170931624, "p1": 0.05065381678361271, "p5": 0.05365945331604453, "p10": 0.05642760748564786, "p25": 0.09899667035675445, "median": 0.14863931818248238, "p75": 0.18925335783741487, "p90": 0.2058832112318329, "p95": 0.3415076895285459, "p99": 4.6160204884239615, "p99.9": 7.166480155898498, "max": 7.935647303274331}, "time_per_output_token": {"mean": 0.025481934222993736, "min": 0.012432151758086415, "p0.1": 0.012452579653696918, "p1": 0.012753808383970918, "p5": 0.019921082616156514, "p10": 0.021627903443915693, "p25": 0.025030476161073296, "median": 0.02564619600998358, "p75": 0.0261342984958792, "p90": 0.026970344563193995, "p95": 0.031946268623227254, "p99": 0.040872671637063436, "p99.9": 0.0434026535728624, "max": 0.0435196825651976}, "time_to_first_token": {"mean": 79.13185137281224, "min": 0.06487638899125159, "p0.1": 0.06652382933814079, "p1": 0.17739183694124222, "p5": 1.6954786512535065, "p10": 3.81825738074258, "p25": 44.64358808728866, "median": 92.52023988601286, "p75": 139.97214760706993, "p90": 147.3077615509741, "p95": 153.60733469066906, "p99": 185.76463812023866, "p99.9": 200.0235685214333, "max": 200.46396727790125}, "inter_token_latency": {"mean": 0.025481934222993736, "min": 2.3781321942806244e-06, "p0.1": 3.9280857890844345e-06, "p1": 1.4597084373235703e-05, "p5": 2.0872103050351143e-05, "p10": 2.6722904294729233e-05, "p25": 4.324689507484436e-05, "median": 0.0003573044668883085, "p75": 0.03423638758249581, "p90": 0.035108960093930365, "p95": 0.03589752826374024, "p99": 0.5563379955780693, "p99.9": 0.656584729340862, "max": 35.65677970205434}}, "throughput": {"input_tokens_per_sec": 43885.00034902536, "output_tokens_per_sec": 5453.1903160847605, "total_tokens_per_sec": 49338.190665110116, "requests_per_sec": 5.790948364286962}, "prompt_len": {"mean": 7578.20612244898, "min": 7508.0, "p0.1": 7511.752, "p1": 7525.0, "p5": 7534.45, "p10": 7542.9, "p25": 7558.0, "median": 7576.0, "p75": 7596.0, "p90": 7614.0, "p95": 7628.0, "p99": 7654.0, "p99.9": 7677.1860000000015, "max": 7680.0}, "output_len": {"mean": 941.6748299319728, "min": 25.0, "p0.1": 26.0, "p1": 33.0, "p5": 449.55000000000007, "p10": 949.9, "p25": 991.0, "median": 997.0, "p75": 1000.0, "p90": 1000.0, "p95": 1000.0, "p99": 1001.0, "p99.9": 1530.8140000001754, "max": 1997.0}}, "failures": {"count": 0, "request_latency": null, "prompt_len": null}}