{"load_summary": {"count": 1500, "schedule_delay": {"mean": 0.0009934089990953604, "min": -0.0005715189035981894, "p0.1": -0.00045943217491731047, "p1": -0.0002528362558223307, "p5": 5.518684629350903e-05, "p10": 0.0002441867953166366, "p25": 0.0005868254811502993, "median": 0.0009775578510016203, "p75": 0.0013685807934962213, "p90": 0.0017217546002939344, "p95": 0.001987264724448323, "p99": 0.0026769641623832284, "p99.9": 0.0034146335213445867, "max": 0.004099791403859854}, "send_duration": 25.476732878945768, "requested_rate": 60.0, "achieved_rate": 58.87725114233997}, "successes": {"count": 1500, "latency": {"request_latency": {"mean": 135.3254312452792, "min": 49.95473288721405, "p0.1": 50.424154975878075, "p1": 51.268440544591286, "p5": 53.48942556515103, "p10": 56.23925314601511, "p25": 93.4820946487016, "median": 147.17607353813946, "p75": 190.39939829986542, "p90": 202.86032249093986, "p95": 219.5542883056449, "p99": 262.22256417092865, "p99.9": 264.62482915127043, "max": 268.2210603361018}, "normalized_time_per_output_token": {"mean": 0.2844146052239744, "min": 0.04995473288721405, "p0.1": 0.05055067055602653, "p1": 0.05148420495858224, "p5": 0.05410842044642769, "p10": 0.05738038288138516, "p25": 0.09918546392512186, "median": 0.15010509165448108, "p75": 0.19452064520759366, "p90": 0.222863751050775, "p95": 0.3348010814672154, "p99": 4.7099719057563725, "p99.9": 8.030523775211988, "max": 26.23147177270148}, "time_per_output_token": {"mean": 0.025646801383854438, "min": 0.011979053611692594, "p0.1": 0.012372355727824908, "p1": 0.012815136702999804, "p5": 0.019658913612855586, "p10": 0.021717326816993822, "p25": 0.02494297414450957, "median": 0.025562945950037705, "p75": 0.02624238719485341, "p90": 0.028328599292284127, "p95": 0.03339566340898515, "p99": 0.04073729468035748, "p99.9": 0.044029919095535795, "max": 0.04472844939488547}, "time_to_first_token": {"mean": 83.94872731487283, "min": 0.1438635140657425, "p0.1": 0.1476987680871971, "p1": 0.16512010734295474, "p5": 1.9150999293895439, "p10": 4.711747901863419, "p25": 16.06503627845086, "median": 96.33484132005833, "p75": 144.81814672308974, "p90": 153.99472080136184, "p95": 175.33774745574877, "p99": 220.3085084630223, "p99.9": 227.06436493019237, "max": 227.5375092991162}, "inter_token_latency": {"mean": 0.025646801383854435, "min": 2.352055162191391e-06, "p0.1": 3.9800070226192474e-06, "p1": 1.46420206874609e-05, "p5": 2.0968029275536537e-05, "p10": 2.6908842846751235e-05, "p25": 4.322611493989825e-05, "median": 0.00037250551395118237, "p75": 0.03423898486653343, "p90": 0.03517797735985369, "p95": 0.03603358909022063, "p99": 0.5568462044326585, "p99.9": 0.6599743279640125, "max": 36.01758641586639}}, "throughput": {"input_tokens_per_sec": 39011.53605455943, "output_tokens_per_sec": 4835.757364953296, "total_tokens_per_sec": 43847.29341951273, "requests_per_sec": 5.1478911659841335}, "prompt_len": {"mean": 7578.158666666666, "min": 7508.0, "p0.1": 7511.992, "p1": 7525.0, "p5": 7534.0, "p10": 7542.9, "p25": 7559.0, "median": 7576.0, "p75": 7596.0, "p90": 7613.1, "p95": 7628.0, "p99": 7654.0, "p99.9": 7677.006000000001, "max": 7680.0}, "output_len": {"mean": 939.3666666666667, "min": 10.0, "p0.1": 23.0, "p1": 32.0, "p5": 467.1, "p10": 940.9, "p25": 991.0, "median": 997.0, "p75": 1000.0, "p90": 1000.0, "p95": 1000.0, "p99": 1001.0, "p99.9": 1007.0020000000004, "max": 1996.0}}, "failures": {"count": 0, "request_latency": null, "prompt_len": null}}