{"load_summary": {}, "successes": {"count": 1520, "rate": 5.428571, "prompt_len": {"mean": 0, "rate": 41596.930905}, "output_len": {"mean": 0, "rate": 5430.936019}, "queue_len": {"mean": 0}, "request_latency": {"mean": 132.163696, "median": 129.855072, "p90": 217.971014, "p99": 237.797101}, "time_to_first_token": {"mean": 80.490126, "median": 85.266106, "p90": 154.106443, "p99": 567.00198}, "time_per_output_token": {"mean": 0.050864, "median": 0.037701, "p90": 0.04818, "p99": 0.663164}, "kv_cache_usage_percentage": {"mean": 0.0, "median": 0.0, "p90": 0.0, "p99": 0.0}, "num_requests_swapped": {"mean": 0}, "num_preemptions_total": {"mean": 0}, "prefix_cache_hit_percent": {"mean": 46.851136168414406}}, "failures": {}}