{"load_summary": {"count": 60, "schedule_delay": {"mean": 0.0010890523825461665, "min": 0.0001695677638053894, "p0.1": 0.00017044573719613253, "p1": 0.00017834749771282078, "p5": 0.00036194440908730033, "p10": 0.0004730008542537689, "p25": 0.0006364284199662507, "median": 0.0010320901637896895, "p75": 0.001450145966373384, "p90": 0.0018953120801597837, "p95": 0.0020426310482434926, "p99": 0.002434547245502471, "p99.9": 0.002609745198860768, "max": 0.002629211638122797}, "send_duration": 19.56014326796867, "requested_rate": 3.0, "achieved_rate": 3.0674621948324323}, "successes": {"count": 60, "latency": {"request_latency": {"mean": 26.64291531967465, "min": 24.563862693030387, "p0.1": 24.58727175357309, "p1": 24.797953298457433, "p5": 25.432919367356227, "p10": 25.700003364682196, "p25": 26.05344323598547, "median": 26.587362155900337, "p75": 27.405542378721293, "p90": 27.62980973222293, "p95": 27.944584631128237, "p99": 28.430615493957884, "p99.9": 28.445527876464183, "max": 28.447184807853773}, "normalized_time_per_output_token": {"mean": 0.027176543183882285, "min": 0.02496062643104233, "p0.1": 0.024978620183398036, "p1": 0.025140563954599387, "p5": 0.025592898102724283, "p10": 0.02572484516357072, "p25": 0.02618240540857586, "median": 0.02674124964275674, "p75": 0.027576046471780174, "p90": 0.0278201741399384, "p95": 0.028629509461527293, "p99": 0.03742427404411183, "p99.9": 0.04723369942003449, "max": 0.04832363557291458}, "time_per_output_token": {"mean": 0.012978111471877718, "min": 0.01216736485202355, "p0.1": 0.012174567126798961, "p1": 0.01223938759977765, "p5": 0.012317705267960246, "p10": 0.01240282264711016, "p25": 0.012576788234855349, "median": 0.012994916975797934, "p75": 0.013313388393289861, "p90": 0.01352440336105255, "p95": 0.013675826986610977, "p99": 0.013793962616609574, "p99.9": 0.013887206419166864, "max": 0.013897566841673228}, "time_to_first_token": {"mean": 0.6196400918532163, "min": 0.14144804095849395, "p0.1": 0.1418123615894001, "p1": 0.14509124726755546, "p5": 0.15132290980545804, "p10": 0.15393887765239925, "p25": 0.5229924996383488, "median": 0.5475960910553113, "p75": 0.8581810920150019, "p90": 1.0066067594802008, "p95": 1.0774395036743953, "p99": 1.2226173285767437, "p99.9": 1.2258097738437355, "max": 1.2261644899845123}, "inter_token_latency": {"mean": 0.012978111471877718, "min": 2.666143700480461e-06, "p0.1": 4.50779846869409e-06, "p1": 1.7947601154446602e-05, "p5": 3.408970078453422e-05, "p10": 3.921985626220703e-05, "p25": 4.641764098778367e-05, "median": 0.00022931257262825966, "p75": 0.024753436737228185, "p90": 0.025441802805289626, "p95": 0.025855010410305114, "p99": 0.02742788239847869, "p99.9": 0.46801616007415686, "max": 0.6482754480093718}}, "throughput": {"input_tokens_per_sec": 9935.952656402305, "output_tokens_per_sec": 1293.1590416828228, "total_tokens_per_sec": 11229.11169808513, "requests_per_sec": 1.3114316560910244}, "prompt_len": {"mean": 7576.416666666667, "min": 7508.0, "p0.1": 7509.239, "p1": 7520.39, "p5": 7533.0, "p10": 7540.6, "p25": 7555.5, "median": 7573.0, "p75": 7596.75, "p90": 7617.2, "p95": 7630.15, "p99": 7642.2, "p99.9": 7652.820000000001, "max": 7654.0}, "output_len": {"mean": 986.0666666666667, "min": 569.0, "p0.1": 588.4110000000001, "p1": 763.11, "p5": 964.4, "p10": 971.8, "p25": 994.0, "median": 999.0, "p75": 1000.0, "p90": 1000.0, "p95": 1000.0, "p99": 1001.0, "p99.9": 1001.0, "max": 1001.0}}, "failures": {"count": 0, "request_latency": null, "prompt_len": null}}