{"load_summary": {}, "successes": {"count": 1548, "rate": 5.375, "prompt_len": {"mean": 0, "rate": 41188.278433}, "output_len": {"mean": 0, "rate": 5377.471609}, "queue_len": {"mean": 0}, "request_latency": {"mean": 133.168926, "median": 130.342385, "p90": 218.068477, "p99": 237.806848}, "time_to_first_token": {"mean": 81.916367, "median": 85.788712, "p90": 158.217077, "p99": 586.757447}, "time_per_output_token": {"mean": 0.050449, "median": 0.037809, "p90": 0.048183, "p99": 0.66157}, "kv_cache_usage_percentage": {"mean": 0.0, "median": 0.0, "p90": 0.0, "p99": 0.0}, "num_requests_swapped": {"mean": 0}, "num_preemptions_total": {"mean": 0}, "prefix_cache_hit_percent": {"mean": 49.41032092430372}}, "failures": {}}