{"load_summary": {"count": 1508, "schedule_delay": {"mean": 0.00091840781438824, "min": -0.0006386253517121077, "p0.1": -0.00048250970151275397, "p1": -0.0003139636479318142, "p5": -1.0475097224116313e-05, "p10": 0.00020422390662133696, "p25": 0.0005440302193164825, "median": 0.0009007174521684647, "p75": 0.001288083556573838, "p90": 0.0016354786232113839, "p95": 0.0018824432976543893, "p99": 0.002416311902925375, "p99.9": 0.003195603241911183, "max": 0.0033077874686568975}, "send_duration": 29.193925214000046, "requested_rate": 52.0, "achieved_rate": 51.654581867491856}, "successes": {"count": 1508, "latency": {"request_latency": {"mean": 134.08950540264766, "min": 47.77592252707109, "p0.1": 48.0896998690241, "p1": 50.239553795349785, "p5": 53.139661326992794, "p10": 56.13653522343375, "p25": 96.61988170124823, "median": 146.38892106246203, "p75": 190.32416958623799, "p90": 200.83521911681163, "p95": 216.18215755834245, "p99": 237.47892650265013, "p99.9": 238.39132573632665, "max": 239.0272861260455}, "normalized_time_per_output_token": {"mean": 0.33581405779383844, "min": 0.0, "p0.1": 0.048311128021962677, "p1": 0.050273384611597284, "p5": 0.05373968690011348, "p10": 0.0569541025476654, "p25": 0.099653744171284, "median": 0.1492374717026389, "p75": 0.19423081154184882, "p90": 0.21745527503509074, "p95": 0.38515905209040735, "p99": 5.712861361265914, "p99.9": 23.138982474752503, "max": 49.532008967362344}, "time_per_output_token": {"mean": 0.025316575514369923, "min": 0.01251448344880029, "p0.1": 0.012545426340556928, "p1": 0.012856798868699428, "p5": 0.015549068874115175, "p10": 0.022035456262226367, "p25": 0.024812729714973794, "median": 0.025491742610194622, "p75": 0.026104093677261197, "p90": 0.027513068902731194, "p95": 0.03175835098906267, "p99": 0.04122257911810896, "p99.9": 0.04350786732503393, "max": 0.043789561974049464}, "time_to_first_token": {"mean": 83.37016540586693, "min": 0.13822049903683364, "p0.1": 0.1448734734549653, "p1": 0.16426910418784246, "p5": 2.1254481503041465, "p10": 5.679047047812492, "p25": 37.87621818401385, "median": 95.20969539694488, "p75": 141.93623649864458, "p90": 153.19120250816923, "p95": 186.0057237880537, "p99": 203.8590694147721, "p99.9": 210.09105862213764, "max": 210.500409059925}, "inter_token_latency": {"mean": 0.025316575514369926, "min": 2.3150350898504257e-06, "p0.1": 3.714468562975526e-06, "p1": 1.4414079487323761e-05, "p5": 2.0744046196341515e-05, "p10": 2.6626046746969223e-05, "p25": 4.315568367019296e-05, "median": 0.0003383000148460269, "p75": 0.03418983920710161, "p90": 0.03517121768090874, "p95": 0.03594901069300249, "p99": 0.5559518921165731, "p99.9": 0.6564722543214464, "max": 36.606693031964824}}, "throughput": {"input_tokens_per_sec": 42948.996583708744, "output_tokens_per_sec": 5324.58731168538, "total_tokens_per_sec": 48273.58389539412, "requests_per_sec": 5.667497200315334}, "prompt_len": {"mean": 7578.12400530504, "min": 7508.0, "p0.1": 7508.0, "p1": 7525.0, "p5": 7534.0, "p10": 7542.7, "p25": 7559.0, "median": 7576.0, "p75": 7596.0, "p90": 7613.0, "p95": 7628.0, "p99": 7653.93, "p99.9": 7676.9580000000005, "max": 7680.0}, "output_len": {"mean": 939.4953580901857, "min": 0.0, "p0.1": 2.507, "p1": 32.0, "p5": 299.45000000000005, "p10": 951.7, "p25": 991.75, "median": 997.0, "p75": 1000.0, "p90": 1000.0, "p95": 1000.0, "p99": 1000.0, "p99.9": 1002.0, "max": 1999.0}}, "failures": {"count": 0, "request_latency": null, "prompt_len": null}}