{"load_summary": {}, "successes": {"count": 1482, "rate": 5.075342, "prompt_len": {"mean": 0, "rate": 38862.657156}, "output_len": {"mean": 0, "rate": 5077.968239}, "queue_len": {"mean": 0}, "request_latency": {"mean": 132.053516, "median": 125.461847, "p90": 220.690763, "p99": 352.971429}, "time_to_first_token": {"mean": 80.312259, "median": 81.964286, "p90": 153.25, "p99": 562.735484}, "time_per_output_token": {"mean": 0.050967, "median": 0.037733, "p90": 0.048183, "p99": 0.661459}, "kv_cache_usage_percentage": {"mean": 0.0, "median": 0.0, "p90": 0.0, "p99": 0.0}, "num_requests_swapped": {"mean": 0}, "num_preemptions_total": {"mean": 0}, "prefix_cache_hit_percent": {"mean": 48.17798853895653}}, "failures": {}}