{"load_summary": {}, "successes": {"count": 750, "rate": 4.491018, "prompt_len": {"mean": 0, "rate": 34811.332602}, "output_len": {"mean": 0, "rate": 4490.132994}, "queue_len": {"mean": 0}, "request_latency": {"mean": 78.531964, "median": 76.043478, "p90": 115.173913, "p99": 216.315789}, "time_to_first_token": {"mean": 29.667684, "median": 18.467742, "p90": 77.1625, "p99": 148.637037}, "time_per_output_token": {"mean": 0.048373, "median": 0.037529, "p90": 0.048075, "p99": 0.648902}, "kv_cache_usage_percentage": {"mean": 0.0, "median": 0.0, "p90": 0.0, "p99": 0.0}, "num_requests_swapped": {"mean": 0}, "num_preemptions_total": {"mean": 0}, "prefix_cache_hit_percent": {"mean": 48.098058763667254}}, "failures": {}}