{"load_summary": {"count": 200, "schedule_delay": {"mean": 0.001182637111051008, "min": -0.00025112926959991455, "p0.1": -0.00023953834641724824, "p1": -0.00018445026595145464, "p5": 0.0001655699103139341, "p10": 0.0002954858588054777, "p25": 0.0005956768873147666, "median": 0.0010710839414969087, "p75": 0.0014761362108401954, "p90": 0.0018160331761464471, "p95": 0.0020895855617709454, "p99": 0.00233897298341616, "p99.9": 0.022694970277371274, "max": 0.02749149175360799}, "send_duration": 19.764936883933842, "requested_rate": 10.0, "achieved_rate": 10.11892935325143}, "successes": {"count": 200, "latency": {"request_latency": {"mean": 32.78179108617478, "min": 26.83936818316579, "p0.1": 26.839596341020894, "p1": 26.962583715585062, "p5": 28.376434301631527, "p10": 28.89370361114852, "p25": 31.505012434674427, "median": 32.950139494030736, "p75": 34.52750867343275, "p90": 36.02151363051962, "p95": 37.70109974249499, "p99": 39.30764714772813, "p99.9": 39.42995699647535, "max": 39.44983088388108}, "normalized_time_per_output_token": {"mean": 0.06341306118692906, "min": 0.026839368183165787, "p0.1": 0.026839596341020892, "p1": 0.026962583715585058, "p5": 0.028615304604289123, "p10": 0.029014572482904556, "p25": 0.031720573824470646, "median": 0.033271032453601336, "p75": 0.03556678917177723, "p90": 0.03854238639649803, "p95": 0.06125286937732106, "p99": 1.0783440278212937, "p99.9": 1.2173866453746167, "max": 1.2270455457182834}, "time_per_output_token": {"mean": 0.015541242536283965, "min": 0.012836217749114523, "p0.1": 0.012836388869422963, "p1": 0.012864806873404813, "p5": 0.013204078636299037, "p10": 0.013525506424920532, "p25": 0.014367586910619453, "median": 0.015589805255094352, "p75": 0.01661951798960326, "p90": 0.01745440449657804, "p95": 0.017856955274623974, "p99": 0.019162473803733298, "p99.9": 0.019408665902863283, "max": 0.019414098858056048}, "time_to_first_token": {"mean": 1.6252959003963041, "min": 0.07001162902452052, "p0.1": 0.07080556079023517, "p1": 0.08282234181649983, "p5": 0.16479797512292862, "p10": 0.2957780648255721, "p25": 0.578468136547599, "median": 1.523332329466939, "p75": 2.346799432649277, "p90": 3.190988739207387, "p95": 3.7272294081049036, "p99": 4.308549587156156, "p99.9": 4.684773000705991, "max": 4.726683434098959}, "inter_token_latency": {"mean": 0.015541242536283965, "min": 2.3210886865854263e-06, "p0.1": 3.3943429589271547e-06, "p1": 1.507507637143135e-05, "p5": 2.094893716275692e-05, "p10": 2.8134090825915337e-05, "p25": 4.348810762166977e-05, "median": 0.0002593764802441001, "p75": 0.02640904305735603, "p90": 0.027887501008808612, "p95": 0.028851181198842824, "p99": 0.032004721914418055, "p99.9": 0.5533558832148558, "max": 0.6774651240557432}}, "throughput": {"input_tokens_per_sec": 30427.933135368694, "output_tokens_per_sec": 3776.4231971317663, "total_tokens_per_sec": 34204.35633250046, "requests_per_sec": 4.01497280642554}, "prompt_len": {"mean": 7578.615, "min": 7508.0, "p0.1": 7511.781, "p1": 7527.0, "p5": 7533.95, "p10": 7541.9, "p25": 7558.5, "median": 7576.5, "p75": 7597.0, "p90": 7617.2, "p95": 7628.1, "p99": 7653.01, "p99.9": 7658.005, "max": 7659.0}, "output_len": {"mean": 940.585, "min": 32.0, "p0.1": 32.0, "p1": 32.99, "p5": 579.1000000000003, "p10": 945.8000000000001, "p25": 990.0, "median": 997.0, "p75": 1000.0, "p90": 1000.0, "p95": 1000.0, "p99": 1000.0, "p99.9": 1001.6020000000001, "max": 1002.0}}, "failures": {"count": 0, "request_latency": null, "prompt_len": null}}