{"load_summary": {}, "successes": {"count": 1508, "rate": 5.309859, "prompt_len": {"mean": 0, "rate": 40519.478892}, "output_len": {"mean": 0, "rate": 5308.345956}, "queue_len": {"mean": 0}, "request_latency": {"mean": 133.97612, "median": 127.741935, "p90": 217.548387, "p99": 237.754839}, "time_to_first_token": {"mean": 82.780704, "median": 83.812317, "p90": 155.085044, "p99": 573.716364}, "time_per_output_token": {"mean": 0.050767, "median": 0.037708, "p90": 0.048175, "p99": 0.662564}, "kv_cache_usage_percentage": {"mean": 0.0, "median": 0.0, "p90": 0.0, "p99": 0.0}, "num_requests_swapped": {"mean": 0}, "num_preemptions_total": {"mean": 0}, "prefix_cache_hit_percent": {"mean": 49.21782465435367}}, "failures": {}}