{"load_summary": {}, "successes": {"count": 1470, "rate": 5.404412, "prompt_len": {"mean": 0, "rate": 41333.273638}, "output_len": {"mean": 0, "rate": 5405.873171}, "queue_len": {"mean": 0}, "request_latency": {"mean": 130.068054, "median": 126.486486, "p90": 217.297297, "p99": 237.72973}, "time_to_first_token": {"mean": 78.38141, "median": 82.356241, "p90": 148.959327, "p99": 497.536}, "time_per_output_token": {"mean": 0.051071, "median": 0.03768, "p90": 0.048178, "p99": 0.662044}, "kv_cache_usage_percentage": {"mean": 0.0, "median": 0.0, "p90": 0.0, "p99": 0.0}, "num_requests_swapped": {"mean": 0}, "num_preemptions_total": {"mean": 0}, "prefix_cache_hit_percent": {"mean": 47.088211613745415}}, "failures": {}}