{"load_summary": {}, "successes": {"count": 760, "rate": 4.75, "prompt_len": {"mean": 0, "rate": 35891.022238}, "output_len": {"mean": 0, "rate": 4752.292778}, "queue_len": {"mean": 0}, "request_latency": {"mean": 72.411871, "median": 70.326797, "p90": 110.065359, "p99": 119.006536}, "time_to_first_token": {"mean": 23.420938, "median": 20.191388, "p90": 62.372093, "p99": 78.237209}, "time_per_output_token": {"mean": 0.049103, "median": 0.03732, "p90": 0.048066, "p99": 0.651285}, "kv_cache_usage_percentage": {"mean": 0.0, "median": 0.0, "p90": 0.0, "p99": 0.0}, "num_requests_swapped": {"mean": 0}, "num_preemptions_total": {"mean": 0}, "prefix_cache_hit_percent": {"mean": 47.07543561505258}}, "failures": {}}