{"load_summary": {"count": 748, "schedule_delay": {"mean": 0.0009701323448331717, "min": -0.0011008318979293108, "p0.1": -0.0006731962736230344, "p1": -0.000335595600772649, "p5": 1.86250894330442e-05, "p10": 0.00022228222806006673, "p25": 0.0005668906960636377, "median": 0.000960181700065732, "p75": 0.0013308165944181383, "p90": 0.0016923808725550775, "p95": 0.0019112946465611458, "p99": 0.0024039213755167998, "p99.9": 0.00522524550952984, "max": 0.011411236831918359}, "send_duration": 35.13658483000472, "requested_rate": 22.0, "achieved_rate": 21.28835240018116}, "successes": {"count": 748, "latency": {"request_latency": {"mean": 71.30316428476067, "min": 46.93776892893948, "p0.1": 47.3033789992067, "p1": 48.82767157481751, "p5": 50.34790035075275, "p10": 51.514268464013, "p25": 53.980792880116496, "median": 78.89163465995807, "p75": 85.67376007215353, "p90": 90.80659274931531, "p95": 94.95429009575165, "p99": 100.76167625441448, "p99.9": 104.72607875700295, "max": 104.72667883406393}, "normalized_time_per_output_token": {"mean": 0.1429202349506806, "min": 0.03512995043311513, "p0.1": 0.04395039084949592, "p1": 0.04894851679955255, "p5": 0.050840956110009036, "p10": 0.05217136889279438, "p25": 0.0549380072985581, "median": 0.08041287991364265, "p75": 0.08746188338736133, "p90": 0.09694090401138064, "p95": 0.20919122531224235, "p99": 2.4607340586883395, "p99.9": 2.8645114224617085, "max": 2.8824326402464067}, "time_per_output_token": {"mean": 0.024204974154550633, "min": 0.012367331125456533, "p0.1": 0.01237505909427756, "p1": 0.012807711523355752, "p5": 0.018861440625409412, "p10": 0.01982430640952722, "p25": 0.022401960499909078, "median": 0.024732360508695976, "p75": 0.02568189449378986, "p90": 0.026749506621316227, "p95": 0.02978957489602731, "p99": 0.03953978052774704, "p99.9": 0.042588808694515964, "max": 0.043810197845569575}, "time_to_first_token": {"mean": 22.807645468931845, "min": 0.07178501994349062, "p0.1": 0.07220851442567072, "p1": 0.09405440117232501, "p5": 0.5472866158699616, "p10": 1.0992501872824505, "p25": 2.681553697446361, "median": 10.195727097569034, "p75": 40.223276422708295, "p90": 42.469600201165306, "p95": 45.621553925704205, "p99": 75.0295053870161, "p99.9": 79.56674306422079, "max": 79.89575337478891}, "inter_token_latency": {"mean": 0.024204974154550633, "min": 2.3709144443273544e-06, "p0.1": 3.4220858942717312e-06, "p1": 1.40245258808136e-05, "p5": 2.035506768152118e-05, "p10": 2.644304186105728e-05, "p25": 4.293094389140606e-05, "median": 0.0003040974261239171, "p75": 0.033928987395484, "p90": 0.03487170722801238, "p95": 0.03568279724568128, "p99": 0.5482185540348292, "p99.9": 0.6498370676722878, "max": 34.217126459116116}}, "throughput": {"input_tokens_per_sec": 40744.11884052152, "output_tokens_per_sec": 5066.0683140350075, "total_tokens_per_sec": 45810.18715455653, "requests_per_sec": 5.376549682391847}, "prompt_len": {"mean": 7578.116310160428, "min": 7508.0, "p0.1": 7513.976, "p1": 7525.0, "p5": 7534.35, "p10": 7542.7, "p25": 7558.75, "median": 7576.0, "p75": 7596.0, "p90": 7613.3, "p95": 7628.0, "p99": 7653.53, "p99.9": 7675.518, "max": 7680.0}, "output_len": {"mean": 942.2526737967914, "min": 32.0, "p0.1": 32.0, "p1": 33.0, "p5": 329.25000000000017, "p10": 957.8, "p25": 990.0, "median": 997.0, "p75": 1000.0, "p90": 1000.0, "p95": 1000.0, "p99": 1001.0, "p99.9": 1257.4700000000423, "max": 1997.0}}, "failures": {"count": 0, "request_latency": null, "prompt_len": null}}