{"load_summary": {"count": 300, "schedule_delay": {"mean": 0.0009644877910614014, "min": -0.00046650180593132973, "p0.1": -0.0004592384523712099, "p1": -0.00026775936130434274, "p5": -2.284070942550896e-05, "p10": 0.00014570362400263552, "p25": 0.0005998911801725626, "median": 0.000993436435237527, "p75": 0.0013493229052983224, "p90": 0.0016933891223743567, "p95": 0.0018789746216498317, "p99": 0.0023455938464030605, "p99.9": 0.0030571102329995494, "max": 0.0030744983814656734}, "send_duration": 19.26906020892784, "requested_rate": 15.0, "achieved_rate": 15.56900008340845}, "successes": {"count": 300, "latency": {"request_latency": {"mean": 40.66628824652095, "min": 31.445944064995274, "p0.1": 31.449633021491813, "p1": 31.64908702347195, "p5": 34.55641136794584, "p10": 35.2601639396511, "p25": 36.821456653648056, "median": 40.221513075521216, "p75": 44.306787577515934, "p90": 45.66235490327236, "p95": 46.268797895440365, "p99": 49.15255209516967, "p99.9": 49.68638945814595, "max": 49.78997156419791}, "normalized_time_per_output_token": {"mean": 0.07685505590230299, "min": 0.031458281712140886, "p0.1": 0.031464004504668804, "p1": 0.03232280192250438, "p5": 0.03483571969414216, "p10": 0.03542622501546827, "p25": 0.03767067652892024, "median": 0.041126157770515426, "p75": 0.04523964405346619, "p90": 0.04928517589792608, "p95": 0.11738746839975271, "p99": 1.3433303467239337, "p99.9": 1.3833140837297513, "max": 1.385146270346013}, "time_per_output_token": {"mean": 0.019152021524276464, "min": 0.014959012313435474, "p0.1": 0.014963407097574344, "p1": 0.015057604105639057, "p5": 0.015851179878311188, "p10": 0.01632029625196438, "p25": 0.017389770495814215, "median": 0.01886062671664054, "p75": 0.02098091725350894, "p90": 0.022216649326800217, "p95": 0.022699795759112892, "p99": 0.024147400003432042, "p99.9": 0.024418219684858574, "max": 0.024427358267376426}, "time_to_first_token": {"mean": 2.2849606906413102, "min": 0.07559963199310005, "p0.1": 0.075785024195211, "p1": 0.09543304668972269, "p5": 0.16723888216074556, "p10": 0.5288319224491715, "p25": 0.9402853181236424, "median": 1.9285847614519298, "p75": 3.3706720965565182, "p90": 4.681739901099355, "p95": 5.422517977678221, "p99": 6.505797360639552, "p99.9": 7.028846186968969, "max": 7.1044355251360685}, "inter_token_latency": {"mean": 0.01915202152427646, "min": 2.344837412238121e-06, "p0.1": 3.1985554378479717e-06, "p1": 1.3689044862985611e-05, "p5": 1.8995022401213646e-05, "p10": 2.4750828742980957e-05, "p25": 4.068505950272083e-05, "median": 0.00024666497483849525, "p75": 0.03251666919095442, "p90": 0.03371768326032907, "p95": 0.03455698448233306, "p99": 0.04409867928596214, "p99.9": 0.5671080925976868, "max": 14.249941890127957}}, "throughput": {"input_tokens_per_sec": 33966.60561738954, "output_tokens_per_sec": 4183.95817236024, "total_tokens_per_sec": 38150.56378974978, "requests_per_sec": 4.482748288267568}, "prompt_len": {"mean": 7577.183333333333, "min": 7508.0, "p0.1": 7510.392, "p1": 7526.98, "p5": 7533.95, "p10": 7541.0, "p25": 7557.0, "median": 7575.0, "p75": 7595.0, "p90": 7613.1, "p95": 7628.0, "p99": 7654.05, "p99.9": 7671.608, "max": 7674.0}, "output_len": {"mean": 933.3466666666667, "min": 32.0, "p0.1": 32.299, "p1": 33.0, "p5": 334.25000000000006, "p10": 923.6, "p25": 990.0, "median": 997.0, "p75": 1000.0, "p90": 1000.0, "p95": 1000.0, "p99": 1000.0, "p99.9": 1000.0, "max": 1000.0}}, "failures": {"count": 0, "request_latency": null, "prompt_len": null}}