{"load_summary": {}, "successes": {"count": 750, "rate": 4.716981, "prompt_len": {"mean": 0, "rate": 36561.213502}, "output_len": {"mean": 0, "rate": 4721.017887}, "queue_len": {"mean": 0}, "request_latency": {"mean": 73.859973, "median": 69.324324, "p90": 109.864865, "p99": 118.986486}, "time_to_first_token": {"mean": 24.578322, "median": 15.833333, "p90": 72.036923, "p99": 108.866667}, "time_per_output_token": {"mean": 0.048867, "median": 0.037445, "p90": 0.04809, "p99": 0.649468}, "kv_cache_usage_percentage": {"mean": 0.0, "median": 0.0, "p90": 0.0, "p99": 0.0}, "num_requests_swapped": {"mean": 0}, "num_preemptions_total": {"mean": 0}, "prefix_cache_hit_percent": {"mean": 46.40261950653403}}, "failures": {}}