{"load_summary": {"count": 1482, "schedule_delay": {"mean": 0.0009828457923344615, "min": -0.0008840931113809347, "p0.1": -0.0004969621764030307, "p1": -0.00027394349919632074, "p5": 4.5196618884801865e-05, "p10": 0.0002386642852798104, "p25": 0.0005705634248442948, "median": 0.00096704694442451, "p75": 0.0013602869003079832, "p90": 0.0017500107875093821, "p95": 0.0020265310304239392, "p99": 0.002406389261595907, "p99.9": 0.0031109181637875936, "max": 0.004239649046212435}, "send_duration": 27.222879644017667, "requested_rate": 57.0, "achieved_rate": 54.439501602310294}, "successes": {"count": 1482, "latency": {"request_latency": {"mean": 132.1662647832278, "min": 50.07023482793011, "p0.1": 50.14957509653573, "p1": 50.68855697341496, "p5": 53.253897242923266, "p10": 56.345564251113686, "p25": 86.98270294693066, "median": 141.07236196449958, "p75": 186.47869773069397, "p90": 197.58663078488317, "p95": 216.283831882081, "p99": 251.25220762447222, "p99.9": 251.30596985873183, "max": 251.3082047170028}, "normalized_time_per_output_token": {"mean": 0.3150932472635344, "min": 0.05017586588603445, "p0.1": 0.0502590056803025, "p1": 0.05084555840862782, "p5": 0.05363546037259495, "p10": 0.05735456659660793, "p25": 0.09500045751129875, "median": 0.14598203542735427, "p75": 0.1909959520610961, "p90": 0.22228258512993576, "p95": 0.7419543743227174, "p99": 5.735390397685544, "p99.9": 8.165144727267093, "max": 9.381727515906096}, "time_per_output_token": {"mean": 0.02544331928877565, "min": 0.012379263847091723, "p0.1": 0.012590791420803044, "p1": 0.013129587013474333, "p5": 0.018588727616595857, "p10": 0.02131941140345905, "p25": 0.024793797332538885, "median": 0.025463049968312224, "p75": 0.025851667413710505, "p90": 0.028056708401800235, "p95": 0.03250213801652647, "p99": 0.04124828860269575, "p99.9": 0.04375144161679148, "max": 0.04585697626330141}, "time_to_first_token": {"mean": 81.19446460954568, "min": 0.140897928038612, "p0.1": 0.14586482352158056, "p1": 0.16045859533827753, "p5": 1.9085939559270626, "p10": 5.027308815577999, "p25": 14.353039901237935, "median": 90.52298396150582, "p75": 141.39718969847308, "p90": 149.8494384298101, "p95": 167.94954208621056, "p99": 216.35762140126903, "p99.9": 221.6351927354649, "max": 222.50636676698923}, "inter_token_latency": {"mean": 0.025443319288775648, "min": 2.337852492928505e-06, "p0.1": 3.834953531622887e-06, "p1": 1.4777018222957849e-05, "p5": 2.1025072783231735e-05, "p10": 2.6976922526955605e-05, "p25": 4.4214073568582535e-05, "median": 0.0003662589006125927, "p75": 0.03418220829917118, "p90": 0.03517341373953968, "p95": 0.03603018881985917, "p99": 0.5572660540719516, "p99.9": 0.6530336018688989, "max": 37.09228558302857}}, "throughput": {"input_tokens_per_sec": 41001.91252200156, "output_tokens_per_sec": 5034.177642887066, "total_tokens_per_sec": 46036.09016488863, "requests_per_sec": 5.410511188307523}, "prompt_len": {"mean": 7578.195681511471, "min": 7508.0, "p0.1": 7511.848, "p1": 7525.0, "p5": 7534.05, "p10": 7542.1, "p25": 7558.25, "median": 7576.0, "p75": 7596.0, "p90": 7613.9, "p95": 7628.0, "p99": 7654.0, "p99.9": 7677.114000000001, "max": 7680.0}, "output_len": {"mean": 930.4439946018894, "min": 20.0, "p0.1": 22.0, "p1": 32.0, "p5": 174.1, "p10": 912.5, "p25": 990.0, "median": 997.0, "p75": 1000.0, "p90": 1000.0, "p95": 1000.0, "p99": 1000.0, "p99.9": 1001.5190000000002, "max": 1997.0}}, "failures": {"count": 0, "request_latency": null, "prompt_len": null}}