{"load_summary": {"count": 760, "schedule_delay": {"mean": 0.000938489762637274, "min": -0.0007901503704488277, "p0.1": -0.0005600723035167903, "p1": -0.00034900635480880735, "p5": 5.638723960146313e-05, "p10": 0.00019666354637593034, "p25": 0.000509289326146245, "median": 0.0009429758647456765, "p75": 0.0013192187179811299, "p90": 0.0016704891575500373, "p95": 0.0019183694617822763, "p99": 0.0025165245891548677, "p99.9": 0.00314018533308992, "max": 0.003269110107794404}, "send_duration": 37.45836021588184, "requested_rate": 20.0, "achieved_rate": 20.28919567273984}, "successes": {"count": 760, "latency": {"request_latency": {"mean": 72.52167242113501, "min": 43.298673290992156, "p0.1": 43.89737879523146, "p1": 44.53350513401674, "p5": 49.3570869701216, "p10": 51.53511066560168, "p25": 55.09325156622799, "median": 79.53517361846752, "p75": 86.58710056263953, "p90": 94.7849852976855, "p95": 97.75400796785252, "p99": 103.39589975306299, "p99.9": 105.9067290308562, "max": 106.1335413090419}, "normalized_time_per_output_token": {"mean": 0.17795845031352378, "min": 0.04342896017150667, "p0.1": 0.0435756513655442, "p1": 0.04459678075089679, "p5": 0.049809409112260145, "p10": 0.05235529486284872, "p25": 0.055954176333150946, "median": 0.08146595287270676, "p75": 0.08814891028625424, "p90": 0.09917486406519949, "p95": 0.1532012734841114, "p99": 2.586691691772429, "p99.9": 8.39966971202296, "max": 19.08089863942005}, "time_per_output_token": {"mean": 0.02451196815223795, "min": 0.012429460014999918, "p0.1": 0.012508630718205422, "p1": 0.012697552657504193, "p5": 0.013832220237760078, "p10": 0.02021403124161262, "p25": 0.022511291417301627, "median": 0.025313901967533782, "p75": 0.025988200452990426, "p90": 0.027643365428728545, "p95": 0.031078412507942004, "p99": 0.0397868969968903, "p99.9": 0.04193710650826643, "max": 0.0419803492208037}, "time_to_first_token": {"mean": 23.41059310520313, "min": 0.07377503090538085, "p0.1": 0.07792981440434232, "p1": 0.158038574536331, "p5": 0.6981622998835519, "p10": 1.1211149504641071, "p25": 2.8500764267519116, "median": 29.459595298045315, "p75": 39.680366365995724, "p90": 42.93492988855578, "p95": 68.91794977011158, "p99": 76.88170252630253, "p99.9": 78.02726773053271, "max": 78.25187592185102}, "inter_token_latency": {"mean": 0.024511968152237947, "min": 2.3669563233852386e-06, "p0.1": 3.5569060128182173e-06, "p1": 1.423596404492855e-05, "p5": 2.0612962543964386e-05, "p10": 2.6629073545336723e-05, "p25": 4.298100247979164e-05, "median": 0.00033253245055675507, "p75": 0.034094936156179756, "p90": 0.03509700139984488, "p95": 0.03591988444095477, "p99": 0.549898422823753, "p99.9": 0.6487221331147014, "max": 33.29770385008305}}, "throughput": {"input_tokens_per_sec": 40653.934391534356, "output_tokens_per_sec": 5060.154176726213, "total_tokens_per_sec": 45714.088568260566, "requests_per_sec": 5.3646997086052455}, "prompt_len": {"mean": 7578.0447368421055, "min": 7508.0, "p0.1": 7508.0, "p1": 7524.59, "p5": 7534.0, "p10": 7542.9, "p25": 7558.75, "median": 7576.0, "p75": 7596.0, "p90": 7613.0, "p95": 7628.0, "p99": 7653.41, "p99.9": 7675.446000000001, "max": 7680.0}, "output_len": {"mean": 943.2315789473685, "min": 5.0, "p0.1": 14.108, "p1": 32.0, "p5": 535.5, "p10": 946.9, "p25": 991.0, "median": 998.0, "p75": 1000.0, "p90": 1000.0, "p95": 1000.0, "p99": 1000.0, "p99.9": 1241.5540000000985, "max": 1996.0}}, "failures": {"count": 0, "request_latency": null, "prompt_len": null}}