{"load_summary": {"count": 750, "schedule_delay": {"mean": 0.00117398293937246, "min": -0.0010369238443672657, "p0.1": -0.0008772178662475198, "p1": -6.134561961516738e-05, "p5": 0.00020376322790980342, "p10": 0.0003371915547177196, "p25": 0.0007199150859378278, "median": 0.0010972468880936503, "p75": 0.0014961507404223084, "p90": 0.0019144548568874598, "p95": 0.00226781053934246, "p99": 0.004741583836730569, "p99.9": 0.008516709119780334, "max": 0.011386454105377197}, "send_duration": 49.66164828208275, "requested_rate": 15.0, "achieved_rate": 15.102197086571325}, "successes": {"count": 750, "latency": {"request_latency": {"mean": 68.0144680002518, "min": 49.65884538507089, "p0.1": 49.7228384620971, "p1": 50.054888829921836, "p5": 51.04439760355744, "p10": 52.02887113869656, "p25": 54.132677613175474, "median": 71.33891860442236, "p75": 79.54228988970863, "p90": 84.37339040548541, "p95": 88.35651543800486, "p99": 95.3559988569282, "p99.9": 100.0394355256774, "max": 100.11293109296821}, "normalized_time_per_output_token": {"mean": 0.15313937303189024, "min": 0.04965884538507089, "p0.1": 0.04972283846209711, "p1": 0.05017068979433272, "p5": 0.05138378314095316, "p10": 0.05258186254979125, "p25": 0.05481892584500397, "median": 0.07327046678309522, "p75": 0.0811896499672439, "p90": 0.08981253424971365, "p95": 0.31997806939721796, "p99": 2.4342243245479764, "p99.9": 3.879664465068589, "max": 4.184436380112958}, "time_per_output_token": {"mean": 0.02410113928857127, "min": 0.0125014069250439, "p0.1": 0.012547033092462346, "p1": 0.01284073000285902, "p5": 0.01830062523540896, "p10": 0.019494501174288404, "p25": 0.02247800034076871, "median": 0.024969372226610435, "p75": 0.025808963477136806, "p90": 0.027281397791020387, "p95": 0.028334948728353234, "p99": 0.0363006065295835, "p99.9": 0.040270028237115285, "max": 0.041034185411715725}, "time_to_first_token": {"mean": 19.726012675100627, "min": 0.1491891210898757, "p0.1": 0.15656662724143824, "p1": 0.17283073397818952, "p5": 0.5546393114491366, "p10": 1.0370242848992348, "p25": 2.4910714089637622, "median": 27.483273917459883, "p75": 33.317433671676554, "p90": 36.37204785489011, "p95": 39.62775776323396, "p99": 64.67716401253827, "p99.9": 72.74756351639357, "max": 72.9677865121048}, "inter_token_latency": {"mean": 0.024101139288571265, "min": 2.3390166461467743e-06, "p0.1": 3.264516592025757e-06, "p1": 1.401989720761776e-05, "p5": 2.051214687526226e-05, "p10": 2.6755966246128082e-05, "p25": 4.2635947465896606e-05, "median": 0.0002774394815787673, "p75": 0.03386956237955019, "p90": 0.03482035289052874, "p95": 0.035663372289855035, "p99": 0.543405121685937, "p99.9": 0.6520793152339759, "max": 29.726589845959097}}, "throughput": {"input_tokens_per_sec": 38497.25363947711, "output_tokens_per_sec": 4766.60325260161, "total_tokens_per_sec": 43263.85689207872, "requests_per_sec": 5.080027396207915}, "prompt_len": {"mean": 7578.158666666666, "min": 7508.0, "p0.1": 7513.992, "p1": 7525.0, "p5": 7534.45, "p10": 7542.9, "p25": 7559.0, "median": 7576.0, "p75": 7596.0, "p90": 7613.1, "p95": 7628.0, "p99": 7653.51, "p99.9": 7675.506, "max": 7680.0}, "output_len": {"mean": 938.3026666666667, "min": 18.0, "p0.1": 20.996, "p1": 32.0, "p5": 271.05000000000007, "p10": 959.0, "p25": 992.0, "median": 998.0, "p75": 1000.0, "p90": 1000.0, "p95": 1000.0, "p99": 1000.0, "p99.9": 1001.0, "max": 1001.0}}, "failures": {"count": 0, "request_latency": null, "prompt_len": null}}