{"load_summary": {}, "successes": {"count": 1500, "rate": 4.83871, "prompt_len": {"mean": 0, "rate": 35779.89976}, "output_len": {"mean": 0, "rate": 4834.641744}, "queue_len": {"mean": 0}, "request_latency": {"mean": 135.214716, "median": 127.747036, "p90": 222.608696, "p99": 390.0}, "time_to_first_token": {"mean": 85.935876, "median": 85.408618, "p90": 154.971768, "p99": 572.476923}, "time_per_output_token": {"mean": 0.051342, "median": 0.037715, "p90": 0.048185, "p99": 0.662916}, "kv_cache_usage_percentage": {"mean": 0.0, "median": 0.0, "p90": 0.0, "p99": 0.0}, "num_requests_swapped": {"mean": 0}, "num_preemptions_total": {"mean": 0}, "prefix_cache_hit_percent": {"mean": 48.97026593363012}}, "failures": {}}