{"load_summary": {"count": 17084, "schedule_delay": {"mean": 0.001113499047693556, "min": -0.0011988845653831959, "p0.1": -0.0005942961191758514, "p1": -0.00025132242590188977, "p5": 8.804363897070291e-05, "p10": 0.0002721629571169615, "p25": 0.0006137301097624004, "median": 0.0010076555190607905, "p75": 0.0014100719708949327, "p90": 0.0017998521914705634, "p95": 0.002064492530189454, "p99": 0.002819963905494652, "p99.9": 0.022338461138542515, "max": 0.18808180000633}}, "successes": {"count": 17084, "latency": {"request_latency": {"mean": 114.14240594530142, "min": 24.563862693030387, "p0.1": 26.144240696837194, "p1": 33.085375347884835, "p5": 50.54107313044369, "p10": 52.903873763675804, "p25": 59.74196670774836, "median": 101.5945036825724, "p75": 155.50163848884404, "p90": 194.60813316374552, "p95": 209.41165167108412, "p99": 224.5317285009304, "p99.9": 262.19363413694174, "max": 268.2210603361018}, "normalized_time_per_output_token": {"mean": 0.26315334655677836, "min": 0.0, "p0.1": 0.02619479750898599, "p1": 0.033285145501316005, "p5": 0.05101150786422268, "p10": 0.05349389020898541, "p25": 0.06191108586540213, "median": 0.10502019906859938, "p75": 0.18422558352868607, "p90": 0.21208267820840704, "p95": 0.31882995707779266, "p99": 4.629506637013149, "p99.9": 8.790824016792346, "max": 95.86078986397479}, "time_per_output_token": {"mean": 0.024818090866426383, "min": 0.011979053611692594, "p0.1": 0.012371302839561851, "p1": 0.012766832879369567, "p5": 0.015392111815248749, "p10": 0.019654484631678463, "p25": 0.024197701159705255, "median": 0.02537725526962368, "p75": 0.025958266877737973, "p90": 0.0275834885292404, "p95": 0.03117580486361219, "p99": 0.04083090084610034, "p99.9": 0.04361170273998394, "max": 0.04585697626330141}, "time_to_first_token": {"mean": 64.41830690023738, "min": 0.06487638899125159, "p0.1": 0.07735613560373895, "p1": 0.1608085709856823, "p5": 1.0352937713614665, "p10": 2.0955266549251976, "p25": 7.434378706442658, "median": 51.10343202063814, "p75": 102.84684875153471, "p90": 147.59849038724786, "p95": 158.55684231509215, "p99": 193.42311612274713, "p99.9": 221.31264326483227, "max": 227.5375092991162}, "inter_token_latency": {"mean": 0.024818090866426383, "min": 2.2810418158769608e-06, "p0.1": 3.5779085010290146e-06, "p1": 1.4455989003181458e-05, "p5": 2.0906096324324608e-05, "p10": 2.6971101760864258e-05, "p25": 4.4247834011912346e-05, "median": 0.00037628854624927044, "p75": 0.0340551040135324, "p90": 0.03507893502246588, "p95": 0.03592190099880099, "p99": 0.5539759380067699, "p99.9": 0.6564486496106271, "max": 37.09228558302857}}, "throughput": {"input_tokens_per_sec": 37707.08548991218, "output_tokens_per_sec": 4673.320051485732, "total_tokens_per_sec": 42380.40554139791, "requests_per_sec": 4.9757931709114285}, "prompt_len": {"mean": 7578.105478810583, "min": 7508.0, "p0.1": 7508.0, "p1": 7525.0, "p5": 7534.0, "p10": 7542.0, "p25": 7558.0, "median": 7576.0, "p75": 7596.0, "p90": 7614.0, "p95": 7628.0, "p99": 7654.0, "p99.9": 7680.0, "max": 7680.0}, "output_len": {"mean": 939.2110746897682, "min": 0.0, "p0.1": 17.0, "p1": 32.0, "p5": 350.05000000000064, "p10": 941.0, "p25": 991.0, "median": 997.0, "p75": 1000.0, "p90": 1000.0, "p95": 1000.0, "p99": 1000.0, "p99.9": 1995.5850000000064, "max": 1999.0}}, "failures": {"count": 0, "request_latency": null, "prompt_len": null}}