{"load_summary": {}, "successes": {"count": 17084, "rate": 4.823264, "prompt_len": {"mean": 0, "rate": 36551.201016}, "output_len": {"mean": 0, "rate": 4823.263693}, "queue_len": {"mean": 0}, "request_latency": {"mean": 114.027115, "median": 100.392599, "p90": 209.447773, "p99": 238.084619}, "time_to_first_token": {"mean": 64.3646, "median": 59.133858, "p90": 147.265073, "p99": 539.505882}, "time_per_output_token": {"mean": 0.049712, "median": 0.037608, "p90": 0.048134, "p99": 0.656668}, "kv_cache_usage_percentage": {"mean": 0.0, "median": 0.0, "p90": 0.0, "p99": 0.0}, "num_requests_swapped": {"mean": 0}, "num_preemptions_total": {"mean": 0}, "prefix_cache_hit_percent": {"mean": 48.15626094301064}}, "failures": {}}