{"load_summary": {"count": 8933, "schedule_delay": {"mean": 7.183977235375093, "min": -0.001099512679502368, "p0.1": -0.0008914299812167883, "p1": -0.0004952661693096161, "p5": 6.821369752287867e-05, "p10": 0.0006804826436564327, "p25": 2.5604560180800036, "median": 7.140170818078332, "p75": 11.495616162312217, "p90": 14.414795610215515, "p95": 15.198922279197722, "p99": 16.050496681928635, "p99.9": 16.302287191246172, "max": 16.326925003668293}, "send_duration": 76.32458622404374, "requested_rate": 148.89, "achieved_rate": 117.03961255391555}, "successes": {"count": 8933, "latency": {"request_latency": {"mean": 3.700446212888867, "min": 1.2001026739599183, "p0.1": 1.3361988215697929, "p1": 1.6554369369754567, "p5": 2.4333247136091813, "p10": 3.1475875903852284, "p25": 3.7525924909859896, "median": 3.8309999329503626, "p75": 3.9435481110122055, "p90": 4.023634977196343, "p95": 4.049684173357673, "p99": 4.102463670526632, "p99.9": 4.129005630626343, "max": 4.1534881729166955}, "normalized_time_per_output_token": {"mean": 0.05940012112934426, "min": 0.019608874105015828, "p0.1": 0.02068222357640043, "p1": 0.025822322798248094, "p5": 0.03775472552408106, "p10": 0.050035939514278795, "p25": 0.058180582553793034, "median": 0.059906936200478905, "p75": 0.062163801493051535, "p90": 0.0669109995772754, "p95": 0.07022969095838483, "p99": 0.09655990273417094, "p99.9": 0.15070660957877569, "max": 0.3968097459990531}, "time_per_output_token": {"mean": 0.01273513228577376, "min": 0.004691897100920594, "p0.1": 0.005178096779232281, "p1": 0.009024213937999204, "p5": 0.012595827075970439, "p10": 0.012671714511432852, "p25": 0.012761129325349606, "median": 0.012838118853112467, "p75": 0.012896994177555276, "p90": 0.012941900112074186, "p95": 0.012968139992052213, "p99": 0.01301274401002181, "p99.9": 0.013092023144162065, "max": 0.013166417255853267}, "time_to_first_token": {"mean": 2.056413555125932, "min": 0.02569506294094026, "p0.1": 0.03178580778324976, "p1": 0.05244371849112213, "p5": 0.7856637981720269, "p10": 1.5677278817398475, "p25": 2.106226157047786, "median": 2.17779986304231, "p75": 2.2810706519521773, "p90": 2.3604435129789634, "p95": 2.3855998538201675, "p99": 2.4361789956595747, "p99.9": 2.460211581326556, "max": 2.464303346001543}, "inter_token_latency": {"mean": 0.012735132285773759, "min": 1.9620638340711594e-06, "p0.1": 3.382954280823469e-06, "p1": 4.8800138756632805e-06, "p5": 9.980984032154083e-06, "p10": 1.1950964108109474e-05, "p25": 1.6491045244038105e-05, "median": 4.841294139623642e-05, "p75": 0.02461553702596575, "p90": 0.032510954048484565, "p95": 0.037739029992371796, "p99": 0.052945637381635595, "p99.9": 0.05947644734708593, "max": 0.08801316900644451}}, "throughput": {"input_tokens_per_sec": 22675.98911543327, "output_tokens_per_sec": 7094.376280715106, "total_tokens_per_sec": 29770.365396148376, "requests_per_sec": 112.85540105106757}, "prompt_len": {"mean": 200.92958692488526, "min": 194.0, "p0.1": 194.0, "p1": 195.0, "p5": 197.0, "p10": 197.0, "p25": 199.0, "median": 201.0, "p75": 203.0, "p90": 204.0, "p95": 207.0, "p99": 208.0, "p99.9": 209.0, "max": 209.0}, "output_len": {"mean": 62.862532184036716, "min": 10.0, "p0.1": 25.0, "p1": 40.0, "p5": 56.0, "p10": 57.0, "p25": 63.0, "median": 65.0, "p75": 65.0, "p90": 65.0, "p95": 65.0, "p99": 66.0, "p99.9": 67.0, "max": 69.0}}, "failures": {"count": 0, "request_latency": null, "prompt_len": null}}