{"load_summary": {"count": 4496, "schedule_delay": {"mean": 0.00035281683813082054, "min": -0.0012500412994995713, "p0.1": -0.0011914588051149622, "p1": -0.0009122999501414596, "p5": -0.0005963179573882371, "p10": -0.00041294534457847476, "p25": -8.657574653625488e-05, "median": 0.0002935043885372579, "p75": 0.000692595902364701, "p90": 0.0011261991458013654, "p95": 0.0015151918050833046, "p99": 0.0026146575459279134, "p99.9": 0.0034509124309988707, "max": 0.004741740762256086}, "send_duration": 59.99351855600253, "requested_rate": 74.94, "achieved_rate": 74.94142881123217}, "successes": {"count": 4496, "latency": {"request_latency": {"mean": 0.7644632433749973, "min": 0.5321218660101295, "p0.1": 0.5571979784866562, "p1": 0.6296899113047403, "p5": 0.6591887004615273, "p10": 0.6753790210350417, "p25": 0.7118018025357742, "median": 0.7633842984796502, "p75": 0.8119680107920431, "p90": 0.8525236715213396, "p95": 0.8825707107898779, "p99": 0.9548162566206885, "p99.9": 0.9822191959363409, "max": 0.9951065459754318}, "normalized_time_per_output_token": {"mean": 0.012314343292789165, "min": 0.008186490246309684, "p0.1": 0.00879154670461347, "p1": 0.009806288978206028, "p5": 0.010270007553386869, "p10": 0.010543874453287572, "p25": 0.011201785649343668, "median": 0.01204554735764899, "p75": 0.012908203606843305, "p90": 0.013957752008808024, "p95": 0.01490043059243168, "p99": 0.02003581027271494, "p99.9": 0.03406796514701581, "max": 0.08057462954376307}, "time_per_output_token": {"mean": 0.005618064924319431, "min": 0.003846527791091118, "p0.1": 0.00403116794096851, "p1": 0.004604726462343405, "p5": 0.00483173461402622, "p10": 0.0049458391081845, "p25": 0.00522585572334649, "median": 0.005618866456784452, "p75": 0.005975906437988458, "p90": 0.006283314930646889, "p95": 0.006488837807551171, "p99": 0.007085751868963111, "p99.9": 0.007306746568787094, "max": 0.0073798623796942275}, "time_to_first_token": {"mean": 0.03857680595530863, "min": 0.023177993949502707, "p0.1": 0.024303236090345307, "p1": 0.025904979096958415, "p5": 0.028307177213719115, "p10": 0.0299122899887152, "p25": 0.033071278274292126, "median": 0.037225147476419806, "p75": 0.04291516050579958, "p90": 0.0491934425663203, "p95": 0.05302111146738753, "p99": 0.06029721509548836, "p99.9": 0.06639959273801652, "max": 0.07659120904281735}, "inter_token_latency": {"mean": 0.005618064924319431, "min": 2.800021320581436e-06, "p0.1": 3.3190008252859116e-06, "p1": 4.266654141247272e-06, "p5": 8.950958726927637e-06, "p10": 1.055002212524414e-05, "p25": 1.424702350050211e-05, "median": 4.40060393884778e-05, "p75": 0.010203375073615462, "p90": 0.014490926871076226, "p95": 0.015963251184439288, "p99": 0.02270398374879734, "p99.9": 0.029080123462597855, "max": 0.03363678511232138}}, "throughput": {"input_tokens_per_sec": 14925.608282724552, "output_tokens_per_sec": 4661.3633169817895, "total_tokens_per_sec": 19586.97159970634, "requests_per_sec": 74.2825679935283}, "prompt_len": {"mean": 200.93016014234877, "min": 194.0, "p0.1": 194.0, "p1": 194.95, "p5": 197.0, "p10": 197.0, "p25": 199.0, "median": 201.0, "p75": 203.0, "p90": 204.5, "p95": 207.0, "p99": 208.05000000000018, "p99.9": 209.0, "max": 209.0}, "output_len": {"mean": 62.75177935943061, "min": 9.0, "p0.1": 22.495, "p1": 39.0, "p5": 55.75, "p10": 57.0, "p25": 64.0, "median": 65.0, "p75": 65.0, "p90": 65.0, "p95": 65.0, "p99": 66.0, "p99.9": 68.0, "max": 70.0}}, "failures": {"count": 0, "request_latency": null, "prompt_len": null}}