{"load_summary": {"count": 11151, "schedule_delay": {"mean": 16.216699344150378, "min": -0.001042347983457148, "p0.1": -0.0008057911181822419, "p1": -0.00031249591847881675, "p5": 0.0006251246086321771, "p10": 1.3479869115399197, "p25": 7.048582823539618, "median": 16.062769517302513, "p75": 25.249689323361963, "p90": 30.75939583336003, "p95": 32.837343886028975, "p99": 34.41134362469893, "p99.9": 34.67917314454098, "max": 34.71657882258296}, "send_duration": 94.7118446319364, "requested_rate": 185.86, "achieved_rate": 117.7360660995925}, "successes": {"count": 11151, "latency": {"request_latency": {"mean": 3.739504849022831, "min": 1.4639640429522842, "p0.1": 1.4912406258226838, "p1": 1.6719550985726528, "p5": 3.04245320946211, "p10": 3.7506850260542706, "p25": 3.793703453033231, "median": 3.824335947050713, "p75": 3.8512805760256015, "p90": 3.895744579960592, "p95": 3.9280556634184904, "p99": 3.9708369110594504, "p99.9": 3.995970107748872, "max": 4.002395624062046}, "normalized_time_per_output_token": {"mean": 0.06006752406057993, "min": 0.022581823861513, "p0.1": 0.02304904585632567, "p1": 0.025960970661925296, "p5": 0.048557608397054, "p10": 0.057827366707631604, "p25": 0.05865017687006352, "median": 0.05939656284530289, "p75": 0.060714704194319374, "p90": 0.06707126503450829, "p95": 0.06881442133300497, "p99": 0.09467543444105624, "p99.9": 0.15513231492741042, "max": 0.2561099162635704}, "time_per_output_token": {"mean": 0.01262230567138278, "min": 0.004836590620400312, "p0.1": 0.00521280364329248, "p1": 0.009916301143027178, "p5": 0.012495925728964453, "p10": 0.012556617503783615, "p25": 0.012635995546363063, "median": 0.01270163742565485, "p75": 0.01275311517456994, "p90": 0.012792019907190182, "p95": 0.012817066143422078, "p99": 0.01286847616659564, "p99.9": 0.012947685973467885, "max": 0.013093519069673133}, "time_to_first_token": {"mean": 2.1100256667662762, "min": 0.033377247978933156, "p0.1": 0.04155326150357723, "p1": 0.06144152150955051, "p5": 1.5737077000085264, "p10": 2.123725987970829, "p25": 2.1581453449907713, "median": 2.1847563489573076, "p75": 2.209723740525078, "p90": 2.255609574029222, "p95": 2.285482800041791, "p99": 2.3318181619397365, "p99.9": 2.3517482476367153, "max": 2.356466739089228}, "inter_token_latency": {"mean": 0.012622305671382781, "min": 1.8900027498602867e-06, "p0.1": 3.3830292522907257e-06, "p1": 4.8549845814704895e-06, "p5": 9.97305614873767e-06, "p10": 1.1865049600601196e-05, "p25": 1.64019875228405e-05, "median": 4.815799184143543e-05, "p75": 0.02538327651564032, "p90": 0.03233511340804398, "p95": 0.036314996925648296, "p99": 0.050987226893194, "p99.9": 0.057106671652058176, "max": 0.08939898596145213}}, "throughput": {"input_tokens_per_sec": 22969.085403755977, "output_tokens_per_sec": 7183.147523365646, "total_tokens_per_sec": 30152.232927121622, "requests_per_sec": 114.31404253355642}, "prompt_len": {"mean": 200.92969240426868, "min": 194.0, "p0.1": 194.0, "p1": 194.5, "p5": 197.0, "p10": 197.0, "p25": 199.0, "median": 201.0, "p75": 203.0, "p90": 204.0, "p95": 207.0, "p99": 208.0, "p99.9": 209.0, "max": 209.0}, "output_len": {"mean": 62.83696529459241, "min": 15.0, "p0.1": 25.0, "p1": 40.0, "p5": 56.0, "p10": 57.0, "p25": 63.0, "median": 65.0, "p75": 65.0, "p90": 65.0, "p95": 65.0, "p99": 66.0, "p99.9": 68.0, "max": 81.0}}, "failures": {"count": 0, "request_latency": null, "prompt_len": null}}