{"load_summary": {"count": 60, "schedule_delay": {"mean": 0.00041408185109806557, "min": -0.0006542300106957555, "p0.1": -0.0006535436616977677, "p1": -0.0006473665207158774, "p5": -0.0003660402493551373, "p10": -0.00033266490790992973, "p25": 3.736090729944408e-05, "median": 0.0004669494228437543, "p75": 0.0007674286025576293, "p90": 0.001096298126503825, "p95": 0.0011715063592419028, "p99": 0.0012279108399525281, "p99.9": 0.0012685910658910878, "max": 0.0012731110909953713}, "send_duration": 59.713091611047275, "requested_rate": 1.0, "achieved_rate": 1.0048047820203576}, "successes": {"count": 60, "latency": {"request_latency": {"mean": 0.48322820343310013, "min": 0.4742338650394231, "p0.1": 0.4742724440732272, "p1": 0.47461965537746437, "p5": 0.4763632515678182, "p10": 0.4776452697929926, "p25": 0.47981646322296, "median": 0.4824237964930944, "p75": 0.4866994837357197, "p90": 0.4906289818347432, "p95": 0.4915854010090698, "p99": 0.49334994919016023, "p99.9": 0.494179818319506, "max": 0.49427202600054443}, "normalized_time_per_output_token": {"mean": 0.007822049129697705, "min": 0.007309615379199386, "p0.1": 0.007309778935714768, "p1": 0.00731125094435321, "p5": 0.007330197018141357, "p10": 0.007370318201764559, "p25": 0.007417538868209634, "median": 0.00750475577790964, "p75": 0.007644513801096764, "p90": 0.008517457375899283, "p95": 0.009073887968481022, "p99": 0.011449863693627133, "p99.9": 0.012466844654680072, "max": 0.012579842539241489}, "time_per_output_token": {"mean": 0.0034775777890777705, "min": 0.003448039147093199, "p0.1": 0.0034481756337981515, "p1": 0.003449404014142721, "p5": 0.003453905069740316, "p10": 0.003455823958696177, "p25": 0.003460401121812129, "median": 0.0034682437246881946, "p75": 0.0034893846550826417, "p90": 0.0035060749065253683, "p95": 0.0035362765571560944, "p99": 0.003545912434292827, "p99.9": 0.0035502754386871793, "max": 0.0035507602169532184}, "time_to_first_token": {"mean": 0.03331898592878133, "min": 0.023019775981083512, "p0.1": 0.023218922580825165, "p1": 0.025011241978500038, "p5": 0.027357102709356696, "p10": 0.028624275280162693, "p25": 0.030656475748401135, "median": 0.032918093027547, "p75": 0.036045025975909084, "p90": 0.03897771495394409, "p95": 0.04010422827559523, "p99": 0.04251505806925707, "p99.9": 0.042598067724495196, "max": 0.042607291019521654}, "inter_token_latency": {"mean": 0.003477577789077771, "min": 3.1989766284823418e-06, "p0.1": 3.318468574434519e-06, "p1": 3.924552584066987e-06, "p5": 9.515724377706647e-06, "p10": 9.834067896008492e-06, "p25": 1.0751507943496108e-05, "median": 3.392953658476472e-05, "p75": 0.0070888301997911185, "p90": 0.007161231862846762, "p95": 0.00720704187406227, "p99": 0.007360343483742327, "p99.9": 0.008688078872859481, "max": 0.008944935980252922}}, "throughput": {"input_tokens_per_sec": 200.05131546008423, "output_tokens_per_sec": 62.15363932698074, "total_tokens_per_sec": 262.204954787065, "requests_per_sec": 0.996850670841712}, "prompt_len": {"mean": 200.68333333333334, "min": 194.0, "p0.1": 194.059, "p1": 194.59, "p5": 195.95, "p10": 197.0, "p25": 199.0, "median": 200.0, "p75": 203.0, "p90": 204.1, "p95": 207.0, "p99": 207.41, "p99.9": 207.941, "max": 208.0}, "output_len": {"mean": 62.35, "min": 39.0, "p0.1": 39.354, "p1": 42.54, "p5": 53.75, "p10": 57.0, "p25": 63.0, "median": 65.0, "p75": 65.0, "p90": 65.0, "p95": 65.0, "p99": 65.41, "p99.9": 65.941, "max": 66.0}}, "failures": {"count": 0, "request_latency": null, "prompt_len": null}}