{"load_summary": {"count": 13369, "schedule_delay": {"mean": 25.867297718651226, "min": -0.001129384501837194, "p0.1": -0.0007783118272200227, "p1": -0.00024322584737092255, "p5": 0.39010741906240587, "p10": 2.649061654601246, "p25": 11.39487555809319, "median": 25.401863368344493, "p75": 40.13033458113205, "p90": 49.22498866175302, "p95": 51.61967645180412, "p99": 54.101030089086855, "p99.9": 54.912129841613584, "max": 54.94842667016201}, "send_duration": 114.93414164695423, "requested_rate": 222.83, "achieved_rate": 116.31878751107618}, "successes": {"count": 13369, "latency": {"request_latency": {"mean": 3.79703725667467, "min": 1.6174948679981753, "p0.1": 1.6438942494997755, "p1": 1.7472037994209677, "p5": 3.4845585420029295, "p10": 3.607935406593606, "p25": 3.6347605030750856, "median": 3.6919508550781757, "p75": 4.289472723961808, "p90": 4.358468436356634, "p95": 4.376573206158355, "p99": 4.3956661423482, "p99.9": 4.405287196625024, "max": 4.420221413951367}, "normalized_time_per_output_token": {"mean": 0.06101615838848927, "min": 0.025143003723440836, "p0.1": 0.025470197088783605, "p1": 0.02771938597798229, "p5": 0.05440586924191509, "p10": 0.05558698858456829, "p25": 0.05642054543042412, "median": 0.05762568623322295, "p75": 0.0665437341381151, "p90": 0.06845903492503566, "p95": 0.07572598121815213, "p99": 0.09788871962319672, "p99.9": 0.16287528737973397, "max": 0.2587359931169297}, "time_per_output_token": {"mean": 0.012367102809974885, "min": 0.005074177712541391, "p0.1": 0.005575464523303532, "p1": 0.010423987760360158, "p5": 0.011877852249096415, "p10": 0.011917228740639984, "p25": 0.012217244278646774, "median": 0.012453835775223814, "p75": 0.012681063240242386, "p90": 0.012749668632547348, "p95": 0.012779865444948276, "p99": 0.01286962536585972, "p99.9": 0.012943280711575134, "max": 0.0129991925733034}, "time_to_first_token": {"mean": 2.200454697106258, "min": 0.036755520035512745, "p0.1": 0.05750386076886207, "p1": 0.1644816432101652, "p5": 2.007683414337225, "p10": 2.0207900930196048, "p25": 2.0523964380845428, "median": 2.097426358028315, "p75": 2.646435455069877, "p90": 2.712144484138116, "p95": 2.7345478932140392, "p99": 2.7509668692946434, "p99.9": 2.7599219252541674, "max": 2.775039108004421}, "inter_token_latency": {"mean": 0.012367102809974887, "min": 1.8329592421650887e-06, "p0.1": 3.388035111129284e-06, "p1": 4.909932613372803e-06, "p5": 9.521027095615864e-06, "p10": 1.1205906048417091e-05, "p25": 1.53970904648304e-05, "median": 4.655006341636181e-05, "p75": 0.012987024034373462, "p90": 0.03881623793859035, "p95": 0.054826135048642755, "p99": 0.11122183501720428, "p99.9": 0.14871787636075168, "max": 0.1561366169480607}}, "throughput": {"input_tokens_per_sec": 22837.564587726836, "output_tokens_per_sec": 7140.792680764174, "total_tokens_per_sec": 29978.35726849101, "requests_per_sec": 113.66007597058318}, "prompt_len": {"mean": 200.92864088563093, "min": 194.0, "p0.1": 194.0, "p1": 194.68, "p5": 196.4000000000001, "p10": 197.0, "p25": 199.0, "median": 201.0, "p75": 203.0, "p90": 204.0, "p95": 207.0, "p99": 208.0, "p99.9": 209.0, "max": 209.0}, "output_len": {"mean": 62.82586580896103, "min": 15.0, "p0.1": 24.0, "p1": 40.0, "p5": 56.0, "p10": 57.0, "p25": 63.0, "median": 65.0, "p75": 65.0, "p90": 65.0, "p95": 65.0, "p99": 66.0, "p99.9": 67.63200000000143, "max": 70.0}}, "failures": {"count": 0, "request_latency": null, "prompt_len": null}}