{"load_summary": {"count": 2278, "schedule_delay": {"mean": 0.0008001530579662505, "min": -0.0014038017252460122, "p0.1": -0.0010808633753331379, "p1": -0.0008391950628720224, "p5": -0.0005094006715808064, "p10": -0.00030214174184948204, "p25": 9.143751231022179e-05, "median": 0.0005696052685379982, "p75": 0.0012048738717567176, "p90": 0.002287424798123539, "p95": 0.0030276707489974813, "p99": 0.004484436153434218, "p99.9": 0.007236283467151271, "max": 0.007628187304362655}, "send_duration": 59.971021658042446, "requested_rate": 37.97, "achieved_rate": 37.985012377965845}, "successes": {"count": 2278, "latency": {"request_latency": {"mean": 0.5643447394640908, "min": 0.4919586869655177, "p0.1": 0.5035291340576951, "p1": 0.5278833109966945, "p5": 0.5355581273150165, "p10": 0.540569953864906, "p25": 0.5495414838078432, "median": 0.560724814014975, "p75": 0.5750291992153507, "p90": 0.5960493007325568, "p95": 0.6094937447982375, "p99": 0.6254691461927723, "p99.9": 0.6407534108272522, "max": 0.6418337270151824}, "normalized_time_per_output_token": {"mean": 0.009072400244465602, "min": 0.007568595184084888, "p0.1": 0.007780286788990521, "p1": 0.008121284186873978, "p5": 0.008278103644082036, "p10": 0.008377082799267485, "p25": 0.008534826865742126, "median": 0.008777165640822204, "p75": 0.009242697412651801, "p90": 0.009883211931876927, "p95": 0.010406076625855477, "p99": 0.014065046151682067, "p99.9": 0.024446360762506825, "max": 0.03274040565113811}, "time_per_output_token": {"mean": 0.004123063848553224, "min": 0.003591494875700148, "p0.1": 0.0036755512217005585, "p1": 0.0038604456618475157, "p5": 0.003914224281510006, "p10": 0.00395298265642667, "p25": 0.0040158851549585255, "median": 0.0040916400621356375, "p75": 0.004199471618427873, "p90": 0.0043440672456171335, "p95": 0.004455514438360092, "p99": 0.0045826003086561875, "p99.9": 0.004728092174856139, "max": 0.004739647147303462}, "time_to_first_token": {"mean": 0.03129434523387723, "min": 0.021351194940507412, "p0.1": 0.021753931680461393, "p1": 0.022948989920550958, "p5": 0.02497283976408653, "p10": 0.026006293506361543, "p25": 0.027977224031928927, "median": 0.030646827479358763, "p75": 0.03391947926138528, "p90": 0.03753255426418036, "p95": 0.039789296191884205, "p99": 0.04574251086451113, "p99.9": 0.05703777192195495, "max": 0.07009364501573145}, "inter_token_latency": {"mean": 0.004123063848553224, "min": 2.949964255094528e-06, "p0.1": 3.302004188299179e-06, "p1": 3.972976701334119e-06, "p5": 8.388073183596134e-06, "p10": 9.885057806968689e-06, "p25": 1.19420001283288e-05, "median": 3.657146589830518e-05, "p75": 0.0077845298510510474, "p90": 0.009283976803999394, "p95": 0.00961345421965234, "p99": 0.014378696966450673, "p99.9": 0.01914557701244485, "max": 0.023898172075860202}}, "throughput": {"input_tokens_per_sec": 7570.1385637998965, "output_tokens_per_sec": 2366.1706737582767, "total_tokens_per_sec": 9936.309237558173, "requests_per_sec": 37.67587543386517}, "prompt_len": {"mean": 200.928007023705, "min": 194.0, "p0.1": 194.0, "p1": 194.77, "p5": 196.85000000000002, "p10": 197.0, "p25": 199.0, "median": 201.0, "p75": 203.0, "p90": 204.30000000000018, "p95": 207.0, "p99": 208.23000000000002, "p99.9": 209.0, "max": 209.0}, "output_len": {"mean": 62.803336259877085, "min": 17.0, "p0.1": 22.554000000000002, "p1": 40.0, "p5": 56.0, "p10": 57.0, "p25": 63.0, "median": 64.0, "p75": 65.0, "p90": 65.0, "p95": 65.0, "p99": 66.0, "p99.9": 68.0, "max": 70.0}}, "failures": {"count": 0, "request_latency": null, "prompt_len": null}}