{"load_summary": {"count": 6715, "schedule_delay": {"mean": 0.00017870585458410027, "min": -0.0019978160271421075, "p0.1": -0.0016056001756805927, "p1": -0.0010734577267430723, "p5": -0.0007473891484551131, "p10": -0.0005339090479537844, "p25": -0.00020654924446716905, "median": 0.00018056586850434542, "p75": 0.000557263963855803, "p90": 0.0008956079836934814, "p95": 0.001111941575072704, "p99": 0.0015354015422053618, "p99.9": 0.0021339768541511193, "max": 0.0027119209989905357}, "send_duration": 59.99582431698218, "requested_rate": 111.92, "achieved_rate": 111.92445601750451}, "successes": {"count": 6715, "latency": {"request_latency": {"mean": 1.6979482656459712, "min": 0.6310192869277671, "p0.1": 0.6940163241894916, "p1": 0.8865106395399198, "p5": 1.3281124875531531, "p10": 1.4155149255646393, "p25": 1.5589731039945036, "median": 1.726592505001463, "p75": 1.8724284725030884, "p90": 1.950741283991374, "p95": 1.9956024785991755, "p99": 2.056480849154759, "p99.9": 2.105329943839694, "max": 2.1312004439532757}, "normalized_time_per_output_token": {"mean": 0.027283897817639798, "min": 0.009714050153986766, "p0.1": 0.010998054032532597, "p1": 0.013960298891537465, "p5": 0.02076087761881074, "p10": 0.02213747856124358, "p25": 0.024623284517964257, "median": 0.027269091553842793, "p75": 0.029716125100472147, "p90": 0.031576795536619524, "p95": 0.03359518018183544, "p99": 0.04385027925113093, "p99.9": 0.07035966900672312, "max": 0.11313804882058107}, "time_per_output_token": {"mean": 0.012019587185668208, "min": 0.004499473759738454, "p0.1": 0.0050158788609000774, "p1": 0.006536109622066133, "p5": 0.009825508664326035, "p10": 0.010472736444844062, "p25": 0.011482197910911844, "median": 0.01262659922444312, "p75": 0.012817354011890845, "p90": 0.012909350550711848, "p95": 0.012952564720717772, "p99": 0.013069499491320474, "p99.9": 0.013182524918107489, "max": 0.013229603131929802}, "time_to_first_token": {"mean": 0.14623385537668857, "min": 0.0252076470060274, "p0.1": 0.030062249582493678, "p1": 0.03792496774578467, "p5": 0.04588661818997934, "p10": 0.05073557437863201, "p25": 0.06156101595843211, "median": 0.10548265289980918, "p75": 0.22164171352051198, "p90": 0.30014646060299127, "p95": 0.3452395984670147, "p99": 0.39746013901662075, "p99.9": 0.4410993791443766, "max": 0.466095155919902}, "inter_token_latency": {"mean": 0.012019587185668208, "min": 1.7660204321146011e-06, "p0.1": 3.3659161999821663e-06, "p1": 4.781300667673349e-06, "p5": 9.857001714408398e-06, "p10": 1.1791940778493881e-05, "p25": 1.6424921341240406e-05, "median": 4.83350595459342e-05, "p75": 0.024266051477752626, "p90": 0.030320913041941823, "p95": 0.03399824281223117, "p99": 0.04273294606013224, "p99.9": 0.05295657057967095, "max": 0.08062571799382567}}, "throughput": {"input_tokens_per_sec": 22254.696431416814, "output_tokens_per_sec": 6955.730744537778, "total_tokens_per_sec": 29210.42717595459, "requests_per_sec": 110.75951840525863}, "prompt_len": {"mean": 200.92807148175726, "min": 194.0, "p0.1": 194.0, "p1": 195.0, "p5": 197.0, "p10": 197.0, "p25": 199.0, "median": 201.0, "p75": 203.0, "p90": 204.0, "p95": 207.0, "p99": 208.0, "p99.9": 209.0, "max": 209.0}, "output_len": {"mean": 62.80029784065525, "min": 17.0, "p0.1": 25.0, "p1": 40.0, "p5": 56.0, "p10": 57.0, "p25": 63.0, "median": 64.0, "p75": 65.0, "p90": 65.0, "p95": 65.0, "p99": 66.0, "p99.9": 67.28600000000097, "max": 81.0}}, "failures": {"count": 0, "request_latency": null, "prompt_len": null}}