{"load_summary": {"count": 47002, "schedule_delay": {"mean": 12.570346370341044, "min": -0.0019978160271421075, "p0.1": -0.0012052742856321855, "p1": -0.0007804785540793092, "p5": -0.0003404516959562897, "p10": -5.586694460362195e-05, "p25": 0.0006342563719954342, "median": 7.436319137341343, "p75": 21.172375102265505, "p90": 34.63168414875402, "p95": 44.89796483963727, "p99": 52.45268272900139, "p99.9": 54.85806891332206, "max": 54.94842667016201}}, "successes": {"count": 47002, "latency": {"request_latency": {"mean": 3.014152930309463, "min": 0.4742338650394231, "p0.1": 0.4871772779887542, "p1": 0.5464635392336641, "p5": 0.6254520249611233, "p10": 0.7681280314340256, "p25": 1.8085295557393692, "median": 3.7031164155341685, "p75": 3.839635086536873, "p90": 4.015203145507257, "p95": 4.326164382300339, "p99": 4.381351204800885, "p99.9": 4.401171445198124, "max": 4.420221413951367}, "normalized_time_per_output_token": {"mean": 0.048420751804990815, "min": 0.007309615379199386, "p0.1": 0.007680413341139709, "p1": 0.008471294497641233, "p5": 0.010166017781624473, "p10": 0.012141377026071916, "p25": 0.028790752108690004, "median": 0.057808156945317865, "p75": 0.060617187191613964, "p90": 0.06707019596465934, "p95": 0.06881609211654596, "p99": 0.0904963981342521, "p99.9": 0.14961801403973027, "max": 0.3968097459990531}, "time_per_output_token": {"mean": 0.011391460080056417, "min": 0.003448039147093199, "p0.1": 0.003493099948098024, "p1": 0.003989728967327076, "p5": 0.004576521775010223, "p10": 0.00562904416511283, "p25": 0.012068183263745737, "median": 0.012646556813847418, "p75": 0.012766188691693263, "p90": 0.0128691593674192, "p95": 0.012913888227014059, "p99": 0.012983355847523049, "p99.9": 0.013128800361918996, "max": 0.013229603131929802}, "time_to_first_token": {"mean": 1.543453611754655, "min": 0.021351194940507412, "p0.1": 0.023677553543588147, "p1": 0.026846561458660288, "p5": 0.03202266131993383, "p10": 0.03813641939777881, "p25": 0.17052401744876988, "median": 2.106196197506506, "p75": 2.198375602980377, "p90": 2.3579756015678868, "p95": 2.6837109992222397, "p99": 2.7395609611959664, "p99.9": 2.7564905611455908, "max": 2.775039108004421}, "inter_token_latency": {"mean": 0.011391460080056417, "min": 1.7660204321146011e-06, "p0.1": 3.3640535548329353e-06, "p1": 4.767905920743942e-06, "p5": 9.623006917536259e-06, "p10": 1.1279014870524406e-05, "p25": 1.5745987184345722e-05, "median": 4.709302447736263e-05, "p75": 0.018046515237074345, "p90": 0.031052772363182154, "p95": 0.038198103237664316, "p99": 0.07515954797621802, "p99.9": 0.146548953413847, "max": 0.1561366169480607}}, "throughput": {"input_tokens_per_sec": 14861.026177304206, "output_tokens_per_sec": 4646.495280316906, "total_tokens_per_sec": 19507.52145762111, "requests_per_sec": 73.96165655384814}, "prompt_len": {"mean": 200.92879026424407, "min": 194.0, "p0.1": 194.0, "p1": 194.01, "p5": 197.0, "p10": 197.0, "p25": 199.0, "median": 201.0, "p75": 203.0, "p90": 204.0, "p95": 207.0, "p99": 208.0, "p99.9": 209.0, "max": 209.0}, "output_len": {"mean": 62.8230288072848, "min": 9.0, "p0.1": 24.0, "p1": 40.0, "p5": 56.0, "p10": 57.0, "p25": 63.0, "median": 65.0, "p75": 65.0, "p90": 65.0, "p95": 65.0, "p99": 66.0, "p99.9": 68.0, "max": 81.0}}, "failures": {"count": 0, "request_latency": null, "prompt_len": null}}