{
  "load_summary": {
    "count": 1500,
    "schedule_delay": {
      "mean": 0.0006275674387191733,
      "min": -0.0007683504372835159,
      "p0.1": -0.0007481044949963689,
      "p1": -0.0005928027490153909,
      "p5": -0.00025712328497320416,
      "p10": -5.304892547428608e-05,
      "p25": 0.0002585380570963025,
      "median": 0.0006227619014680386,
      "p75": 0.0009804472792893648,
      "p90": 0.001313925348222256,
      "p95": 0.0015066198771819471,
      "p99": 0.0018930446822196245,
      "p99.9": 0.0024633083916269526,
      "max": 0.006068379618227482
    },
    "send_duration": 23.81659017596394,
    "requested_rate": 60.0,
    "achieved_rate": 62.98130794196655
  },
  "successes": {
    "count": 826,
    "latency": {
      "request_latency": {
        "mean": 166.69404047294734,
        "min": 58.8137585259974,
        "p0.1": 59.25462425656151,
        "p1": 61.20386447675992,
        "p5": 65.99513949803077,
        "p10": 71.04393035708927,
        "p25": 106.41563623817638,
        "median": 177.43148156558163,
        "p75": 239.97054477699567,
        "p90": 257.0295723560266,
        "p95": 266.262844266952,
        "p99": 297.17624571733177,
        "p99.9": 299.14743317585675,
        "max": 299.61906128004193
      },
      "normalized_time_per_output_token": {
        "mean": 0.1699004494652914,
        "min": 0.05910930505125367,
        "p0.1": 0.059726379174325585,
        "p1": 0.06239411210011633,
        "p5": 0.06766608691093523,
        "p10": 0.0720852907802799,
        "p25": 0.10762298804655587,
        "median": 0.1799687382057551,
        "p75": 0.24215089941985526,
        "p90": 0.26225365012470947,
        "p95": 0.27437960314370347,
        "p99": 0.3030585988840627,
        "p99.9": 0.3301867791835758,
        "max": 0.36978431702493164
      },
      "time_per_output_token": {
        "mean": 0.031216461896531832,
        "min": 0.02752561905448777,
        "p0.1": 0.027772404528748913,
        "p1": 0.028851889060409475,
        "p5": 0.02885934571624556,
        "p10": 0.029105856786828782,
        "p25": 0.029484981130031326,
        "median": 0.030101992318575188,
        "p75": 0.03103380011923347,
        "p90": 0.033505825163412106,
        "p95": 0.041122699314998325,
        "p99": 0.04728229556382559,
        "p99.9": 0.050428997981589,
        "max": 0.05113887080414475
      },
      "time_to_first_token": {
        "mean": 104.19966431267247,
        "min": 0.3104934482835233,
        "p0.1": 0.32028753561899065,
        "p1": 1.40830904035829,
        "p5": 5.973167234449647,
        "p10": 10.145869179395959,
        "p25": 22.64936016383581,
        "median": 114.74484048038721,
        "p75": 181.15918647451326,
        "p90": 196.1429149946198,
        "p95": 202.0143714537844,
        "p99": 239.99633522657678,
        "p99.9": 241.36662017483036,
        "max": 241.84333997499198
      },
      "inter_token_latency": {
        "mean": 0.031216461896531832,
        "min": 1.050066202878952e-06,
        "p0.1": 1.6302801668643951e-06,
        "p1": 2.511311322450638e-06,
        "p5": 1.0940246284008026e-05,
        "p10": 1.671072095632553e-05,
        "p25": 2.6069581508636475e-05,
        "median": 4.6900007873773575e-05,
        "p75": 0.03525397495832294,
        "p90": 0.038006473798304796,
        "p95": 0.0428066422464326,
        "p99": 0.6164735287893564,
        "p99.9": 0.6441363727441064,
        "max": 41.04065832588822
      }
    },
    "throughput": {
      "input_tokens_per_sec": 19177.85725345206,
      "output_tokens_per_sec": 2504.6710301956173,
      "total_tokens_per_sec": 21682.528283647676,
      "requests_per_sec": 2.5501570641251026
    },
    "prompt_len": {
      "mean": 7520.265133171913,
      "min": 7458.0,
      "p0.1": 7458.825,
      "p1": 7471.0,
      "p5": 7481.0,
      "p10": 7489.0,
      "p25": 7504.0,
      "median": 7520.5,
      "p75": 7534.0,
      "p90": 7550.0,
      "p95": 7561.0,
      "p99": 7578.75,
      "p99.9": 7586.575000000001,
      "max": 7594.0
    },
    "output_len": {
      "mean": 982.1634382566587,
      "min": 444.0,
      "p0.1": 507.525,
      "p1": 860.0,
      "p5": 926.75,
      "p10": 960.5,
      "p25": 982.0,
      "median": 990.0,
      "p75": 998.0,
      "p90": 1001.0,
      "p95": 1001.0,
      "p99": 1002.0,
      "p99.9": 1018.5250000000002,
      "max": 1021.0
    }
  },
  "failures": {
    "count": 674,
    "request_latency": {
      "mean": 221.29073630602898,
      "min": 19.340157680679113,
      "p0.1": 19.342280920807273,
      "p1": 19.349196219467558,
      "p5": 19.390063570812345,
      "p10": 19.433442852133886,
      "p25": 19.573619894799776,
      "median": 300.3376631918363,
      "p75": 300.66110158292577,
      "p90": 300.86206787857225,
      "p95": 300.9298882076517,
      "p99": 300.9876494657481,
      "p99.9": 300.99953854875827,
      "max": 301.0007140911184
    },
    "prompt_len": {
      "mean": 0.0,
      "min": 0.0,
      "p0.1": 0.0,
      "p1": 0.0,
      "p5": 0.0,
      "p10": 0.0,
      "p25": 0.0,
      "median": 0.0,
      "p75": 0.0,
      "p90": 0.0,
      "p95": 0.0,
      "p99": 0.0,
      "p99.9": 0.0,
      "max": 0.0
    }
  }
}