{
  "load_summary": {
    "count": 1518,
    "schedule_delay": {
      "mean": 0.0005935823823397732,
      "min": -0.0007120580412447453,
      "p0.1": -0.0006894667306914926,
      "p1": -0.0005199358658865094,
      "p5": -0.00026329695247113695,
      "p10": -8.859895169734952e-05,
      "p25": 0.0002319306368008256,
      "median": 0.0005952415522187948,
      "p75": 0.0009437950793653727,
      "p90": 0.0012628288008272647,
      "p95": 0.0014411734649911522,
      "p99": 0.0017742187110707161,
      "p99.9": 0.002053144447505479,
      "max": 0.002218036912381649
    },
    "send_duration": 33.70313891209662,
    "requested_rate": 46.0,
    "achieved_rate": 45.04031520503761
  },
  "successes": {
    "count": 892,
    "latency": {
      "request_latency": {
        "mean": 171.56802421009624,
        "min": 55.9994558962062,
        "p0.1": 56.41413588854903,
        "p1": 57.051076869405804,
        "p5": 62.61717862638179,
        "p10": 67.07701009241865,
        "p25": 117.48971085157245,
        "median": 179.90725264768116,
        "p75": 239.7015426879516,
        "p90": 283.2875302760396,
        "p95": 293.4231216940563,
        "p99": 298.6531771195587,
        "p99.9": 299.8993890962238,
        "max": 299.9846238507889
      },
      "normalized_time_per_output_token": {
        "mean": 0.17507724855733175,
        "min": 0.056451064411498185,
        "p0.1": 0.05646357026857019,
        "p1": 0.05783555466407087,
        "p5": 0.06292668651397279,
        "p10": 0.06765373053876257,
        "p25": 0.11818845239961026,
        "median": 0.18214878897145367,
        "p75": 0.24304798277242015,
        "p90": 0.28637220039235106,
        "p95": 0.2978301079317398,
        "p99": 0.3114171307679849,
        "p99.9": 0.36375399748679793,
        "max": 0.5709663791507198
      },
      "time_per_output_token": {
        "mean": 0.030580349946201662,
        "min": 0.027575942122094656,
        "p0.1": 0.02758677549115599,
        "p1": 0.027601937433518842,
        "p5": 0.027696602717680246,
        "p10": 0.02797980336328109,
        "p25": 0.028662593369065008,
        "median": 0.02976944126716551,
        "p75": 0.030597536675939185,
        "p90": 0.032465206667653346,
        "p95": 0.04076728561822421,
        "p99": 0.047190966213364965,
        "p99.9": 0.049690139852508274,
        "max": 0.05021507875376689
      },
      "time_to_first_token": {
        "mean": 110.35008578870661,
        "min": 0.3184810159727931,
        "p0.1": 0.3203756918003783,
        "p1": 0.8291719742165878,
        "p5": 3.832844006665984,
        "p10": 9.539031930128113,
        "p25": 58.43447806860786,
        "median": 120.84581849747337,
        "p75": 182.5477850228781,
        "p90": 201.59881550977008,
        "p95": 234.7166415886022,
        "p99": 239.91300801488572,
        "p99.9": 241.86941176892128,
        "max": 242.39621982816607
      },
      "inter_token_latency": {
        "mean": 0.030580452527995666,
        "min": 1.2298114597797394e-06,
        "p0.1": 1.7997808754444122e-06,
        "p1": 2.920161932706833e-06,
        "p5": 1.343991607427597e-05,
        "p10": 1.792004331946373e-05,
        "p25": 2.688029780983925e-05,
        "median": 5.195010453462601e-05,
        "p75": 0.034793677856214345,
        "p90": 0.037997776595875624,
        "p95": 0.04165679484140128,
        "p99": 0.6150303393695503,
        "p99.9": 0.6375592573303732,
        "max": 39.218105553183705
      }
    },
    "throughput": {
      "input_tokens_per_sec": 20047.337597985534,
      "output_tokens_per_sec": 2618.1513735815342,
      "total_tokens_per_sec": 22665.48897156707,
      "requests_per_sec": 2.665749344215298
    },
    "prompt_len": {
      "mean": 7520.338565022422,
      "min": 7458.0,
      "p0.1": 7458.0,
      "p1": 7471.0,
      "p5": 7481.0,
      "p10": 7490.0,
      "p25": 7504.0,
      "median": 7521.0,
      "p75": 7535.0,
      "p90": 7551.0,
      "p95": 7561.45,
      "p99": 7579.0,
      "p99.9": 7585.981000000002,
      "max": 7594.0
    },
    "output_len": {
      "mean": 982.1446188340807,
      "min": 507.0,
      "p0.1": 521.256,
      "p1": 856.91,
      "p5": 932.0,
      "p10": 956.0,
      "p25": 982.75,
      "median": 989.5,
      "p75": 998.0,
      "p90": 1001.0,
      "p95": 1001.0,
      "p99": 1001.0,
      "p99.9": 1007.2180000000003,
      "max": 1009.0
    }
  },
  "failures": {
    "count": 626,
    "request_latency": {
      "mean": 287.52486012317314,
      "min": 19.3500471659936,
      "p0.1": 19.352525303605944,
      "p1": 19.393182315398008,
      "p5": 300.0087708866922,
      "p10": 300.0897175720893,
      "p25": 300.2805274295388,
      "median": 300.54631283320487,
      "p75": 300.7606580806896,
      "p90": 300.9168674577959,
      "p95": 300.9529704429442,
      "p99": 300.9903133297339,
      "p99.9": 300.99835111229913,
      "max": 300.9993797740899
    },
    "prompt_len": {
      "mean": 0.0,
      "min": 0.0,
      "p0.1": 0.0,
      "p1": 0.0,
      "p5": 0.0,
      "p10": 0.0,
      "p25": 0.0,
      "median": 0.0,
      "p75": 0.0,
      "p90": 0.0,
      "p95": 0.0,
      "p99": 0.0,
      "p99.9": 0.0,
      "max": 0.0
    }
  }
}