{
  "load_summary": {
    "count": 60,
    "schedule_delay": {
      "mean": 0.0007986374820272128,
      "min": -0.0003434624522924423,
      "p0.1": -0.00033049521129578354,
      "p1": -0.0002137900423258543,
      "p5": -1.8222257494926453e-05,
      "p10": 7.336079142987731e-05,
      "p25": 0.0003871879307553172,
      "median": 0.0007239300757646561,
      "p75": 0.0012038534041494131,
      "p90": 0.0015484527219086885,
      "p95": 0.0017615318764001128,
      "p99": 0.001930304043926298,
      "p99.9": 0.002031351084355267,
      "max": 0.0020425785332918167
    },
    "send_duration": 19.821845557074994,
    "requested_rate": 3.0,
    "achieved_rate": 3.02696334845492
  },
  "successes": {
    "count": 60,
    "latency": {
      "request_latency": {
        "mean": 26.12489580028535,
        "min": 19.729221002198756,
        "p0.1": 19.748660610776394,
        "p1": 19.923617087975146,
        "p5": 21.304416967974976,
        "p10": 21.61401358321309,
        "p25": 23.30589583760593,
        "median": 25.866334966151044,
        "p75": 29.26254488399718,
        "p90": 31.145876880642028,
        "p95": 31.593497350695543,
        "p99": 31.865496424851006,
        "p99.9": 31.893260084873532,
        "max": 31.896344935987145
      },
      "normalized_time_per_output_token": {
        "mean": 0.026706506723863762,
        "min": 0.020343515104812554,
        "p0.1": 0.020353251912308162,
        "p1": 0.02044088317976864,
        "p5": 0.021288450585959275,
        "p10": 0.021769711306939193,
        "p25": 0.023990591881743798,
        "median": 0.025975026422881062,
        "p75": 0.029996908417663976,
        "p90": 0.03205802437351838,
        "p95": 0.03212953609292357,
        "p99": 0.033524856863158176,
        "p99.9": 0.03484541872056785,
        "max": 0.03499214781583557
      },
      "time_per_output_token": {
        "mean": 0.012741542745952673,
        "min": 0.009681647338358492,
        "p0.1": 0.009685891389897068,
        "p1": 0.009724087853744246,
        "p5": 0.010455474878153086,
        "p10": 0.010574762954324045,
        "p25": 0.011444751805949794,
        "median": 0.012491409109252831,
        "p75": 0.014272981229867006,
        "p90": 0.01526078930290333,
        "p95": 0.015523256866160365,
        "p99": 0.015577500121540454,
        "p99.9": 0.015604103853427123,
        "max": 0.015607059823636754
      },
      "time_to_first_token": {
        "mean": 0.5983547463625049,
        "min": 0.3079807832837105,
        "p0.1": 0.3080265631265938,
        "p1": 0.30843858171254396,
        "p5": 0.3108176558278501,
        "p10": 0.3171382191125304,
        "p25": 0.3272952660918236,
        "median": 0.515479720197618,
        "p75": 0.7459397548809648,
        "p90": 1.0166306188330054,
        "p95": 1.1971945660188794,
        "p99": 1.3323286596965038,
        "p99.9": 1.428383348717356,
        "max": 1.439056091941893
      },
      "inter_token_latency": {
        "mean": 0.012741542745952674,
        "min": 1.7900019884109497e-06,
        "p0.1": 2.889594528824091e-06,
        "p1": 1.2265890836715698e-05,
        "p5": 1.758011057972908e-05,
        "p10": 2.092961221933365e-05,
        "p25": 2.756994217634201e-05,
        "median": 7.482990622520447e-05,
        "p75": 0.02265978290233761,
        "p90": 0.02595965317450464,
        "p95": 0.026722065731883047,
        "p99": 0.03278850219678138,
        "p99.9": 0.5390590814924799,
        "max": 0.6235969252884388
      }
    },
    "throughput": {
      "input_tokens_per_sec": 10067.209079415812,
      "output_tokens_per_sec": 1310.9550125221942,
      "total_tokens_per_sec": 11378.164091938006,
      "requests_per_sec": 1.3385970414276758
    },
    "prompt_len": {
      "mean": 7520.716666666666,
      "min": 7471.0,
      "p0.1": 7471.118,
      "p1": 7472.18,
      "p5": 7485.95,
      "p10": 7490.8,
      "p25": 7507.5,
      "median": 7520.5,
      "p75": 7531.25,
      "p90": 7552.2,
      "p95": 7557.25,
      "p99": 7567.41,
      "p99.9": 7567.941,
      "max": 7568.0
    },
    "output_len": {
      "mean": 979.35,
      "min": 881.0,
      "p0.1": 881.0,
      "p1": 881.0,
      "p5": 890.95,
      "p10": 941.9,
      "p25": 981.0,
      "median": 990.5,
      "p75": 1000.0,
      "p90": 1001.0,
      "p95": 1001.0,
      "p99": 1001.0,
      "p99.9": 1001.0,
      "max": 1001.0
    }
  },
  "failures": {
    "count": 0,
    "request_latency": null,
    "prompt_len": null
  }
}