{
  "load_summary": {
    "count": 1485,
    "schedule_delay": {
      "mean": 0.0006372965759400166,
      "min": -0.0007900460623204708,
      "p0.1": -0.0007046454213559628,
      "p1": -0.0005177215114235878,
      "p5": -0.00019429381936788558,
      "p10": -3.85635532438755e-05,
      "p25": 0.00026705488562583923,
      "median": 0.000641233753412962,
      "p75": 0.0009812596254050732,
      "p90": 0.001298988051712513,
      "p95": 0.0014742862433195112,
      "p99": 0.0017839829623699198,
      "p99.9": 0.0020568719543516663,
      "max": 0.007206890732049942
    },
    "send_duration": 26.964257730171084,
    "requested_rate": 55.0,
    "achieved_rate": 55.07290483796225
  },
  "successes": {
    "count": 840,
    "latency": {
      "request_latency": {
        "mean": 167.286905411311,
        "min": 58.801007967907935,
        "p0.1": 58.943605311646124,
        "p1": 59.2268187257275,
        "p5": 63.01314298741054,
        "p10": 68.40044159344397,
        "p25": 114.17728654167149,
        "median": 176.96509850188158,
        "p75": 241.60937060276046,
        "p90": 255.30446672718972,
        "p95": 284.7834144842343,
        "p99": 297.59144233964383,
        "p99.9": 299.86206810860665,
        "max": 300.24948062514886
      },
      "normalized_time_per_output_token": {
        "mean": 0.16998513947718036,
        "min": 0.05901433078741485,
        "p0.1": 0.05904994900021832,
        "p1": 0.059870240267870474,
        "p5": 0.06382461476330965,
        "p10": 0.06960299193372145,
        "p25": 0.11590536441901186,
        "median": 0.1794706118274934,
        "p75": 0.24462003347575087,
        "p90": 0.26093919049764625,
        "p95": 0.2879240953329795,
        "p99": 0.30227857698582433,
        "p99.9": 0.3274121707614362,
        "max": 0.3304177994366926
      },
      "time_per_output_token": {
        "mean": 0.030707196641673276,
        "min": 0.02797707418437818,
        "p0.1": 0.027977837531759902,
        "p1": 0.027986149220631508,
        "p5": 0.028012038352780568,
        "p10": 0.028532248311538784,
        "p25": 0.028948153094933097,
        "median": 0.029576931046722255,
        "p75": 0.03047444273643,
        "p90": 0.0313396151552488,
        "p95": 0.042182129244392214,
        "p99": 0.04746414500452496,
        "p99.9": 0.050299376544620585,
        "max": 0.05048457080771079
      },
      "time_to_first_token": {
        "mean": 105.81144417710935,
        "min": 0.22861533192917705,
        "p0.1": 0.23656461369944737,
        "p1": 1.290168195925653,
        "p5": 3.95761770431418,
        "p10": 9.510302640916782,
        "p25": 23.66582615301013,
        "median": 120.40116344299167,
        "p75": 181.3669602702139,
        "p90": 195.0951169004664,
        "p95": 204.78613999809605,
        "p99": 239.09318273422775,
        "p99.9": 242.0670087676309,
        "max": 242.16134362202138
      },
      "inter_token_latency": {
        "mean": 0.030707196641673276,
        "min": 1.1604279279708862e-06,
        "p0.1": 1.6600824892520905e-06,
        "p1": 2.469867467880249e-06,
        "p5": 1.0380055755376816e-05,
        "p10": 1.6700010746717453e-05,
        "p25": 2.5810208171606064e-05,
        "median": 4.589976742863655e-05,
        "p75": 0.03434845991432667,
        "p90": 0.03808402223512531,
        "p95": 0.04348468580283218,
        "p99": 0.6150533747067675,
        "p99.9": 0.6482863890542654,
        "max": 38.97902414482087
      }
    },
    "throughput": {
      "input_tokens_per_sec": 19318.93578982318,
      "output_tokens_per_sec": 2529.4587358171398,
      "total_tokens_per_sec": 21848.39452564032,
      "requests_per_sec": 2.5689191691982893
    },
    "prompt_len": {
      "mean": 7520.258333333333,
      "min": 7458.0,
      "p0.1": 7458.839,
      "p1": 7471.0,
      "p5": 7481.0,
      "p10": 7490.0,
      "p25": 7504.0,
      "median": 7520.0,
      "p75": 7534.0,
      "p90": 7551.0,
      "p95": 7561.0,
      "p99": 7578.61,
      "p99.9": 7586.4490000000005,
      "max": 7594.0
    },
    "output_len": {
      "mean": 984.6392857142857,
      "min": 605.0,
      "p0.1": 786.2239999999999,
      "p1": 885.17,
      "p5": 934.85,
      "p10": 968.0,
      "p25": 983.0,
      "median": 990.0,
      "p75": 1000.0,
      "p90": 1001.0,
      "p95": 1001.0,
      "p99": 1002.0,
      "p99.9": 1018.9660000000003,
      "max": 1024.0
    }
  },
  "failures": {
    "count": 645,
    "request_latency": {
      "mean": 214.6514339829369,
      "min": 19.34082937799394,
      "p0.1": 19.342396616332234,
      "p1": 19.349611998740585,
      "p5": 19.38072516694665,
      "p10": 19.418891852442176,
      "p25": 19.552314773201942,
      "median": 300.2395136160776,
      "p75": 300.6361260060221,
      "p90": 300.8665946720168,
      "p95": 300.9403355078772,
      "p99": 300.99244462985547,
      "p99.9": 301.0003639446571,
      "max": 301.00110464775935
    },
    "prompt_len": {
      "mean": 0.0,
      "min": 0.0,
      "p0.1": 0.0,
      "p1": 0.0,
      "p5": 0.0,
      "p10": 0.0,
      "p25": 0.0,
      "median": 0.0,
      "p75": 0.0,
      "p90": 0.0,
      "p95": 0.0,
      "p99": 0.0,
      "p99.9": 0.0,
      "max": 0.0
    }
  }
}