{
  "load_summary": {
    "count": 760,
    "schedule_delay": {
      "mean": 0.0006156878306922552,
      "min": -0.0008101300336420536,
      "p0.1": -0.0007327287625521422,
      "p1": -0.000498298848979175,
      "p5": -0.000235746381804347,
      "p10": -4.7104945406317686e-05,
      "p25": 0.00024054257664829493,
      "median": 0.000597985228523612,
      "p75": 0.0009794379584491253,
      "p90": 0.0013000933919101953,
      "p95": 0.0015151095343753692,
      "p99": 0.001809959788806736,
      "p99.9": 0.0020888845338486255,
      "max": 0.0021800072863698006
    },
    "send_duration": 39.05861013615504,
    "requested_rate": 20.0,
    "achieved_rate": 19.457937631439105
  },
  "successes": {
    "count": 760,
    "latency": {
      "request_latency": {
        "mean": 128.82547766725827,
        "min": 58.44576547993347,
        "p0.1": 58.45784704375826,
        "p1": 60.38058864810969,
        "p5": 62.3406074141385,
        "p10": 64.80310850432143,
        "p25": 73.1086863419041,
        "median": 122.21889313333668,
        "p75": 170.35828302172013,
        "p90": 190.64032659046353,
        "p95": 194.43431427073665,
        "p99": 198.55186028440482,
        "p99.9": 200.2061289944831,
        "max": 200.6018094662577
      },
      "normalized_time_per_output_token": {
        "mean": 0.131228001610786,
        "min": 0.05891710229832003,
        "p0.1": 0.058977874527066654,
        "p1": 0.06065572739578653,
        "p5": 0.06335421020789016,
        "p10": 0.06599707500836985,
        "p25": 0.07385635128488321,
        "median": 0.12432281306224169,
        "p75": 0.1733567465471492,
        "p90": 0.19344252114807495,
        "p95": 0.198416172241268,
        "p99": 0.20487390004897085,
        "p99.9": 0.22044533753637244,
        "max": 0.22615762059330066
      },
      "time_per_output_token": {
        "mean": 0.02870783231666524,
        "min": 0.013676138046006302,
        "p0.1": 0.013729591164964139,
        "p1": 0.014100015140894888,
        "p5": 0.015782233609106747,
        "p10": 0.017727887316205275,
        "p25": 0.02836316429764621,
        "median": 0.02933602441806925,
        "p75": 0.030271538523438182,
        "p90": 0.03130926754575098,
        "p95": 0.037577905312102755,
        "p99": 0.04729390915280541,
        "p99.9": 0.05043771018401662,
        "max": 0.05090590789848971
      },
      "time_to_first_token": {
        "mean": 71.35055779347404,
        "min": 0.31130475364625454,
        "p0.1": 0.3122740805456415,
        "p1": 0.4756086251325905,
        "p5": 2.7067616342334078,
        "p10": 5.400335004134104,
        "p25": 11.753638362744823,
        "median": 62.681081615621224,
        "p75": 113.7429657994071,
        "p90": 158.89671533280054,
        "p95": 160.78624444226733,
        "p99": 164.1406356453104,
        "p99.9": 165.43335768617737,
        "max": 165.5869815731421
      },
      "inter_token_latency": {
        "mean": 0.02870783231666524,
        "min": 1.3397075235843658e-06,
        "p0.1": 2.7902424335479736e-06,
        "p1": 1.1679716408252716e-05,
        "p5": 1.6499776393175125e-05,
        "p10": 1.985020935535431e-05,
        "p25": 2.7350150048732758e-05,
        "median": 8.773547597229481e-05,
        "p75": 0.03638397715985775,
        "p90": 0.03843125803396106,
        "p95": 0.04078599042259157,
        "p99": 0.6142750029498704,
        "p99.9": 0.6366271219975315,
        "max": 40.83682294283062
      }
    },
    "throughput": {
      "input_tokens_per_sec": 24499.38707100934,
      "output_tokens_per_sec": 3201.751358452604,
      "total_tokens_per_sec": 27701.138429461942,
      "requests_per_sec": 3.2576675066422736
    },
    "prompt_len": {
      "mean": 7520.530263157894,
      "min": 7458.0,
      "p0.1": 7458.759,
      "p1": 7471.0,
      "p5": 7481.0,
      "p10": 7489.9,
      "p25": 7505.0,
      "median": 7521.0,
      "p75": 7535.0,
      "p90": 7551.0,
      "p95": 7561.0,
      "p99": 7579.0,
      "p99.9": 7587.169000000001,
      "max": 7594.0
    },
    "output_len": {
      "mean": 982.8355263157895,
      "min": 755.0,
      "p0.1": 807.371,
      "p1": 872.95,
      "p5": 929.0,
      "p10": 956.0,
      "p25": 982.75,
      "median": 989.0,
      "p75": 998.0,
      "p90": 1001.0,
      "p95": 1001.0,
      "p99": 1002.0,
      "p99.9": 1005.4820000000002,
      "max": 1007.0
    }
  },
  "failures": {
    "count": 0,
    "request_latency": null,
    "prompt_len": null
  }
}