{
  "load_summary": {
    "count": 1482,
    "schedule_delay": {
      "mean": 0.0006433882359063376,
      "min": -0.0008863718248903751,
      "p0.1": -0.0008533224808052182,
      "p1": -0.0006502555729821324,
      "p5": -0.00022311131469905378,
      "p10": -2.3232307285070426e-05,
      "p25": 0.0002596556441858411,
      "median": 0.0006436798721551895,
      "p75": 0.001012096181511879,
      "p90": 0.0013334835413843396,
      "p95": 0.0015194918727502228,
      "p99": 0.0018501127976924194,
      "p99.9": 0.0022041876851581106,
      "max": 0.006782371550798416
    },
    "send_duration": 25.774459300097078,
    "requested_rate": 57.0,
    "achieved_rate": 57.49878136122212
  },
  "successes": {
    "count": 813,
    "latency": {
      "request_latency": {
        "mean": 162.96290596506844,
        "min": 59.46498686634004,
        "p0.1": 59.4696214047689,
        "p1": 60.1119558138214,
        "p5": 63.54276646152139,
        "p10": 68.028200000152,
        "p25": 108.50131238624454,
        "median": 178.60365578485653,
        "p75": 236.0896176402457,
        "p90": 251.80661893095822,
        "p95": 258.4741430823691,
        "p99": 298.54708348399026,
        "p99.9": 299.72520214274533,
        "max": 300.1460584551096
      },
      "normalized_time_per_output_token": {
        "mean": 0.16636941660798488,
        "min": 0.05941128314283865,
        "p0.1": 0.05953707736943619,
        "p1": 0.060722705970026346,
        "p5": 0.06391685103091135,
        "p10": 0.06916108349707087,
        "p25": 0.10940687864316598,
        "median": 0.180035353634007,
        "p75": 0.23724526948538366,
        "p90": 0.25540632204364655,
        "p95": 0.26453206609866187,
        "p99": 0.30334542947307486,
        "p99.9": 0.3832307711274921,
        "max": 0.5830397299987453
      },
      "time_per_output_token": {
        "mean": 0.03043889117916735,
        "min": 0.02811650848639817,
        "p0.1": 0.02811706989031864,
        "p1": 0.028123532014218036,
        "p5": 0.028133621794180476,
        "p10": 0.02829780954726111,
        "p25": 0.028798607474277683,
        "median": 0.02977185240266719,
        "p75": 0.030484662463619507,
        "p90": 0.031058860257145098,
        "p95": 0.039548647751392184,
        "p99": 0.04591883425308072,
        "p99.9": 0.04814389381201279,
        "max": 0.04822917948865603
      },
      "time_to_first_token": {
        "mean": 102.0243567996332,
        "min": 0.30968253687024117,
        "p0.1": 0.6427205514553934,
        "p1": 1.746447053719312,
        "p5": 4.68226887723431,
        "p10": 8.942360218148679,
        "p25": 23.22980238404125,
        "median": 99.64934612996876,
        "p75": 143.85128026921302,
        "p90": 193.34530183700846,
        "p95": 198.08528916696085,
        "p99": 236.7971674144268,
        "p99.9": 239.10430091073556,
        "max": 239.540177767165
      },
      "inter_token_latency": {
        "mean": 0.030438891179167354,
        "min": 1.1799857020378113e-06,
        "p0.1": 1.809094101190567e-06,
        "p1": 2.7101486921310425e-06,
        "p5": 1.1969823390245438e-05,
        "p10": 1.7249956727027893e-05,
        "p25": 2.6159919798374176e-05,
        "median": 4.753097891807556e-05,
        "p75": 0.03422441799193621,
        "p90": 0.03788754707202315,
        "p95": 0.04308428606018424,
        "p99": 0.6148931320756673,
        "p99.9": 0.645344794958832,
        "max": 36.07917928509414
      }
    },
    "throughput": {
      "input_tokens_per_sec": 18730.805392412796,
      "output_tokens_per_sec": 2446.3864852311626,
      "total_tokens_per_sec": 21177.19187764396,
      "requests_per_sec": 2.490704481578662
    },
    "prompt_len": {
      "mean": 7520.284132841329,
      "min": 7458.0,
      "p0.1": 7458.812,
      "p1": 7471.0,
      "p5": 7481.0,
      "p10": 7489.2,
      "p25": 7504.0,
      "median": 7521.0,
      "p75": 7534.0,
      "p90": 7550.8,
      "p95": 7561.0,
      "p99": 7578.88,
      "p99.9": 7586.692000000001,
      "max": 7594.0
    },
    "output_len": {
      "mean": 982.2066420664206,
      "min": 512.0,
      "p0.1": 694.7,
      "p1": 857.84,
      "p5": 926.0,
      "p10": 954.0,
      "p25": 983.0,
      "median": 989.0,
      "p75": 998.0,
      "p90": 1001.0,
      "p95": 1001.0,
      "p99": 1002.0,
      "p99.9": 1009.5640000000003,
      "max": 1012.0
    }
  },
  "failures": {
    "count": 669,
    "request_latency": {
      "mean": 285.37865151054336,
      "min": 19.349843258038163,
      "p0.1": 19.35291902999021,
      "p1": 19.404566616732627,
      "p5": 19.59213311308995,
      "p10": 300.0509071011096,
      "p25": 300.2084771110676,
      "median": 300.4593499288894,
      "p75": 300.7428712602705,
      "p90": 300.9051461018622,
      "p95": 300.94777714144436,
      "p99": 300.9910640575178,
      "p99.9": 300.99877729985303,
      "max": 301.00065088039264
    },
    "prompt_len": {
      "mean": 0.0,
      "min": 0.0,
      "p0.1": 0.0,
      "p1": 0.0,
      "p5": 0.0,
      "p10": 0.0,
      "p25": 0.0,
      "median": 0.0,
      "p75": 0.0,
      "p90": 0.0,
      "p95": 0.0,
      "p99": 0.0,
      "p99.9": 0.0,
      "max": 0.0
    }
  }
}