{
  "load_summary": {
    "count": 1508,
    "schedule_delay": {
      "mean": 0.000613342523167221,
      "min": -0.0007665115408599377,
      "p0.1": -0.0007151159029453993,
      "p1": -0.000514961164444685,
      "p5": -0.0002268002368509769,
      "p10": -5.196388810873028e-05,
      "p25": 0.00024396879598498344,
      "median": 0.0005986732430756092,
      "p75": 0.0009495066478848457,
      "p90": 0.0013233499135822057,
      "p95": 0.0015180882764980193,
      "p99": 0.0017892572097480308,
      "p99.9": 0.0021036064974032367,
      "max": 0.006041772197932005
    },
    "send_duration": 29.59205668186769,
    "requested_rate": 52.0,
    "achieved_rate": 50.95962123254568
  },
  "successes": {
    "count": 860,
    "latency": {
      "request_latency": {
        "mean": 168.03473360904027,
        "min": 58.897532464936376,
        "p0.1": 59.52014147615247,
        "p1": 61.43875052351505,
        "p5": 64.0567272342043,
        "p10": 69.33831554260105,
        "p25": 116.20087933482137,
        "median": 178.78895176225342,
        "p75": 238.13475716661196,
        "p90": 255.40987974689344,
        "p95": 289.5709938584361,
        "p99": 298.59265687312467,
        "p99.9": 299.82317472668643,
        "max": 299.8307834910229
      },
      "normalized_time_per_output_token": {
        "mean": 0.17114835335029405,
        "min": 0.05883869377116521,
        "p0.1": 0.06030949421303618,
        "p1": 0.062285918999500346,
        "p5": 0.06553999169231983,
        "p10": 0.07007067403406905,
        "p25": 0.11749427944972543,
        "median": 0.1813329578499001,
        "p75": 0.24089074760803894,
        "p90": 0.2632560946822561,
        "p95": 0.29308353030024314,
        "p99": 0.30354069553245205,
        "p99.9": 0.3157717060921142,
        "max": 0.32079153887644996
      },
      "time_per_output_token": {
        "mean": 0.030457439987048838,
        "min": 0.027551494767309455,
        "p0.1": 0.027562512251301324,
        "p1": 0.027571770733835335,
        "p5": 0.027820222010416656,
        "p10": 0.027852409467569318,
        "p25": 0.028840172028498093,
        "median": 0.02927187055922758,
        "p75": 0.030219940944453298,
        "p90": 0.032299248938346806,
        "p95": 0.0401339797466795,
        "p99": 0.047523312623768965,
        "p99.9": 0.04992688655245773,
        "max": 0.05015603170056698
      },
      "time_to_first_token": {
        "mean": 107.0588279222187,
        "min": 0.5241866698488593,
        "p0.1": 0.7146526649398729,
        "p1": 1.7042642672453074,
        "p5": 4.726920546824113,
        "p10": 9.462709453422576,
        "p25": 24.108997932751663,
        "median": 121.32606026018038,
        "p75": 181.1437790679047,
        "p90": 195.83460785895588,
        "p95": 231.16129809936973,
        "p99": 240.81356752124614,
        "p99.9": 242.94330958298826,
        "max": 242.94964131480083
      },
      "inter_token_latency": {
        "mean": 0.030457439987048834,
        "min": 1.1897645890712738e-06,
        "p0.1": 1.669861376285553e-06,
        "p1": 2.430286258459091e-06,
        "p5": 9.949784725904465e-06,
        "p10": 1.659989356994629e-05,
        "p25": 2.6139896363019943e-05,
        "median": 4.6280212700366974e-05,
        "p75": 0.0341777577996254,
        "p90": 0.03812222694978118,
        "p95": 0.04275439886841904,
        "p99": 0.6142188812047242,
        "p99.9": 0.640216875716113,
        "max": 41.673164582811296
      }
    },
    "throughput": {
      "input_tokens_per_sec": 19567.53304047368,
      "output_tokens_per_sec": 2558.0899771196036,
      "total_tokens_per_sec": 22125.623017593283,
      "requests_per_sec": 2.6019971665155026
    },
    "prompt_len": {
      "mean": 7520.197674418605,
      "min": 7458.0,
      "p0.1": 7458.859,
      "p1": 7471.0,
      "p5": 7481.0,
      "p10": 7490.0,
      "p25": 7504.0,
      "median": 7520.0,
      "p75": 7534.0,
      "p90": 7550.0,
      "p95": 7561.0,
      "p99": 7578.41,
      "p99.9": 7586.269,
      "max": 7594.0
    },
    "output_len": {
      "mean": 983.1255813953488,
      "min": 674.0,
      "p0.1": 769.349,
      "p1": 876.18,
      "p5": 926.0,
      "p10": 959.0,
      "p25": 981.0,
      "median": 990.0,
      "p75": 998.0,
      "p90": 1001.0,
      "p95": 1001.0,
      "p99": 1002.0,
      "p99.9": 1058.8460000000005,
      "max": 1064.0
    }
  },
  "failures": {
    "count": 648,
    "request_latency": {
      "mean": 300.06548058349256,
      "min": 19.517814626917243,
      "p0.1": 200.9926159648886,
      "p1": 300.0105923756538,
      "p5": 300.055648730346,
      "p10": 300.1182730898261,
      "p25": 300.2688280296279,
      "median": 300.50925960415043,
      "p75": 300.72757197218016,
      "p90": 300.88911625617186,
      "p95": 300.9365686860168,
      "p99": 300.97745011742694,
      "p99.9": 300.99991401737,
      "max": 301.00031172158197
    },
    "prompt_len": {
      "mean": 0.0,
      "min": 0.0,
      "p0.1": 0.0,
      "p1": 0.0,
      "p5": 0.0,
      "p10": 0.0,
      "p25": 0.0,
      "median": 0.0,
      "p75": 0.0,
      "p90": 0.0,
      "p95": 0.0,
      "p99": 0.0,
      "p99.9": 0.0,
      "max": 0.0
    }
  }
}