{
  "load_summary": {
    "count": 1470,
    "schedule_delay": {
      "mean": 0.0006076280604160967,
      "min": -0.0009537334553897381,
      "p0.1": -0.0008598950435407459,
      "p1": -0.0006066224770620466,
      "p5": -0.00025488859973847865,
      "p10": -9.427466429769991e-05,
      "p25": 0.0002234926214441657,
      "median": 0.0006156452000141144,
      "p75": 0.0009542306652292609,
      "p90": 0.0013430814258754253,
      "p95": 0.001517436048015952,
      "p99": 0.001880596261471509,
      "p99.9": 0.002132947030477231,
      "max": 0.0028870604000985622
    },
    "send_duration": 30.27216437412426,
    "requested_rate": 49.0,
    "achieved_rate": 48.55946148523533
  },
  "successes": {
    "count": 879,
    "latency": {
      "request_latency": {
        "mean": 168.91578803061844,
        "min": 56.12749079242349,
        "p0.1": 56.564225026973524,
        "p1": 59.19521289275959,
        "p5": 63.374389610020444,
        "p10": 67.63103859331459,
        "p25": 115.2223045041319,
        "median": 179.11143934726715,
        "p75": 242.11769834230654,
        "p90": 259.6870779690333,
        "p95": 292.8531566302292,
        "p99": 298.79167308590377,
        "p99.9": 299.703016445267,
        "max": 299.79817600082606
      },
      "normalized_time_per_output_token": {
        "mean": 0.17223073697175428,
        "min": 0.05640953848484773,
        "p0.1": 0.05747794496101654,
        "p1": 0.05927868489441418,
        "p5": 0.06447166725707289,
        "p10": 0.06867259810325702,
        "p25": 0.11816089761378537,
        "median": 0.1807004995020692,
        "p75": 0.2450648746253091,
        "p90": 0.2662999672698091,
        "p95": 0.29681562953921964,
        "p99": 0.30552357017199777,
        "p99.9": 0.32669403483157233,
        "max": 0.34262314032526414
      },
      "time_per_output_token": {
        "mean": 0.030908458506498277,
        "min": 0.026308021101605395,
        "p0.1": 0.027570437088053953,
        "p1": 0.02791282431399361,
        "p5": 0.027937396320219764,
        "p10": 0.028007606713791034,
        "p25": 0.02938199614668949,
        "median": 0.029868726598574542,
        "p75": 0.030836661448301945,
        "p90": 0.03233406519794702,
        "p95": 0.04152817767779474,
        "p99": 0.0471255706265282,
        "p99.9": 0.04922567155137279,
        "max": 0.04955949496709626
      },
      "time_to_first_token": {
        "mean": 107.03750937747736,
        "min": 0.31502121733501554,
        "p0.1": 0.32472993806283923,
        "p1": 1.4204165404476226,
        "p5": 4.7675309211947035,
        "p10": 8.479668546374889,
        "p25": 21.271011201664805,
        "median": 120.56066896161065,
        "p75": 180.82198080141097,
        "p90": 193.27413610350342,
        "p95": 234.8688326674979,
        "p99": 241.37610329388642,
        "p99.9": 242.4419722055011,
        "max": 242.9574184580706
      },
      "inter_token_latency": {
        "mean": 0.030908458506498277,
        "min": 1.0998919606208801e-06,
        "p0.1": 1.4100223779678345e-06,
        "p1": 2.149958163499832e-06,
        "p5": 6.970018148422241e-06,
        "p10": 1.529976725578308e-05,
        "p25": 2.5449786335229874e-05,
        "median": 4.374980926513672e-05,
        "p75": 0.03546499810181558,
        "p90": 0.0385380263440311,
        "p95": 0.04537084512412545,
        "p99": 0.6169034410174936,
        "p99.9": 0.6382503655506315,
        "max": 37.339371708221734
      }
    },
    "throughput": {
      "input_tokens_per_sec": 19963.687089464842,
      "output_tokens_per_sec": 2605.6695827743965,
      "total_tokens_per_sec": 22569.356672239235,
      "requests_per_sec": 2.6546215285726142
    },
    "prompt_len": {
      "mean": 7520.351535836177,
      "min": 7458.0,
      "p0.1": 7458.0,
      "p1": 7471.0,
      "p5": 7481.0,
      "p10": 7489.0,
      "p25": 7504.0,
      "median": 7521.0,
      "p75": 7535.0,
      "p90": 7551.0,
      "p95": 7561.1,
      "p99": 7579.0,
      "p99.9": 7586.098000000001,
      "max": 7594.0
    },
    "output_len": {
      "mean": 981.5597269624574,
      "min": 685.0,
      "p0.1": 727.144,
      "p1": 851.78,
      "p5": 916.8,
      "p10": 952.2,
      "p25": 981.0,
      "median": 989.0,
      "p75": 998.0,
      "p90": 1001.0,
      "p95": 1001.0,
      "p99": 1002.0,
      "p99.9": 1026.3420000000008,
      "max": 1036.0
    }
  },
  "failures": {
    "count": 591,
    "request_latency": {
      "mean": 221.37303214856658,
      "min": 19.341451473068446,
      "p0.1": 19.344828325798733,
      "p1": 19.359865394001826,
      "p5": 19.42277179658413,
      "p10": 19.46779481275007,
      "p25": 78.25952579802833,
      "median": 300.2772921626456,
      "p75": 300.6670382283628,
      "p90": 300.8948731357232,
      "p95": 300.93765940261073,
      "p99": 300.9879291533027,
      "p99.9": 300.99689643735064,
      "max": 300.996898018755
    },
    "prompt_len": {
      "mean": 0.0,
      "min": 0.0,
      "p0.1": 0.0,
      "p1": 0.0,
      "p5": 0.0,
      "p10": 0.0,
      "p25": 0.0,
      "median": 0.0,
      "p75": 0.0,
      "p90": 0.0,
      "p95": 0.0,
      "p99": 0.0,
      "p99.9": 0.0,
      "max": 0.0
    }
  }
}