{
  "load_summary": {
    "count": 750,
    "schedule_delay": {
      "mean": 0.0006427276314546665,
      "min": -0.000944655854254961,
      "p0.1": -0.0006929393648169935,
      "p1": -0.0004832934821024537,
      "p5": -0.00023838861379772423,
      "p10": -6.833267398178573e-05,
      "p25": 0.00024778617080301046,
      "median": 0.0006451539229601622,
      "p75": 0.0010141219245269895,
      "p90": 0.0013272815849632025,
      "p95": 0.0015019053593277928,
      "p99": 0.0018168088095262647,
      "p99.9": 0.002000272142700852,
      "max": 0.002008021343499422
    },
    "send_duration": 24.4570438019,
    "requested_rate": 30.0,
    "achieved_rate": 30.666012052598713
  },
  "successes": {
    "count": 750,
    "latency": {
      "request_latency": {
        "mean": 139.7502222094871,
        "min": 59.01669665006921,
        "p0.1": 59.16677433722839,
        "p1": 59.4291816667188,
        "p5": 63.852862462238406,
        "p10": 66.59600435257889,
        "p25": 77.03203282994218,
        "median": 133.3349125131499,
        "p75": 185.97423225268722,
        "p90": 209.91986317974516,
        "p95": 212.24017157338093,
        "p99": 214.6032786751818,
        "p99.9": 214.9620920060291,
        "max": 215.02463653497398
      },
      "normalized_time_per_output_token": {
        "mean": 0.14222140986603207,
        "min": 0.05959669269069131,
        "p0.1": 0.05972909873820629,
        "p1": 0.06070949652809081,
        "p5": 0.06485845569205848,
        "p10": 0.0676161570675578,
        "p25": 0.07840889850889698,
        "median": 0.1350574593543284,
        "p75": 0.18828180035790065,
        "p90": 0.21303909384374495,
        "p95": 0.2157972979719576,
        "p99": 0.22339144985929146,
        "p99.9": 0.23340860535469052,
        "max": 0.23824783370722658
      },
      "time_per_output_token": {
        "mean": 0.028517780523471672,
        "min": 0.013560967400264199,
        "p0.1": 0.013764604782214624,
        "p1": 0.014503869256667927,
        "p5": 0.016274554675295094,
        "p10": 0.018633656961348156,
        "p25": 0.02832053002007985,
        "median": 0.029069003508263816,
        "p75": 0.030522789026767402,
        "p90": 0.03129437128051665,
        "p95": 0.03807640105438442,
        "p99": 0.04706327197567114,
        "p99.9": 0.050674455375342806,
        "max": 0.05180100329487451
      },
      "time_to_first_token": {
        "mean": 82.65559407393138,
        "min": 0.7124033439904451,
        "p0.1": 0.7305110993944108,
        "p1": 1.3482802950544284,
        "p5": 3.739698236831464,
        "p10": 6.938841049047187,
        "p25": 15.471344397985376,
        "median": 72.0147835991811,
        "p75": 128.09484287234955,
        "p90": 174.28681155163795,
        "p95": 177.3536601005122,
        "p99": 181.49008438934572,
        "p99.9": 182.96313327294868,
        "max": 182.98014921834692
      },
      "inter_token_latency": {
        "mean": 0.028517780523471672,
        "min": 1.3099052011966705e-06,
        "p0.1": 2.469867467880249e-06,
        "p1": 1.0610092431306839e-05,
        "p5": 1.5689991414546967e-05,
        "p10": 1.9129831343889236e-05,
        "p25": 2.7029775083065033e-05,
        "median": 7.375120185315609e-05,
        "p75": 0.035234117647632957,
        "p90": 0.0380391878541559,
        "p95": 0.04028603252954781,
        "p99": 0.6124633282097056,
        "p99.9": 0.6326769664380705,
        "max": 40.91889592213556
      }
    },
    "throughput": {
      "input_tokens_per_sec": 23866.741352353514,
      "output_tokens_per_sec": 3121.012786085192,
      "total_tokens_per_sec": 26987.754138438708,
      "requests_per_sec": 3.1735240303744545
    },
    "prompt_len": {
      "mean": 7520.58,
      "min": 7458.0,
      "p0.1": 7458.749,
      "p1": 7471.0,
      "p5": 7481.0,
      "p10": 7489.9,
      "p25": 7505.0,
      "median": 7521.0,
      "p75": 7535.0,
      "p90": 7551.0,
      "p95": 7561.0,
      "p99": 7579.0,
      "p99.9": 7587.259000000001,
      "max": 7594.0
    },
    "output_len": {
      "mean": 983.4533333333334,
      "min": 800.0,
      "p0.1": 835.203,
      "p1": 876.47,
      "p5": 938.0,
      "p10": 963.0,
      "p25": 982.0,
      "median": 989.0,
      "p75": 995.0,
      "p90": 1001.0,
      "p95": 1001.0,
      "p99": 1001.51,
      "p99.9": 1019.7890000000035,
      "max": 1049.0
    }
  },
  "failures": {
    "count": 0,
    "request_latency": null,
    "prompt_len": null
  }
}