{
  "load_summary": {
    "count": 200,
    "schedule_delay": {
      "mean": 0.0006815943564288319,
      "min": -0.0007758801802992821,
      "p0.1": -0.0007608985863626003,
      "p1": -0.0005829736730083823,
      "p5": -0.00022052873391658064,
      "p10": -3.965464420616625e-05,
      "p25": 0.0003051982494071126,
      "median": 0.0006816703826189041,
      "p75": 0.001086412463337183,
      "p90": 0.0013385386206209659,
      "p95": 0.0014796213246881958,
      "p99": 0.0018865017546340812,
      "p99.9": 0.0020193334287032486,
      "max": 0.0020221243612468243
    },
    "send_duration": 20.95347886485979,
    "requested_rate": 10.0,
    "achieved_rate": 9.544954386329218
  },
  "successes": {
    "count": 200,
    "latency": {
      "request_latency": {
        "mean": 40.30125612200936,
        "min": 31.317617561202496,
        "p0.1": 31.3692074152329,
        "p1": 31.706798606580122,
        "p5": 34.26485747196712,
        "p10": 35.39492550538853,
        "p25": 38.43993154866621,
        "median": 40.75038036075421,
        "p75": 42.601655990234576,
        "p90": 44.69293994209729,
        "p95": 45.2922015031334,
        "p99": 45.96209707614966,
        "p99.9": 46.02339251642022,
        "max": 46.03627383103594
      },
      "normalized_time_per_output_token": {
        "mean": 0.04111653799517379,
        "min": 0.0318958212715583,
        "p0.1": 0.031928647991486044,
        "p1": 0.03226602292171876,
        "p5": 0.03475257641275415,
        "p10": 0.03594165469271379,
        "p25": 0.03911439222806193,
        "median": 0.04126943569611112,
        "p75": 0.043750813664807736,
        "p90": 0.04537581292941267,
        "p95": 0.04607835050860158,
        "p99": 0.04838216388447804,
        "p99.9": 0.05931230190827825,
        "max": 0.06202299209426882
      },
      "time_per_output_token": {
        "mean": 0.019470434550558732,
        "min": 0.01512451514858624,
        "p0.1": 0.0151245205656226,
        "p1": 0.015124835906594969,
        "p5": 0.015555062990410831,
        "p10": 0.01623631796205248,
        "p25": 0.01767163868187864,
        "median": 0.020105872924245524,
        "p75": 0.02093947886600802,
        "p90": 0.022056001017469615,
        "p95": 0.022264983483019102,
        "p99": 0.022800855427493584,
        "p99.9": 0.022826722807387522,
        "max": 0.022831786597061015
      },
      "time_to_first_token": {
        "mean": 1.31083597157849,
        "min": 0.21639741072431207,
        "p0.1": 0.21656075997138396,
        "p1": 0.21734686215408147,
        "p5": 0.22607855121605097,
        "p10": 0.23202430605888366,
        "p25": 0.25178121286444366,
        "median": 0.8180675494950265,
        "p75": 2.178383312886581,
        "p90": 3.0210202939342707,
        "p95": 3.4804017461137837,
        "p99": 4.000951933115716,
        "p99.9": 4.739091116470289,
        "max": 4.789192924275994
      },
      "inter_token_latency": {
        "mean": 0.019470434550558732,
        "min": 1.6400590538978577e-06,
        "p0.1": 2.770218998193741e-06,
        "p1": 1.1110212653875351e-05,
        "p5": 1.5949830412864685e-05,
        "p10": 1.927977427840233e-05,
        "p25": 2.6709865778684616e-05,
        "median": 7.88301695138216e-05,
        "p75": 0.03103902004659176,
        "p90": 0.034839053079485906,
        "p95": 0.036984835844486946,
        "p99": 0.0837814053474001,
        "p99.9": 0.6195623841462669,
        "max": 0.8412451967597008
      }
    },
    "throughput": {
      "input_tokens_per_sec": 26966.643366148935,
      "output_tokens_per_sec": 3519.711427771456,
      "total_tokens_per_sec": 30486.35479392039,
      "requests_per_sec": 3.5860899527977423
    },
    "prompt_len": {
      "mean": 7519.79,
      "min": 7458.0,
      "p0.1": 7460.587,
      "p1": 7472.98,
      "p5": 7480.95,
      "p10": 7491.0,
      "p25": 7503.0,
      "median": 7520.0,
      "p75": 7534.0,
      "p90": 7551.1,
      "p95": 7563.15,
      "p99": 7574.05,
      "p99.9": 7583.8060000000005,
      "max": 7585.0
    },
    "output_len": {
      "mean": 981.49,
      "min": 614.0,
      "p0.1": 659.969,
      "p1": 865.79,
      "p5": 923.85,
      "p10": 958.7,
      "p25": 981.75,
      "median": 990.0,
      "p75": 998.25,
      "p90": 1001.0,
      "p95": 1001.0,
      "p99": 1001.01,
      "p99.9": 1004.403,
      "max": 1005.0
    }
  },
  "failures": {
    "count": 0,
    "request_latency": null,
    "prompt_len": null
  }
}