{
  "load_summary": {
    "count": 1548,
    "schedule_delay": {
      "mean": 0.000594357060489921,
      "min": -0.000916527584195137,
      "p0.1": -0.0007731250603683293,
      "p1": -0.0006035782303661107,
      "p5": -0.00027604028582572926,
      "p10": -0.00011910540051758285,
      "p25": 0.00022524327505379915,
      "median": 0.0005997694097459316,
      "p75": 0.0009667344857007265,
      "p90": 0.0012574550230056046,
      "p95": 0.0014581652823835607,
      "p99": 0.001729246126487851,
      "p99.9": 0.0020781804290600334,
      "max": 0.00224624527618289
    },
    "send_duration": 35.89412752492353,
    "requested_rate": 43.0,
    "achieved_rate": 43.12683178954906
  },
  "successes": {
    "count": 914,
    "latency": {
      "request_latency": {
        "mean": 172.9980617237142,
        "min": 57.20605345303193,
        "p0.1": 57.356066663309,
        "p1": 59.02022406204138,
        "p5": 61.957211200869644,
        "p10": 65.82171652908437,
        "p25": 118.99381875048857,
        "median": 180.3607605684083,
        "p75": 241.15023206709884,
        "p90": 287.8416810751427,
        "p95": 295.32384257703086,
        "p99": 299.2869498903118,
        "p99.9": 300.02913768093475,
        "max": 300.20008659595624
      },
      "normalized_time_per_output_token": {
        "mean": 0.17587497816228895,
        "min": 0.05800845445895566,
        "p0.1": 0.0583417628875395,
        "p1": 0.06004794177162432,
        "p5": 0.06276916106921347,
        "p10": 0.06678184351547768,
        "p25": 0.12073513938902926,
        "median": 0.18319962180545638,
        "p75": 0.24358246907292647,
        "p90": 0.29079165756284536,
        "p95": 0.29838052946662785,
        "p99": 0.305623332641501,
        "p99.9": 0.33978493733582005,
        "max": 0.36911792753050976
      },
      "time_per_output_token": {
        "mean": 0.030441258108003286,
        "min": 0.028067738943868714,
        "p0.1": 0.028076258186810834,
        "p1": 0.028088029110106057,
        "p5": 0.028103660245326862,
        "p10": 0.028176118399941365,
        "p25": 0.028393753669757597,
        "median": 0.029268026989798572,
        "p75": 0.030467480873579214,
        "p90": 0.03206909558377873,
        "p95": 0.04036531705737752,
        "p99": 0.047101146886774484,
        "p99.9": 0.04884272354314378,
        "max": 0.049787103135868545
      },
      "time_to_first_token": {
        "mean": 112.05892878036113,
        "min": 0.3133677961304784,
        "p0.1": 0.3151853134366684,
        "p1": 1.3948317857645451,
        "p5": 4.672576104686596,
        "p10": 8.785478798067198,
        "p25": 59.443578777019866,
        "median": 120.74030548217706,
        "p75": 182.0151653403882,
        "p90": 229.82746234075165,
        "p95": 237.4227086776169,
        "p99": 242.22602367725224,
        "p99.9": 243.48579706283567,
        "max": 243.6109577859752
      },
      "inter_token_latency": {
        "mean": 0.030441289170156025,
        "min": 1.2498348951339722e-06,
        "p0.1": 2.53971666097641e-06,
        "p1": 1.1209864169359207e-05,
        "p5": 1.646997407078743e-05,
        "p10": 1.998012885451317e-05,
        "p25": 2.7959700673818588e-05,
        "median": 7.754494436085224e-05,
        "p75": 0.03531201067380607,
        "p90": 0.038023417070508006,
        "p95": 0.04046049490571019,
        "p99": 0.6152511196676641,
        "p99.9": 0.6343444047505041,
        "max": 39.25276615889743
      }
    },
    "throughput": {
      "input_tokens_per_sec": 20450.289586225495,
      "output_tokens_per_sec": 2676.5659619628527,
      "total_tokens_per_sec": 23126.85554818835,
      "requests_per_sec": 2.719346579541882
    },
    "prompt_len": {
      "mean": 7520.2954048140045,
      "min": 7458.0,
      "p0.1": 7458.0,
      "p1": 7471.0,
      "p5": 7481.0,
      "p10": 7489.3,
      "p25": 7504.25,
      "median": 7520.0,
      "p75": 7535.0,
      "p90": 7550.0,
      "p95": 7561.35,
      "p99": 7579.0,
      "p99.9": 7585.783000000001,
      "max": 7594.0
    },
    "output_len": {
      "mean": 984.2680525164113,
      "min": 684.0,
      "p0.1": 795.386,
      "p1": 875.39,
      "p5": 936.0,
      "p10": 965.0,
      "p25": 983.0,
      "median": 989.0,
      "p75": 998.0,
      "p90": 1001.0,
      "p95": 1001.0,
      "p99": 1002.0,
      "p99.9": 1020.5660000000018,
      "max": 1037.0
    }
  },
  "failures": {
    "count": 634,
    "request_latency": {
      "mean": 215.85800748142086,
      "min": 19.34297607606277,
      "p0.1": 19.34302218327904,
      "p1": 19.349587633991614,
      "p5": 19.38292796947062,
      "p10": 19.414298427989706,
      "p25": 19.560977874789387,
      "median": 300.3094033403322,
      "p75": 300.71014366752934,
      "p90": 300.88813537419776,
      "p95": 300.94112571678124,
      "p99": 300.9921581721399,
      "p99.9": 301.00154171429386,
      "max": 301.001577058807
    },
    "prompt_len": {
      "mean": 0.0,
      "min": 0.0,
      "p0.1": 0.0,
      "p1": 0.0,
      "p5": 0.0,
      "p10": 0.0,
      "p25": 0.0,
      "median": 0.0,
      "p75": 0.0,
      "p90": 0.0,
      "p95": 0.0,
      "p99": 0.0,
      "p99.9": 0.0,
      "max": 0.0
    }
  }
}