{
  "load_summary": {
    "count": 750,
    "schedule_delay": {
      "mean": 0.0007629083916544915,
      "min": -0.0007543414831161499,
      "p0.1": -0.0006204830901697278,
      "p1": -0.00043238879181444644,
      "p5": -0.00012778318487107753,
      "p10": 4.2587658390402836e-05,
      "p25": 0.00035303609911352396,
      "median": 0.000727284699678421,
      "p75": 0.001152870594523847,
      "p90": 0.0015014200005680324,
      "p95": 0.001735504507087171,
      "p99": 0.0022001241752877825,
      "p99.9": 0.00255107426270844,
      "max": 0.002671495545655489
    },
    "send_duration": 49.26776463119313,
    "requested_rate": 15.0,
    "achieved_rate": 15.2229354348492
  },
  "successes": {
    "count": 750,
    "latency": {
      "request_latency": {
        "mean": 115.80757503376901,
        "min": 66.58768939645961,
        "p0.1": 66.6059677891396,
        "p1": 67.13460930863396,
        "p5": 68.57697068140843,
        "p10": 69.90053884563967,
        "p25": 73.1649667324964,
        "median": 115.75003367336467,
        "p75": 154.12606909417082,
        "p90": 162.51093306192197,
        "p95": 165.52280803329776,
        "p99": 175.63087507423015,
        "p99.9": 176.6828762227842,
        "max": 176.7632684390992
      },
      "normalized_time_per_output_token": {
        "mean": 0.11811069083267664,
        "min": 0.06683495422112537,
        "p0.1": 0.06694612486887264,
        "p1": 0.06791680035767927,
        "p5": 0.06954731341704072,
        "p10": 0.07098502387711372,
        "p25": 0.07483539647862275,
        "median": 0.11693993316739018,
        "p75": 0.1569905284532133,
        "p90": 0.16488373675220241,
        "p95": 0.16923532549861878,
        "p99": 0.1796226197513629,
        "p99.9": 0.23344170018952523,
        "max": 0.3233658606913264
      },
      "time_per_output_token": {
        "mean": 0.029770966482611707,
        "min": 0.010187913376283178,
        "p0.1": 0.01018821055453265,
        "p1": 0.011849074772734107,
        "p5": 0.023371642470119643,
        "p10": 0.025085642292484948,
        "p25": 0.02730004942417657,
        "median": 0.029346901433438113,
        "p75": 0.031359810329185264,
        "p90": 0.03362653742319551,
        "p95": 0.04155169440657252,
        "p99": 0.04822990415317622,
        "p99.9": 0.05040616989970539,
        "max": 0.05073223442192013
      },
      "time_to_first_token": {
        "mean": 56.2026877108744,
        "min": 0.3580264737829566,
        "p0.1": 0.6184955801912584,
        "p1": 1.0090377920027822,
        "p5": 3.969783813413233,
        "p10": 7.019225910259411,
        "p25": 11.548895813059062,
        "median": 57.468418260104954,
        "p75": 100.65698890853673,
        "p90": 107.55425015445799,
        "p95": 109.24008796522394,
        "p99": 151.52555181328674,
        "p99.9": 152.31291673663307,
        "max": 152.3613265203312
      },
      "inter_token_latency": {
        "mean": 0.029770966482611707,
        "min": 1.2898817658424377e-06,
        "p0.1": 2.7096830308437347e-06,
        "p1": 1.1660158634185791e-05,
        "p5": 1.64802186191082e-05,
        "p10": 1.9669998437166214e-05,
        "p25": 2.7189962565898895e-05,
        "median": 8.774921298027039e-05,
        "p75": 0.03707116667646915,
        "p90": 0.03902613995596767,
        "p95": 0.04186040121130645,
        "p99": 0.6104463754314929,
        "p99.9": 0.6425020938026725,
        "max": 43.412302548997104
      }
    },
    "throughput": {
      "input_tokens_per_sec": 25224.76252462701,
      "output_tokens_per_sec": 3294.466634216489,
      "total_tokens_per_sec": 28519.2291588435,
      "requests_per_sec": 3.354098024969751
    },
    "prompt_len": {
      "mean": 7520.58,
      "min": 7458.0,
      "p0.1": 7458.749,
      "p1": 7471.0,
      "p5": 7481.0,
      "p10": 7489.9,
      "p25": 7505.0,
      "median": 7521.0,
      "p75": 7535.0,
      "p90": 7551.0,
      "p95": 7561.0,
      "p99": 7579.0,
      "p99.9": 7587.259000000001,
      "max": 7594.0
    },
    "output_len": {
      "mean": 982.2213333333333,
      "min": 519.0,
      "p0.1": 694.266,
      "p1": 868.92,
      "p5": 929.0,
      "p10": 953.0,
      "p25": 981.0,
      "median": 989.0,
      "p75": 998.0,
      "p90": 1001.0,
      "p95": 1001.0,
      "p99": 1002.0,
      "p99.9": 1031.7650000000012,
      "max": 1043.0
    }
  },
  "failures": {
    "count": 0,
    "request_latency": null,
    "prompt_len": null
  }
}