{
  "load_summary": {
    "count": 300,
    "schedule_delay": {
      "mean": 0.0005975052823002139,
      "min": -0.0007873298600316048,
      "p0.1": -0.0007588095678947866,
      "p1": -0.000622218637727201,
      "p5": -0.0003520252415910363,
      "p10": -0.0001602171454578638,
      "p25": 0.00015138555318117142,
      "median": 0.0006126405205577612,
      "p75": 0.001008231076411903,
      "p90": 0.0013831149786710745,
      "p95": 0.0015655633760616183,
      "p99": 0.0018227552250027652,
      "p99.9": 0.0019023312334902592,
      "max": 0.0019118431955575943
    },
    "send_duration": 20.824872427154332,
    "requested_rate": 15.0,
    "achieved_rate": 14.405850554398535
  },
  "successes": {
    "count": 300,
    "latency": {
      "request_latency": {
        "mean": 53.25890329803961,
        "min": 40.00230402126908,
        "p0.1": 40.2260703784381,
        "p1": 42.414298891229556,
        "p5": 43.80914394275751,
        "p10": 45.340599953802304,
        "p25": 49.27988012623973,
        "median": 51.618369865231216,
        "p75": 57.78296844684519,
        "p90": 65.28654647078365,
        "p95": 65.78174636259209,
        "p99": 69.7701286773663,
        "p99.9": 69.80086987102219,
        "max": 69.80681469012052
      },
      "normalized_time_per_output_token": {
        "mean": 0.05428512533341448,
        "min": 0.04076716325875673,
        "p0.1": 0.04097227771626356,
        "p1": 0.043032247232148546,
        "p5": 0.04423143049545278,
        "p10": 0.04581017632169526,
        "p25": 0.04957278476635324,
        "median": 0.05234716507755255,
        "p75": 0.05914567328322984,
        "p90": 0.06614631655014006,
        "p95": 0.0675417221849057,
        "p99": 0.07119689048799607,
        "p99.9": 0.08519197409405961,
        "max": 0.09088118926488928
      },
      "time_per_output_token": {
        "mean": 0.02284454312028049,
        "min": 0.012632001710795928,
        "p0.1": 0.012632018483781685,
        "p1": 0.012681835647085974,
        "p5": 0.013479843677132335,
        "p10": 0.014381970514797945,
        "p25": 0.021750633500103114,
        "median": 0.024238081232852662,
        "p75": 0.025941761065288907,
        "p90": 0.026332661267514268,
        "p95": 0.028285094963092037,
        "p99": 0.03135483673726465,
        "p99.9": 0.03164751414298711,
        "max": 0.031698492500392986
      },
      "time_to_first_token": {
        "mean": 7.51627820630713,
        "min": 0.21488957107067108,
        "p0.1": 0.2156115068118088,
        "p1": 0.22352741995360703,
        "p5": 0.2323037881171331,
        "p10": 0.23778765182942152,
        "p25": 0.2599936922779307,
        "median": 0.7493178760632873,
        "p75": 2.2924130738247186,
        "p90": 34.84643141371198,
        "p95": 38.23989040909801,
        "p99": 39.59483211512677,
        "p99.9": 40.033670877859464,
        "max": 40.08421426685527
      },
      "inter_token_latency": {
        "mean": 0.02284454312028049,
        "min": 1.3201497495174408e-06,
        "p0.1": 2.6491470634937286e-06,
        "p1": 1.1091111227869987e-05,
        "p5": 1.6239937394857407e-05,
        "p10": 1.9589904695749283e-05,
        "p25": 2.687983214855194e-05,
        "median": 7.881969213485718e-05,
        "p75": 0.03543306468054652,
        "p90": 0.03765632389113307,
        "p95": 0.039317336585372675,
        "p99": 0.179660172625445,
        "p99.9": 0.6268895643651486,
        "max": 29.978841327130795
      }
    },
    "throughput": {
      "input_tokens_per_sec": 26328.78598778708,
      "output_tokens_per_sec": 3440.59474488428,
      "total_tokens_per_sec": 29769.38073267136,
      "requests_per_sec": 3.501533092470237
    },
    "prompt_len": {
      "mean": 7519.216666666666,
      "min": 7458.0,
      "p0.1": 7461.289,
      "p1": 7471.99,
      "p5": 7478.95,
      "p10": 7488.9,
      "p25": 7503.0,
      "median": 7520.0,
      "p75": 7534.25,
      "p90": 7550.0,
      "p95": 7558.15,
      "p99": 7570.04,
      "p99.9": 7583.206,
      "max": 7585.0
    },
    "output_len": {
      "mean": 982.5966666666667,
      "min": 609.0,
      "p0.1": 679.564,
      "p1": 857.88,
      "p5": 929.95,
      "p10": 964.9,
      "p25": 981.0,
      "median": 990.0,
      "p75": 998.0,
      "p90": 1001.0,
      "p95": 1001.0,
      "p99": 1003.0,
      "p99.9": 1003.701,
      "max": 1004.0
    }
  },
  "failures": {
    "count": 0,
    "request_latency": null,
    "prompt_len": null
  }
}