{
  "load_summary": {
    "count": 1520,
    "schedule_delay": {
      "mean": 0.0006135123086431505,
      "min": -0.00078627560287714,
      "p0.1": -0.0007735457359813153,
      "p1": -0.0005311358440667391,
      "p5": -0.00028579533100128176,
      "p10": -7.990528829395769e-05,
      "p25": 0.0002585271140560508,
      "median": 0.0006159618496894836,
      "p75": 0.0009807443711906672,
      "p90": 0.001294630113989115,
      "p95": 0.0014791201334446668,
      "p99": 0.0017932992940768592,
      "p99.9": 0.002119049218948964,
      "max": 0.0022930181585252285
    },
    "send_duration": 38.12731677806005,
    "requested_rate": 40.0,
    "achieved_rate": 39.86642985783536
  },
  "successes": {
    "count": 886,
    "latency": {
      "request_latency": {
        "mean": 170.0643502740898,
        "min": 59.92154807085171,
        "p0.1": 59.92457034599269,
        "p1": 61.44890286307782,
        "p5": 65.01839439978357,
        "p10": 69.93653592700139,
        "p25": 120.31873369205277,
        "median": 180.71821644506417,
        "p75": 242.4416494242614,
        "p90": 254.656375921797,
        "p95": 296.47931304352824,
        "p99": 299.51587074010166,
        "p99.9": 300.1026978625986,
        "max": 300.1241982723586
      },
      "normalized_time_per_output_token": {
        "mean": 0.1734075377868358,
        "min": 0.06022266137774041,
        "p0.1": 0.060226754785466026,
        "p1": 0.061622212984420936,
        "p5": 0.06589374293762706,
        "p10": 0.07082684754954482,
        "p25": 0.1231408289784003,
        "median": 0.1823074679256389,
        "p75": 0.24412216187412278,
        "p90": 0.2634622949749981,
        "p95": 0.29874012414120305,
        "p99": 0.3078108903895109,
        "p99.9": 0.3656120172819439,
        "max": 0.5843310241292207
      },
      "time_per_output_token": {
        "mean": 0.03130842582073448,
        "min": 0.029077697352137135,
        "p0.1": 0.029080442329469568,
        "p1": 0.029106692982563423,
        "p5": 0.029197146317680486,
        "p10": 0.029231184759926143,
        "p25": 0.02957389479916569,
        "median": 0.030199086200376077,
        "p75": 0.031072412499343918,
        "p90": 0.03153200299657792,
        "p95": 0.042413179435465166,
        "p99": 0.04885421716676758,
        "p99.9": 0.05033054915179421,
        "max": 0.050362540803186924
      },
      "time_to_first_token": {
        "mean": 107.38585384718077,
        "min": 0.7255208641290665,
        "p0.1": 0.7305142464721576,
        "p1": 1.6856319531798363,
        "p5": 4.33292213419918,
        "p10": 10.143091270467266,
        "p25": 21.740860983147286,
        "median": 122.04748424841091,
        "p75": 180.39171466371045,
        "p90": 194.30496468930505,
        "p95": 236.3469818442827,
        "p99": 240.02815605842042,
        "p99.9": 241.1949497457035,
        "max": 241.22227182704955
      },
      "inter_token_latency": {
        "mean": 0.03130842582073448,
        "min": 1.3313256204128265e-06,
        "p0.1": 2.7799978852272034e-06,
        "p1": 1.1669006198644638e-05,
        "p5": 1.6530044376850128e-05,
        "p10": 1.998012885451317e-05,
        "p25": 2.763001248240471e-05,
        "median": 8.566491305828094e-05,
        "p75": 0.036393504473380744,
        "p90": 0.0384392524138093,
        "p95": 0.041198776103556156,
        "p99": 0.6151773393619805,
        "p99.9": 0.6380498075927642,
        "max": 39.97547449078411
      }
    },
    "throughput": {
      "input_tokens_per_sec": 19677.14926726725,
      "output_tokens_per_sec": 2572.0296662073138,
      "total_tokens_per_sec": 22249.178933474563,
      "requests_per_sec": 2.616435238075188
    },
    "prompt_len": {
      "mean": 7520.5948081264105,
      "min": 7458.0,
      "p0.1": 7458.885,
      "p1": 7471.0,
      "p5": 7481.0,
      "p10": 7490.0,
      "p25": 7505.0,
      "median": 7521.0,
      "p75": 7535.0,
      "p90": 7551.0,
      "p95": 7561.75,
      "p99": 7578.15,
      "p99.9": 7586.035000000001,
      "max": 7594.0
    },
    "output_len": {
      "mean": 983.028216704289,
      "min": 511.0,
      "p0.1": 741.985,
      "p1": 862.55,
      "p5": 934.25,
      "p10": 959.5,
      "p25": 982.0,
      "median": 989.0,
      "p75": 998.0,
      "p90": 1001.0,
      "p95": 1001.0,
      "p99": 1003.15,
      "p99.9": 1029.3450000000003,
      "max": 1032.0
    }
  },
  "failures": {
    "count": 634,
    "request_latency": {
      "mean": 300.52322638208085,
      "min": 300.0055894521065,
      "p0.1": 300.00611567380327,
      "p1": 300.017214333564,
      "p5": 300.07224002378064,
      "p10": 300.13204083624294,
      "p25": 300.27931815350894,
      "median": 300.53864741232246,
      "p75": 300.75163109973073,
      "p90": 300.9189100990072,
      "p95": 300.95034454155245,
      "p99": 300.99008480669,
      "p99.9": 301.0008024477847,
      "max": 301.00133587792516
    },
    "prompt_len": {
      "mean": 0.0,
      "min": 0.0,
      "p0.1": 0.0,
      "p1": 0.0,
      "p5": 0.0,
      "p10": 0.0,
      "p25": 0.0,
      "median": 0.0,
      "p75": 0.0,
      "p90": 0.0,
      "p95": 0.0,
      "p99": 0.0,
      "p99.9": 0.0,
      "max": 0.0
    }
  }
}