{
  "load_summary": {
    "count": 748,
    "schedule_delay": {
      "mean": 0.0006364446767122749,
      "min": -0.0007323059253394604,
      "p0.1": -0.0006831378196366131,
      "p1": -0.0005049706064164639,
      "p5": -0.0002155180787667632,
      "p10": -5.164491012692452e-05,
      "p25": 0.00025113311130553484,
      "median": 0.0006292103789746761,
      "p75": 0.0010059644700959325,
      "p90": 0.0013349740300327541,
      "p95": 0.0015237469691783188,
      "p99": 0.0017936062440276146,
      "p99.9": 0.0019905403000302683,
      "max": 0.002115127630531788
    },
    "send_duration": 36.63670321600512,
    "requested_rate": 22.0,
    "achieved_rate": 20.416684208453248
  },
  "successes": {
    "count": 748,
    "latency": {
      "request_latency": {
        "mean": 130.49006532525948,
        "min": 57.711104709189385,
        "p0.1": 57.755313814762516,
        "p1": 58.314574685543775,
        "p5": 61.007170140044764,
        "p10": 63.299083980778235,
        "p25": 72.00640631909482,
        "median": 122.98958048783243,
        "p75": 173.76837279379833,
        "p90": 195.21905463635923,
        "p95": 198.75929876081645,
        "p99": 201.50690721711143,
        "p99.9": 202.07557812533295,
        "max": 202.09778278088197
      },
      "normalized_time_per_output_token": {
        "mean": 0.13278052273435023,
        "min": 0.05781205073092133,
        "p0.1": 0.05812887254796503,
        "p1": 0.058917608387028704,
        "p5": 0.061934135267289615,
        "p10": 0.06437932903466106,
        "p25": 0.07360308065352267,
        "median": 0.12698802643652807,
        "p75": 0.17556032954401354,
        "p90": 0.19814425768768584,
        "p95": 0.20118179874862244,
        "p99": 0.209695538091691,
        "p99.9": 0.23334092358947947,
        "max": 0.2386521574474664
      },
      "time_per_output_token": {
        "mean": 0.028598083621944062,
        "min": 0.014168035291574677,
        "p0.1": 0.014199396013731378,
        "p1": 0.014499901248103027,
        "p5": 0.015991313777957532,
        "p10": 0.017978822228906937,
        "p25": 0.028197031537618215,
        "median": 0.029774236782658278,
        "p75": 0.030100316289979417,
        "p90": 0.030926133883578982,
        "p95": 0.03891297820013022,
        "p99": 0.0481542902373509,
        "p99.9": 0.05041844903126962,
        "max": 0.05078612984917213
      },
      "time_to_first_token": {
        "mean": 73.23474782952331,
        "min": 0.2260695924051106,
        "p0.1": 0.22831800230359658,
        "p1": 1.0960675627272576,
        "p5": 2.3190094803227113,
        "p10": 4.793585042795167,
        "p25": 11.159550404874608,
        "median": 63.25579189998098,
        "p75": 113.1441154932836,
        "p90": 159.30162279438227,
        "p95": 164.322249658918,
        "p99": 167.5208212245442,
        "p99.9": 168.7011802387666,
        "max": 168.71913852822036
      },
      "inter_token_latency": {
        "mean": 0.028598083621944062,
        "min": 1.5902332961559296e-06,
        "p0.1": 2.9602088034152985e-06,
        "p1": 1.1509284377098083e-05,
        "p5": 1.6110017895698547e-05,
        "p10": 1.9480008631944656e-05,
        "p25": 2.7200207114219666e-05,
        "median": 9.121489711105824e-05,
        "p75": 0.03531290707178414,
        "p90": 0.038052089791744945,
        "p95": 0.040254455013200637,
        "p99": 0.6124924521474168,
        "p99.9": 0.6329559366614568,
        "max": 40.73197501478717
      }
    },
    "throughput": {
      "input_tokens_per_sec": 24079.646083787775,
      "output_tokens_per_sec": 3147.9324723667814,
      "total_tokens_per_sec": 27227.578556154556,
      "requests_per_sec": 3.2018546148579112
    },
    "prompt_len": {
      "mean": 7520.530748663102,
      "min": 7458.0,
      "p0.1": 7458.747,
      "p1": 7471.0,
      "p5": 7481.0,
      "p10": 7489.7,
      "p25": 7505.0,
      "median": 7521.0,
      "p75": 7535.0,
      "p90": 7551.0,
      "p95": 7561.0,
      "p99": 7579.0,
      "p99.9": 7587.277,
      "max": 7594.0
    },
    "output_len": {
      "mean": 983.1590909090909,
      "min": 816.0,
      "p0.1": 824.217,
      "p1": 879.47,
      "p5": 929.35,
      "p10": 953.0,
      "p25": 983.0,
      "median": 989.0,
      "p75": 999.0,
      "p90": 1001.0,
      "p95": 1001.0,
      "p99": 1001.0,
      "p99.9": 1017.8430000000013,
      "max": 1041.0
    }
  },
  "failures": {
    "count": 0,
    "request_latency": null,
    "prompt_len": null
  }
}