{
  "load_summary": {
    "count": 750,
    "schedule_delay": {
      "mean": 0.0006389757674187422,
      "min": -0.0006761564873158932,
      "p0.1": -0.000675191760994494,
      "p1": -0.00046931558754295113,
      "p5": -0.00017726470250636336,
      "p10": -3.448454663157462e-05,
      "p25": 0.0002389298751950264,
      "median": 0.000630141468718648,
      "p75": 0.0010137940989807248,
      "p90": 0.0013473381754010917,
      "p95": 0.0015363198937848206,
      "p99": 0.0018636320205405353,
      "p99.9": 0.0020790126826614277,
      "max": 0.0021901829168200493
    },
    "send_duration": 30.46461667912081,
    "requested_rate": 25.0,
    "achieved_rate": 24.61872433517337
  },
  "successes": {
    "count": 750,
    "latency": {
      "request_latency": {
        "mean": 135.00585253658642,
        "min": 59.24741907790303,
        "p0.1": 59.27436762298457,
        "p1": 59.92378305450082,
        "p5": 62.914923749421725,
        "p10": 64.78673827471212,
        "p25": 74.27336787001695,
        "median": 127.10729855322279,
        "p75": 179.29611253144685,
        "p90": 203.35192643902263,
        "p95": 206.48107551545837,
        "p99": 209.01968755596783,
        "p99.9": 209.47481215582135,
        "max": 209.50535100977868
      },
      "normalized_time_per_output_token": {
        "mean": 0.1374608598066222,
        "min": 0.059298677561147796,
        "p0.1": 0.059349215451965705,
        "p1": 0.06077267590635577,
        "p5": 0.06334478444863977,
        "p10": 0.06633977987507153,
        "p25": 0.07603531061831328,
        "median": 0.12872236925355682,
        "p75": 0.18177805159539973,
        "p90": 0.2058499094552133,
        "p95": 0.20933184753918224,
        "p99": 0.22285910095837222,
        "p99.9": 0.26701196662822746,
        "max": 0.34279186274685647
      },
      "time_per_output_token": {
        "mean": 0.02852901881198425,
        "min": 0.014217770947231867,
        "p0.1": 0.014217783550210326,
        "p1": 0.014404487813881569,
        "p5": 0.0157088184635551,
        "p10": 0.01793151826547484,
        "p25": 0.028805578197899466,
        "median": 0.02953199657966671,
        "p75": 0.03011333655912954,
        "p90": 0.03035008365459189,
        "p95": 0.03878476303101035,
        "p99": 0.04843352349138754,
        "p99.9": 0.05063512472059026,
        "max": 0.051023683090438726
      },
      "time_to_first_token": {
        "mean": 77.88846360150352,
        "min": 0.32049896474927664,
        "p0.1": 0.32807470942940564,
        "p1": 0.886342888129875,
        "p5": 2.9677329391473903,
        "p10": 5.416724538104609,
        "p25": 13.368409772752784,
        "median": 67.14233789942227,
        "p75": 121.62540097394958,
        "p90": 166.5125987626612,
        "p95": 171.18116863181348,
        "p99": 174.27249645597766,
        "p99.9": 175.52105510099048,
        "max": 175.7783702411689
      },
      "inter_token_latency": {
        "mean": 0.028529018811984247,
        "min": 1.3490207493305206e-06,
        "p0.1": 2.800021320581436e-06,
        "p1": 1.163966953754425e-05,
        "p5": 1.6519799828529358e-05,
        "p10": 1.9940081983804703e-05,
        "p25": 2.750009298324585e-05,
        "median": 8.762907236814499e-05,
        "p75": 0.03538595011923462,
        "p90": 0.0379137871786952,
        "p95": 0.03990840187761933,
        "p99": 0.6146575252804906,
        "p99.9": 0.6346795973442515,
        "max": 40.96008358569816
      }
    },
    "throughput": {
      "input_tokens_per_sec": 23940.246466536704,
      "output_tokens_per_sec": 3132.301460544637,
      "total_tokens_per_sec": 27072.54792708134,
      "requests_per_sec": 3.183297892787086
    },
    "prompt_len": {
      "mean": 7520.58,
      "min": 7458.0,
      "p0.1": 7458.749,
      "p1": 7471.0,
      "p5": 7481.0,
      "p10": 7489.9,
      "p25": 7505.0,
      "median": 7521.0,
      "p75": 7535.0,
      "p90": 7551.0,
      "p95": 7561.0,
      "p99": 7579.0,
      "p99.9": 7587.259000000001,
      "max": 7594.0
    },
    "output_len": {
      "mean": 983.98,
      "min": 502.0,
      "p0.1": 670.525,
      "p1": 876.96,
      "p5": 935.0,
      "p10": 965.0,
      "p25": 983.0,
      "median": 989.0,
      "p75": 998.0,
      "p90": 1001.0,
      "p95": 1001.0,
      "p99": 1002.0,
      "p99.9": 1012.0160000000014,
      "max": 1024.0
    }
  },
  "failures": {
    "count": 0,
    "request_latency": null,
    "prompt_len": null
  }
}