{
  "load_summary": {
    "count": 17084,
    "schedule_delay": {
      "mean": 0.0006291650874179107,
      "min": -0.0009537334553897381,
      "p0.1": -0.0007774994075298309,
      "p1": -0.0005382475070655346,
      "p5": -0.00023996157106012105,
      "p10": -5.816146731376645e-05,
      "p25": 0.00025360751897096634,
      "median": 0.0006233719177544117,
      "p75": 0.0009912536479532719,
      "p90": 0.0013242720626294615,
      "p95": 0.001518967072479427,
      "p99": 0.0018500140728428954,
      "p99.9": 0.0022254847181029714,
      "max": 0.007206890732049942
    }
  },
  "successes": {
    "count": 11963,
    "latency": {
      "request_latency": {
        "mean": 149.01026945125983,
        "min": 19.729221002198756,
        "p0.1": 22.751133172429167,
        "p1": 39.134698027754204,
        "p5": 59.562885319814086,
        "p10": 64.14924275418744,
        "p25": 76.04604235850275,
        "median": 136.46570458402857,
        "p75": 194.61898379353806,
        "p90": 247.9572826612741,
        "p95": 261.32199424123394,
        "p99": 298.18022759840824,
        "p99.9": 299.8798330557784,
        "max": 300.24948062514886
      },
      "normalized_time_per_output_token": {
        "mean": 0.1518540048702774,
        "min": 0.020343515104812554,
        "p0.1": 0.023487144208473375,
        "p1": 0.03977118415882152,
        "p5": 0.0602670185434632,
        "p10": 0.06513541446357606,
        "p25": 0.07762392931936973,
        "median": 0.13910333955961202,
        "p75": 0.19863527781339796,
        "p90": 0.2516744967353291,
        "p95": 0.2706902520373034,
        "p99": 0.30243605384408123,
        "p99.9": 0.33553583526576536,
        "max": 1.102155358545209
      },
      "time_per_output_token": {
        "mean": 0.029569789243059044,
        "min": 0.009681647338358492,
        "p0.1": 0.010930304152387446,
        "p1": 0.014317973128276533,
        "p5": 0.01841002688012451,
        "p10": 0.026135233094983702,
        "p25": 0.028670398945008398,
        "median": 0.029585739839235615,
        "p75": 0.030498974448673125,
        "p90": 0.03198461672868291,
        "p95": 0.03980464480888527,
        "p99": 0.047470397304749105,
        "p99.9": 0.05029752696433693,
        "max": 0.05180100329487451
      },
      "time_to_first_token": {
        "mean": 89.81109657745468,
        "min": 0.21488957107067108,
        "p0.1": 0.2246248000031337,
        "p1": 0.2508656657487154,
        "p5": 1.6518592862877994,
        "p10": 4.735561720002442,
        "p25": 15.192425029585138,
        "median": 75.76648682169616,
        "p75": 136.42974185571074,
        "p90": 188.99444830473513,
        "p95": 198.0916711748112,
        "p99": 239.42762874095698,
        "p99.9": 242.36874546622207,
        "max": 243.6109577859752
      },
      "inter_token_latency": {
        "mean": 0.029569788898005506,
        "min": 1.050066202878952e-06,
        "p0.1": 1.80024653673172e-06,
        "p1": 3.2801181077957153e-06,
        "p5": 1.4460179954767227e-05,
        "p10": 1.8559861928224564e-05,
        "p25": 2.6859808713197708e-05,
        "median": 5.4909847676754e-05,
        "p75": 0.035491279093548656,
        "p90": 0.038166067097336054,
        "p95": 0.041111356206238264,
        "p99": 0.6140880900993944,
        "p99.9": 0.6372231068685655,
        "max": 43.412302548997104
      }
    },
    "throughput": {
      "input_tokens_per_sec": 20001.01853776776,
      "output_tokens_per_sec": 2614.1670489340186,
      "total_tokens_per_sec": 22615.18558670178,
      "requests_per_sec": 2.659577053939755
    },
    "prompt_len": {
      "mean": 7520.375658279696,
      "min": 7458.0,
      "p0.1": 7458.0,
      "p1": 7471.0,
      "p5": 7481.0,
      "p10": 7489.0,
      "p25": 7504.0,
      "median": 7521.0,
      "p75": 7535.0,
      "p90": 7551.0,
      "p95": 7561.0,
      "p99": 7579.0,
      "p99.9": 7594.0,
      "max": 7594.0
    },
    "output_len": {
      "mean": 982.9258547187161,
      "min": 191.0,
      "p0.1": 613.81,
      "p1": 871.0,
      "p5": 929.0,
      "p10": 959.0,
      "p25": 982.0,
      "median": 989.0,
      "p75": 998.0,
      "p90": 1001.0,
      "p95": 1001.0,
      "p99": 1002.0,
      "p99.9": 1025.1140000000014,
      "max": 1064.0
    }
  },
  "failures": {
    "count": 5121,
    "request_latency": {
      "mean": 256.03761124278145,
      "min": 19.340157680679113,
      "p0.1": 19.343268928881734,
      "p1": 19.363228868786244,
      "p5": 19.427401260938495,
      "p10": 19.50895750382915,
      "p25": 300.1114293797873,
      "median": 300.4309744667262,
      "p75": 300.7161389118992,
      "p90": 300.89740554522723,
      "p95": 300.9441194329411,
      "p99": 300.9900313409977,
      "p99.9": 301.0007065058313,
      "max": 301.001577058807
    },
    "prompt_len": {
      "mean": 0.0,
      "min": 0.0,
      "p0.1": 0.0,
      "p1": 0.0,
      "p5": 0.0,
      "p10": 0.0,
      "p25": 0.0,
      "median": 0.0,
      "p75": 0.0,
      "p90": 0.0,
      "p95": 0.0,
      "p99": 0.0,
      "p99.9": 0.0,
      "max": 0.0
    }
  }
}