{"load_summary": {"count": 3707, "schedule_delay": {"mean": 0.00039717252165257996, "min": -0.0019004582427442074, "p0.1": -0.001410630848724395, "p1": -0.001012952837627381, "p5": -0.0006371965515427292, "p10": -0.00042868065647780893, "p25": -7.78015237301588e-05, "median": 0.00032163248397409916, "p75": 0.0007624982390552759, "p90": 0.0012639255728572607, "p95": 0.0017516938154585658, "p99": 0.0026177709712646917, "p99.9": 0.0038737574503757907, "max": 0.004558029701001942}, "send_duration": 59.993806313024834, "requested_rate": 61.79, "achieved_rate": 61.78971176888304}, "successes": {"count": 3707, "latency": {"request_latency": {"mean": 0.6795524652193883, "min": 0.536637575016357, "p0.1": 0.5490885448900517, "p1": 0.5818372023291886, "p5": 0.6015517175197601, "p10": 0.616539243189618, "p25": 0.6380325309582986, "median": 0.6683322680182755, "p75": 0.71612414898118, "p90": 0.7584700048202648, "p95": 0.7816961369942873, "p99": 0.8520231529208833, "p99.9": 0.8758703846600842, "max": 0.8909003239823505}, "normalized_time_per_output_token": {"mean": 0.011004771106209075, "min": 0.0, "p0.1": 0.00851087364371518, "p1": 0.009025909357990783, "p5": 0.009380499908987146, "p10": 0.00959245586569103, "p25": 0.009989224500505857, "median": 0.010655996251443867, "p75": 0.01147977849006698, "p90": 0.012617454035804759, "p95": 0.013672973404601704, "p99": 0.018256957041519275, "p99.9": 0.02292877142635873, "max": 0.030740595478121014}, "time_per_output_token": {"mean": 0.004988067250871145, "min": 0.003869249783239739, "p0.1": 0.004012307231112333, "p1": 0.004258986849684354, "p5": 0.004403298746437094, "p10": 0.004515696314611118, "p25": 0.004682627430297579, "median": 0.0049087533108211415, "p75": 0.005260099216938279, "p90": 0.00557723341116234, "p95": 0.005754414690719816, "p99": 0.006268344647233021, "p99.9": 0.006512608247937267, "max": 0.006573474853184045}, "time_to_first_token": {"mean": 0.034943298174853185, "min": 0.020956372027285397, "p0.1": 0.022167958244914188, "p1": 0.02370058978209272, "p5": 0.025895910023245962, "p10": 0.027366170403547586, "p25": 0.02973549795569852, "median": 0.033456598059274256, "p75": 0.038689465494826436, "p90": 0.044510249281302094, "p95": 0.04874820417026057, "p99": 0.056964946878142665, "p99.9": 0.07100293266587049, "max": 0.07487413298804313}, "inter_token_latency": {"mean": 0.004988067250871146, "min": 2.8739450499415398e-06, "p0.1": 3.2989773899316788e-06, "p1": 4.1460152715444565e-06, "p5": 9.09995287656784e-06, "p10": 1.0484945960342884e-05, "p25": 1.3624085113406181e-05, "median": 4.199997056275606e-05, "p75": 0.008805499994195998, "p90": 0.010713409539312125, "p95": 0.014854451105929903, "p99": 0.020881616477854546, "p99.9": 0.028120603553253767, "max": 0.03936059307307005}}, "throughput": {"input_tokens_per_sec": 12499.396194738263, "output_tokens_per_sec": 3820.6559401374307, "total_tokens_per_sec": 16320.052134875694, "requests_per_sec": 61.24191005201567}, "prompt_len": {"mean": 204.09873212840571, "min": 196.0, "p0.1": 196.0, "p1": 196.06, "p5": 197.0, "p10": 198.60000000000002, "p25": 201.0, "median": 205.0, "p75": 207.0, "p90": 209.0, "p95": 210.0, "p99": 212.0, "p99.9": 213.0, "max": 213.0}, "output_len": {"mean": 62.38629619638522, "min": 0.0, "p0.1": 31.706, "p1": 37.0, "p5": 52.0, "p10": 57.0, "p25": 63.0, "median": 64.0, "p75": 65.0, "p90": 65.0, "p95": 65.0, "p99": 66.0, "p99.9": 67.0, "max": 68.0}}, "failures": {"count": 0, "request_latency": null, "prompt_len": null}}