{"load_summary": {"count": 60, "schedule_delay": {"mean": 0.00044983585054675737, "min": -0.0006079088198021054, "p0.1": -0.0005960080651566386, "p1": -0.0004889012733474374, "p5": -0.0002833204809576273, "p10": -0.0002156400354579091, "p25": 0.00015595677541568875, "median": 0.0005210512899793684, "p75": 0.0007308190106414258, "p90": 0.0009630696615204217, "p95": 0.0011399090639315544, "p99": 0.0015012771042529482, "p99.9": 0.0016855146751040626, "max": 0.0017059855163097382}, "send_duration": 58.51001774193719, "requested_rate": 1.0, "achieved_rate": 1.0254654214024423}, "successes": {"count": 60, "latency": {"request_latency": {"mean": 0.48048226445680486, "min": 0.47253478108905256, "p0.1": 0.4726674221145222, "p1": 0.47386119134374893, "p5": 0.4752197924011853, "p10": 0.475656164821703, "p25": 0.4778720944887027, "median": 0.4796094944467768, "p75": 0.48374426225200295, "p90": 0.48580294536659496, "p95": 0.48651613232214, "p99": 0.489441333723953, "p99.9": 0.4899891945802374, "max": 0.4900500680087134}, "normalized_time_per_output_token": {"mean": 0.0076659232914650915, "min": 0.007025085322846494, "p0.1": 0.007034749209689163, "p1": 0.007121724191273178, "p5": 0.007270589464601609, "p10": 0.00731774064945057, "p25": 0.007364180857817141, "median": 0.007457680346515889, "p75": 0.007612397971411516, "p90": 0.00841689943131713, "p95": 0.008489072611285209, "p99": 0.01064582721341003, "p99.9": 0.013100320472625663, "max": 0.013373041945871793}, "time_per_output_token": {"mean": 0.0034734172405264745, "min": 0.0034534218531578433, "p0.1": 0.003453474750541974, "p1": 0.0034539508269991466, "p5": 0.003455240081665431, "p10": 0.0034566809881709576, "p25": 0.003459879160405664, "median": 0.003468046240533825, "p75": 0.0034801688969366314, "p90": 0.0034946888832324873, "p95": 0.003515250179709058, "p99": 0.003521602816623455, "p99.9": 0.0035254566003550423, "max": 0.003525884798547441}, "time_to_first_token": {"mean": 0.03112733216257766, "min": 0.02462312299758196, "p0.1": 0.024646742470911705, "p1": 0.02485931773087941, "p5": 0.026703713228926063, "p10": 0.02763690750580281, "p25": 0.028787746792659163, "median": 0.031026913959067315, "p75": 0.03280432426254265, "p90": 0.03540639606071636, "p95": 0.03623536097584292, "p99": 0.039696927970508104, "p99.9": 0.040956884782877775, "max": 0.041096879984252155}, "inter_token_latency": {"mean": 0.003473417240526474, "min": 3.1779054552316666e-06, "p0.1": 3.3066191244870424e-06, "p1": 3.962450427934528e-06, "p5": 9.558990132063628e-06, "p10": 9.892042726278305e-06, "p25": 1.0971998563036323e-05, "median": 3.718049265444279e-05, "p75": 0.007073927990859374, "p90": 0.007126822473946959, "p95": 0.007165764196543023, "p99": 0.007376356361201032, "p99.9": 0.008639025989570658, "max": 0.009143111994490027}}, "throughput": {"input_tokens_per_sec": 207.6018611826434, "output_tokens_per_sec": 64.23350089997027, "total_tokens_per_sec": 271.83536208261364, "requests_per_sec": 1.0171575756131475}, "prompt_len": {"mean": 204.1, "min": 196.0, "p0.1": 196.059, "p1": 196.59, "p5": 197.0, "p10": 198.0, "p25": 201.75, "median": 205.0, "p75": 207.0, "p90": 209.0, "p95": 209.05, "p99": 211.41, "p99.9": 211.941, "max": 212.0}, "output_len": {"mean": 63.15, "min": 36.0, "p0.1": 37.062, "p1": 46.62, "p5": 56.95, "p10": 57.0, "p25": 63.75, "median": 64.5, "p75": 65.0, "p90": 65.0, "p95": 66.0, "p99": 67.41, "p99.9": 67.941, "max": 68.0}}, "failures": {"count": 0, "request_latency": null, "prompt_len": null}}