{"load_summary": {"count": 11002, "schedule_delay": {"mean": 19.920635674947324, "min": -0.0011333338916301727, "p0.1": -0.0008517048705834895, "p1": -0.0002773587871342897, "p5": 0.0007095218868926167, "p10": 1.5371658266638406, "p25": 8.219170189026045, "median": 19.452082212490495, "p75": 31.713678851199802, "p90": 38.32536772966851, "p95": 40.98018135199091, "p99": 42.71475689639221, "p99.9": 43.22358558747429, "max": 43.26031033799518}, "send_duration": 103.25901604094543, "requested_rate": 183.38, "achieved_rate": 106.54759673128557}, "successes": {"count": 11002, "latency": {"request_latency": {"mean": 4.143004813736435, "min": 1.1877300149062648, "p0.1": 1.2249877376167568, "p1": 1.2813781582424417, "p5": 3.499090828944463, "p10": 4.029822519142181, "p25": 4.057355536235264, "median": 4.090118648484349, "p75": 4.4942524955258705, "p90": 4.518219536438119, "p95": 4.529400081402855, "p99": 4.549318022641819, "p99.9": 4.565255702534808, "max": 4.5777457361109555}, "normalized_time_per_output_token": {"mean": 0.06722468185415235, "min": 0.0, "p0.1": 0.01896827616961673, "p1": 0.021497045245984336, "p5": 0.05433719510714022, "p10": 0.062092547620861575, "p25": 0.06279570055028391, "median": 0.0662405671445391, "p75": 0.07032408157949939, "p90": 0.07613433848163764, "p95": 0.0818358605801635, "p99": 0.11440577002504886, "p99.9": 0.16146303807578558, "max": 0.2655640547026825}, "time_per_output_token": {"mean": 0.009292917598044454, "min": 0.004964986418973106, "p0.1": 0.005073345181085494, "p1": 0.008734232040551715, "p5": 0.009166545847921755, "p10": 0.00919376059855847, "p25": 0.009248092597307161, "median": 0.009318436472947427, "p75": 0.0093839996665366, "p90": 0.009433601984876937, "p95": 0.00946419002454865, "p99": 0.00952118719478805, "p99.9": 0.009607605377055142, "max": 0.009631280093309434}, "time_to_first_token": {"mean": 2.9432442679445976, "min": 0.03312872303649783, "p0.1": 0.043370625919429584, "p1": 0.08560736375162378, "p5": 2.2915693669987376, "p10": 2.833989045605995, "p25": 2.8541163362388033, "median": 2.88654515898088, "p75": 3.2909872472810093, "p90": 3.3141160886036234, "p95": 3.3243155373609623, "p99": 3.3474315829982517, "p99.9": 3.3644744808719262, "max": 3.376336131012067}, "inter_token_latency": {"mean": 0.009292893406266468, "min": 2.749962732195854e-06, "p0.1": 3.351946361362934e-06, "p1": 4.942994564771652e-06, "p5": 9.810086339712143e-06, "p10": 1.148204319179058e-05, "p25": 1.5835976228117943e-05, "median": 4.849501419812441e-05, "p75": 0.011092626431491226, "p90": 0.029464228893630214, "p95": 0.03919787724153128, "p99": 0.048921402770793064, "p99.9": 0.05706942540395552, "max": 0.07442229497246444}}, "throughput": {"input_tokens_per_sec": 21038.277244168148, "output_tokens_per_sec": 6431.058168023075, "total_tokens_per_sec": 27469.335412191227, "requests_per_sec": 103.0780152073592}, "prompt_len": {"mean": 204.10052717687694, "min": 196.0, "p0.1": 196.0, "p1": 197.0, "p5": 197.0, "p10": 199.0, "p25": 201.0, "median": 205.0, "p75": 207.0, "p90": 209.0, "p95": 210.0, "p99": 212.0, "p99.9": 213.0, "max": 213.0}, "output_len": {"mean": 62.39020178149428, "min": 0.0, "p0.1": 25.0, "p1": 37.0, "p5": 52.0, "p10": 57.0, "p25": 63.0, "median": 64.0, "p75": 65.0, "p90": 65.0, "p95": 65.0, "p99": 66.0, "p99.9": 67.0, "max": 68.0}}, "failures": {"count": 0, "request_latency": null, "prompt_len": null}}