{"load_summary": {"count": 7355, "schedule_delay": {"mean": 3.556487867302995, "min": -0.0010849322425201535, "p0.1": -0.0009545098058879375, "p1": -0.0006405334011651575, "p5": -0.0002203918062150478, "p10": 5.9041613712906984e-05, "p25": 0.0011685601202771068, "median": 3.5064600909827277, "p75": 6.312161473324522, "p90": 7.909321534633637, "p95": 8.419612133456393, "p99": 8.879059538720176, "p99.9": 8.956786472098438, "max": 9.086963604087941}, "send_duration": 69.06510553101543, "requested_rate": 122.59, "achieved_rate": 106.49371985245213}, "successes": {"count": 7355, "latency": {"request_latency": {"mean": 3.8440110167214474, "min": 1.1308439779095352, "p0.1": 1.1450452280158643, "p1": 1.2074086115439422, "p5": 1.5625281486078166, "p10": 2.090695260022767, "p25": 4.034047332475893, "median": 4.268334947992116, "p75": 4.376187871501315, "p90": 4.408311492623762, "p95": 4.422454791748896, "p99": 4.440239821381401, "p99.9": 4.458422532451572, "max": 4.466293820994906}, "normalized_time_per_output_token": {"mean": 0.06263038853026352, "min": 0.01749302186250973, "p0.1": 0.01774173062540089, "p1": 0.01884269247744949, "p5": 0.024541736187477778, "p10": 0.03431042478647346, "p25": 0.06385370888389075, "median": 0.06650775540583709, "p75": 0.06826672876462768, "p90": 0.07508086630412819, "p95": 0.07840779888481068, "p99": 0.11273074612108168, "p99.9": 0.13305980508811227, "max": 1.483374005028357}, "time_per_output_token": {"mean": 0.009508682655186682, "min": 0.004313530914788676, "p0.1": 0.004724151080912845, "p1": 0.007586488634900212, "p5": 0.009401286343498834, "p10": 0.009455184699144475, "p25": 0.009510838841322752, "median": 0.009560818286692046, "p75": 0.009607979554462773, "p90": 0.009648714040752588, "p95": 0.00967838519862889, "p99": 0.009760195950365178, "p99.9": 0.009829767387611429, "max": 0.0098686702558482}, "time_to_first_token": {"mean": 2.616534616005304, "min": 0.02903179405257106, "p0.1": 0.03375863092648797, "p1": 0.04568083133082837, "p5": 0.3316834460245445, "p10": 0.8536635460099206, "p25": 2.9587822484900244, "median": 3.035595149965957, "p75": 3.143772075942252, "p90": 3.175655197980814, "p95": 3.1871972940978592, "p99": 3.2043639390263707, "p99.9": 3.217042863202747, "max": 3.2276396329980344}, "inter_token_latency": {"mean": 0.0095086190237076, "min": 2.74099875241518e-06, "p0.1": 3.3279648050665855e-06, "p1": 4.827976226806641e-06, "p5": 9.973999112844467e-06, "p10": 1.1661904864013195e-05, "p25": 1.611898187547922e-05, "median": 4.8086978495121e-05, "p75": 0.02154534205328673, "p90": 0.023783082026056945, "p95": 0.02748705493286252, "p99": 0.034783829608932136, "p99.9": 0.044993963157758214, "max": 0.05716291209682822}}, "throughput": {"input_tokens_per_sec": 20661.451278063043, "output_tokens_per_sec": 6316.805901394126, "total_tokens_per_sec": 26978.25717945717, "requests_per_sec": 101.23196666445972}, "prompt_len": {"mean": 204.10006798096532, "min": 196.0, "p0.1": 196.0, "p1": 196.54000000000002, "p5": 197.0, "p10": 198.0, "p25": 201.0, "median": 205.0, "p75": 207.0, "p90": 209.0, "p95": 210.0, "p99": 212.0, "p99.9": 213.0, "max": 213.0}, "output_len": {"mean": 62.3993201903467, "min": 3.0, "p0.1": 29.416, "p1": 37.0, "p5": 52.0, "p10": 57.0, "p25": 63.0, "median": 64.0, "p75": 65.0, "p90": 65.0, "p95": 65.0, "p99": 66.0, "p99.9": 67.0, "max": 102.0}}, "failures": {"count": 0, "request_latency": null, "prompt_len": null}}