{"load_summary": {"count": 38717, "schedule_delay": {"mean": 9.252348675844125, "min": -0.0019004582427442074, "p0.1": -0.0010660481648519635, "p1": -0.0007401677966117859, "p5": -0.0003215314820408821, "p10": -6.243484094738952e-05, "p25": 0.0005448285955935717, "median": 4.481693121488206, "p75": 16.26546317723114, "p90": 26.856078168167734, "p95": 34.99787001539953, "p99": 41.52046035230625, "p99.9": 43.197157098548026, "max": 43.26031033799518}}, "successes": {"count": 38717, "latency": {"request_latency": {"mean": 3.1322648623684803, "min": 0.47253478108905256, "p0.1": 0.4815957177635282, "p1": 0.5306503126816824, "p5": 0.5863882034318522, "p10": 0.6704680898226798, "p25": 1.0977406410966069, "median": 4.089445495977998, "p75": 4.376983872032724, "p90": 4.4940728304442015, "p95": 4.513003256032244, "p99": 4.537478396468796, "p99.9": 4.558515219491908, "max": 4.5777457361109555}, "normalized_time_per_output_token": {"mean": 0.05091185951844198, "min": 0.0, "p0.1": 0.0074861544467222235, "p1": 0.00822927052885867, "p5": 0.00947975638475122, "p10": 0.010764710797498434, "p25": 0.017801449660999842, "median": 0.06408117672321029, "p75": 0.06887919196924486, "p90": 0.07204986595172892, "p95": 0.07874658432510753, "p99": 0.11025093851103718, "p99.9": 0.13746280075235445, "max": 1.483374005028357}, "time_per_output_token": {"mean": 0.008446504424423058, "min": 0.0034534218531578433, "p0.1": 0.0034763556264427514, "p1": 0.003878782038367534, "p5": 0.004286935228074706, "p10": 0.004917479663646904, "p25": 0.007992273705556642, "median": 0.009366689744412668, "p75": 0.009535286504262698, "p90": 0.009600693432708063, "p95": 0.009630350771634443, "p99": 0.009711264871392948, "p99.9": 0.009791018312053352, "max": 0.0098686702558482}, "time_to_first_token": {"mean": 2.041737392009856, "min": 0.019834200968034565, "p0.1": 0.022123333186842502, "p1": 0.025261609801091253, "p5": 0.0294888332253322, "p10": 0.03340047036763281, "p25": 0.05142153101041913, "median": 2.8867905189981684, "p75": 3.148660421022214, "p90": 3.2819503690116107, "p95": 3.303848413261585, "p99": 3.3292115439707413, "p99.9": 3.3586477924357174, "max": 3.376336131012067}, "inter_token_latency": {"mean": 0.008446264032699024, "min": 2.6909401640295982e-06, "p0.1": 3.3280812203884125e-06, "p1": 4.761037416756153e-06, "p5": 9.668059647083282e-06, "p10": 1.1192983947694302e-05, "p25": 1.5571946278214455e-05, "median": 4.746497143059969e-05, "p75": 0.012311873026192188, "p90": 0.023532547056674957, "p95": 0.02910640393383801, "p99": 0.04558496477548033, "p99.9": 0.05419049420394015, "max": 0.07442229497246444}}, "throughput": {"input_tokens_per_sec": 12952.543413268853, "output_tokens_per_sec": 3957.912190053508, "total_tokens_per_sec": 16910.45560332236, "requests_per_sec": 63.46125084268033}, "prompt_len": {"mean": 204.10160911227626, "min": 196.0, "p0.1": 196.0, "p1": 196.0, "p5": 197.0, "p10": 198.0, "p25": 201.0, "median": 205.0, "p75": 207.0, "p90": 209.0, "p95": 210.0, "p99": 212.0, "p99.9": 213.0, "max": 213.0}, "output_len": {"mean": 62.367383836557586, "min": 0.0, "p0.1": 25.0, "p1": 37.0, "p5": 52.0, "p10": 57.0, "p25": 63.0, "median": 64.0, "p75": 65.0, "p90": 65.0, "p95": 65.0, "p99": 66.0, "p99.9": 67.0, "max": 102.0}}, "failures": {"count": 0, "request_latency": null, "prompt_len": null}}