{"load_summary": {"count": 1470, "schedule_delay": {"mean": 0.0007583718483976158, "min": -0.0006458972347900271, "p0.1": -0.000603161976672709, "p1": -0.0004255653533618897, "p5": -0.00012214471353217958, "p10": 5.090336780995131e-05, "p25": 0.00036962435115128756, "median": 0.0007347147329710424, "p75": 0.001138246909249574, "p90": 0.0014938160660676661, "p95": 0.0016583568823989481, "p99": 0.002061098726699127, "p99.9": 0.0027570397817762815, "max": 0.002872567973099649}, "send_duration": 30.178194981999695, "requested_rate": 49.0, "achieved_rate": 48.710666786956835}, "successes": {"count": 1470, "latency": {"request_latency": {"mean": 65.17264784603525, "min": 47.886424514930695, "p0.1": 48.07341394502623, "p1": 49.21453869175864, "p5": 50.56347519669798, "p10": 51.970084400556516, "p25": 55.70301968275453, "median": 63.19764408498304, "p75": 74.77084210174507, "p90": 79.20478287620935, "p95": 87.2215428694093, "p99": 89.29234359121067, "p99.9": 95.18898540745134, "max": 96.12992092606146}, "normalized_time_per_output_token": {"mean": 0.1396941481617816, "min": 0.047945134033914656, "p0.1": 0.04846636715931947, "p1": 0.04960282163957797, "p5": 0.05096777585122618, "p10": 0.052788959627815484, "p25": 0.05690584169173962, "median": 0.06750474701171572, "p75": 0.07816280429219477, "p90": 0.08953556670078722, "p95": 0.43021122900978653, "p99": 2.128562680996258, "p99.9": 2.543323728036105, "max": 2.6954884608805347}, "time_per_output_token": {"mean": 0.03219088230619204, "min": 0.023380913520241152, "p0.1": 0.02338113906134075, "p1": 0.02428756644553761, "p5": 0.02483773371506099, "p10": 0.025655429156306062, "p25": 0.02764688005635358, "median": 0.030556414742866342, "p75": 0.03709197943128223, "p90": 0.039426996169963445, "p95": 0.04115055062870812, "p99": 0.04444587005078497, "p99.9": 0.04454218718533214, "max": 0.04454667064314033}, "time_to_first_token": {"mean": 0.7067939809808622, "min": 0.05898327997419983, "p0.1": 0.06068119039083831, "p1": 0.07534950086381287, "p5": 0.08820626057568007, "p10": 0.0961235890397802, "p25": 0.1132587022439111, "median": 0.14086632255930454, "p75": 0.17502139980206266, "p90": 0.35522004658123496, "p95": 0.7062667984340806, "p99": 39.173174507694775, "p99.9": 41.18102953895288, "max": 41.251275250921026}, "inter_token_latency": {"mean": 0.03219088230619204, "min": 2.362998202443123e-06, "p0.1": 3.542983904480934e-06, "p1": 1.2624041410163045e-05, "p5": 1.9090017303824425e-05, "p10": 2.3659085854887962e-05, "p25": 3.2474054023623466e-05, "median": 0.00015666999388486147, "p75": 0.047489805991062894, "p90": 0.05980799864046276, "p95": 0.06945088901557028, "p99": 0.10871130072860982, "p99.9": 0.5575732320772006, "max": 41.12435225804802}}, "throughput": {"input_tokens_per_sec": 88270.6830225138, "output_tokens_per_sec": 10771.123879610936, "total_tokens_per_sec": 99041.80690212472, "requests_per_sec": 11.648947344318072}, "prompt_len": {"mean": 7577.567346938776, "min": 7495.0, "p0.1": 7496.876, "p1": 7516.0, "p5": 7532.0, "p10": 7542.0, "p25": 7557.0, "median": 7577.0, "p75": 7598.0, "p90": 7614.0, "p95": 7626.55, "p99": 7646.0, "p99.9": 7673.1860000000015, "max": 7676.0}, "output_len": {"mean": 924.643537414966, "min": 32.0, "p0.1": 32.0, "p1": 33.0, "p5": 131.8, "p10": 872.8, "p25": 990.0, "median": 997.0, "p75": 1000.0, "p90": 1000.0, "p95": 1000.0, "p99": 1000.0, "p99.9": 1001.0, "max": 1001.0}}, "failures": {"count": 0, "request_latency": null, "prompt_len": null}}