{"load_summary": {"count": 200, "schedule_delay": {"mean": 0.001160427830182016, "min": -0.0004593546036630869, "p0.1": -0.00043855966348201037, "p1": -0.0003014955495018512, "p5": 0.0001586711150594056, "p10": 0.0003439392428845168, "p25": 0.0005861238460056484, "median": 0.0009225778630934656, "p75": 0.0013541002990677953, "p90": 0.00185246798209846, "p95": 0.0020738601218909004, "p99": 0.007265840227482821, "p99.9": 0.01628057254338651, "max": 0.017982646357268095}, "send_duration": 19.41404936404433, "requested_rate": 10.0, "achieved_rate": 10.30181783561387}, "successes": {"count": 200, "latency": {"request_latency": {"mean": 27.065659854612313, "min": 25.255144065013155, "p0.1": 25.285895070533385, "p1": 25.600040351602946, "p5": 26.037628276168835, "p10": 26.2232980184257, "p25": 26.509248281479813, "median": 27.006442448473535, "p75": 27.575000759010436, "p90": 28.055463525583036, "p95": 28.327937521476997, "p99": 28.68579465518589, "p99.9": 28.699682519324007, "max": 28.70224213192705}, "normalized_time_per_output_token": {"mean": 0.04167950812995424, "min": 0.025409671730943956, "p0.1": 0.025447937746611773, "p1": 0.02568333332915183, "p5": 0.026146560929109375, "p10": 0.026357254136604176, "p25": 0.026715062145250545, "median": 0.027251101917755777, "p75": 0.027970585479889953, "p90": 0.02890447791801016, "p95": 0.03970260290566609, "p99": 0.53501610628841, "p99.9": 0.906085388028935, "max": 0.9353757061115984}, "time_per_output_token": {"mean": 0.013410022240978594, "min": 0.012508531323348315, "p0.1": 0.012523571794067379, "p1": 0.012628061867274018, "p5": 0.012891620586883729, "p10": 0.012972567627822671, "p25": 0.013134942745975708, "median": 0.013390161528734715, "p75": 0.013651189482406663, "p90": 0.013873528354299272, "p95": 0.013998102442379333, "p99": 0.0141523772808779, "p99.9": 0.014222948908848086, "max": 0.014240342247854176}, "time_to_first_token": {"mean": 0.16141006807854866, "min": 0.06123461597599089, "p0.1": 0.061488342583645134, "p1": 0.06318331899819896, "p5": 0.0702902747259941, "p10": 0.07575302101904527, "p25": 0.09360104997176677, "median": 0.16130585002247244, "p75": 0.17634947205078788, "p90": 0.25818298251833766, "p95": 0.31219528242945654, "p99": 0.4157868641999082, "p99.9": 0.5148944211942158, "max": 0.532209096942097}, "inter_token_latency": {"mean": 0.013410022240978592, "min": 2.366025000810623e-06, "p0.1": 2.882000873796642e-06, "p1": 1.4525954611599445e-05, "p5": 2.130400389432907e-05, "p10": 2.9413029551506042e-05, "p25": 4.450976848602295e-05, "median": 0.0003016665577888489, "p75": 0.02595261952956207, "p90": 0.026894278218969704, "p95": 0.02750620809965767, "p99": 0.03086037559900436, "p99.9": 0.11280313111550642, "max": 0.2861087640048936}}, "throughput": {"input_tokens_per_sec": 33299.2231661033, "output_tokens_per_sec": 4185.398291001414, "total_tokens_per_sec": 37484.62145710472, "requests_per_sec": 4.397350589411025}, "prompt_len": {"mean": 7572.565, "min": 7495.0, "p0.1": 7495.796, "p1": 7499.99, "p5": 7523.75, "p10": 7534.0, "p25": 7554.0, "median": 7572.0, "p75": 7592.0, "p90": 7610.0, "p95": 7623.0, "p99": 7639.01, "p99.9": 7646.408, "max": 7648.0}, "output_len": {"mean": 951.8, "min": 27.0, "p0.1": 28.393, "p1": 51.82, "p5": 698.7000000000002, "p10": 947.8, "p25": 992.0, "median": 998.0, "p75": 1000.0, "p90": 1000.0, "p95": 1000.0, "p99": 1001.03, "p99.9": 1032.8360000000007, "max": 1040.0}}, "failures": {"count": 0, "request_latency": null, "prompt_len": null}}