{"load_summary": {"count": 748, "schedule_delay": {"mean": 0.0007798122810162505, "min": -0.0008583801100030541, "p0.1": -0.0007872597768437118, "p1": -0.000442540185758844, "p5": -0.0002214848413132131, "p10": -6.242119707167144e-06, "p25": 0.00034115405287593603, "median": 0.0007260840502567589, "p75": 0.00112872727913782, "p90": 0.0014715414145030083, "p95": 0.0016682368877809495, "p99": 0.0020721977064386003, "p99.9": 0.011207752025454796, "max": 0.036058933241292834}, "send_duration": 36.90554466203321, "requested_rate": 22.0, "achieved_rate": 20.267957209408408}, "successes": {"count": 748, "latency": {"request_latency": {"mean": 38.26770767951985, "min": 32.44028390897438, "p0.1": 32.53082420909626, "p1": 32.90472332038917, "p5": 34.413475083879895, "p10": 35.072717549127994, "p25": 36.34274023107719, "median": 38.21415078849532, "p75": 39.52799779633642, "p90": 41.951984710840044, "p95": 43.93140811404445, "p99": 45.3486477031, "p99.9": 45.45710029035806, "max": 45.45962704101112}, "normalized_time_per_output_token": {"mean": 0.07152425303945642, "min": 0.03244028390897438, "p0.1": 0.03261455299250586, "p1": 0.03305376016369636, "p5": 0.03455296395042128, "p10": 0.03534746571414695, "p25": 0.03678863968808252, "median": 0.038506707119405036, "p75": 0.04081987544449435, "p90": 0.04503978456786136, "p95": 0.07155693478416443, "p99": 1.1492927044428682, "p99.9": 1.2786899155822766, "max": 1.5323578788805754}, "time_per_output_token": {"mean": 0.019012273761884184, "min": 0.016118368575187017, "p0.1": 0.016180983367281663, "p1": 0.016367211976298722, "p5": 0.01710183617545116, "p10": 0.017384474358791584, "p25": 0.018087813990709113, "median": 0.018989361732137455, "p75": 0.019613096042352823, "p90": 0.020783964650722218, "p95": 0.02177781839431766, "p99": 0.022532411218719274, "p99.9": 0.022601319698199198, "max": 0.02260181916939762}, "time_to_first_token": {"mean": 0.17315179609241, "min": 0.056148350005969405, "p0.1": 0.06035116627835668, "p1": 0.0663930241134949, "p5": 0.08541790122399107, "p10": 0.09435307746753097, "p25": 0.10933462501270697, "median": 0.13640607753768563, "p75": 0.1814355657552369, "p90": 0.3201101503684187, "p95": 0.40453622544300727, "p99": 0.6431958262971594, "p99.9": 0.7843019569505723, "max": 0.8159459189046174}, "inter_token_latency": {"mean": 0.019012273761884187, "min": 2.1849991753697395e-06, "p0.1": 3.051944077014923e-06, "p1": 1.214595977216959e-05, "p5": 1.7718994058668613e-05, "p10": 2.251099795103073e-05, "p25": 3.117474261671305e-05, "median": 0.0001190690090879798, "p75": 0.03761604899773374, "p90": 0.04305471073603258, "p95": 0.04528201938373967, "p99": 0.062060651667416186, "p99.9": 0.12761896873009773, "max": 1.7760399910621345}}, "throughput": {"input_tokens_per_sec": 74749.13318488645, "output_tokens_per_sec": 9313.581023530462, "total_tokens_per_sec": 84062.71420841692, "requests_per_sec": 9.864698518715775}, "prompt_len": {"mean": 7577.437165775401, "min": 7495.0, "p0.1": 7497.988, "p1": 7516.47, "p5": 7532.35, "p10": 7542.0, "p25": 7557.0, "median": 7577.0, "p75": 7598.0, "p90": 7614.0, "p95": 7626.0, "p99": 7645.53, "p99.9": 7671.518, "max": 7676.0}, "output_len": {"mean": 944.1323529411765, "min": 25.0, "p0.1": 30.229, "p1": 33.0, "p5": 536.95, "p10": 947.7, "p25": 991.0, "median": 997.0, "p75": 1000.0, "p90": 1000.0, "p95": 1000.0, "p99": 1000.0, "p99.9": 1001.253, "max": 1002.0}}, "failures": {"count": 0, "request_latency": null, "prompt_len": null}}