{"load_summary": {"count": 1518, "schedule_delay": {"mean": 0.0008053798881900523, "min": -0.0006656777113676071, "p0.1": -0.0006476216102018952, "p1": -0.0003538840590044856, "p5": -0.00013096699840389192, "p10": 4.571492318063983e-05, "p25": 0.00036096820258535445, "median": 0.000715932808816433, "p75": 0.0011156595719512552, "p90": 0.0014247096725739535, "p95": 0.0016361025802325458, "p99": 0.0020572360791265955, "p99.9": 0.010845918388690746, "max": 0.08397802128456533}, "send_duration": 33.77709312806837, "requested_rate": 46.0, "achieved_rate": 44.94170040756289}, "successes": {"count": 1466, "latency": {"request_latency": {"mean": 64.21985443677953, "min": 47.90457015600987, "p0.1": 48.002519782773454, "p1": 49.11051816652762, "p5": 50.331816603429615, "p10": 51.91899462149013, "p25": 55.91653037178912, "median": 59.906442091974895, "p75": 74.13945241077454, "p90": 77.12030083552236, "p95": 85.37028546095826, "p99": 88.38025558450609, "p99.9": 92.69787786188479, "max": 92.87367203703616}, "normalized_time_per_output_token": {"mean": 0.12542738792347757, "min": 0.024910898459480947, "p0.1": 0.02996700810227629, "p1": 0.048942802475846835, "p5": 0.050685240004565, "p10": 0.0525495237924815, "p25": 0.0567929371405957, "median": 0.0642679899321025, "p75": 0.07627617387911373, "p90": 0.08811742061801488, "p95": 0.1633347424281864, "p99": 2.137643264207823, "p99.9": 2.5088341456207988, "max": 2.678768200270662}, "time_per_output_token": {"mean": 0.031337912618028096, "min": 0.020249625033957754, "p0.1": 0.020255187302814455, "p1": 0.0211387513899014, "p5": 0.024613547282003594, "p10": 0.025263877811321316, "p25": 0.02746878104722316, "median": 0.02936013009322845, "p75": 0.035995826114440105, "p90": 0.038298649048735936, "p95": 0.03879118629637919, "p99": 0.04396922944268018, "p99.9": 0.04409635968017927, "max": 0.04410012983054952}, "time_to_first_token": {"mean": 1.4617270019085187, "min": 0.056911480030976236, "p0.1": 0.06045486041868571, "p1": 0.07229046862921677, "p5": 0.08732141528162174, "p10": 0.09648192749591544, "p25": 0.11386556227807887, "median": 0.14187442703405395, "p75": 0.176032434013905, "p90": 0.40275410597678274, "p95": 0.898809061065549, "p99": 37.668599276273724, "p99.9": 39.9983672556706, "max": 40.182579562067986}, "inter_token_latency": {"mean": 0.031337912618028096, "min": 2.2460008040070534e-06, "p0.1": 3.5840162308886647e-06, "p1": 1.256861141882837e-05, "p5": 1.9005034118890762e-05, "p10": 2.357794437557459e-05, "p25": 3.226497210562229e-05, "median": 0.00015616498421877623, "p75": 0.04794609852251597, "p90": 0.05920279445126653, "p95": 0.06741082470398396, "p99": 0.11044472288340336, "p99.9": 0.4017339230939981, "max": 39.720455487957224}}, "throughput": {"input_tokens_per_sec": 87867.40277818924, "output_tokens_per_sec": 10891.305913867574, "total_tokens_per_sec": 98758.70869205681, "requests_per_sec": 11.596130765040083}, "prompt_len": {"mean": 7577.303547066848, "min": 7495.0, "p0.1": 7496.86, "p1": 7515.65, "p5": 7532.0, "p10": 7542.0, "p25": 7557.0, "median": 7577.0, "p75": 7597.75, "p90": 7614.0, "p95": 7627.0, "p99": 7646.0, "p99.9": 7673.210000000001, "max": 7676.0}, "output_len": {"mean": 939.218963165075, "min": 26.0, "p0.1": 27.93, "p1": 33.0, "p5": 396.5, "p10": 928.5, "p25": 992.0, "median": 997.5, "p75": 1000.0, "p90": 1000.0, "p95": 1000.0, "p99": 1001.0, "p99.9": 1993.7450000000006, "max": 1998.0}}, "failures": {"count": 52, "request_latency": {"mean": 5.837850780060622, "min": 0.0050451799761503935, "p0.1": 0.02280463900929317, "p1": 0.18263977030757814, "p5": 0.7398730228305795, "p10": 1.1262440417776816, "p25": 2.970634386554593, "median": 5.227109839499462, "p75": 7.33607127648429, "p90": 11.984238886309322, "p95": 13.156239590403853, "p99": 19.992156347507848, "p99.9": 21.05542523367483, "max": 21.173566221026704}, "prompt_len": {"mean": 0.0, "min": 0.0, "p0.1": 0.0, "p1": 0.0, "p5": 0.0, "p10": 0.0, "p25": 0.0, "median": 0.0, "p75": 0.0, "p90": 0.0, "p95": 0.0, "p99": 0.0, "p99.9": 0.0, "max": 0.0}}}