{"load_summary": {"count": 1485, "schedule_delay": {"mean": 0.0007439829947690319, "min": -0.0008982601575553417, "p0.1": -0.0006289795711636543, "p1": -0.00039420780260115864, "p5": -0.0001492649083957076, "p10": 4.058009944856168e-05, "p25": 0.00037177850026637316, "median": 0.0007202880224213004, "p75": 0.0010992706520482898, "p90": 0.0014473976567387584, "p95": 0.0017055285163223742, "p99": 0.002212497140280905, "p99.9": 0.0031477158856578293, "max": 0.003541348036378622}, "send_duration": 27.027168679982424, "requested_rate": 55.0, "achieved_rate": 54.94471202600885}, "successes": {"count": 1485, "latency": {"request_latency": {"mean": 67.8011380948958, "min": 50.158850612002425, "p0.1": 50.305420413943004, "p1": 50.72152080968954, "p5": 52.3221014669165, "p10": 53.81616800827906, "p25": 57.28084773302544, "median": 67.31468563491944, "p75": 77.5217247720575, "p90": 83.21466180386489, "p95": 89.44008118018974, "p99": 91.24359220704075, "p99.9": 100.15705093675341, "max": 100.3310823449865}, "normalized_time_per_output_token": {"mean": 0.15249371301181155, "min": 0.026077538486444264, "p0.1": 0.050200005836182275, "p1": 0.05096882045533467, "p5": 0.05272652644252026, "p10": 0.05424077549556976, "p25": 0.058489464048063385, "median": 0.07126403546705842, "p75": 0.08151784193399363, "p90": 0.09198956871558982, "p95": 0.4014873889650968, "p99": 2.3361418624685464, "p99.9": 3.1530520817757908, "max": 3.3969063436670695}, "time_per_output_token": {"mean": 0.03364665629444961, "min": 0.024954187260861082, "p0.1": 0.024954275716682604, "p1": 0.025168572905303995, "p5": 0.02585285023372129, "p10": 0.026689443773222805, "p25": 0.028523976380330815, "median": 0.03327062361270258, "p75": 0.03858974437735024, "p90": 0.0412107576514645, "p95": 0.04414706610393119, "p99": 0.04531420645482749, "p99.9": 0.04902585917109507, "max": 0.049221072200351094}, "time_to_first_token": {"mean": 0.42330617417035754, "min": 0.06197674898430705, "p0.1": 0.06315668393438682, "p1": 0.07777417325414718, "p5": 0.08810522353742271, "p10": 0.09693352880422026, "p25": 0.11434591107536107, "median": 0.1405119850533083, "p75": 0.1754123899154365, "p90": 0.40228574576322024, "p95": 0.6837308868067339, "p99": 1.1238763398258036, "p99.9": 42.2935232721381, "max": 42.51909467403311}, "inter_token_latency": {"mean": 0.03364665629444961, "min": 2.1639280021190643e-06, "p0.1": 3.6014094948768615e-06, "p1": 1.2716976925730705e-05, "p5": 1.9091065041720867e-05, "p10": 2.3595057427883148e-05, "p25": 3.2332027330994606e-05, "median": 0.0001564410049468279, "p75": 0.04809484991710633, "p90": 0.06251919381320477, "p95": 0.07085371725261211, "p99": 0.10841474614571904, "p99.9": 0.6170829810993782, "max": 42.4018513119081}}, "throughput": {"input_tokens_per_sec": 88446.62628703962, "output_tokens_per_sec": 10835.13848392295, "total_tokens_per_sec": 99281.76477096256, "requests_per_sec": 11.67223841031961}, "prompt_len": {"mean": 7577.520538720539, "min": 7495.0, "p0.1": 7496.936, "p1": 7516.0, "p5": 7532.2, "p10": 7542.0, "p25": 7557.0, "median": 7577.0, "p75": 7598.0, "p90": 7614.0, "p95": 7626.8, "p99": 7646.0, "p99.9": 7673.0960000000005, "max": 7676.0}, "output_len": {"mean": 928.2828282828283, "min": 22.0, "p0.1": 24.0, "p1": 33.0, "p5": 154.60000000000002, "p10": 904.4, "p25": 990.0, "median": 997.0, "p75": 1000.0, "p90": 1000.0, "p95": 1000.0, "p99": 1000.0, "p99.9": 1001.5160000000001, "max": 1998.0}}, "failures": {"count": 0, "request_latency": null, "prompt_len": null}}