{"load_summary": {"count": 1508, "schedule_delay": {"mean": 0.000755639731963054, "min": -0.0008742610225453973, "p0.1": -0.0006399480967083945, "p1": -0.0004102960776071996, "p5": -0.00012108272057957948, "p10": 3.088538069278007e-05, "p25": 0.0003512696421239525, "median": 0.000749321945477277, "p75": 0.0011150050559081137, "p90": 0.0014693158213049172, "p95": 0.00168454791419208, "p99": 0.0022659011627547444, "p99.9": 0.0031380449890858206, "max": 0.003927920246496797}, "send_duration": 28.876955001964234, "requested_rate": 52.0, "achieved_rate": 52.2215725272081}, "successes": {"count": 1508, "latency": {"request_latency": {"mean": 67.20483992893783, "min": 48.14295057102572, "p0.1": 48.22580579638446, "p1": 48.9526870394405, "p5": 50.747229900455565, "p10": 52.16949628161965, "p25": 56.72010438598227, "median": 65.63205787399784, "p75": 79.0008187534695, "p90": 81.91746061932062, "p95": 90.06117596630938, "p99": 96.3378983039632, "p99.9": 100.82858339956752, "max": 100.93954184197355}, "normalized_time_per_output_token": {"mean": 0.13248283535694372, "min": 0.02871897259810557, "p0.1": 0.029606470049072492, "p1": 0.04907965070832795, "p5": 0.05101737957161968, "p10": 0.05256217619170603, "p25": 0.05784182599672931, "median": 0.07005418647432234, "p75": 0.08105688641666887, "p90": 0.0916969822106068, "p95": 0.20527479532496065, "p99": 2.250742992075053, "p99.9": 2.9506200073774496, "max": 3.001550112372368}, "time_per_output_token": {"mean": 0.033225735695807564, "min": 0.023968794699600046, "p0.1": 0.023995159340066498, "p1": 0.024172527488748798, "p5": 0.02507890381065822, "p10": 0.025782958542801736, "p25": 0.028246758117578222, "median": 0.03195352945677486, "p75": 0.038839179157580915, "p90": 0.04065637039744399, "p95": 0.04240778924871481, "p99": 0.045896549245861215, "p99.9": 0.046033742049091574, "max": 0.046068889245836304}, "time_to_first_token": {"mean": 0.6691144162164298, "min": 0.06365139596164227, "p0.1": 0.06413335444999393, "p1": 0.07421996071469039, "p5": 0.08634239795501344, "p10": 0.09386601967271418, "p25": 0.11133331703604199, "median": 0.14043546398170292, "p75": 0.17345470970030874, "p90": 0.3161753201042301, "p95": 0.6179214768169904, "p99": 40.45357095103712, "p99.9": 42.27509304636335, "max": 42.40523817704525}, "inter_token_latency": {"mean": 0.03322573569580756, "min": 2.2579915821552277e-06, "p0.1": 3.5625481978058816e-06, "p1": 1.2575997970998287e-05, "p5": 1.8660951172932983e-05, "p10": 2.3404019884765148e-05, "p25": 3.234599716961384e-05, "median": 0.00015574152348563075, "p75": 0.04816529795061797, "p90": 0.06158912389073521, "p95": 0.07092222054488956, "p99": 0.11399097630637699, "p99.9": 0.4776332218690261, "max": 42.43385488400236}}, "throughput": {"input_tokens_per_sec": 88127.97846099807, "output_tokens_per_sec": 10947.32567480128, "total_tokens_per_sec": 99075.30413579935, "requests_per_sec": 11.630370878010934}, "prompt_len": {"mean": 7577.400530503979, "min": 7495.0, "p0.1": 7497.028, "p1": 7516.07, "p5": 7532.0, "p10": 7542.0, "p25": 7557.0, "median": 7577.0, "p75": 7598.0, "p90": 7614.0, "p95": 7626.65, "p99": 7645.93, "p99.9": 7672.9580000000005, "max": 7676.0}, "output_len": {"mean": 941.2705570291777, "min": 22.0, "p0.1": 25.028, "p1": 33.0, "p5": 309.300000000001, "p10": 946.0, "p25": 991.0, "median": 997.0, "p75": 1000.0, "p90": 1000.0, "p95": 1000.0, "p99": 1000.0, "p99.9": 1998.4930000000002, "max": 1999.0}}, "failures": {"count": 0, "request_latency": null, "prompt_len": null}}