{"load_summary": {"count": 1548, "schedule_delay": {"mean": 0.0015663294956684882, "min": -0.0006922816392034292, "p0.1": -0.0006524965392891317, "p1": -0.00039991613244637846, "p5": -0.00010973238386213777, "p10": 6.501259049400694e-05, "p25": 0.00036602793261408806, "median": 0.0007479068008251488, "p75": 0.0011269787210039794, "p90": 0.0015192357474006707, "p95": 0.0017330986971501258, "p99": 0.003065603083232417, "p99.9": 0.13844492703198988, "max": 0.1408194744726643}, "send_duration": 36.494293457013555, "requested_rate": 43.0, "achieved_rate": 42.41759062477484}, "successes": {"count": 1548, "latency": {"request_latency": {"mean": 65.32254245489854, "min": 46.765580992912874, "p0.1": 46.970985512730316, "p1": 47.95097113673692, "p5": 49.32473879106692, "p10": 50.952295713522474, "p25": 55.15945764252683, "median": 64.41843983653234, "p75": 76.71163360070204, "p90": 81.66383905285038, "p95": 87.13336968728109, "p99": 90.73542220952571, "p99.9": 95.2456785339414, "max": 95.34773434803355}, "normalized_time_per_output_token": {"mean": 0.1321811096808451, "min": 0.0, "p0.1": 0.026667316495912006, "p1": 0.04816014651921532, "p5": 0.04963652467277716, "p10": 0.051559566983257775, "p25": 0.0564218432782572, "median": 0.06660245556010957, "p75": 0.07856321801182832, "p90": 0.0900397192529519, "p95": 0.1726242343548753, "p99": 2.070513692396623, "p99.9": 2.90222690513554, "max": 3.51269553815946}, "time_per_output_token": {"mean": 0.03090680664836094, "min": 0.0218312854247716, "p0.1": 0.021845643299956353, "p1": 0.021984532550411894, "p5": 0.023793841659106307, "p10": 0.024436060694247152, "p25": 0.026296949201911713, "median": 0.02891489431931768, "p75": 0.03475114896611975, "p90": 0.03979619784957391, "p95": 0.04088439905376843, "p99": 0.04496500884809684, "p99.9": 0.045236566832850406, "max": 0.04528050726735271}, "time_to_first_token": {"mean": 3.4256553043895166, "min": 0.05789755401201546, "p0.1": 0.062442625399678944, "p1": 0.07409714157693088, "p5": 0.08978414706652985, "p10": 0.09842189212795348, "p25": 0.11548097018385306, "median": 0.14802558592054993, "p75": 0.20621812375611626, "p90": 26.523943560232865, "p95": 31.20092159668565, "p99": 37.55349247986567, "p99.9": 39.07844179034805, "max": 39.51305999804754}, "inter_token_latency": {"mean": 0.03090680664836094, "min": 2.1759187802672386e-06, "p0.1": 3.4079421311616898e-06, "p1": 1.2616044841706753e-05, "p5": 1.903402153402567e-05, "p10": 2.3777945898473263e-05, "p25": 3.276800271123648e-05, "median": 0.00014920096145942807, "p75": 0.04847811651416123, "p90": 0.05857260799966753, "p95": 0.0653191040153615, "p99": 0.11235207420773775, "p99.9": 0.4876563271382047, "max": 39.31932278594468}}, "throughput": {"input_tokens_per_sec": 89499.43330321564, "output_tokens_per_sec": 11067.43147390147, "total_tokens_per_sec": 100566.86477711712, "requests_per_sec": 11.8114945918738}, "prompt_len": {"mean": 7577.3165374677, "min": 7495.0, "p0.1": 7497.188, "p1": 7516.0, "p5": 7532.0, "p10": 7542.0, "p25": 7557.0, "median": 7577.0, "p75": 7598.0, "p90": 7614.0, "p95": 7626.0, "p99": 7645.53, "p99.9": 7672.718000000001, "max": 7676.0}, "output_len": {"mean": 937.0051679586563, "min": 0.0, "p0.1": 23.0, "p1": 33.0, "p5": 357.70000000000005, "p10": 933.4000000000001, "p25": 991.0, "median": 997.0, "p75": 1000.0, "p90": 1000.0, "p95": 1000.0, "p99": 1000.0, "p99.9": 1452.2820000002007, "max": 1999.0}}, "failures": {"count": 0, "request_latency": null, "prompt_len": null}}