{"load_summary": {"count": 750, "schedule_delay": {"mean": 0.0007542112378093104, "min": -0.0006120200268924236, "p0.1": -0.0005846937004243955, "p1": -0.0004115622234530747, "p5": -0.00014135644887574016, "p10": 6.049133371561769e-05, "p25": 0.00035822237259708345, "median": 0.0007447943789884448, "p75": 0.0011363312660250813, "p90": 0.0014465389307588342, "p95": 0.00171129964874126, "p99": 0.0020889148663263764, "p99.9": 0.0026025389521382963, "max": 0.002779926173388958}, "send_duration": 31.228231161949225, "requested_rate": 25.0, "achieved_rate": 24.01673012187303}, "successes": {"count": 750, "latency": {"request_latency": {"mean": 39.35615448379067, "min": 34.154296798980795, "p0.1": 34.16135024812003, "p1": 34.675715222826696, "p5": 35.699839060311206, "p10": 36.25274633517256, "p25": 37.53259023374994, "median": 39.04337646358181, "p75": 40.14939972074353, "p90": 43.92624300438911, "p95": 45.69286446773331, "p99": 46.985041896257314, "p99.9": 47.05733633662085, "max": 47.062756541068666}, "normalized_time_per_output_token": {"mean": 0.10721213564382912, "min": 0.018356582850917593, "p0.1": 0.019062793970249705, "p1": 0.03471620826287053, "p5": 0.035729283234597266, "p10": 0.0364715523073236, "p25": 0.037876784533058525, "median": 0.03936022842901181, "p75": 0.04182560524751898, "p90": 0.047115272269074325, "p95": 0.1465921109162956, "p99": 1.2179897246871039, "p99.9": 6.1928522825536705, "max": 7.873241589195095}, "time_per_output_token": {"mean": 0.019558215427122435, "min": 0.016953327735631855, "p0.1": 0.016975820813542708, "p1": 0.017235593298853987, "p5": 0.017680847196316025, "p10": 0.018035414125096624, "p25": 0.01865607738177916, "median": 0.019410911342838892, "p75": 0.01991620508009749, "p90": 0.021874144540793415, "p95": 0.022666676320047856, "p99": 0.023366806775648338, "p99.9": 0.023408481422243922, "max": 0.023411608791083047}, "time_to_first_token": {"mean": 0.16886394293916723, "min": 0.06892392400186509, "p0.1": 0.07091704971541185, "p1": 0.0774030371569097, "p5": 0.08600583944935351, "p10": 0.09148902737069875, "p25": 0.10459015352535062, "median": 0.12563778652111068, "p75": 0.17272960671107285, "p90": 0.31252696150913845, "p95": 0.445206018339376, "p99": 0.6572508669400121, "p99.9": 0.7305668285799938, "max": 0.7525815219851211}, "inter_token_latency": {"mean": 0.019558215427122435, "min": 2.134009264409542e-06, "p0.1": 3.011082299053669e-06, "p1": 1.2066438794136047e-05, "p5": 1.779396552592516e-05, "p10": 2.2657099179923534e-05, "p25": 3.1405012123286724e-05, "median": 0.00012433656957000494, "p75": 0.04026476197759621, "p90": 0.0439329570508562, "p95": 0.04596573921153322, "p99": 0.0559298433235381, "p99.9": 0.13704693133454462, "max": 12.117165901931003}}, "throughput": {"input_tokens_per_sec": 73024.56700154637, "output_tokens_per_sec": 9009.296881164915, "total_tokens_per_sec": 82033.86388271129, "requests_per_sec": 9.637095853441508}, "prompt_len": {"mean": 7577.445333333333, "min": 7495.0, "p0.1": 7497.996, "p1": 7516.49, "p5": 7532.0, "p10": 7542.0, "p25": 7557.0, "median": 7577.0, "p75": 7598.0, "p90": 7614.0, "p95": 7626.55, "p99": 7645.51, "p99.9": 7671.506, "max": 7676.0}, "output_len": {"mean": 934.856, "min": 5.0, "p0.1": 6.498, "p1": 32.0, "p5": 266.95000000000005, "p10": 941.6, "p25": 991.0, "median": 997.0, "p75": 1000.0, "p90": 1000.0, "p95": 1000.0, "p99": 1000.0, "p99.9": 1998.2510000000002, "max": 1999.0}}, "failures": {"count": 0, "request_latency": null, "prompt_len": null}}