{"load_summary": {"count": 60, "schedule_delay": {"mean": 0.0011198698135558515, "min": -0.0001899629132822156, "p0.1": -0.00018038375419564544, "p1": -9.417132241651416e-05, "p5": 0.0002111868117935956, "p10": 0.00033276197500526906, "p25": 0.0006637729820795357, "median": 0.0011465236311778426, "p75": 0.0013756214757449925, "p90": 0.0019502332084812223, "p95": 0.00198989228811115, "p99": 0.002248152095125987, "p99.9": 0.0023849610524484914, "max": 0.0024001620477065444}, "send_duration": 18.769300215994008, "requested_rate": 3.0, "achieved_rate": 3.196709483546531}, "successes": {"count": 60, "latency": {"request_latency": {"mean": 25.375621710364552, "min": 24.09787915099878, "p0.1": 24.105485819394815, "p1": 24.17394583495916, "p5": 24.553606655646583, "p10": 24.654699626390357, "p25": 25.08076079020975, "median": 25.34915802947944, "p75": 25.64260722149629, "p90": 26.00015593249118, "p95": 26.457061735523165, "p99": 26.55041673090658, "p99.9": 26.551295320862323, "max": 26.551392941968516}, "normalized_time_per_output_token": {"mean": 0.07147070505846406, "min": 0.024170390321964674, "p0.1": 0.024176583323334454, "p1": 0.02423232033566249, "p5": 0.0247067169638781, "p10": 0.024896207184365256, "p25": 0.02519800144619662, "median": 0.02558387142725191, "p75": 0.02597338899529914, "p90": 0.044620088534924836, "p95": 0.3613875643359032, "p99": 0.7599158229173661, "p99.9": 0.9260256527396689, "max": 0.944482300497699}, "time_per_output_token": {"mean": 0.012566324134753315, "min": 0.01192657337127219, "p0.1": 0.0119312218463531, "p1": 0.01197305812208128, "p5": 0.012161560147145025, "p10": 0.012214455718512245, "p25": 0.012431777848173627, "median": 0.012560998911558392, "p75": 0.012707253229784672, "p90": 0.012887612413930317, "p95": 0.013031972216884733, "p99": 0.01310634077625358, "p99.9": 0.013150975689187525, "max": 0.013155935123957962}, "time_to_first_token": {"mean": 0.17092749574415697, "min": 0.13195896102115512, "p0.1": 0.13206618862308095, "p1": 0.13303123704041353, "p5": 0.1374209787172731, "p10": 0.14156324649229646, "p25": 0.14981527123018168, "median": 0.15864098351448774, "p75": 0.1708946997532621, "p90": 0.22525493806460872, "p95": 0.24825443538138622, "p99": 0.3309514408244285, "p99.9": 0.342681081590825, "max": 0.3439843750093132}, "inter_token_latency": {"mean": 0.012566324134753315, "min": 2.6070047169923782e-06, "p0.1": 4.285093862563372e-06, "p1": 1.7367358086630702e-05, "p5": 3.048761282116175e-05, "p10": 3.920505987480283e-05, "p25": 4.830094985663891e-05, "median": 0.00033853150671347976, "p75": 0.024775450467132032, "p90": 0.025633701600600033, "p95": 0.02616459851851687, "p99": 0.027866280106827623, "p99.9": 0.10335762348677965, "max": 0.19819244393147528}}, "throughput": {"input_tokens_per_sec": 10325.86786771768, "output_tokens_per_sec": 1224.2643285612057, "total_tokens_per_sec": 11550.132196278884, "requests_per_sec": 1.363702955790817}, "prompt_len": {"mean": 7571.933333333333, "min": 7500.0, "p0.1": 7500.236, "p1": 7502.36, "p5": 7518.0, "p10": 7532.7, "p25": 7553.75, "median": 7575.5, "p75": 7590.75, "p90": 7607.0, "p95": 7611.15, "p99": 7623.5599999999995, "p99.9": 7632.0560000000005, "max": 7633.0}, "output_len": {"mean": 897.75, "min": 26.0, "p0.1": 26.826, "p1": 34.26, "p5": 73.45, "p10": 580.9000000000001, "p25": 991.0, "median": 997.0, "p75": 1000.0, "p90": 1000.0, "p95": 1000.0, "p99": 1000.41, "p99.9": 1000.941, "max": 1001.0}}, "failures": {"count": 0, "request_latency": null, "prompt_len": null}}