{"load_summary": {"count": 300, "schedule_delay": {"mean": 0.0010636380842576425, "min": -0.0005089838523417711, "p0.1": -0.00045687036612071096, "p1": -0.00022660369868390262, "p5": 0.00010300814756192267, "p10": 0.0002799230045638979, "p25": 0.0005922073032706976, "median": 0.0010533941676840186, "p75": 0.001512381451902911, "p90": 0.0018631737329997122, "p95": 0.0020217366167344154, "p99": 0.002429645339725539, "p99.9": 0.003331349543412231, "max": 0.003533375565893948}, "send_duration": 17.855529849999584, "requested_rate": 15.0, "achieved_rate": 16.801517654207668}, "successes": {"count": 300, "latency": {"request_latency": {"mean": 29.54775466924999, "min": 26.542978627956472, "p0.1": 26.623398901667564, "p1": 26.979499860857615, "p5": 27.359684283839307, "p10": 27.654480355081613, "p25": 28.357367568736663, "median": 29.527370770520065, "p75": 30.69931884223479, "p90": 31.36547023379244, "p95": 31.65296297525638, "p99": 31.990441121644107, "p99.9": 32.01420205102232, "max": 32.015261144028045}, "normalized_time_per_output_token": {"mean": 0.048696595795796785, "min": 0.026596170969896266, "p0.1": 0.02666068673336736, "p1": 0.02697949986085761, "p5": 0.027560961070743222, "p10": 0.027762578554717834, "p25": 0.0285962081155763, "median": 0.030096041578677186, "p75": 0.031138690163294087, "p90": 0.03200696386060283, "p95": 0.06023622342235738, "p99": 0.8163604546169086, "p99.9": 0.879959927771548, "max": 0.8908350235651596}, "time_per_output_token": {"mean": 0.014667477947995285, "min": 0.013148250133401878, "p0.1": 0.013184663858860723, "p1": 0.013356971048068364, "p5": 0.013559503275255878, "p10": 0.013735192534264766, "p25": 0.014053116999735854, "median": 0.014671839859322884, "p75": 0.015236745015989737, "p90": 0.015590178039173239, "p95": 0.015669002174612146, "p99": 0.015901114378546966, "p99.9": 0.01591342545655786, "max": 0.015913467616136504}, "time_to_first_token": {"mean": 0.12574632857344115, "min": 0.059252467937767506, "p0.1": 0.05997393672715407, "p1": 0.06290359064238146, "p5": 0.07058027583989315, "p10": 0.07313246174016967, "p25": 0.07917618579813279, "median": 0.09098154143430293, "p75": 0.17199633026029915, "p90": 0.19265798706328502, "p95": 0.27804250371991673, "p99": 0.39097267754958004, "p99.9": 0.44787291350553377, "max": 0.46158085705246776}, "inter_token_latency": {"mean": 0.014667477947995286, "min": 2.3170141503214836e-06, "p0.1": 2.8170179575681686e-06, "p1": 1.3410919345915317e-05, "p5": 2.0591961219906808e-05, "p10": 2.732197754085064e-05, "p25": 4.3304986320436e-05, "median": 0.00031031499383971095, "p75": 0.02803931778180413, "p90": 0.031214163440745325, "p95": 0.0319169883208815, "p99": 0.03510962816770191, "p99.9": 0.11818032518669562, "max": 0.30821380799170583}}, "throughput": {"input_tokens_per_sec": 48140.45226380333, "output_tokens_per_sec": 6005.106848871606, "total_tokens_per_sec": 54145.55911267494, "requests_per_sec": 6.355933173611023}, "prompt_len": {"mean": 7574.096666666666, "min": 7495.0, "p0.1": 7496.196, "p1": 7503.96, "p5": 7526.0, "p10": 7539.8, "p25": 7555.0, "median": 7575.0, "p75": 7592.0, "p90": 7610.0, "p95": 7618.25, "p99": 7639.01, "p99.9": 7647.402, "max": 7648.0}, "output_len": {"mean": 944.8033333333333, "min": 32.0, "p0.1": 32.299, "p1": 34.980000000000004, "p5": 499.9500000000001, "p10": 967.4, "p25": 991.75, "median": 997.0, "p75": 1000.0, "p90": 1000.0, "p95": 1000.0, "p99": 1000.0, "p99.9": 1000.701, "max": 1001.0}}, "failures": {"count": 0, "request_latency": null, "prompt_len": null}}