{"load_summary": {"count": 750, "schedule_delay": {"mean": 0.0012577567781942587, "min": -0.0002958885161206126, "p0.1": -0.0002796788642881438, "p1": -0.0001149764796718955, "p5": 0.00019922309438697995, "p10": 0.00038914042524993423, "p25": 0.0007654392684344202, "median": 0.0011706190998665988, "p75": 0.001615489600226283, "p90": 0.0021099242032505574, "p95": 0.0024910027452278876, "p99": 0.004286658019991589, "p99.9": 0.00714763195079295, "max": 0.007926824153400958}, "send_duration": 50.07445184595417, "requested_rate": 15.0, "achieved_rate": 14.977697655228495}, "successes": {"count": 750, "latency": {"request_latency": {"mean": 42.59669412620691, "min": 31.778716453001834, "p0.1": 31.9587249607055, "p1": 32.83086582605378, "p5": 34.70682391633163, "p10": 35.780805412319026, "p25": 39.42922091722721, "median": 42.98498812201433, "p75": 46.25377356799436, "p90": 48.08427439990919, "p95": 49.3488688612706, "p99": 52.009128495310435, "p99.9": 52.21589855582593, "max": 52.2185789369978}, "normalized_time_per_output_token": {"mean": 0.08218617093637427, "min": 0.03200273560221736, "p0.1": 0.03201495376715859, "p1": 0.03286316410163278, "p5": 0.034998766293107886, "p10": 0.03624519867204363, "p25": 0.0401677121956363, "median": 0.043445901970169225, "p75": 0.04747164338763603, "p90": 0.05203712562960282, "p95": 0.1350198026950103, "p99": 1.2890428375694807, "p99.9": 1.748053760769049, "max": 2.166686692407397}, "time_per_output_token": {"mean": 0.02088826524320054, "min": 0.01575608251475334, "p0.1": 0.015836919656204027, "p1": 0.016272425827869183, "p5": 0.017176667889054777, "p10": 0.017736428557574676, "p25": 0.019568385041096245, "median": 0.02121308576788633, "p75": 0.022341840229114576, "p90": 0.02338962232170888, "p95": 0.023831097168840003, "p99": 0.024833101884050964, "p99.9": 0.025608262109614966, "max": 0.025777584251850894}, "time_to_first_token": {"mean": 0.7119620333000397, "min": 0.15021872601937503, "p0.1": 0.15076130165264476, "p1": 0.1592439120961353, "p5": 0.16918559615733103, "p10": 0.17651272088987752, "p25": 0.19012955893413164, "median": 0.22535170847550035, "p75": 0.7649437162617687, "p90": 2.101041894522496, "p95": 2.810246945259859, "p99": 4.680035013154847, "p99.9": 5.023019907687092, "max": 5.023846241994761}, "inter_token_latency": {"mean": 0.02088826524320054, "min": 2.2989697754383087e-06, "p0.1": 2.635992132127285e-06, "p1": 8.585979230701923e-06, "p5": 1.8340005772188307e-05, "p10": 2.4742085952311754e-05, "p25": 4.0273997001349926e-05, "median": 0.00025915203150361776, "p75": 0.03639932072837837, "p90": 0.04302460988983513, "p95": 0.046112377574900165, "p99": 0.13040975248208272, "p99.9": 0.5308405834842723, "max": 0.5929487070534378}}, "throughput": {"input_tokens_per_sec": 65361.33562645268, "output_tokens_per_sec": 8060.084817630148, "total_tokens_per_sec": 73421.42044408283, "requests_per_sec": 8.62577461811923}, "prompt_len": {"mean": 7577.445333333333, "min": 7495.0, "p0.1": 7497.996, "p1": 7516.49, "p5": 7532.0, "p10": 7542.0, "p25": 7557.0, "median": 7577.0, "p75": 7598.0, "p90": 7614.0, "p95": 7626.55, "p99": 7645.51, "p99.9": 7671.506, "max": 7676.0}, "output_len": {"mean": 934.4186666666667, "min": 22.0, "p0.1": 22.749, "p1": 33.0, "p5": 312.00000000000017, "p10": 941.8, "p25": 991.0, "median": 997.0, "p75": 1000.0, "p90": 1000.0, "p95": 1000.0, "p99": 1000.0, "p99.9": 1001.7530000000003, "max": 1004.0}}, "failures": {"count": 0, "request_latency": null, "prompt_len": null}}