{"load_summary": {"count": 760, "schedule_delay": {"mean": 0.0010879355513392702, "min": -0.0002756030298769474, "p0.1": -0.0002719194219680503, "p1": -0.0001374335982836783, "p5": 8.050345350056887e-05, "p10": 0.0003429061616770923, "p25": 0.0006701075762975961, "median": 0.0010448450921103358, "p75": 0.0014412025338970125, "p90": 0.001826306129805744, "p95": 0.002198383008362725, "p99": 0.003145161191932851, "p99.9": 0.00453782623389273, "max": 0.004757008282467723}, "send_duration": 35.04372453200631, "requested_rate": 20.0, "achieved_rate": 21.687192504491726}, "successes": {"count": 760, "latency": {"request_latency": {"mean": 41.62308033821051, "min": 35.237371690920554, "p0.1": 35.23794334173412, "p1": 35.6059475135, "p5": 36.90646059090504, "p10": 37.66861751410179, "p25": 39.5437364797981, "median": 41.81048942898633, "p75": 43.6378128984652, "p90": 44.93189191087149, "p95": 46.33274043895071, "p99": 48.62277777885785, "p99.9": 48.69645161742031, "max": 48.72124760400038}, "normalized_time_per_output_token": {"mean": 0.11137033281828788, "min": 0.01968593742251443, "p0.1": 0.03154307355751205, "p1": 0.035664403362454807, "p5": 0.03716950535666411, "p10": 0.03800605820027263, "p25": 0.039941930094647894, "median": 0.04250121927087744, "p75": 0.04427568977227384, "p90": 0.048563431874685925, "p95": 0.21764467605511348, "p99": 1.279653682534802, "p99.9": 5.5002796230198605, "max": 16.212529573007487}, "time_per_output_token": {"mean": 0.020663245148192195, "min": 0.0175106131773873, "p0.1": 0.017527188866903173, "p1": 0.017677898995700696, "p5": 0.018321390549832284, "p10": 0.018651085715294807, "p25": 0.019632060312331938, "median": 0.020760410087721153, "p75": 0.02167896720916331, "p90": 0.022336839780187946, "p95": 0.02303127339720653, "p99": 0.024100680173132574, "p99.9": 0.02420567017459839, "max": 0.02423383876862147}, "time_to_first_token": {"mean": 0.1877036660209629, "min": 0.059113224036991596, "p0.1": 0.05926795076695271, "p1": 0.06474971644347534, "p5": 0.07556542363599875, "p10": 0.08064673048211261, "p25": 0.09500737744383514, "median": 0.18147869099630043, "p75": 0.21834426544955932, "p90": 0.3150504887918942, "p95": 0.38321982368361185, "p99": 0.6900618067046158, "p99.9": 1.0294229554751675, "max": 1.0440769479610026}, "inter_token_latency": {"mean": 0.020663245148192195, "min": 2.3030443117022514e-06, "p0.1": 2.663000486791134e-06, "p1": 6.964582717046141e-06, "p5": 1.8549966625869274e-05, "p10": 2.4938955903053284e-05, "p25": 3.943603951483965e-05, "median": 0.00025838351575657725, "p75": 0.0393988489813637, "p90": 0.044083359197247776, "p95": 0.04655728050856851, "p99": 0.13003959866706283, "p99.9": 0.23229015435511324, "max": 0.9751575529808179}}, "throughput": {"input_tokens_per_sec": 76094.67000636115, "output_tokens_per_sec": 9353.746677772087, "total_tokens_per_sec": 85448.41668413323, "requests_per_sec": 10.04251806478091}, "prompt_len": {"mean": 7577.25, "min": 7495.0, "p0.1": 7498.036, "p1": 7515.59, "p5": 7532.0, "p10": 7542.0, "p25": 7557.0, "median": 7577.0, "p75": 7597.0, "p90": 7614.0, "p95": 7626.05, "p99": 7645.41, "p99.9": 7671.446000000001, "max": 7676.0}, "output_len": {"mean": 931.4144736842105, "min": 3.0, "p0.1": 18.18, "p1": 33.0, "p5": 187.10000000000005, "p10": 947.6, "p25": 992.0, "median": 997.0, "p75": 1000.0, "p90": 1000.0, "p95": 1000.0, "p99": 1000.0, "p99.9": 1240.5540000000985, "max": 1995.0}}, "failures": {"count": 0, "request_latency": null, "prompt_len": null}}