{"load_summary": {"count": 1500, "schedule_delay": {"mean": 0.0007251930738954494, "min": -0.0008969096234068274, "p0.1": -0.0006543530341004953, "p1": -0.0004443312587682158, "p5": -0.00014971657074056566, "p10": 5.9699825942516345e-05, "p25": 0.0003578876203391701, "median": 0.0007099038339219987, "p75": 0.0010793407273013145, "p90": 0.0014262965298257769, "p95": 0.0016481678816489874, "p99": 0.0019406530424021184, "p99.9": 0.0024529819227755967, "max": 0.002991016022861004}, "send_duration": 24.801496253930964, "requested_rate": 60.0, "achieved_rate": 60.4802220254052}, "successes": {"count": 1500, "latency": {"request_latency": {"mean": 69.28802995621187, "min": 50.166068952996284, "p0.1": 50.22728719375306, "p1": 51.351309041976926, "p5": 52.651459667575544, "p10": 54.17225318066776, "p25": 58.16028268120135, "median": 67.87132042244775, "p75": 81.5854566427879, "p90": 84.86343540215167, "p95": 92.03753864662139, "p99": 99.53557129666557, "p99.9": 104.54241325122375, "max": 104.60345184605103}, "normalized_time_per_output_token": {"mean": 0.1771220628509276, "min": 0.030240161412662496, "p0.1": 0.0501807137137776, "p1": 0.05144643305751961, "p5": 0.052898206994848394, "p10": 0.05471426605812647, "p25": 0.05890721271392685, "median": 0.07312932218313663, "p75": 0.08351359269474051, "p90": 0.09386425370661704, "p95": 0.3509606623418133, "p99": 2.343801902692721, "p99.9": 3.2344067641179466, "max": 36.432127803971525}, "time_per_output_token": {"mean": 0.03450706984678345, "min": 0.02498118084660363, "p0.1": 0.0249895084314857, "p1": 0.025407348707563702, "p5": 0.025928596522473358, "p10": 0.026850915353231853, "p25": 0.02889911519116089, "median": 0.03382677489080988, "p75": 0.04068447176100237, "p90": 0.04230389466273833, "p95": 0.04591795685352873, "p99": 0.04962073083191158, "p99.9": 0.05211426637555735, "max": 0.05218099930131904}, "time_to_first_token": {"mean": 0.18830243061599322, "min": 0.060838006902486086, "p0.1": 0.06252631919377018, "p1": 0.07702152252546511, "p5": 0.08800307292258366, "p10": 0.09562456661369652, "p25": 0.11331756331492215, "median": 0.14044405450113118, "p75": 0.1751514855423011, "p90": 0.3141030233586208, "p95": 0.5438979201484467, "p99": 1.0070632013643626, "p99.9": 1.3601217845181293, "max": 1.390676814946346}, "inter_token_latency": {"mean": 0.03450706984678345, "min": 2.2870954126119614e-06, "p0.1": 3.626919351518154e-06, "p1": 1.2782984413206577e-05, "p5": 1.921399962157011e-05, "p10": 2.3730087559670213e-05, "p25": 3.247393760830164e-05, "median": 0.00015486747724935412, "p75": 0.04866512873559259, "p90": 0.06467103952309118, "p95": 0.0716204039461445, "p99": 0.11611526720807876, "p99.9": 0.6192012055483648, "max": 43.68626103096176}}, "throughput": {"input_tokens_per_sec": 87834.10655377853, "output_tokens_per_sec": 10805.181876968694, "total_tokens_per_sec": 98639.28843074723, "requests_per_sec": 11.591519659982838}, "prompt_len": {"mean": 7577.445333333333, "min": 7495.0, "p0.1": 7496.996, "p1": 7516.0, "p5": 7532.0, "p10": 7542.0, "p25": 7557.0, "median": 7577.0, "p75": 7598.0, "p90": 7614.0, "p95": 7627.0, "p99": 7646.0, "p99.9": 7673.006000000001, "max": 7676.0}, "output_len": {"mean": 932.1626666666667, "min": 2.0, "p0.1": 23.499, "p1": 32.0, "p5": 187.35000000000002, "p10": 916.9, "p25": 991.0, "median": 998.0, "p75": 1000.0, "p90": 1000.0, "p95": 1000.0, "p99": 1000.0, "p99.9": 1072.6390000000283, "max": 1999.0}}, "failures": {"count": 0, "request_latency": null, "prompt_len": null}}