{"load_summary": {"count": 735, "schedule_delay": {"mean": 0.0007360575793526408, "min": -0.000944649800658226, "p0.1": -0.0008724104915745556, "p1": -0.00036724196281284093, "p5": -8.074304787442087e-05, "p10": 7.107497658580543e-05, "p25": 0.0003783138236030936, "median": 0.0007102459203451872, "p75": 0.0010878436150960624, "p90": 0.0014326571254059672, "p95": 0.0016133459750562905, "p99": 0.0019240561663173112, "p99.9": 0.00287113061314454, "max": 0.0033788285218179226}, "send_duration": 21.679895967943594, "requested_rate": 35.0, "achieved_rate": 33.9023767035962}, "successes": {"count": 735, "latency": {"request_latency": {"mean": 41.24626553562394, "min": 36.59406980406493, "p0.1": 36.59918686224939, "p1": 37.209305290156045, "p5": 37.811436069128106, "p10": 38.519486201740804, "p25": 39.392881507461425, "median": 40.49768631195184, "p75": 42.25624502898427, "p90": 45.31833778815344, "p95": 47.22598043812904, "p99": 47.83555238080444, "p99.9": 50.42553210999703, "max": 50.66938585601747}, "normalized_time_per_output_token": {"mean": 0.06908975070556535, "min": 0.020273427566353457, "p0.1": 0.022157156631463767, "p1": 0.03721040454984876, "p5": 0.03796329385790394, "p10": 0.038724016229622064, "p25": 0.03973266846276519, "median": 0.04086039976069556, "p75": 0.043995530069212516, "p90": 0.047360086590610445, "p95": 0.05117458667902427, "p99": 1.209192309429635, "p99.9": 1.5111088259847916, "max": 1.6434863190439974}, "time_per_output_token": {"mean": 0.020485620214098978, "min": 0.01819854568462467, "p0.1": 0.018198929425784858, "p1": 0.018510736931007875, "p5": 0.018794800422876016, "p10": 0.019156023884459264, "p25": 0.01959021197951821, "median": 0.020120236776135714, "p75": 0.020931296822345485, "p90": 0.0225526719378179, "p95": 0.023233151576911814, "p99": 0.023812617477959718, "p99.9": 0.02510701310876812, "max": 0.025240697212859816}, "time_to_first_token": {"mean": 0.20328666360598996, "min": 0.06918484799098223, "p0.1": 0.0706020427402109, "p1": 0.07737411739770322, "p5": 0.08614486616570502, "p10": 0.09121086616069078, "p25": 0.10221342201111838, "median": 0.12528160703368485, "p75": 0.18218383350176737, "p90": 0.45239977620076416, "p95": 0.6448748209979385, "p99": 0.9873444033483966, "p99.9": 1.2149502661617018, "max": 1.2248334939358756}, "inter_token_latency": {"mean": 0.020485620214098978, "min": 2.140994183719158e-06, "p0.1": 3.0910286586731673e-06, "p1": 1.2533972039818764e-05, "p5": 1.8585938960313797e-05, "p10": 2.31950543820858e-05, "p25": 3.171805292367935e-05, "median": 0.00012698594946414232, "p75": 0.04234501800965518, "p90": 0.044743905984796585, "p95": 0.04602390835061669, "p99": 0.05036549386568361, "p99.9": 0.19416189936502992, "max": 16.565239134943113}}, "throughput": {"input_tokens_per_sec": 77082.03260113488, "output_tokens_per_sec": 9733.064411679956, "total_tokens_per_sec": 86815.09701281483, "requests_per_sec": 10.172358039619496}, "prompt_len": {"mean": 7577.597278911565, "min": 7495.0, "p0.1": 7497.936, "p1": 7516.34, "p5": 7533.0, "p10": 7542.0, "p25": 7557.0, "median": 7577.0, "p75": 7598.0, "p90": 7614.0, "p95": 7626.3, "p99": 7645.66, "p99.9": 7671.5960000000005, "max": 7676.0}, "output_len": {"mean": 956.8149659863946, "min": 23.0, "p0.1": 29.606, "p1": 34.0, "p5": 785.0000000000001, "p10": 967.0, "p25": 993.0, "median": 998.0, "p75": 1000.0, "p90": 1000.0, "p95": 1000.0, "p99": 1001.0, "p99.9": 1997.266, "max": 1998.0}}, "failures": {"count": 0, "request_latency": null, "prompt_len": null}}