{"load_summary": {"count": 1482, "schedule_delay": {"mean": 0.0007379519307449229, "min": -0.0009634090820327401, "p0.1": -0.0006872899326262995, "p1": -0.0004526471684221178, "p5": -0.00014824449899606407, "p10": 3.204058157280083e-05, "p25": 0.0003554461873136461, "median": 0.0007099584327079356, "p75": 0.0010944022214971483, "p90": 0.001445632928516716, "p95": 0.0016605110373348001, "p99": 0.002280425793724139, "p99.9": 0.0036762611073208975, "max": 0.0038294848054647446}, "send_duration": 25.817798096919432, "requested_rate": 57.0, "achieved_rate": 57.402261588560165}, "successes": {"count": 1482, "latency": {"request_latency": {"mean": 68.12994872968132, "min": 49.608995059039444, "p0.1": 49.764942786609055, "p1": 50.91278308320907, "p5": 51.84848599027028, "p10": 53.65640771933831, "p25": 57.48306731550838, "median": 67.12211934151128, "p75": 79.29245323804207, "p90": 84.02258475982818, "p95": 90.43111536946962, "p99": 92.67384569189527, "p99.9": 101.99159205939459, "max": 102.05580077599734}, "normalized_time_per_output_token": {"mean": 0.1543544442566951, "min": 0.02822082712857324, "p0.1": 0.033432862596460666, "p1": 0.051056766040200596, "p5": 0.05233161231256357, "p10": 0.05407861930996878, "p25": 0.058378470775933236, "median": 0.07116272466187398, "p75": 0.08148452699348961, "p90": 0.09204108479246251, "p95": 0.2991439205451853, "p99": 2.1811164196057518, "p99.9": 3.2243665066494325, "max": 14.272171855729539}, "time_per_output_token": {"mean": 0.0338549237585764, "min": 0.02468668635078668, "p0.1": 0.024695422001317833, "p1": 0.025221698554883154, "p5": 0.02561111966532172, "p10": 0.026614701247948368, "p25": 0.028621499577199973, "median": 0.0332973627811079, "p75": 0.039431983607557966, "p90": 0.041709522157436243, "p95": 0.04478719693745651, "p99": 0.04591078956407655, "p99.9": 0.05023879409889171, "max": 0.05037355844727552}, "time_to_first_token": {"mean": 0.33515792961134017, "min": 0.06367049703840166, "p0.1": 0.07016154339932837, "p1": 0.08075238765217364, "p5": 0.09065854802029208, "p10": 0.09754348885035143, "p25": 0.11348318977979943, "median": 0.1399966609897092, "p75": 0.17634331667795777, "p90": 0.3400520894094372, "p95": 0.6023268958902918, "p99": 1.0397340875561352, "p99.9": 42.85889194007537, "max": 42.95494892296847}, "inter_token_latency": {"mean": 0.0338549237585764, "min": 2.1030427888035774e-06, "p0.1": 3.549485467374325e-06, "p1": 1.2686941772699356e-05, "p5": 1.9026920199394226e-05, "p10": 2.367096021771431e-05, "p25": 3.248103894293308e-05, "median": 0.00015648850239813328, "p75": 0.048212018504273146, "p90": 0.0630413259845227, "p95": 0.07101792072062381, "p99": 0.11105293480097311, "p99.9": 0.6200949297268002, "max": 42.8551490950631}}, "throughput": {"input_tokens_per_sec": 87852.56020913474, "output_tokens_per_sec": 10842.698005964148, "total_tokens_per_sec": 98695.25821509889, "requests_per_sec": 11.593774310990877}, "prompt_len": {"mean": 7577.56342780027, "min": 7495.0, "p0.1": 7496.924, "p1": 7516.0, "p5": 7532.05, "p10": 7542.0, "p25": 7557.0, "median": 7577.0, "p75": 7598.0, "p90": 7614.0, "p95": 7626.95, "p99": 7646.0, "p99.9": 7673.114000000001, "max": 7676.0}, "output_len": {"mean": 935.2172739541161, "min": 4.0, "p0.1": 23.481, "p1": 33.0, "p5": 178.49999999999997, "p10": 938.1, "p25": 991.0, "median": 997.0, "p75": 1000.0, "p90": 1000.0, "p95": 1000.0, "p99": 1000.0, "p99.9": 1997.0, "max": 1999.0}}, "failures": {"count": 0, "request_latency": null, "prompt_len": null}}