{"load_summary": {"count": 225, "schedule_delay": {"mean": 0.0014187766389093465, "min": -0.00015603326028212905, "p0.1": -0.00015345023898407818, "p1": -4.36024600639939e-05, "p5": 0.00043800573330372573, "p10": 0.0005949661252088845, "p25": 0.0009735138155519962, "median": 0.0013469535624608397, "p75": 0.0018351779435761273, "p90": 0.0024180570733733473, "p95": 0.0027182100573554632, "p99": 0.003030591327697038, "p99.9": 0.0031405990961939105, "max": 0.003161253174766898}, "send_duration": 24.93777170800604, "requested_rate": 9.0, "achieved_rate": 9.022458086251781}, "successes": {"count": 225, "latency": {"request_latency": {"mean": 43.43573752641781, "min": 32.46031255199341, "p0.1": 32.46315764230071, "p1": 32.610474753221496, "p5": 34.03948327761609, "p10": 34.77341230398743, "p25": 38.154639231041074, "median": 43.867133161984384, "p75": 48.68455407500733, "p90": 52.404357016435824, "p95": 52.62580602837261, "p99": 54.405197986238626, "p99.9": 55.2163840198447, "max": 55.35832542000571}, "normalized_time_per_output_token": {"mean": 0.04485143760922478, "min": 0.03244057327473339, "p0.1": 0.032472656571916746, "p1": 0.03271105594077072, "p5": 0.034489539818046984, "p10": 0.0351865392765111, "p25": 0.03921386734593501, "median": 0.045311654897799584, "p75": 0.050073522152835045, "p90": 0.05312476580773656, "p95": 0.05534225963015679, "p99": 0.06426852483700249, "p99.9": 0.06745177361135585, "max": 0.06800487862027609}, "time_per_output_token": {"mean": 0.02004967465983219, "min": 0.016059627867568385, "p0.1": 0.01605973679291481, "p1": 0.016186674559878222, "p5": 0.01688456378770929, "p10": 0.01715027245258082, "p25": 0.017774118523227227, "median": 0.019318371965019995, "p75": 0.02217599327287598, "p90": 0.024374819891535438, "p95": 0.025203994988021197, "p99": 0.02624727402487467, "p99.9": 0.02704286748086867, "max": 0.027227812820596612}, "time_to_first_token": {"mean": 3.2567114260911736, "min": 0.1629111270303838, "p0.1": 0.16324984011380003, "p1": 0.16489714229945093, "p5": 0.17451235280605032, "p10": 0.19471461338689552, "p25": 1.326643321022857, "median": 3.0617368840030394, "p75": 5.255949839018285, "p90": 6.254091553390026, "p95": 6.794132006610743, "p99": 7.962313165145459, "p99.9": 9.021962824943946, "max": 9.151479083986487}, "inter_token_latency": {"mean": 0.02004967465983219, "min": 2.0919833332300186e-06, "p0.1": 3.767233807593584e-06, "p1": 1.3659009709954262e-05, "p5": 1.9559008069336415e-05, "p10": 2.4528009817004204e-05, "p25": 3.910798113793135e-05, "median": 0.00020245101768523455, "p75": 0.03423649398609996, "p90": 0.0352948531974107, "p95": 0.03586105500580743, "p99": 0.052716215448454125, "p99.9": 0.6167761196787473, "max": 0.6666347869904712}}, "throughput": {"input_tokens_per_sec": 35553.5991455383, "output_tokens_per_sec": 3678.6314301139278, "total_tokens_per_sec": 39232.230575652226, "requests_per_sec": 3.785050219850708}, "prompt_len": {"mean": 9393.164444444445, "min": 9329.0, "p0.1": 9330.792, "p1": 9339.0, "p5": 9352.2, "p10": 9359.0, "p25": 9374.0, "median": 9394.0, "p75": 9413.0, "p90": 9425.0, "p95": 9430.0, "p99": 9460.52, "p99.9": 9478.88, "max": 9480.0}, "output_len": {"mean": 971.8844444444444, "min": 768.0, "p0.1": 770.016, "p1": 787.44, "p5": 832.4, "p10": 885.0, "p25": 972.0, "median": 1000.0, "p75": 1001.0, "p90": 1001.0, "p95": 1001.0, "p99": 1001.0, "p99.9": 1054.7680000000007, "max": 1070.0}}, "failures": {"count": 0, "request_latency": null, "prompt_len": null}}