{"load_summary": {"count": 1500, "schedule_delay": {"mean": 0.0008741201208904385, "min": -0.0007303957245312631, "p0.1": -0.0006005213897442445, "p1": -0.0003482973697828129, "p5": -3.642422962002456e-05, "p10": 0.00013352538226172329, "p25": 0.0004924902168568224, "median": 0.0008838330104481429, "p75": 0.0012537927977973595, "p90": 0.0015883811749517918, "p95": 0.0017690118111204356, "p99": 0.002086912475642748, "p99.9": 0.002524994265229931, "max": 0.002958298020530492}, "send_duration": 59.97498993296176, "requested_rate": 25.0, "achieved_rate": 25.010425206851302}, "successes": {"count": 1500, "latency": {"request_latency": {"mean": 83.35696805918403, "min": 53.628189707989804, "p0.1": 54.137742825813184, "p1": 54.96223937996372, "p5": 61.00081096853537, "p10": 65.2794576847169, "p25": 75.84382394776912, "median": 84.3795162520255, "p75": 93.81709875822708, "p90": 99.043298576487, "p95": 100.59654846169579, "p99": 102.49425127882918, "p99.9": 102.73813280005736, "max": 102.7656734129996}, "normalized_time_per_output_token": {"mean": 0.08735343021315213, "min": 0.0541401378771213, "p0.1": 0.054412667491118547, "p1": 0.05603009734663354, "p5": 0.06209409351191957, "p10": 0.06743301421875944, "p25": 0.07761032678681815, "median": 0.08649400368981347, "p75": 0.0970874381367666, "p90": 0.10277317492669089, "p95": 0.11061338142797496, "p99": 0.12533859274284764, "p99.9": 0.16032148057764736, "max": 0.37845437175123037}, "time_per_output_token": {"mean": 0.03972045546907723, "min": 0.02495746189206052, "p0.1": 0.024964763314558464, "p1": 0.027142540462694584, "p5": 0.0293011489248785, "p10": 0.030246026384617333, "p25": 0.03472379996026899, "median": 0.039520052654166846, "p75": 0.04433373327598762, "p90": 0.049300360761661166, "p95": 0.050104080472476144, "p99": 0.05108104159851398, "p99.9": 0.051168188290153425, "max": 0.05119575812343577}, "time_to_first_token": {"mean": 3.8186248333867017, "min": 0.0686000720015727, "p0.1": 0.07004519683931722, "p1": 0.08112469961401075, "p5": 0.09589757176872808, "p10": 0.10500643276027403, "p25": 0.13460044126259163, "median": 0.17632395500550047, "p75": 0.25437281421909574, "p90": 17.342073221621106, "p95": 24.85803599944629, "p99": 38.91543037189113, "p99.9": 42.86717987668836, "max": 43.014925461029634}, "inter_token_latency": {"mean": 0.03972045546907723, "min": 2.080050762742758e-06, "p0.1": 4.099506419152021e-06, "p1": 1.247902400791645e-05, "p5": 1.7226033378392458e-05, "p10": 2.1870015189051628e-05, "p25": 3.1988020054996014e-05, "median": 0.00021198051399551332, "p75": 0.06887109873059671, "p90": 0.08698707346338778, "p95": 0.09498030568647663, "p99": 0.14156037993845444, "p99.9": 0.36799691499583537, "max": 42.9996967749903}}, "throughput": {"input_tokens_per_sec": 92526.11501466115, "output_tokens_per_sec": 9470.112629338177, "total_tokens_per_sec": 101996.22764399933, "requests_per_sec": 9.849761850087969}, "prompt_len": {"mean": 9393.741333333333, "min": 9329.0, "p0.1": 9329.0, "p1": 9339.0, "p5": 9352.0, "p10": 9359.0, "p25": 9375.0, "median": 9395.0, "p75": 9413.0, "p90": 9425.0, "p95": 9430.0, "p99": 9467.0, "p99.9": 9480.0, "max": 9480.0}, "output_len": {"mean": 961.456, "min": 209.0, "p0.1": 550.447, "p1": 742.98, "p5": 801.0, "p10": 858.9, "p25": 960.0, "median": 997.0, "p75": 1001.0, "p90": 1001.0, "p95": 1001.0, "p99": 1002.0, "p99.9": 1012.0060000000012, "max": 1031.0}}, "failures": {"count": 0, "request_latency": null, "prompt_len": null}}