{"load_summary": {"count": 2400, "schedule_delay": {"mean": 0.0013016726412509645, "min": -0.0013387787039391696, "p0.1": -0.0006645405695890076, "p1": -0.0002802695072023198, "p5": 5.273473798297346e-05, "p10": 0.0002317554084584117, "p25": 0.0005299078038660809, "median": 0.0009056746494024992, "p75": 0.0012670542491832748, "p90": 0.001593569607939571, "p95": 0.001812562867416998, "p99": 0.002177223720354957, "p99.9": 0.13894987212703575, "max": 0.14163140393793583}, "send_duration": 59.98892681696452, "requested_rate": 40.0, "achieved_rate": 40.007383484668274}, "successes": {"count": 2287, "latency": {"request_latency": {"mean": 132.07445851324283, "min": 68.62518240098143, "p0.1": 69.07714151395555, "p1": 70.75360210954561, "p5": 74.16951830852194, "p10": 79.50295140681555, "p25": 93.52657622451079, "median": 140.79169292701408, "p75": 165.77574607549468, "p90": 171.50573905779748, "p95": 184.18321847273037, "p99": 186.48655805864954, "p99.9": 188.5242812732406, "max": 188.63356101402314}, "normalized_time_per_output_token": {"mean": 0.13752650596362218, "min": 0.0686445765185182, "p0.1": 0.06917991183899509, "p1": 0.07105778823371796, "p5": 0.07572007538022163, "p10": 0.08172267857645718, "p25": 0.09917785955885136, "median": 0.14350258731398358, "p75": 0.16843333140008743, "p90": 0.18425519189434306, "p95": 0.1903764589452126, "p99": 0.21731601340851064, "p99.9": 0.3089285591995487, "max": 0.36035151796720644}, "time_per_output_token": {"mean": 0.06116212766641942, "min": 0.03422771132684828, "p0.1": 0.03444656658664484, "p1": 0.03528790785011073, "p5": 0.036370742419001664, "p10": 0.039652402131636254, "p25": 0.0466227418603329, "median": 0.06470201052725896, "p75": 0.07114158708520216, "p90": 0.07649657186546616, "p95": 0.08345437724628063, "p99": 0.09127444158075317, "p99.9": 0.09250421463964874, "max": 0.09258876421837543}, "time_to_first_token": {"mean": 9.63417558892604, "min": 0.07125069398898631, "p0.1": 0.07234685014223215, "p1": 0.08239576338091865, "p5": 0.10561554569285363, "p10": 0.12071902501629665, "p25": 0.16418513949611224, "median": 0.24302696401719004, "p75": 0.40824635449098423, "p90": 47.78540956261568, "p95": 51.304019555682316, "p99": 57.71404332145465, "p99.9": 59.50168132639173, "max": 59.826571203011554}, "inter_token_latency": {"mean": 0.06116212766641943, "min": 2.0490260794758797e-06, "p0.1": 5.551314796321094e-06, "p1": 1.3154000043869019e-05, "p5": 1.8008332699537293e-05, "p10": 2.2674037609249353e-05, "p25": 3.285804996266961e-05, "median": 0.0002477079979144037, "p75": 0.07461237147799693, "p90": 0.12409508344717324, "p95": 0.14242081971024165, "p99": 0.19788196058361768, "p99.9": 0.6288249448056095, "max": 68.86270673299441}}, "throughput": {"input_tokens_per_sec": 86423.24848367026, "output_tokens_per_sec": 8880.637483655315, "total_tokens_per_sec": 95303.88596732558, "requests_per_sec": 9.200219394063351}, "prompt_len": {"mean": 9393.60734586795, "min": 9329.0, "p0.1": 9329.0, "p1": 9339.0, "p5": 9353.0, "p10": 9359.0, "p25": 9375.0, "median": 9395.0, "p75": 9413.0, "p90": 9424.4, "p95": 9430.0, "p99": 9467.0, "p99.9": 9480.0, "max": 9480.0}, "output_len": {"mean": 965.2636641888937, "min": 441.0, "p0.1": 524.006, "p1": 744.86, "p5": 804.0, "p10": 863.0, "p25": 970.0, "median": 1000.0, "p75": 1001.0, "p90": 1001.0, "p95": 1001.0, "p99": 1002.0, "p99.9": 1012.4280000000008, "max": 1153.0}}, "failures": {"count": 113, "request_latency": {"mean": 185.36179354961135, "min": 179.95811985101318, "p0.1": 179.96988837823972, "p1": 180.07195221944946, "p5": 180.3074013945763, "p10": 181.3318524620263, "p25": 182.18150065501686, "median": 185.4203046479961, "p75": 188.01709506002953, "p90": 189.72339712256797, "p95": 190.15840426640352, "p99": 191.4272742601391, "p99.9": 191.44019640089945, "max": 191.44026220100932}, "prompt_len": {"mean": 0.0, "min": 0.0, "p0.1": 0.0, "p1": 0.0, "p5": 0.0, "p10": 0.0, "p25": 0.0, "median": 0.0, "p75": 0.0, "p90": 0.0, "p95": 0.0, "p99": 0.0, "p99.9": 0.0, "max": 0.0}}}