{"load_summary": {"count": 300, "schedule_delay": {"mean": 0.0011305626714602113, "min": -0.0007143768016248941, "p0.1": -0.0006953566889860667, "p1": -0.0003514472534880042, "p5": 7.173220801632857e-05, "p10": 0.00022355993860401213, "p25": 0.0005596096452791244, "median": 0.0008437482465524226, "p75": 0.0012370275071589276, "p90": 0.0015752961102407429, "p95": 0.0017703268298646436, "p99": 0.0022359722573310117, "p99.9": 0.044878475574602485, "max": 0.05282085406361148}, "send_duration": 59.874967948009726, "requested_rate": 5.0, "achieved_rate": 5.010441095525834}, "successes": {"count": 300, "latency": {"request_latency": {"mean": 30.851215970451012, "min": 26.3851000770228, "p0.1": 26.41921927318536, "p1": 27.067983902878478, "p5": 27.602657466725212, "p10": 27.933696935197805, "p25": 29.612207165453583, "median": 30.980025044002105, "p75": 32.35970833749161, "p90": 33.09818982311408, "p95": 33.7710612462688, "p99": 33.971853237726606, "p99.9": 33.99697237423144, "max": 34.00106365402462}, "normalized_time_per_output_token": {"mean": 0.032244813332000216, "min": 0.02635874133568711, "p0.1": 0.02639282644673862, "p1": 0.027072263187597985, "p5": 0.027875276840332662, "p10": 0.028739428329485943, "p25": 0.03005567285416244, "median": 0.031838628141165934, "p75": 0.033624094119078504, "p90": 0.03640057977117535, "p95": 0.038471133787075056, "p99": 0.042275545233723774, "p99.9": 0.04601872959948686, "max": 0.04709288594740252}, "time_per_output_token": {"mean": 0.015336675864630618, "min": 0.013107269751120951, "p0.1": 0.013128967958177487, "p1": 0.013457565646845094, "p5": 0.013728650211040846, "p10": 0.01388929043253914, "p25": 0.01472366608396314, "median": 0.015404822593701465, "p75": 0.01608123238592939, "p90": 0.016456319619045673, "p95": 0.016795891977671853, "p99": 0.016897238657545024, "p99.9": 0.01690227676475414, "max": 0.01690299318190422}, "time_to_first_token": {"mean": 0.10953023440592612, "min": 0.0692629279801622, "p0.1": 0.06943255456496263, "p1": 0.07028162077302114, "p5": 0.07782459917361848, "p10": 0.0828075636876747, "p25": 0.09184637098223902, "median": 0.10188232798827812, "p75": 0.11579334300768096, "p90": 0.16308402522117832, "p95": 0.176151062027202, "p99": 0.18858516832813618, "p99.9": 0.2531328270677481, "max": 0.25802075199317187}, "inter_token_latency": {"mean": 0.015336675864630618, "min": 2.163986209779978e-06, "p0.1": 3.9482886786572634e-06, "p1": 1.3887009117752314e-05, "p5": 1.8785009160637856e-05, "p10": 2.450987230986357e-05, "p25": 4.002900095656514e-05, "median": 0.00018146948423236609, "p75": 0.03127543447772041, "p90": 0.032487166300415996, "p95": 0.03303973019937984, "p99": 0.03664568994019648, "p99.9": 0.10781235966133013, "max": 0.15217903902521357}}, "throughput": {"input_tokens_per_sec": 31607.509575978907, "output_tokens_per_sec": 3235.700754313131, "total_tokens_per_sec": 34843.21033029204, "requests_per_sec": 3.364598523758312}, "prompt_len": {"mean": 9394.14, "min": 9329.0, "p0.1": 9331.392, "p1": 9339.0, "p5": 9353.0, "p10": 9360.0, "p25": 9375.0, "median": 9395.0, "p75": 9413.25, "p90": 9425.0, "p95": 9430.0, "p99": 9467.08, "p99.9": 9480.0, "max": 9480.0}, "output_len": {"mean": 961.69, "min": 722.0, "p0.1": 727.382, "p1": 751.93, "p5": 809.7, "p10": 858.0, "p25": 958.0, "median": 994.5, "p75": 1001.0, "p90": 1001.0, "p95": 1001.0, "p99": 1002.03, "p99.9": 1010.9070000000002, "max": 1013.0}}, "failures": {"count": 0, "request_latency": null, "prompt_len": null}}