{"load_summary": {"count": 900, "schedule_delay": {"mean": 0.0009091269225528877, "min": -0.0005007432773709297, "p0.1": -0.0004820281317224726, "p1": -0.00032818880572449416, "p5": -2.8728251345455635e-05, "p10": 0.00014414616161957384, "p25": 0.0004696292890002951, "median": 0.0008718208409845829, "p75": 0.001258822827367112, "p90": 0.0015952717745676638, "p95": 0.0017813187732826914, "p99": 0.0020840640558162705, "p99.9": 0.012453661899316347, "max": 0.02165184635668993}, "send_duration": 59.947793408005964, "requested_rate": 15.0, "achieved_rate": 15.013063014256101}, "successes": {"count": 900, "latency": {"request_latency": {"mean": 51.68055318085205, "min": 36.417638053011615, "p0.1": 36.46526261840819, "p1": 36.9677026235027, "p5": 42.15971909032669, "p10": 44.28211290985346, "p25": 48.64905541474582, "median": 53.06756495698937, "p75": 55.63025200100674, "p90": 56.716414087673186, "p95": 57.031843148573536, "p99": 57.13728860842122, "p99.9": 57.170915839491066, "max": 57.174980204959866}, "normalized_time_per_output_token": {"mean": 0.054202024497394065, "min": 0.036446809614406106, "p0.1": 0.0366269820274973, "p1": 0.03833562307002341, "p5": 0.043334712504305824, "p10": 0.04593100069707521, "p25": 0.049566459964168134, "median": 0.05425065400845264, "p75": 0.05689573085923023, "p90": 0.06064190804664288, "p95": 0.06625387407815765, "p99": 0.07435580115237375, "p99.9": 0.12222586367710268, "max": 0.27337148548087076}, "time_per_output_token": {"mean": 0.025722208840186032, "min": 0.01813509413341376, "p0.1": 0.018158215150515147, "p1": 0.018398782550585344, "p5": 0.02100075286982118, "p10": 0.022060583629605262, "p25": 0.024174278179394906, "median": 0.026415287605195334, "p75": 0.027696165722888907, "p90": 0.02824079665298195, "p95": 0.0284064716008279, "p99": 0.02845996925161821, "p99.9": 0.028472915190399822, "max": 0.028474698595704742}, "time_to_first_token": {"mean": 0.15557476539552834, "min": 0.07032382802572101, "p0.1": 0.07050951736635762, "p1": 0.0775179098919034, "p5": 0.08612103929626755, "p10": 0.09379468117258512, "p25": 0.11147983922273852, "median": 0.13807255402207375, "p75": 0.16508890200930182, "p90": 0.18835278009646572, "p95": 0.2057775978784775, "p99": 0.8530605050927256, "p99.9": 1.227770822828118, "max": 1.2766808359883726}, "inter_token_latency": {"mean": 0.025722208840186032, "min": 2.0589795894920826e-06, "p0.1": 4.011915414594114e-06, "p1": 1.2622971553355455e-05, "p5": 1.741998130455613e-05, "p10": 2.2043997887521982e-05, "p25": 3.2935000490397215e-05, "median": 0.0002031665062531829, "p75": 0.05453455027600285, "p90": 0.059142962214536965, "p95": 0.0617008120752871, "p99": 0.07592430274002256, "p99.9": 0.11336363406537593, "max": 0.6209658089792356}}, "throughput": {"input_tokens_per_sec": 79517.7679439014, "output_tokens_per_sec": 8156.701649339136, "total_tokens_per_sec": 87674.46959324054, "requests_per_sec": 8.464821138791132}, "prompt_len": {"mean": 9393.91, "min": 9329.0, "p0.1": 9329.0, "p1": 9339.0, "p5": 9352.95, "p10": 9360.0, "p25": 9375.0, "median": 9395.0, "p75": 9413.25, "p90": 9425.0, "p95": 9430.0, "p99": 9467.0, "p99.9": 9480.0, "max": 9480.0}, "output_len": {"mean": 963.6, "min": 208.0, "p0.1": 482.195, "p1": 674.95, "p5": 804.95, "p10": 856.9, "p25": 969.0, "median": 1000.0, "p75": 1001.0, "p90": 1001.0, "p95": 1001.0, "p99": 1002.0, "p99.9": 1047.3410000000272, "max": 1264.0}}, "failures": {"count": 0, "request_latency": null, "prompt_len": null}}