{"load_summary": {"count": 120, "schedule_delay": {"mean": 0.0009915046578195567, "min": -0.0005653005791828036, "p0.1": -0.0005636966159800067, "p1": -0.0005190358863910661, "p5": 0.00010256938112434001, "p10": 0.0003487825160846114, "p25": 0.0006828616606071591, "median": 0.0009947858343366534, "p75": 0.0013362895115278661, "p90": 0.0016275146743282684, "p95": 0.0018549073371104895, "p99": 0.002116041561821476, "p99.9": 0.0022063038849737507, "max": 0.0022145785624161363}, "send_duration": 59.01830753003014, "requested_rate": 2.0, "achieved_rate": 2.0332673880717556}, "successes": {"count": 120, "latency": {"request_latency": {"mean": 25.581646605120234, "min": 24.203793963999487, "p0.1": 24.20709758762282, "p1": 24.264483100032084, "p5": 24.569388315538525, "p10": 24.854490384832026, "p25": 25.09699133572576, "median": 25.70247899647802, "p75": 26.08482656023989, "p90": 26.396566125628308, "p95": 26.563220948376692, "p99": 26.58520501510473, "p99.9": 26.589285768233704, "max": 26.58966048399452}, "normalized_time_per_output_token": {"mean": 0.026883650047484994, "min": 0.02420379396399949, "p0.1": 0.024227720659015177, "p1": 0.024426643064596527, "p5": 0.02472456436299641, "p10": 0.024973949772230424, "p25": 0.025404101220690912, "median": 0.0260259794630588, "p75": 0.0271844305998499, "p90": 0.029761385185394958, "p95": 0.03217117352025907, "p99": 0.034084277586525644, "p99.9": 0.04721211791356166, "max": 0.04897285742771957}, "time_per_output_token": {"mean": 0.01270927223369003, "min": 0.012020821912536004, "p0.1": 0.012022928768286752, "p1": 0.012048530151647143, "p5": 0.01220507545605314, "p10": 0.01234591256635185, "p25": 0.012468292769503666, "median": 0.012768385753619426, "p75": 0.012963040785102495, "p90": 0.013131575215241822, "p95": 0.013206763900456896, "p99": 0.013214507332341436, "p99.9": 0.013216940319610014, "max": 0.013217232915035718}, "time_to_first_token": {"mean": 0.0979382437246386, "min": 0.06865926197497174, "p0.1": 0.06872061920928536, "p1": 0.06920470830402337, "p5": 0.07660335489199496, "p10": 0.07847947276895866, "p25": 0.0836229194974294, "median": 0.09126365699921735, "p75": 0.09664031598367728, "p90": 0.1028516342106741, "p95": 0.10629264052258804, "p99": 0.34051335343683653, "p99.9": 0.5632914711932565, "max": 0.5876266600098461}, "inter_token_latency": {"mean": 0.01270927223369003, "min": 2.3199827410280704e-06, "p0.1": 4.364834167063236e-06, "p1": 1.6097037587314844e-05, "p5": 2.3121011327020825e-05, "p10": 3.52680217474699e-05, "p25": 4.317995626479387e-05, "median": 0.00014292501145973802, "p75": 0.025262345749069937, "p90": 0.02642479120986536, "p95": 0.02696156195597723, "p99": 0.02831663744931575, "p99.9": 0.037498025683860896, "max": 0.57412085699616}}, "throughput": {"input_tokens_per_sec": 13541.989781646209, "output_tokens_per_sec": 1383.0465865970823, "total_tokens_per_sec": 14925.03636824329, "requests_per_sec": 1.441599555197348}, "prompt_len": {"mean": 9393.725, "min": 9337.0, "p0.1": 9337.238, "p1": 9340.71, "p5": 9358.9, "p10": 9361.9, "p25": 9374.0, "median": 9393.0, "p75": 9412.25, "p90": 9424.1, "p95": 9429.05, "p99": 9461.11, "p99.9": 9478.453, "max": 9480.0}, "output_len": {"mean": 959.3833333333333, "min": 526.0, "p0.1": 553.37, "p1": 756.95, "p5": 799.95, "p10": 846.7, "p25": 957.0, "median": 998.5, "p75": 1001.0, "p90": 1001.0, "p95": 1001.0, "p99": 1001.81, "p99.9": 1028.4300000000005, "max": 1032.0}}, "failures": {"count": 0, "request_latency": null, "prompt_len": null}}