{"load_summary": {"count": 1200, "schedule_delay": {"mean": 0.00096829204732785, "min": -0.0006778690731152892, "p0.1": -0.0006644468272570521, "p1": -0.0003746977809350938, "p5": -7.048074621706996e-07, "p10": 0.00019321599393151703, "p25": 0.0005116531392559409, "median": 0.0009055584960151464, "p75": 0.0012349690514383838, "p90": 0.0015511245990637694, "p95": 0.001729277020785957, "p99": 0.0020665312389610336, "p99.9": 0.032154761457061344, "max": 0.052219418284948915}, "send_duration": 59.998592145042494, "requested_rate": 20.0, "achieved_rate": 20.000469295997515}, "successes": {"count": 1200, "latency": {"request_latency": {"mean": 67.534591756078, "min": 42.425482350052334, "p0.1": 42.88242378960666, "p1": 45.93983812663588, "p5": 51.438043026588275, "p10": 56.1013986838283, "p25": 64.15121568775794, "median": 69.00189042199054, "p75": 73.15625890724186, "p90": 75.63681361266644, "p95": 77.39354203240654, "p99": 78.03492617641983, "p99.9": 78.10269359792763, "max": 78.12997251295019}, "normalized_time_per_output_token": {"mean": 0.0701864459365855, "min": 0.04324480688216674, "p0.1": 0.04432263967660142, "p1": 0.04645951835352753, "p5": 0.05195121564440252, "p10": 0.05767682858848886, "p25": 0.06520207520516058, "median": 0.07073740211798576, "p75": 0.07543977931368112, "p90": 0.08010604571677846, "p95": 0.08565675448207037, "p99": 0.09342304905052405, "p99.9": 0.1315015087693895, "max": 0.1400816861945721}, "time_per_output_token": {"mean": 0.03363731053327337, "min": 0.02113473577713333, "p0.1": 0.021360407570592137, "p1": 0.022890685781452993, "p5": 0.02562545732450918, "p10": 0.02795574870660144, "p25": 0.03191750956496965, "median": 0.03438627107196249, "p75": 0.03644544920250624, "p90": 0.03769000902709582, "p95": 0.0385498037119268, "p99": 0.03888744737315747, "p99.9": 0.03891075888284871, "max": 0.038911707684666945}, "time_to_first_token": {"mean": 0.1715201344687375, "min": 0.06879714800743386, "p0.1": 0.0719347760170931, "p1": 0.08028713126434013, "p5": 0.0906710793147795, "p10": 0.09861477047088556, "p25": 0.11965894501190633, "median": 0.15256554598454386, "p75": 0.1915300699911313, "p90": 0.22557646010536703, "p95": 0.24321633386134633, "p99": 0.4468365541653474, "p99.9": 2.969858717989709, "max": 3.129173693014309}, "inter_token_latency": {"mean": 0.03363731053327337, "min": 2.1460000425577164e-06, "p0.1": 4.550423531327397e-06, "p1": 1.2681004591286182e-05, "p5": 1.7596001271158457e-05, "p10": 2.2245978470891714e-05, "p25": 3.249204019084573e-05, "median": 0.00022142351372167468, "p75": 0.06730786753178108, "p90": 0.07943389987922274, "p95": 0.0889997608028352, "p99": 0.12460073505935691, "p99.9": 0.23312986680684888, "max": 24.09937827201793}}, "throughput": {"input_tokens_per_sec": 84667.95911877668, "output_tokens_per_sec": 8718.097926600462, "total_tokens_per_sec": 93386.05704537714, "requests_per_sec": 9.013244116222944}, "prompt_len": {"mean": 9393.7275, "min": 9329.0, "p0.1": 9329.0, "p1": 9339.0, "p5": 9352.0, "p10": 9359.0, "p25": 9375.0, "median": 9395.0, "p75": 9413.0, "p90": 9425.0, "p95": 9430.0, "p99": 9467.0, "p99.9": 9480.0, "max": 9480.0}, "output_len": {"mean": 967.2541666666667, "min": 514.0, "p0.1": 535.97, "p1": 750.99, "p5": 807.0, "p10": 874.8, "p25": 970.0, "median": 1000.0, "p75": 1001.0, "p90": 1001.0, "p95": 1001.0, "p99": 1002.0, "p99.9": 1017.806000000001, "max": 1159.0}}, "failures": {"count": 0, "request_latency": null, "prompt_len": null}}