{"load_summary": {"count": 480, "schedule_delay": {"mean": 0.0008910074965873112, "min": -0.0010457027237862349, "p0.1": -0.000879482937627472, "p1": -0.0003354348993161693, "p5": 1.1726372758857912e-05, "p10": 0.00022718461113981907, "p25": 0.00053847384697292, "median": 0.0008972589275799692, "p75": 0.0012680275976890698, "p90": 0.001571738754864782, "p95": 0.0016705072048353031, "p99": 0.0020270888053346417, "p99.9": 0.0022235856273328013, "max": 0.002263638947624713}, "send_duration": 59.78873544203816, "requested_rate": 8.0, "achieved_rate": 8.02826814200366}, "successes": {"count": 480, "latency": {"request_latency": {"mean": 36.17361500511761, "min": 29.89622942096321, "p0.1": 29.90923521989939, "p1": 30.080952681574853, "p5": 31.13620532238856, "p10": 32.306879133096665, "p25": 34.17123553271813, "median": 36.49165213498054, "p75": 38.28873863798799, "p90": 39.8508398087637, "p95": 40.249093387965694, "p99": 40.61324425616069, "p99.9": 40.634943413960634, "max": 40.6470322550158}, "normalized_time_per_output_token": {"mean": 0.037603875109933474, "min": 0.029866363057905305, "p0.1": 0.029873181155374615, "p1": 0.030290427570400826, "p5": 0.031963645369470564, "p10": 0.032836864061277865, "p25": 0.034928716090213294, "median": 0.03740121592494959, "p75": 0.03977368184902562, "p90": 0.041840423135004565, "p95": 0.04562962745406678, "p99": 0.05081220262677013, "p99.9": 0.062137313198287344, "max": 0.06893245620342141}, "time_per_output_token": {"mean": 0.017993417116560575, "min": 0.014872965631193887, "p0.1": 0.014874261965324233, "p1": 0.014961223292517591, "p5": 0.015435387914554264, "p10": 0.016058086666514978, "p25": 0.016997350817851104, "median": 0.01815470038207019, "p75": 0.019045242209017203, "p90": 0.019827294286459393, "p95": 0.020023650415966914, "p99": 0.020215929669683153, "p99.9": 0.020230756676509778, "max": 0.020233823984013362}, "time_to_first_token": {"mean": 0.11536961463122376, "min": 0.06757031701272354, "p0.1": 0.07020694903866388, "p1": 0.07510052210011053, "p5": 0.08372634790430311, "p10": 0.0879644817148801, "p25": 0.09699997249117587, "median": 0.10877825549687259, "p75": 0.12540606973925605, "p90": 0.14066829969524408, "p95": 0.16117686187790212, "p99": 0.2664181074086805, "p99.9": 0.35307823652704373, "max": 0.36140333698131144}, "inter_token_latency": {"mean": 0.017993417116560575, "min": 2.088025212287903e-06, "p0.1": 3.764987923204899e-06, "p1": 1.2949982192367315e-05, "p5": 1.7615966498851776e-05, "p10": 2.2308959160000086e-05, "p25": 3.634102176874876e-05, "median": 0.00019056201563216746, "p75": 0.03482725549838506, "p90": 0.04046536196838133, "p95": 0.0412784969288623, "p99": 0.050320618512923826, "p99.9": 0.10512607229099405, "max": 0.29033059696666896}}, "throughput": {"input_tokens_per_sec": 49131.104900915976, "output_tokens_per_sec": 5057.914681273045, "total_tokens_per_sec": 54189.019582189016, "requests_per_sec": 5.230420486958546}, "prompt_len": {"mean": 9393.3375, "min": 9329.0, "p0.1": 9329.0, "p1": 9339.0, "p5": 9352.0, "p10": 9359.0, "p25": 9374.0, "median": 9395.0, "p75": 9413.0, "p90": 9425.0, "p95": 9430.0, "p99": 9467.0, "p99.9": 9480.0, "max": 9480.0}, "output_len": {"mean": 967.01875, "min": 516.0, "p0.1": 588.808, "p1": 747.95, "p5": 803.95, "p10": 875.9, "p25": 972.0, "median": 1000.0, "p75": 1001.0, "p90": 1001.0, "p95": 1001.0, "p99": 1002.0, "p99.9": 1013.6050000000004, "max": 1016.0}}, "failures": {"count": 0, "request_latency": null, "prompt_len": null}}