{"load_summary": {"count": 9525, "schedule_delay": {"mean": 0.0010358406158269254, "min": -0.0013387787039391696, "p0.1": -0.000706156161148101, "p1": -0.0003343753213994205, "p5": 1.4538597315549858e-05, "p10": 0.00018940088339149951, "p25": 0.0005265154759399593, "median": 0.0009037391864694655, "p75": 0.0012690305011346936, "p90": 0.001601076871156693, "p95": 0.0018092417274601753, "p99": 0.0022007883316837286, "p99.9": 0.047846627406547854, "max": 0.14163140393793583}}, "successes": {"count": 9412, "latency": {"request_latency": {"mean": 84.9657597328044, "min": 24.203793963999487, "p0.1": 24.802020540099242, "p1": 26.101053012919728, "p5": 32.817079860303785, "p10": 37.42875418440671, "p25": 54.017349401532556, "median": 77.46067870550905, "p75": 114.07149597078387, "p90": 146.20016289741034, "p95": 168.1085203196999, "p99": 184.60842271407716, "p99.9": 187.24927102481257, "max": 188.63356101402314}, "normalized_time_per_output_token": {"mean": 0.08859177920093718, "min": 0.02420379396399949, "p0.1": 0.024896079074872863, "p1": 0.027128308385511172, "p5": 0.03406514043648848, "p10": 0.03849159578238457, "p25": 0.05551681792406393, "median": 0.08068496884537162, "p75": 0.11654716023136326, "p90": 0.1510349534261661, "p95": 0.16981021923486764, "p99": 0.19619404390950945, "p99.9": 0.2474986986676636, "max": 0.5587410905574393}, "time_per_output_token": {"mean": 0.040195997262097036, "min": 0.012020821912536004, "p0.1": 0.012321274456443501, "p1": 0.012969763913445048, "p5": 0.016321081876634506, "p10": 0.018446426304304035, "p25": 0.02676495814843059, "median": 0.037387624251634596, "p75": 0.050457736523485966, "p90": 0.0670846073507289, "p95": 0.07281692218383831, "p99": 0.08500959237391856, "p99.9": 0.09215574637624543, "max": 0.09258876421837543}, "time_to_first_token": {"mean": 4.478213987922684, "min": 0.06465240597026423, "p0.1": 0.06929128288989887, "p1": 0.07781124770117458, "p5": 0.08914489296439569, "p10": 0.09800637098378502, "p25": 0.11952428403310478, "median": 0.1661810140358284, "p75": 0.25326877550105564, "p90": 18.286683640198316, "p95": 41.726629851190914, "p99": 52.070213407509726, "p99.9": 58.982216618601505, "max": 59.826571203011554}, "inter_token_latency": {"mean": 0.040195997262097036, "min": 2.0490260794758797e-06, "p0.1": 4.265981260687113e-06, "p1": 1.2842996511608362e-05, "p5": 1.7718994058668613e-05, "p10": 2.239999594166875e-05, "p25": 3.328698221594095e-05, "median": 0.0002155934926122427, "p75": 0.06161122700723354, "p90": 0.08765200074412863, "p95": 0.10946980920562054, "p99": 0.15690155826567215, "p99.9": 0.3908311293381853, "max": 68.86270673299441}}, "throughput": {"input_tokens_per_sec": 65496.94427167562, "output_tokens_per_sec": 6729.861859090291, "total_tokens_per_sec": 72226.80613076591, "requests_per_sec": 6.972434730175836}, "prompt_len": {"mean": 9393.697726306842, "min": 9329.0, "p0.1": 9329.0, "p1": 9339.0, "p5": 9352.0, "p10": 9359.0, "p25": 9375.0, "median": 9395.0, "p75": 9413.0, "p90": 9425.0, "p95": 9430.0, "p99": 9467.0, "p99.9": 9480.0, "max": 9480.0}, "output_len": {"mean": 965.2097322566935, "min": 208.0, "p0.1": 514.0, "p1": 747.0, "p5": 806.0, "p10": 867.0, "p25": 969.0, "median": 999.0, "p75": 1001.0, "p90": 1001.0, "p95": 1001.0, "p99": 1002.0, "p99.9": 1021.356000000007, "max": 1617.0}}, "failures": {"count": 113, "request_latency": {"mean": 185.36179354961135, "min": 179.95811985101318, "p0.1": 179.96988837823972, "p1": 180.07195221944946, "p5": 180.3074013945763, "p10": 181.3318524620263, "p25": 182.18150065501686, "median": 185.4203046479961, "p75": 188.01709506002953, "p90": 189.72339712256797, "p95": 190.15840426640352, "p99": 191.4272742601391, "p99.9": 191.44019640089945, "max": 191.44026220100932}, "prompt_len": {"mean": 0.0, "min": 0.0, "p0.1": 0.0, "p1": 0.0, "p5": 0.0, "p10": 0.0, "p25": 0.0, "median": 0.0, "p75": 0.0, "p90": 0.0, "p95": 0.0, "p99": 0.0, "p99.9": 0.0, "max": 0.0}}}