{"load_summary": {"count": 2400, "schedule_delay": {"mean": 0.0006703753262748554, "min": -0.001093064434826374, "p0.1": -0.000878569875843823, "p1": -0.0005298673396464437, "p5": -0.00024623054778203366, "p10": -6.448073545470833e-05, "p25": 0.00025299251137766987, "median": 0.000632916227914393, "p75": 0.0010171920584980398, "p90": 0.0013695439381990581, "p95": 0.0015473231498617675, "p99": 0.00195617747667711, "p99.9": 0.01137028048827814, "max": 0.018140447151381522}, "send_duration": 59.97588383901166, "requested_rate": 40.0, "achieved_rate": 40.01608390535974}, "successes": {"count": 2399, "latency": {"request_latency": {"mean": 15.869576041093643, "min": 1.160347702971194, "p0.1": 1.2281485777660273, "p1": 2.7567615420324727, "p5": 6.130935077590403, "p10": 8.357380786014255, "p25": 11.674209617485758, "median": 17.42858357098885, "p75": 20.551982707489515, "p90": 21.731269632000476, "p95": 22.476876885385717, "p99": 23.546843368038534, "p99.9": 24.527296276434548, "max": 24.831625121005345}, "normalized_time_per_output_token": {"mean": 0.5172228214506235, "min": 0.03920216983815114, "p0.1": 0.040026680681595365, "p1": 0.08892779167846686, "p5": 0.19845981106214644, "p10": 0.27465632951690727, "p25": 0.37792525983945047, "median": 0.5652670403867359, "p75": 0.6666766916450504, "p90": 0.7129675218197067, "p95": 0.7326191728104493, "p99": 0.799152534716695, "p99.9": 0.9798136740746558, "max": 1.3868944701898727}, "time_per_output_token": {"mean": 0.20016861536849, "min": 0.012071133257948884, "p0.1": 0.012788894947481175, "p1": 0.015983238006329857, "p5": 0.03503820186465859, "p10": 0.06497732780595881, "p25": 0.14893600038692145, "median": 0.22574969695133698, "p75": 0.27418301486261865, "p90": 0.27560398010011283, "p95": 0.2801238464376506, "p99": 0.2835688897633865, "p99.9": 0.2838842843039329, "max": 0.28389112717723625}, "time_to_first_token": {"mean": 3.4523879000257356, "min": 0.04380394099280238, "p0.1": 0.0676160912666237, "p1": 0.15980198852950708, "p5": 0.6606432199012489, "p10": 1.0753274531802162, "p25": 1.9650025275186636, "median": 3.4084613720187917, "p75": 4.717592079017777, "p90": 5.946104145597201, "p95": 6.614281204668805, "p99": 7.941066074029076, "p99.9": 8.849031135654547, "max": 8.869789680989925}, "inter_token_latency": {"mean": 0.20016861536849004, "min": 7.3830015026032925e-06, "p0.1": 1.0844431293662637e-05, "p1": 1.2793383793905378e-05, "p5": 1.675283128861338e-05, "p10": 2.1704996470361948e-05, "p25": 3.278821532148868e-05, "median": 9.952849359251559e-05, "p75": 0.5796029769990128, "p90": 0.5885111187235452, "p95": 0.5926636528223753, "p99": 0.6032200452371036, "p99.9": 0.7423266724832366, "max": 1.0118352410499938}}, "throughput": {"input_tokens_per_sec": 50341.12882057362, "output_tokens_per_sec": 1102.6620140123928, "total_tokens_per_sec": 51443.79083458601, "requests_per_sec": 35.86731439982279}, "prompt_len": {"mean": 1403.5377240516882, "min": 7.0, "p0.1": 9.398, "p1": 32.900000000000006, "p5": 200.9, "p10": 312.0, "p25": 685.0, "median": 1554.0, "p75": 2016.5, "p90": 2211.2000000000003, "p95": 2335.2, "p99": 2703.3999999999987, "p99.9": 7442.4420000018745, "max": 22278.0}, "output_len": {"mean": 30.742809503959982, "min": 16.0, "p0.1": 20.796, "p1": 25.0, "p5": 28.0, "p10": 31.0, "p25": 31.0, "median": 31.0, "p75": 31.0, "p90": 31.0, "p95": 31.0, "p99": 31.0, "p99.9": 31.0, "max": 31.0}}, "failures": {"count": 1, "request_latency": {"mean": 0.7476141540100798, "min": 0.7476141540100798, "p0.1": 0.7476141540100798, "p1": 0.7476141540100798, "p5": 0.7476141540100798, "p10": 0.7476141540100798, "p25": 0.7476141540100798, "median": 0.7476141540100798, "p75": 0.7476141540100798, "p90": 0.7476141540100798, "p95": 0.7476141540100798, "p99": 0.7476141540100798, "p99.9": 0.7476141540100798, "max": 0.7476141540100798}, "prompt_len": {"mean": 161289.0, "min": 161289.0, "p0.1": 161289.0, "p1": 161289.0, "p5": 161289.0, "p10": 161289.0, "p25": 161289.0, "median": 161289.0, "p75": 161289.0, "p90": 161289.0, "p95": 161289.0, "p99": 161289.0, "p99.9": 161289.0, "max": 161289.0}}}