{"load_summary": {"count": 480, "schedule_delay": {"mean": 0.0006978543096920475, "min": -0.0006481488817371428, "p0.1": -0.0006254197683301754, "p1": -0.0005103114113444462, "p5": -0.0002660075377207249, "p10": -5.67710376344621e-05, "p25": 0.0002886065485654399, "median": 0.0007110123697202653, "p75": 0.0010984634864144027, "p90": 0.0014217912452295423, "p95": 0.0016181742103071883, "p99": 0.001993676795391366, "p99.9": 0.00211628780292813, "max": 0.0021323031978681684}, "send_duration": 59.86338984494796, "requested_rate": 8.0, "achieved_rate": 8.018256253834723}, "successes": {"count": 480, "latency": {"request_latency": {"mean": 1.022194959897509, "min": 0.7357712039956823, "p0.1": 0.7385401013359079, "p1": 0.7481931231979979, "p5": 0.7709538294089725, "p10": 0.7979911775037181, "p25": 0.8679241115169134, "median": 0.9909272145305295, "p75": 1.1287838184944121, "p90": 1.2648482250864617, "p95": 1.4110088161134624, "p99": 1.8324900660105041, "p99.9": 1.9612178370165092, "max": 1.9844683269620873}, "normalized_time_per_output_token": {"mean": 0.0333709598740679, "min": 0.023734554967602656, "p0.1": 0.023823874236642187, "p1": 0.024135262038645095, "p5": 0.025063903613444117, "p10": 0.026105388319457794, "p25": 0.028290695975057692, "median": 0.03251620843507079, "p75": 0.03679936091911288, "p90": 0.041464624853782175, "p95": 0.04588158642976439, "p99": 0.059112582774532386, "p99.9": 0.06326509151666158, "max": 0.06401510732135765}, "time_per_output_token": {"mean": 0.012922295587032817, "min": 0.010767575467921673, "p0.1": 0.010800652349404352, "p1": 0.010939594844080162, "p5": 0.011136781468925503, "p10": 0.011201639724200622, "p25": 0.011391067347440479, "median": 0.011685485460123258, "p75": 0.013649436770309319, "p90": 0.01578740844626971, "p95": 0.017337505826059973, "p99": 0.021425515547556218, "p99.9": 0.027644804274617622, "max": 0.029618241048733434}, "time_to_first_token": {"mean": 0.21544002136191315, "min": 0.03556245897198096, "p0.1": 0.03714262107410468, "p1": 0.04466779897978995, "p5": 0.05133772465633229, "p10": 0.06071893763146363, "p25": 0.10826458696101326, "median": 0.17063184903236106, "p75": 0.27407180800219066, "p90": 0.42272624019533395, "p95": 0.4855940295237815, "p99": 1.0988631206215356, "p99.9": 1.225830856284826, "max": 1.2312274709693156}, "inter_token_latency": {"mean": 0.012922295587032818, "min": 1.1475000064820051e-05, "p0.1": 1.4788322790991515e-05, "p1": 1.6330325743183493e-05, "p5": 3.1990493880584836e-05, "p10": 3.737462102435529e-05, "p25": 4.494751919992268e-05, "median": 7.393199484795332e-05, "p75": 0.024228115478763357, "p90": 0.0250856444996316, "p95": 0.025626609282335264, "p99": 0.06422507746960035, "p99.9": 0.2965324412973749, "max": 0.5964998420095071}}, "throughput": {"input_tokens_per_sec": 11540.613701576902, "output_tokens_per_sec": 242.70909305355138, "total_tokens_per_sec": 11783.322794630452, "requests_per_sec": 7.916040270823175}, "prompt_len": {"mean": 1457.8770833333333, "min": 11.0, "p0.1": 12.916, "p1": 40.69, "p5": 170.70000000000002, "p10": 281.30000000000007, "p25": 749.5, "median": 1688.5, "p75": 2057.25, "p90": 2239.4, "p95": 2378.0, "p99": 2854.4299999999985, "p99.9": 7529.71700000048, "max": 10728.0}, "output_len": {"mean": 30.660416666666666, "min": 21.0, "p0.1": 21.479, "p1": 25.0, "p5": 28.0, "p10": 31.0, "p25": 31.0, "median": 31.0, "p75": 31.0, "p90": 31.0, "p95": 31.0, "p99": 31.0, "p99.9": 31.0, "max": 31.0}}, "failures": {"count": 0, "request_latency": null, "prompt_len": null}}