{"load_summary": {"count": 300, "schedule_delay": {"mean": 0.0007025399732325847, "min": -0.0008657828439027071, "p0.1": -0.0007703183611738496, "p1": -0.0004008314182283357, "p5": -0.0002513112063752487, "p10": -9.022893500514326e-05, "p25": 0.00028166515403427184, "median": 0.0007119254732970148, "p75": 0.001142370601883158, "p90": 0.0013557770813349636, "p95": 0.0015969613275956364, "p99": 0.001853102269233203, "p99.9": 0.002083145116397647, "max": 0.0021027576294727623}, "send_duration": 59.85026709799422, "requested_rate": 5.0, "achieved_rate": 5.012508958544881}, "successes": {"count": 300, "latency": {"request_latency": {"mean": 0.9571911286696558, "min": 0.712005709996447, "p0.1": 0.7151311169221298, "p1": 0.736966909787152, "p5": 0.7616491901862901, "p10": 0.7764888437173795, "p25": 0.8371354552800767, "median": 0.9022564009937923, "p75": 1.0153010917274514, "p90": 1.1005735831859056, "p95": 1.1749419309169757, "p99": 2.2396556792367437, "p99.9": 3.0399092078839356, "max": 3.099286110023968}, "normalized_time_per_output_token": {"mean": 0.03114697516456432, "min": 0.022967926128917644, "p0.1": 0.02306874570716548, "p1": 0.023773126122166192, "p5": 0.02457702014625313, "p10": 0.02513969101259605, "p25": 0.02725650334680047, "median": 0.029426594096754168, "p75": 0.03299868566072321, "p90": 0.03571234805389277, "p95": 0.03900995232040934, "p99": 0.072294838992811, "p99.9": 0.0994741494286011, "max": 0.09997697129109574}, "time_per_output_token": {"mean": 0.01219772735094559, "min": 0.010636208290722402, "p0.1": 0.01064464806733116, "p1": 0.010749929545591811, "p5": 0.010996806801478904, "p10": 0.011097932313080698, "p25": 0.011283049568573329, "median": 0.011502464330988005, "p75": 0.012821299588399743, "p90": 0.014357996388665223, "p95": 0.015777054968554784, "p99": 0.017188788014050993, "p99.9": 0.01848444247049856, "max": 0.018783125467786203}, "time_to_first_token": {"mean": 0.19513708748524852, "min": 0.037866351020056754, "p0.1": 0.03910496807325398, "p1": 0.04687438656343147, "p5": 0.05205761204124428, "p10": 0.05994264558539726, "p25": 0.10005950527556706, "median": 0.16286654397845268, "p75": 0.2016075644933153, "p90": 0.31788698362070145, "p95": 0.3845536357141101, "p99": 1.1713172322051786, "p99.9": 1.9186324252072982, "max": 1.9565419430145994}, "inter_token_latency": {"mean": 0.012197727350945589, "min": 1.3606972061097622e-05, "p0.1": 1.509320957120508e-05, "p1": 1.6845763311721385e-05, "p5": 3.5447799018584195e-05, "p10": 3.978459280915558e-05, "p25": 4.686323518399149e-05, "median": 7.762847235426307e-05, "p75": 0.024167495488654822, "p90": 0.02500750821782276, "p95": 0.02549259742372669, "p99": 0.02735531445243395, "p99.9": 0.2435527844049519, "max": 0.37234748096670955}}, "throughput": {"input_tokens_per_sec": 7586.225591207661, "output_tokens_per_sec": 152.17558549860942, "total_tokens_per_sec": 7738.40117670627, "requests_per_sec": 4.942370428665457}, "prompt_len": {"mean": 1534.9366666666667, "min": 11.0, "p0.1": 13.392, "p1": 62.7, "p5": 227.9, "p10": 357.00000000000006, "p25": 830.75, "median": 1750.0, "p75": 2068.25, "p90": 2242.2000000000003, "p95": 2372.1, "p99": 2654.6999999999994, "p99.9": 15624.772000000401, "max": 21118.0}, "output_len": {"mean": 30.79, "min": 19.0, "p0.1": 20.794, "p1": 25.0, "p5": 29.950000000000003, "p10": 31.0, "p25": 31.0, "median": 31.0, "p75": 31.0, "p90": 31.0, "p95": 31.0, "p99": 31.0, "p99.9": 31.0, "max": 31.0}}, "failures": {"count": 0, "request_latency": null, "prompt_len": null}}