{"load_summary": {"count": 900, "schedule_delay": {"mean": 0.0011055255063628364, "min": -0.0007665403536520898, "p0.1": -0.0007664204686298036, "p1": -0.000472342818393372, "p5": -0.00011395821929909288, "p10": 0.00010429868125356736, "p25": 0.0005448760348372161, "median": 0.0010751092922873795, "p75": 0.0015924315666779876, "p90": 0.0020912304520606995, "p95": 0.002312517850077711, "p99": 0.0028043204324785615, "p99.9": 0.007936886888814429, "max": 0.024939611728768796}, "send_duration": 59.86557298898697, "requested_rate": 15.0, "achieved_rate": 15.033682216080457}, "successes": {"count": 900, "latency": {"request_latency": {"mean": 1.4567864780730775, "min": 0.732234985975083, "p0.1": 0.76812344447762, "p1": 0.8237083981593605, "p5": 0.90151730463258, "p10": 0.9591833019047045, "p25": 1.0870513702830067, "median": 1.2974469934997614, "p75": 1.6786964405036997, "p90": 2.2180817699991167, "p95": 2.5882415266911263, "p99": 3.0868817465950267, "p99.9": 3.4816236515097563, "max": 3.489821832976304}, "normalized_time_per_output_token": {"mean": 0.04740084032802534, "min": 0.025082733741240395, "p0.1": 0.025232640673092853, "p1": 0.026728127343512532, "p5": 0.029257703115675417, "p10": 0.03106254997471678, "p25": 0.035300974313999645, "median": 0.04236925080617619, "p75": 0.054300131493120365, "p90": 0.07198597909694898, "p95": 0.0845841296331679, "p99": 0.10308848006466793, "p99.9": 0.11231044037128246, "max": 0.11257489783794529}, "time_per_output_token": {"mean": 0.016313097268069877, "min": 0.011115443500344671, "p0.1": 0.011123138113911527, "p1": 0.011329519154002604, "p5": 0.011454960403939514, "p10": 0.01154159511413215, "p25": 0.011750961164756107, "median": 0.013901998161717558, "p75": 0.018268551358731552, "p90": 0.024641641159917443, "p95": 0.02890397458752209, "p99": 0.03964388165165735, "p99.9": 0.05108509541603088, "max": 0.05299134650023564}, "time_to_first_token": {"mean": 0.4394100669812825, "min": 0.03606465400662273, "p0.1": 0.037648229918035216, "p1": 0.04810957745648921, "p5": 0.0663123804173665, "p10": 0.09144701020559297, "p25": 0.17020290448272135, "median": 0.32516233596834354, "p75": 0.6197438857343514, "p90": 0.9297039859811776, "p95": 1.2131433874688804, "p99": 1.9594991113501592, "p99.9": 2.179729383436557, "max": 2.1922780569875613}, "inter_token_latency": {"mean": 0.016313097268069874, "min": 9.885989129543304e-06, "p0.1": 1.369837170932442e-05, "p1": 1.581897959113121e-05, "p5": 2.207263605669141e-05, "p10": 3.4468015655875206e-05, "p25": 4.176076618023217e-05, "median": 7.288297638297081e-05, "p75": 0.024821119484840892, "p90": 0.025666819693287834, "p95": 0.02639737130666617, "p99": 0.1824908662028611, "p99.9": 0.577155256065541, "max": 0.6963643380440772}}, "throughput": {"input_tokens_per_sec": 22698.100878554244, "output_tokens_per_sec": 454.6912703957157, "total_tokens_per_sec": 23152.792148949957, "requests_per_sec": 14.77549622169787}, "prompt_len": {"mean": 1536.1988888888889, "min": 11.0, "p0.1": 11.0, "p1": 42.99, "p5": 161.0, "p10": 307.70000000000005, "p25": 781.75, "median": 1830.5, "p75": 2090.5, "p90": 2298.1, "p95": 2453.2, "p99": 3104.1899999999996, "p99.9": 7898.550000001415, "max": 19181.0}, "output_len": {"mean": 30.773333333333333, "min": 19.0, "p0.1": 21.697, "p1": 26.0, "p5": 28.0, "p10": 31.0, "p25": 31.0, "median": 31.0, "p75": 31.0, "p90": 31.0, "p95": 31.0, "p99": 31.0, "p99.9": 31.0, "max": 31.0}}, "failures": {"count": 0, "request_latency": null, "prompt_len": null}}