{"load_summary": {"count": 600, "schedule_delay": {"mean": 0.0006811057154360848, "min": -0.0017168829217553139, "p0.1": -0.0016533886823453942, "p1": -0.0005764721950981765, "p5": -0.0002563506888691336, "p10": -5.406814743764696e-05, "p25": 0.0003012391534866765, "median": 0.0007100584916770458, "p75": 0.0010711923678172752, "p90": 0.0014059822482522578, "p95": 0.0016005278099328263, "p99": 0.0019061430927831678, "p99.9": 0.002165179303789046, "max": 0.00217084854375571}, "send_duration": 59.792226875026245, "requested_rate": 10.0, "achieved_rate": 10.034749186613844}, "successes": {"count": 600, "latency": {"request_latency": {"mean": 1.086331199152725, "min": 0.7561205879901536, "p0.1": 0.756559060200525, "p1": 0.7694007404247531, "p5": 0.8020380096364533, "p10": 0.8464467910176608, "p25": 0.9198571459855884, "median": 1.0301028200192377, "p75": 1.1947322850173805, "p90": 1.4273700335004833, "p95": 1.5100142908690029, "p99": 1.8853958371392217, "p99.9": 2.064201023137437, "max": 2.1284786050091498}, "normalized_time_per_output_token": {"mean": 0.035308758844623714, "min": 0.024390986709359793, "p0.1": 0.024405130974210484, "p1": 0.024819378723379134, "p5": 0.025914772001898755, "p10": 0.027519532426395606, "p25": 0.029936822686126574, "median": 0.033554120870840344, "p75": 0.03872398596710355, "p90": 0.046159091201280394, "p95": 0.049336159609787635, "p99": 0.06081922055287812, "p99.9": 0.06658712977862699, "max": 0.06866060016158547}, "time_per_output_token": {"mean": 0.013538186405666461, "min": 0.011048265000534874, "p0.1": 0.011084571704200859, "p1": 0.011145486148823458, "p5": 0.01125908447603222, "p10": 0.011332116477123852, "p25": 0.011507949955440352, "median": 0.012670179863268839, "p75": 0.014448225148953497, "p90": 0.017722426505192304, "p95": 0.018881851589990655, "p99": 0.02227749200799735, "p99.9": 0.030378421625572263, "max": 0.031590826242351}, "time_to_first_token": {"mean": 0.24136825284784816, "min": 0.03974628198193386, "p0.1": 0.042131828838551884, "p1": 0.047097483893739994, "p5": 0.060558115923777224, "p10": 0.07313055891427211, "p25": 0.1220792097155936, "median": 0.17863887100247666, "p75": 0.3294253452331759, "p90": 0.47251578303403224, "p95": 0.6082382804452209, "p99": 0.7529354756342945, "p99.9": 1.0154363663201829, "max": 1.0388878919766285}, "inter_token_latency": {"mean": 0.013538186405666463, "min": 1.2937001883983612e-05, "p0.1": 1.4812380890361965e-05, "p1": 1.611598301678896e-05, "p5": 2.9001274378970267e-05, "p10": 3.663492389023304e-05, "p25": 4.367773362901062e-05, "median": 7.290547364391387e-05, "p75": 0.02441739426285494, "p90": 0.025239088613307103, "p95": 0.02580772252113092, "p99": 0.1122571321594296, "p99.9": 0.35468198722834876, "max": 0.5792679120204411}}, "throughput": {"input_tokens_per_sec": 14215.831202853378, "output_tokens_per_sec": 304.48674926522756, "total_tokens_per_sec": 14520.317952118605, "requests_per_sec": 9.888608907125118}, "prompt_len": {"mean": 1437.5966666666666, "min": 12.0, "p0.1": 26.975, "p1": 88.89, "p5": 270.0, "p10": 377.0, "p25": 734.75, "median": 1631.5, "p75": 2013.75, "p90": 2207.6000000000004, "p95": 2343.2999999999997, "p99": 2619.959999999999, "p99.9": 5793.791000000363, "max": 9023.0}, "output_len": {"mean": 30.791666666666668, "min": 25.0, "p0.1": 25.0, "p1": 28.0, "p5": 28.0, "p10": 31.0, "p25": 31.0, "median": 31.0, "p75": 31.0, "p90": 31.0, "p95": 31.0, "p99": 31.0, "p99.9": 31.0, "max": 31.0}}, "failures": {"count": 0, "request_latency": null, "prompt_len": null}}