{"load_summary": {"count": 1500, "schedule_delay": {"mean": 0.0006830909022052462, "min": -0.0010545456898398697, "p0.1": -0.0009726172788650729, "p1": -0.000540034418227151, "p5": -0.00021824614377692343, "p10": -4.056816687807441e-05, "p25": 0.00029226948390714824, "median": 0.0006548303354065865, "p75": 0.0010360821324866265, "p90": 0.0013538013328798124, "p95": 0.0015292547701392322, "p99": 0.0018663019739324225, "p99.9": 0.007135312286030967, "max": 0.017513687547761947}, "send_duration": 59.87281719897874, "requested_rate": 25.0, "achieved_rate": 25.05310540198843}, "successes": {"count": 1500, "latency": {"request_latency": {"mean": 2.1853118650699033, "min": 0.7797421470168047, "p0.1": 0.8413087705706129, "p1": 0.9714983866142575, "p5": 1.1237306507478935, "p10": 1.295485009602271, "p25": 1.5725331679714145, "median": 2.0233838234853465, "p75": 2.6407980530057102, "p90": 3.3282325588341353, "p95": 3.8573785376356664, "p99": 4.503841817084467, "p99.9": 4.9556489222510764, "max": 4.994200897985138}, "normalized_time_per_output_token": {"mean": 0.07282374504169313, "min": 0.025152972484413054, "p0.1": 0.027139225697670615, "p1": 0.031740675128004964, "p5": 0.03716665548561793, "p10": 0.041988510587215123, "p25": 0.05115266221823291, "median": 0.06617076416038006, "p75": 0.08672728792730448, "p90": 0.11311277580295406, "p95": 0.1281274233820788, "p99": 0.15730766035980193, "p99.9": 0.24778244611255382, "max": 0.2497100448992569}, "time_per_output_token": {"mean": 0.02246248700022785, "min": 0.01130170528983487, "p0.1": 0.011306024498625418, "p1": 0.011544199104593587, "p5": 0.011736056010657546, "p10": 0.011945123622295327, "p25": 0.013329209104291119, "median": 0.018984179814240984, "p75": 0.02751959327044108, "p90": 0.03848100861913767, "p95": 0.046109563323965805, "p99": 0.061022901052614716, "p99.9": 0.07207426554999398, "max": 0.07801146101630893}, "time_to_first_token": {"mean": 0.786800818302397, "min": 0.04368901997804642, "p0.1": 0.045545906844432466, "p1": 0.060444859708077274, "p5": 0.11366867204196751, "p10": 0.1648686811910011, "p25": 0.3617514864745317, "median": 0.6724253340216819, "p75": 1.1087003892753273, "p90": 1.5559931230673103, "p95": 1.8704409714002395, "p99": 2.517638363965088, "p99.9": 3.1508285633931568, "max": 3.349830725986976}, "inter_token_latency": {"mean": 0.022462487000227852, "min": 1.0251998901367188e-05, "p0.1": 1.2772030371706932e-05, "p1": 1.5026986366137862e-05, "p5": 1.821086916606873e-05, "p10": 2.58888176176697e-05, "p25": 3.97089752368629e-05, "median": 7.597400690428913e-05, "p75": 0.025555116473697126, "p90": 0.026768073078710587, "p95": 0.02789205545559526, "p99": 0.5602182430238458, "p99.9": 0.5847774744507626, "max": 0.5931232569855638}}, "throughput": {"input_tokens_per_sec": 33587.01977160844, "output_tokens_per_sec": 736.345435909886, "total_tokens_per_sec": 34323.36520751832, "requests_per_sec": 24.21817163735455}, "prompt_len": {"mean": 1386.852, "min": 11.0, "p0.1": 11.998000000000001, "p1": 60.97, "p5": 205.95, "p10": 309.8, "p25": 672.75, "median": 1561.0, "p75": 2007.25, "p90": 2185.2000000000003, "p95": 2325.6499999999996, "p99": 2735.05, "p99.9": 4526.480000000098, "max": 8158.0}, "output_len": {"mean": 30.404666666666667, "min": 16.0, "p0.1": 20.0, "p1": 20.0, "p5": 28.0, "p10": 29.0, "p25": 31.0, "median": 31.0, "p75": 31.0, "p90": 31.0, "p95": 31.0, "p99": 31.0, "p99.9": 31.0, "max": 31.0}}, "failures": {"count": 0, "request_latency": null, "prompt_len": null}}