{"load_summary": {"count": 225, "schedule_delay": {"mean": 0.0009380533297856649, "min": -0.0009625740349292755, "p0.1": -0.0008763047456741333, "p1": -0.0005090771964751184, "p5": -0.00014826490078121422, "p10": 6.705056875944212e-07, "p25": 0.00042535964166745543, "median": 0.0009248261339962482, "p75": 0.0014010853483341634, "p90": 0.001775138871744275, "p95": 0.002105812029913068, "p99": 0.0027834086585789906, "p99.9": 0.00291116386000067, "max": 0.0029188202461227775}, "send_duration": 24.97665233904263, "requested_rate": 9.0, "achieved_rate": 9.008413014913446}, "successes": {"count": 225, "latency": {"request_latency": {"mean": 0.7745748874019935, "min": 0.7135285919648595, "p0.1": 0.7149817223087884, "p1": 0.7222279937309213, "p5": 0.7412240038043819, "p10": 0.7473093919805252, "p25": 0.7574936739983968, "median": 0.7715805189800449, "p75": 0.7859498140169308, "p90": 0.8076655069948174, "p95": 0.8239194688154384, "p99": 0.8396780382958241, "p99.9": 0.8679552128724757, "max": 0.8745830960106105}, "normalized_time_per_output_token": {"mean": 0.025229305869540777, "min": 0.023017051353705145, "p0.1": 0.023063926526089948, "p1": 0.023297677217126493, "p5": 0.023910451735625223, "p10": 0.02410675458001694, "p25": 0.024478619386847582, "median": 0.024940624742979003, "p75": 0.025470918806780492, "p90": 0.026396955266305856, "p95": 0.026994305025155263, "p99": 0.029935415137692222, "p99.9": 0.04592374907793104, "max": 0.05043920462776441}, "time_per_output_token": {"mean": 0.011490286803415453, "min": 0.010741945226571613, "p0.1": 0.010751405317261214, "p1": 0.010913608005202765, "p5": 0.011054639992935043, "p10": 0.011190061374274533, "p25": 0.011315234290856508, "median": 0.011481529806793157, "p75": 0.011626932724949813, "p90": 0.011814012390095741, "p95": 0.011987509006529205, "p99": 0.012302001548870917, "p99.9": 0.012466514887183065, "max": 0.012508996031923039}, "time_to_first_token": {"mean": 0.05406979324735908, "min": 0.036658068012911826, "p0.1": 0.03705770529666916, "p1": 0.03854343762155622, "p5": 0.04045437983004376, "p10": 0.04167583559174091, "p25": 0.04518040898256004, "median": 0.05228685599286109, "p75": 0.06160184001782909, "p90": 0.0675840949988924, "p95": 0.07167271035723388, "p99": 0.08167412566719577, "p99.9": 0.08616743870452052, "max": 0.0873180830385536}, "inter_token_latency": {"mean": 0.011490286803415453, "min": 1.2624019291251898e-05, "p0.1": 1.4737853722181171e-05, "p1": 1.6645874129608274e-05, "p5": 3.3428811002522706e-05, "p10": 3.780892002396286e-05, "p25": 4.563452966976911e-05, "median": 7.835097494535148e-05, "p75": 0.02424810924276244, "p90": 0.025152113940566777, "p95": 0.025763172478764317, "p99": 0.028823609641985985, "p99.9": 0.039275465054205004, "max": 0.05625095701543614}}, "throughput": {"input_tokens_per_sec": 12004.541784901812, "output_tokens_per_sec": 269.24658305627366, "total_tokens_per_sec": 12273.788367958085, "requests_per_sec": 8.745558133053498}, "prompt_len": {"mean": 1372.6444444444444, "min": 11.0, "p0.1": 18.392, "p1": 75.88, "p5": 197.8, "p10": 263.4, "p25": 580.0, "median": 1517.0, "p75": 1995.0, "p90": 2241.4, "p95": 2352.6, "p99": 3012.5999999999995, "p99.9": 5719.576000000005, "max": 5815.0}, "output_len": {"mean": 30.786666666666665, "min": 16.0, "p0.1": 18.016, "p1": 26.240000000000002, "p5": 31.0, "p10": 31.0, "p25": 31.0, "median": 31.0, "p75": 31.0, "p90": 31.0, "p95": 31.0, "p99": 31.0, "p99.9": 31.0, "max": 31.0}}, "failures": {"count": 0, "request_latency": null, "prompt_len": null}}