{"load_summary": {"count": 9525, "schedule_delay": {"mean": 0.0007325495740892537, "min": -0.0017168829217553139, "p0.1": -0.0009146733181551099, "p1": -0.0005207412014715374, "p5": -0.00022589231375604867, "p10": -4.105510888621209e-05, "p25": 0.00029227626509964466, "median": 0.0006931721582077444, "p75": 0.0010978530626744032, "p90": 0.0014696725527755916, "p95": 0.0017052527749910939, "p99": 0.0023101080674678095, "p99.9": 0.008885280472226828, "max": 0.025946205132640898}}, "successes": {"count": 9524, "latency": {"request_latency": {"mean": 5.5862661512354785, "min": 0.712005709996447, "p0.1": 0.7298784022245672, "p1": 0.7564191869099158, "p5": 0.8264600749214879, "p10": 0.9280833422031719, "p25": 1.2696544710051967, "median": 2.3135871484992094, "p75": 6.303539883272606, "p90": 18.93531550886693, "p95": 20.90565595786029, "p99": 22.621355737567068, "p99.9": 24.108772585466625, "max": 24.831625121005345}, "normalized_time_per_output_token": {"mean": 0.18225038656197168, "min": 0.022967926128917644, "p0.1": 0.02365261035926467, "p1": 0.024452951983529925, "p5": 0.026950545758459597, "p10": 0.030146357786819157, "p25": 0.04133853628140528, "median": 0.07579682001678814, "p75": 0.20553909496858627, "p90": 0.6169153189003063, "p95": 0.6778854737826248, "p99": 0.7422630540439634, "p99.9": 0.8697509738086544, "max": 1.3868944701898727}, "time_per_output_token": {"mean": 0.06748500014594054, "min": 0.010636208290722402, "p0.1": 0.010819421440164836, "p1": 0.011109507621956928, "p5": 0.011373177061567173, "p10": 0.011556549475813705, "p25": 0.012689441959786739, "median": 0.021610363169700927, "p75": 0.06644875750780263, "p90": 0.2685043353850262, "p95": 0.2745898057192643, "p99": 0.28164413337272803, "p99.9": 0.28382676802384066, "max": 0.28389112717723625}, "time_to_first_token": {"mean": 1.3960496445246955, "min": 0.03556245897198096, "p0.1": 0.03910468687285902, "p1": 0.045240724071627485, "p5": 0.06456769797368907, "p10": 0.107568419497693, "p25": 0.23358930874383077, "median": 0.736343330994714, "p75": 1.862492500746157, "p90": 3.9625718820723708, "p95": 5.053614048173769, "p99": 6.903664336074147, "p99.9": 8.323922976665958, "max": 8.869789680989925}, "inter_token_latency": {"mean": 0.06748500014594055, "min": 7.3830015026032925e-06, "p0.1": 1.1613999959081411e-05, "p1": 1.4199991710484028e-05, "p5": 1.8526974599808455e-05, "p10": 2.525700256228447e-05, "p25": 3.982498310506344e-05, "median": 8.01159767434001e-05, "p75": 0.025800848015933298, "p90": 0.24102758228546062, "p95": 0.5833457605680451, "p99": 0.5944112212356413, "p99.9": 0.6227795067830035, "max": 1.0118352410499938}}, "throughput": {"input_tokens_per_sec": 19969.299586338362, "output_tokens_per_sec": 426.7238290883288, "total_tokens_per_sec": 20396.023415426687, "requests_per_sec": 13.902119287390772}, "prompt_len": {"mean": 1436.4212515749684, "min": 3.0, "p0.1": 11.0, "p1": 44.0, "p5": 202.0, "p10": 318.0, "p25": 711.75, "median": 1652.0, "p75": 2030.0, "p90": 2220.0, "p95": 2359.0, "p99": 2765.0, "p99.9": 7400.1730000011175, "max": 22278.0}, "output_len": {"mean": 30.694876102477952, "min": 16.0, "p0.1": 20.0, "p1": 25.0, "p5": 28.0, "p10": 31.0, "p25": 31.0, "median": 31.0, "p75": 31.0, "p90": 31.0, "p95": 31.0, "p99": 31.0, "p99.9": 31.0, "max": 31.0}}, "failures": {"count": 1, "request_latency": {"mean": 0.7476141540100798, "min": 0.7476141540100798, "p0.1": 0.7476141540100798, "p1": 0.7476141540100798, "p5": 0.7476141540100798, "p10": 0.7476141540100798, "p25": 0.7476141540100798, "median": 0.7476141540100798, "p75": 0.7476141540100798, "p90": 0.7476141540100798, "p95": 0.7476141540100798, "p99": 0.7476141540100798, "p99.9": 0.7476141540100798, "max": 0.7476141540100798}, "prompt_len": {"mean": 161289.0, "min": 161289.0, "p0.1": 161289.0, "p1": 161289.0, "p5": 161289.0, "p10": 161289.0, "p25": 161289.0, "median": 161289.0, "p75": 161289.0, "p90": 161289.0, "p95": 161289.0, "p99": 161289.0, "p99.9": 161289.0, "max": 161289.0}}}