{"load_summary": {"count": 1800, "schedule_delay": {"mean": 0.0006610496146539743, "min": -0.0011928657186217606, "p0.1": -0.0007915406816755422, "p1": -0.0005055129469837994, "p5": -0.00020326789235696195, "p10": -4.3076544534415e-05, "p25": 0.0002639428566908464, "median": 0.0006364902947098017, "p75": 0.001015084722894244, "p90": 0.0013655384245794266, "p95": 0.001582881610374897, "p99": 0.0019634557963581754, "p99.9": 0.005165521539224537, "max": 0.009773769124876708}, "send_duration": 59.98120158800157, "requested_rate": 30.0, "achieved_rate": 30.00940215175792}, "successes": {"count": 1800, "latency": {"request_latency": {"mean": 3.8192366778784588, "min": 0.8323479200480506, "p0.1": 0.851334212344489, "p1": 1.1516026731673628, "p5": 1.7287129952543183, "p10": 2.15851463759318, "p25": 2.93525997447432, "median": 3.8499834289832506, "p75": 4.743299104971811, "p90": 5.244739317003405, "p95": 5.6453675055061465, "p99": 6.657485036551952, "p99.9": 6.9311787785718355, "max": 6.94491552200634}, "normalized_time_per_output_token": {"mean": 0.12423072293346632, "min": 0.026849932904775824, "p0.1": 0.02746239394659642, "p1": 0.03730507434227489, "p5": 0.05631550601871324, "p10": 0.0700364448674654, "p25": 0.0963898330082884, "median": 0.12487338245151594, "p75": 0.15446638143640162, "p90": 0.1708443449154842, "p95": 0.18278646611124127, "p99": 0.21735498080420637, "p99.9": 0.22423770144668237, "max": 0.23775896764293844}, "time_per_output_token": {"mean": 0.03804228535948774, "min": 0.011553271241756457, "p0.1": 0.01155425893990398, "p1": 0.011821713807500687, "p5": 0.012372955964876324, "p10": 0.012818083067747553, "p25": 0.01973482099950366, "median": 0.0336603738387273, "p75": 0.05289917041931579, "p90": 0.06938683573342484, "p95": 0.0775822395357893, "p99": 0.09310208774348269, "p99.9": 0.10334198438148429, "max": 0.1095563787582045}, "time_to_first_token": {"mean": 1.4542155062915278, "min": 0.0383107119705528, "p0.1": 0.04814211558166426, "p1": 0.06784267421986442, "p5": 0.16975466471049003, "p10": 0.31103016968118025, "p25": 0.7129270644945791, "median": 1.2853507255204022, "p75": 2.052348943267134, "p90": 2.8287613100896127, "p95": 3.333231901706313, "p99": 3.8556059923348944, "p99.9": 4.0714691121914095, "max": 4.141000034986064}, "inter_token_latency": {"mean": 0.03804228535948774, "min": 9.85100632533431e-06, "p0.1": 1.2003594485577195e-05, "p1": 1.4070993638597428e-05, "p5": 1.767791109159589e-05, "p10": 2.359678037464619e-05, "p25": 3.905173798557371e-05, "median": 8.969649206846952e-05, "p75": 0.026658566974219866, "p90": 0.028463705035392195, "p95": 0.20714061768085193, "p99": 0.5772943170799408, "p99.9": 0.5850221043374042, "max": 0.8202715059742332}}, "throughput": {"input_tokens_per_sec": 42018.55357320728, "output_tokens_per_sec": 891.8392062932179, "total_tokens_per_sec": 42910.3927795005, "requests_per_sec": 28.99504328235875}, "prompt_len": {"mean": 1449.1633333333334, "min": 3.0, "p0.1": 11.0, "p1": 41.99, "p5": 205.85000000000002, "p10": 313.0, "p25": 727.75, "median": 1719.5, "p75": 2022.25, "p90": 2216.2000000000003, "p95": 2351.05, "p99": 2832.979999999999, "p99.9": 6480.486000000072, "max": 12406.0}, "output_len": {"mean": 30.758333333333333, "min": 22.0, "p0.1": 22.0, "p1": 25.0, "p5": 28.0, "p10": 31.0, "p25": 31.0, "median": 31.0, "p75": 31.0, "p90": 31.0, "p95": 31.0, "p99": 31.0, "p99.9": 31.0, "max": 31.0}}, "failures": {"count": 0, "request_latency": null, "prompt_len": null}}