{"load_summary": {"count": 1200, "schedule_delay": {"mean": 0.0007675050002580974, "min": -0.0011262235348112881, "p0.1": -0.00099133240734227, "p1": -0.0005305130098713562, "p5": -0.0001846236962592229, "p10": 4.8227200750261704e-06, "p25": 0.0003336558147566393, "median": 0.0007075258763507009, "p75": 0.0010903727961704135, "p90": 0.001431678829248995, "p95": 0.00161012067401316, "p99": 0.0020592327596386894, "p99.9": 0.014008103104017372, "max": 0.02569685725029558}, "send_duration": 59.96694998402381, "requested_rate": 20.0, "achieved_rate": 20.011022743689647}, "successes": {"count": 1200, "latency": {"request_latency": {"mean": 1.8219253791274483, "min": 0.7593871009885333, "p0.1": 0.7701267404543469, "p1": 0.8611044566420606, "p5": 0.9858264371869154, "p10": 1.1017739384027663, "p25": 1.2799774752784288, "median": 1.712137698486913, "p75": 2.228971002215985, "p90": 2.814767390926136, "p95": 3.0965249829867387, "p99": 3.427739024325274, "p99.9": 3.5850427996108802, "max": 3.617569926951546}, "normalized_time_per_output_token": {"mean": 0.05950876600966333, "min": 0.0244963580964043, "p0.1": 0.02485384535247032, "p1": 0.027842270187233696, "p5": 0.03205395829892011, "p10": 0.03569355431621173, "p25": 0.04159593986274089, "median": 0.055781442391470745, "p75": 0.07394673583856333, "p90": 0.09282203877678956, "p95": 0.10035138017546776, "p99": 0.11099498783144349, "p99.9": 0.12344907470875359, "max": 0.14573172377210789}, "time_per_output_token": {"mean": 0.019341991091479098, "min": 0.011029889435327102, "p0.1": 0.01129403387262362, "p1": 0.011405431839643092, "p5": 0.011626299302518038, "p10": 0.011713906853354626, "p25": 0.012184050052676487, "median": 0.016071459201479992, "p75": 0.022761365882967854, "p90": 0.03284871577737748, "p95": 0.039626312569429674, "p99": 0.04975393687866839, "p99.9": 0.05448903478177431, "max": 0.055421845790284176}, "time_to_first_token": {"mean": 0.6165962084532172, "min": 0.037066149001475424, "p0.1": 0.042542426484636964, "p1": 0.05541908437211532, "p5": 0.09185561974882148, "p10": 0.12961323312483727, "p25": 0.24028752798039932, "median": 0.5152779110067058, "p75": 0.8815887870296137, "p90": 1.2438421601429586, "p95": 1.4476601463946277, "p99": 1.859877748147701, "p99.9": 2.1194916898725213, "max": 2.1382290249457583}, "inter_token_latency": {"mean": 0.019341991091479098, "min": 1.0140007361769676e-05, "p0.1": 1.2930629949551075e-05, "p1": 1.5291958115994932e-05, "p5": 1.8734857439994813e-05, "p10": 2.8177880449220537e-05, "p25": 4.117900971323252e-05, "median": 7.73500360082835e-05, "p75": 0.025171732748276554, "p90": 0.026234727288829165, "p95": 0.027341388128115797, "p99": 0.36527216269226975, "p99.9": 0.5772833221817277, "max": 0.789553500013426}}, "throughput": {"input_tokens_per_sec": 28421.749202252642, "output_tokens_per_sec": 600.9465843230143, "total_tokens_per_sec": 29022.69578657566, "requests_per_sec": 19.584908101018907}, "prompt_len": {"mean": 1451.2066666666667, "min": 7.0, "p0.1": 11.0, "p1": 47.99, "p5": 218.95, "p10": 338.8, "p25": 733.75, "median": 1713.0, "p75": 2038.0, "p90": 2232.0, "p95": 2358.05, "p99": 2566.22, "p99.9": 5454.798000000221, "max": 10309.0}, "output_len": {"mean": 30.684166666666666, "min": 19.0, "p0.1": 19.199, "p1": 25.0, "p5": 28.0, "p10": 31.0, "p25": 31.0, "median": 31.0, "p75": 31.0, "p90": 31.0, "p95": 31.0, "p99": 31.0, "p99.9": 31.0, "max": 31.0}}, "failures": {"count": 0, "request_latency": null, "prompt_len": null}}