{"load_summary": {"count": 1500, "schedule_delay": {"mean": 0.0006953678803596025, "min": -0.0011736126034520566, "p0.1": -0.0011318730646162293, "p1": -0.0006014528934611007, "p5": -0.00022653728083241731, "p10": -1.643018913455307e-05, "p25": 0.0002807685814332217, "median": 0.0006793549109715968, "p75": 0.001065780728822574, "p90": 0.0013702593219932168, "p95": 0.0015408895269501952, "p99": 0.002068567264941521, "p99.9": 0.008644565419119793, "max": 0.01280827570008114}, "send_duration": 59.99840055400273, "requested_rate": 25.0, "achieved_rate": 25.00066645359814}, "successes": {"count": 1500, "latency": {"request_latency": {"mean": 2.2538499997873247, "min": 0.8439331430126913, "p0.1": 0.8675012872522929, "p1": 0.9878585387126076, "p5": 1.1376819672062992, "p10": 1.2826122233935167, "p25": 1.5650049169926206, "median": 2.0095452294917777, "p75": 2.779687859758269, "p90": 3.6041417747037485, "p95": 3.916180299725965, "p99": 4.942521327571594, "p99.9": 5.3776458873223785, "max": 5.400957249978092}, "normalized_time_per_output_token": {"mean": 0.07535279558669851, "min": 0.027223649774602943, "p0.1": 0.028217598168538027, "p1": 0.031992834777338434, "p5": 0.037158140773610814, "p10": 0.04172838505286152, "p25": 0.05122722212118172, "median": 0.06623172314915632, "p75": 0.09038819731476026, "p90": 0.1199008658102098, "p95": 0.1366514923318567, "p99": 0.18754104150735654, "p99.9": 0.26888229436611893, "max": 0.27004786249890456}, "time_per_output_token": {"mean": 0.023050527680674643, "min": 0.011364814435740212, "p0.1": 0.011425472989508453, "p1": 0.011628614183714343, "p5": 0.011776532606463955, "p10": 0.011900936129724517, "p25": 0.013180846931420328, "median": 0.019788960346974614, "p75": 0.028818982403120776, "p90": 0.04044154716557974, "p95": 0.04802004850465774, "p99": 0.061013720523567884, "p99.9": 0.07848245802584232, "max": 0.0843991065001671}, "time_to_first_token": {"mean": 0.8187684950427307, "min": 0.04298819904215634, "p0.1": 0.04428783577273134, "p1": 0.057851559456903484, "p5": 0.11359732222917955, "p10": 0.16155975760193542, "p25": 0.34939051124092657, "median": 0.6498982594930567, "p75": 1.127859816289856, "p90": 1.6996960727497936, "p95": 2.0883931315853257, "p99": 2.890806511248229, "p99.9": 3.738302307279855, "max": 3.811552011000458}, "inter_token_latency": {"mean": 0.023050527680674643, "min": 1.014594454318285e-05, "p0.1": 1.251295011024922e-05, "p1": 1.4671987737528979e-05, "p5": 1.7952939379028977e-05, "p10": 2.4957890855148434e-05, "p25": 4.0023995097726583e-05, "median": 7.827396620996296e-05, "p75": 0.025618210493121296, "p90": 0.026778980484232308, "p95": 0.02802146791073028, "p99": 0.5548301154258658, "p99.9": 0.5872067027125741, "max": 0.5932363659958355}}, "throughput": {"input_tokens_per_sec": 32754.060098232883, "output_tokens_per_sec": 717.9895641541744, "total_tokens_per_sec": 33472.04966238706, "requests_per_sec": 23.61755983928558}, "prompt_len": {"mean": 1386.852, "min": 11.0, "p0.1": 11.998000000000001, "p1": 60.97, "p5": 205.95, "p10": 309.8, "p25": 672.75, "median": 1561.0, "p75": 2007.25, "p90": 2185.2000000000003, "p95": 2325.6499999999996, "p99": 2735.05, "p99.9": 4526.480000000098, "max": 8158.0}, "output_len": {"mean": 30.400666666666666, "min": 16.0, "p0.1": 20.0, "p1": 20.0, "p5": 28.0, "p10": 30.900000000000006, "p25": 31.0, "median": 31.0, "p75": 31.0, "p90": 31.0, "p95": 31.0, "p99": 31.0, "p99.9": 31.0, "max": 31.0}}, "failures": {"count": 0, "request_latency": null, "prompt_len": null}}