{"load_summary": {"count": 900, "schedule_delay": {"mean": 0.0007324548876042374, "min": -0.000736844667699188, "p0.1": -0.0007335456056171097, "p1": -0.00043869779561646284, "p5": -0.00017601318249944593, "p10": 4.196446388959888e-06, "p25": 0.00037056974542792886, "median": 0.0007251418719533831, "p75": 0.0011053887283196673, "p90": 0.0014348178985528648, "p95": 0.001634095748886466, "p99": 0.0019529397849692028, "p99.9": 0.0030336641138425545, "max": 0.007843100815080106}, "send_duration": 59.98505125398515, "requested_rate": 15.0, "achieved_rate": 15.00373811783995}, "successes": {"count": 900, "latency": {"request_latency": {"mean": 1.4177087650869766, "min": 0.7625416879891418, "p0.1": 0.7688240249574883, "p1": 0.8291967229678994, "p5": 0.8929427841329016, "p10": 0.961217035993468, "p25": 1.0724136310018366, "median": 1.2994198325031903, "p75": 1.6073231787158875, "p90": 2.0044316415966024, "p95": 2.350925522600298, "p99": 3.4794229382136836, "p99.9": 3.584778420695047, "max": 3.596204413974192}, "normalized_time_per_output_token": {"mean": 0.04603509565778364, "min": 0.024598118967391672, "p0.1": 0.024800774998628657, "p1": 0.0268504589378661, "p5": 0.02902134761266831, "p10": 0.03124810588760151, "p25": 0.03496977891876257, "median": 0.04221947731419755, "p75": 0.05239639454051822, "p90": 0.06468811202568994, "p95": 0.07583630718065476, "p99": 0.11223944961979625, "p99.9": 0.11563801357080797, "max": 0.11600659399916749}, "time_per_output_token": {"mean": 0.016178259355960935, "min": 0.011102005822448842, "p0.1": 0.011119740178265924, "p1": 0.011310742472471188, "p5": 0.01148855679320179, "p10": 0.011589666702240074, "p25": 0.011817456765950942, "median": 0.013752137637516905, "p75": 0.018333717451652423, "p90": 0.023686245099205763, "p95": 0.028770733835230076, "p99": 0.04244349767735618, "p99.9": 0.04674083654608977, "max": 0.05436841020878825}, "time_to_first_token": {"mean": 0.4084930189487447, "min": 0.03745839197654277, "p0.1": 0.04259827973227948, "p1": 0.050894424067810175, "p5": 0.07284796494059265, "p10": 0.1024267018539831, "p25": 0.17541194225486834, "median": 0.31222775249625556, "p75": 0.5641881160117919, "p90": 0.7803091875975953, "p95": 1.0798199833952822, "p99": 1.7145757001661694, "p99.9": 2.543067154271248, "max": 2.630655267043039}, "inter_token_latency": {"mean": 0.016178259355960935, "min": 1.1278025340288877e-05, "p0.1": 1.3613589049782604e-05, "p1": 1.5729950391687452e-05, "p5": 2.231476246379316e-05, "p10": 3.5170692717656495e-05, "p25": 4.284600436221808e-05, "median": 7.721202564425766e-05, "p75": 0.024858121483703144, "p90": 0.02581512273172848, "p95": 0.026472086427384054, "p99": 0.17934100217419188, "p99.9": 0.5720057158237606, "max": 0.6558615519898012}}, "throughput": {"input_tokens_per_sec": 22653.692975800503, "output_tokens_per_sec": 454.0146918667621, "total_tokens_per_sec": 23107.707667667262, "requests_per_sec": 14.746588569781872}, "prompt_len": {"mean": 1536.1988888888889, "min": 11.0, "p0.1": 11.0, "p1": 42.99, "p5": 161.0, "p10": 307.70000000000005, "p25": 781.75, "median": 1830.5, "p75": 2090.5, "p90": 2298.1, "p95": 2453.2, "p99": 3104.1899999999996, "p99.9": 7898.550000001415, "max": 19181.0}, "output_len": {"mean": 30.787777777777777, "min": 19.0, "p0.1": 21.697, "p1": 26.990000000000002, "p5": 28.0, "p10": 31.0, "p25": 31.0, "median": 31.0, "p75": 31.0, "p90": 31.0, "p95": 31.0, "p99": 31.0, "p99.9": 31.0, "max": 31.0}}, "failures": {"count": 0, "request_latency": null, "prompt_len": null}}