{
    "load_summary": {
        "count": 2400,
        "schedule_delay": {
            "mean": 0.0009223541778434689,
            "min": -0.0012666312977671623,
            "p0.1": -0.001101890663499944,
            "p1": -0.0005803644692059606,
            "p5": -0.0002517925837310031,
            "p10": -5.030633765272794e-05,
            "p25": 0.00026717457512859255,
            "median": 0.0006306610011961311,
            "p75": 0.0010384065099060535,
            "p90": 0.0013873884512577205,
            "p95": 0.0015696299640694626,
            "p99": 0.0020195514196529878,
            "p99.9": 0.03650287119805655,
            "max": 0.32299229386262596
        },
        "send_duration": 59.962918190984055,
        "requested_rate": 40.0,
        "achieved_rate": 40.02473649390968
    },
    "successes": {
        "count": 2399,
        "latency": {
            "request_latency": {
                "mean": 17.034642256768507,
                "min": 1.0922862580046058,
                "p0.1": 1.581001228576526,
                "p1": 2.163963013535831,
                "p5": 7.580034264107235,
                "p10": 9.417911518597975,
                "p25": 15.440865249489434,
                "median": 18.304611662984826,
                "p75": 20.063074300502194,
                "p90": 21.462706109788268,
                "p95": 22.307925321272343,
                "p99": 23.936407733542147,
                "p99.9": 24.993663669360583,
                "max": 25.430354796000756
            },
            "normalized_time_per_output_token": {
                "mean": 0.5552367205242588,
                "min": 0.035235040580793735,
                "p0.1": 0.053953837207612404,
                "p1": 0.06980525850115583,
                "p5": 0.2465673514099176,
                "p10": 0.30434239996041385,
                "p25": 0.5037484256945851,
                "median": 0.5944741294520246,
                "p75": 0.6512736245978533,
                "p90": 0.7029117886326276,
                "p95": 0.7305192266237891,
                "p99": 0.8013792771176252,
                "p99.9": 0.9719752833289084,
                "max": 1.1820712472508603
            },
            "time_per_output_token": {
                "mean": 0.22333304755688496,
                "min": 0.011888543161706278,
                "p0.1": 0.01194661180957243,
                "p1": 0.016629512078361587,
                "p5": 0.04379450572314747,
                "p10": 0.08094976540005225,
                "p25": 0.19786226375013471,
                "median": 0.26558206993579536,
                "p75": 0.27366990513767253,
                "p90": 0.27642889241969604,
                "p95": 0.27727482564580225,
                "p99": 0.27944147911572437,
                "p99.9": 0.2801423564944886,
                "max": 0.2802790783387008
            },
            "time_to_first_token": {
                "mean": 3.180762723150233,
                "min": 0.04525118897436187,
                "p0.1": 0.07087410668551457,
                "p1": 0.20998095693183133,
                "p5": 0.7314047149382532,
                "p10": 1.075074204383418,
                "p25": 1.9213289394974709,
                "median": 3.031072015990503,
                "p75": 4.336563649005257,
                "p90": 5.425640597811436,
                "p95": 6.086618837394053,
                "p99": 7.549819173366996,
                "p99.9": 8.024163290032371,
                "max": 8.22107828402659
            },
            "inter_token_latency": {
                "mean": 0.22333304755688493,
                "min": 9.010022040456533e-06,
                "p0.1": 1.0842503688763828e-05,
                "p1": 1.2581003829836845e-05,
                "p5": 1.6368686920031907e-05,
                "p10": 2.1384021965786815e-05,
                "p25": 3.3093965612351894e-05,
                "median": 0.00010196550283581018,
                "p75": 0.5795997172099305,
                "p90": 0.5872445192362648,
                "p95": 0.5913751184212742,
                "p99": 0.6011002875480336,
                "p99.9": 0.7087608762424207,
                "max": 1.084116203011945
            }
        },
        "throughput": {
            "input_tokens_per_sec": 50374.400953699755,
            "output_tokens_per_sec": 1102.9569362210145,
            "total_tokens_per_sec": 51477.35788992077,
            "requests_per_sec": 35.89102030566056
        },
        "prompt_len": {
            "mean": 1403.5377240516882,
            "min": 7.0,
            "p0.1": 9.398,
            "p1": 32.900000000000006,
            "p5": 200.9,
            "p10": 312.0,
            "p25": 685.0,
            "median": 1554.0,
            "p75": 2016.5,
            "p90": 2211.2000000000003,
            "p95": 2335.2,
            "p99": 2703.3999999999987,
            "p99.9": 7442.4420000018745,
            "max": 22278.0
        },
        "output_len": {
            "mean": 30.73072113380575,
            "min": 16.0,
            "p0.1": 19.0,
            "p1": 25.0,
            "p5": 28.0,
            "p10": 31.0,
            "p25": 31.0,
            "median": 31.0,
            "p75": 31.0,
            "p90": 31.0,
            "p95": 31.0,
            "p99": 31.0,
            "p99.9": 31.0,
            "max": 31.0
        }
    },
    "failures": {
        "count": 1,
        "request_latency": {
            "mean": 1.2562836180441082,
            "min": 1.2562836180441082,
            "p0.1": 1.2562836180441082,
            "p1": 1.2562836180441082,
            "p5": 1.2562836180441082,
            "p10": 1.2562836180441082,
            "p25": 1.2562836180441082,
            "median": 1.2562836180441082,
            "p75": 1.2562836180441082,
            "p90": 1.2562836180441082,
            "p95": 1.2562836180441082,
            "p99": 1.2562836180441082,
            "p99.9": 1.2562836180441082,
            "max": 1.2562836180441082
        },
        "prompt_len": {
            "mean": 161289.0,
            "min": 161289.0,
            "p0.1": 161289.0,
            "p1": 161289.0,
            "p5": 161289.0,
            "p10": 161289.0,
            "p25": 161289.0,
            "median": 161289.0,
            "p75": 161289.0,
            "p90": 161289.0,
            "p95": 161289.0,
            "p99": 161289.0,
            "p99.9": 161289.0,
            "max": 161289.0
        }
    }
}