{"load_summary": {"count": 600, "schedule_delay": {"mean": 0.0007342247113895913, "min": -0.0011001822422258556, "p0.1": -0.0009419640086125583, "p1": -0.0004944760561920702, "p5": -0.00019560396322049195, "p10": 2.9879680369049523e-06, "p25": 0.0003347229940118268, "median": 0.0007384274795185775, "p75": 0.0011292214621789753, "p90": 0.001495314930798486, "p95": 0.0016519289172720164, "p99": 0.002064635176793672, "p99.9": 0.003442036823893625, "max": 0.005161506298463792}, "send_duration": 59.9434904170339, "requested_rate": 10.0, "achieved_rate": 10.00942714255926}, "successes": {"count": 600, "latency": {"request_latency": {"mean": 1.0859650795916485, "min": 0.7481316989869811, "p0.1": 0.7504341944888001, "p1": 0.7633169304090552, "p5": 0.8209805907012196, "p10": 0.8523598834057339, "p25": 0.9216360412538052, "median": 1.0391841215023305, "p75": 1.2049993052351056, "p90": 1.336838705802802, "p95": 1.4604449714766807, "p99": 2.0271575578564076, "p99.9": 2.228671696870299, "max": 2.250086364976596}, "normalized_time_per_output_token": {"mean": 0.0352608827568432, "min": 0.02413328061248326, "p0.1": 0.024207554660929036, "p1": 0.02462312678738888, "p5": 0.026483244861329667, "p10": 0.027545578760140004, "p25": 0.03003353136538197, "median": 0.03372661051652094, "p75": 0.038971333007793874, "p90": 0.04358898778934212, "p95": 0.048377930329064574, "p99": 0.06539217928569058, "p99.9": 0.07189263538291288, "max": 0.0725834311282773}, "time_per_output_token": {"mean": 0.013371857274877615, "min": 0.010974393628965762, "p0.1": 0.010975950053318464, "p1": 0.01107634462647125, "p5": 0.011214169145762665, "p10": 0.011347295985286755, "p25": 0.011497270145017894, "median": 0.011935225339144498, "p75": 0.014412254988142635, "p90": 0.017443879704355385, "p95": 0.01885311479793838, "p99": 0.022348551476278497, "p99.9": 0.03068026663661465, "max": 0.033360380790151294}, "time_to_first_token": {"mean": 0.2511109370460811, "min": 0.03773197502596304, "p0.1": 0.04053410542727215, "p1": 0.047325538796139884, "p5": 0.059121280629187825, "p10": 0.07363021755591034, "p25": 0.1277686239918694, "median": 0.19152226197184063, "p75": 0.32680409896420315, "p90": 0.4834780780191069, "p95": 0.560150985012296, "p99": 0.8559405562700702, "p99.9": 1.2603116760019957, "max": 1.3005334369954653}, "inter_token_latency": {"mean": 0.013371857274877613, "min": 1.1261028703302145e-05, "p0.1": 1.4397380175068975e-05, "p1": 1.617499568965286e-05, "p5": 2.986609179060906e-05, "p10": 3.745604190044105e-05, "p25": 4.4683736632578075e-05, "median": 7.482196087948978e-05, "p75": 0.02442720149701927, "p90": 0.025300352182239295, "p95": 0.025925494520924984, "p99": 0.07391447349160467, "p99.9": 0.3221488349578578, "max": 0.571132701006718}}, "throughput": {"input_tokens_per_sec": 14051.776892449892, "output_tokens_per_sec": 301.1683845152687, "total_tokens_per_sec": 14352.94527696516, "requests_per_sec": 9.774491843412195}, "prompt_len": {"mean": 1437.5966666666666, "min": 12.0, "p0.1": 26.975, "p1": 88.89, "p5": 270.0, "p10": 377.0, "p25": 734.75, "median": 1631.5, "p75": 2013.75, "p90": 2207.6000000000004, "p95": 2343.2999999999997, "p99": 2619.959999999999, "p99.9": 5793.791000000363, "max": 9023.0}, "output_len": {"mean": 30.811666666666667, "min": 25.0, "p0.1": 25.599, "p1": 28.0, "p5": 28.0, "p10": 31.0, "p25": 31.0, "median": 31.0, "p75": 31.0, "p90": 31.0, "p95": 31.0, "p99": 31.0, "p99.9": 31.401000000000067, "max": 32.0}}, "failures": {"count": 0, "request_latency": null, "prompt_len": null}}