{"load_summary": {"count": 300, "schedule_delay": {"mean": 0.0007925332034938037, "min": -0.000591854564845562, "p0.1": -0.0005597696886979975, "p1": -0.0004162571317283437, "p5": -0.00010164795676246285, "p10": 5.773220909759405e-05, "p25": 0.0004174972273176536, "median": 0.0007479448686353862, "p75": 0.0012731873139273375, "p90": 0.0014916931162588301, "p95": 0.0016892808955162766, "p99": 0.002015620782622135, "p99.9": 0.002164356489607599, "max": 0.0021700660581700504}, "send_duration": 59.96033521002391, "requested_rate": 5.0, "achieved_rate": 5.003307585742904}, "successes": {"count": 300, "latency": {"request_latency": {"mean": 0.9551410509085205, "min": 0.726412900025025, "p0.1": 0.7292581858149497, "p1": 0.7453922662721015, "p5": 0.7595349418930709, "p10": 0.7728750559967011, "p25": 0.8393048562284093, "median": 0.8985799769870937, "p75": 1.0056513987510698, "p90": 1.1042343473178335, "p95": 1.2196881935407873, "p99": 2.4352546057698783, "p99.9": 3.155774488219538, "max": 3.3299239369807765}, "normalized_time_per_output_token": {"mean": 0.030993917222924286, "min": 0.023432674194355647, "p0.1": 0.023524457606933863, "p1": 0.024044911815229084, "p5": 0.024507113589507138, "p10": 0.02527745241945189, "p25": 0.02718105291921435, "median": 0.029125195596509824, "p75": 0.03256455641108445, "p90": 0.03569321549767929, "p95": 0.03950762709681578, "p99": 0.07855660018612509, "p99.9": 0.10179917703933995, "max": 0.10741690119292828}, "time_per_output_token": {"mean": 0.012104671984452189, "min": 0.010873028952177734, "p0.1": 0.010880097147774876, "p1": 0.01095662184160075, "p5": 0.01103943394367478, "p10": 0.011109639101872041, "p25": 0.011237860185041602, "median": 0.011412558620870716, "p75": 0.012642545189244687, "p90": 0.013775206065826839, "p95": 0.015132831669254835, "p99": 0.019753729437577403, "p99.9": 0.019846715665136978, "max": 0.019884589903672496}, "time_to_first_token": {"mean": 0.19869377752571987, "min": 0.03939804097171873, "p0.1": 0.039712066024367235, "p1": 0.04903518088103738, "p5": 0.05516062712122221, "p10": 0.06908166028442793, "p25": 0.10827131048426963, "median": 0.16947102200356312, "p75": 0.20586088676645886, "p90": 0.30952826829743574, "p95": 0.4222303208487574, "p99": 1.2055745949369128, "p99.9": 1.931685476170685, "max": 2.0254783089621924}, "inter_token_latency": {"mean": 0.012104671984452189, "min": 1.389399403706193e-05, "p0.1": 1.4924775459803641e-05, "p1": 1.6502915532328188e-05, "p5": 3.590399865061045e-05, "p10": 4.071022267453373e-05, "p25": 4.754371184390038e-05, "median": 7.814299897290766e-05, "p75": 0.024030722765019163, "p90": 0.024924650107277558, "p95": 0.025443254128913396, "p99": 0.027445007353671814, "p99.9": 0.18204628824943223, "max": 0.5245175669551827}}, "throughput": {"input_tokens_per_sec": 7570.106483518096, "output_tokens_per_sec": 152.09883835708624, "total_tokens_per_sec": 7722.205321875183, "requests_per_sec": 4.931868948024846}, "prompt_len": {"mean": 1534.9366666666667, "min": 11.0, "p0.1": 13.392, "p1": 62.7, "p5": 227.9, "p10": 357.00000000000006, "p25": 830.75, "median": 1750.0, "p75": 2068.25, "p90": 2242.2000000000003, "p95": 2372.1, "p99": 2654.6999999999994, "p99.9": 15624.772000000401, "max": 21118.0}, "output_len": {"mean": 30.84, "min": 19.0, "p0.1": 19.897, "p1": 28.0, "p5": 31.0, "p10": 31.0, "p25": 31.0, "median": 31.0, "p75": 31.0, "p90": 31.0, "p95": 31.0, "p99": 31.0, "p99.9": 31.0, "max": 31.0}}, "failures": {"count": 0, "request_latency": null, "prompt_len": null}}