{"load_summary": {"count": 120, "schedule_delay": {"mean": 0.0007375160945230164, "min": -0.00038474047323688865, "p0.1": -0.0003722243555239402, "p1": -0.0002566585160093382, "p5": 3.049759252462538e-05, "p10": 0.00014610777143388986, "p25": 0.00038456304173450917, "median": 0.000777691398980096, "p75": 0.0010736459807958454, "p90": 0.0012785503815393895, "p95": 0.001462684606667608, "p99": 0.0016836670303018765, "p99.9": 0.001997856500733183, "max": 0.0020383462542667985}, "send_duration": 59.85785610397579, "requested_rate": 2.0, "achieved_rate": 2.004749381460549}, "successes": {"count": 120, "latency": {"request_latency": {"mean": 0.8481911842657913, "min": 0.7266922799753956, "p0.1": 0.7274323218198843, "p1": 0.7332961570471526, "p5": 0.7491315992607269, "p10": 0.7549271516036242, "p25": 0.7837698190123774, "median": 0.8502078175079077, "p75": 0.8908510730107082, "p90": 0.9361348556878514, "p95": 1.0000285178190098, "p99": 1.0429722824279453, "p99.9": 1.0565893718147419, "max": 1.0579530239920132}, "normalized_time_per_output_token": {"mean": 0.02752769088844426, "min": 0.023441686450819215, "p0.1": 0.02346555876838336, "p1": 0.023654714743456533, "p5": 0.02416553546002345, "p10": 0.02435248876140723, "p25": 0.025382979936341966, "median": 0.027740371677341058, "p75": 0.02899943494459524, "p90": 0.03052214800301309, "p95": 0.032258984445774505, "p99": 0.033644267175095006, "p99.9": 0.03408352812305619, "max": 0.03412751690296817}, "time_per_output_token": {"mean": 0.011426583085822816, "min": 0.01066819959669374, "p0.1": 0.010687599329843051, "p1": 0.010838952306808243, "p5": 0.010988719485730172, "p10": 0.011037795005212238, "p25": 0.011148976810575058, "median": 0.011263102299116942, "p75": 0.011407168314279613, "p90": 0.011671141191806284, "p95": 0.013306602049992615, "p99": 0.013643466149533785, "p99.9": 0.014196613041964753, "max": 0.014270671789774732}, "time_to_first_token": {"mean": 0.13433073204699517, "min": 0.042153430986218154, "p0.1": 0.04217875323613407, "p1": 0.04253325827303343, "p5": 0.05148742095043417, "p10": 0.05717110058758408, "p25": 0.08049122300872114, "median": 0.14264880697010085, "p75": 0.17563842576055322, "p90": 0.20056539078359495, "p95": 0.2150548357167281, "p99": 0.2757684821245494, "p99.9": 0.33163039084413404, "max": 0.33861661999253556}, "inter_token_latency": {"mean": 0.011426583085822815, "min": 1.47029641084373e-05, "p0.1": 1.5213432721793652e-05, "p1": 1.6813736874610185e-05, "p5": 3.981050103902817e-05, "p10": 4.513839376159012e-05, "p25": 4.904426168650389e-05, "median": 7.972499588504434e-05, "p75": 0.023913744982564822, "p90": 0.024721994216088207, "p95": 0.02524150307581294, "p99": 0.026314650248968972, "p99.9": 0.13863466238911687, "max": 0.20952604804188013}}, "throughput": {"input_tokens_per_sec": 2781.3370840643606, "output_tokens_per_sec": 60.9037494388283, "total_tokens_per_sec": 2842.240833503189, "requests_per_sec": 1.975790736052824}, "prompt_len": {"mean": 1407.7083333333333, "min": 65.0, "p0.1": 68.689, "p1": 96.19, "p5": 231.25, "p10": 368.9, "p25": 716.0, "median": 1609.0, "p75": 1978.5, "p90": 2217.5000000000005, "p95": 2509.9, "p99": 2800.8000000000006, "p99.9": 2859.286, "max": 2860.0}, "output_len": {"mean": 30.825, "min": 28.0, "p0.1": 28.0, "p1": 28.0, "p5": 28.95, "p10": 31.0, "p25": 31.0, "median": 31.0, "p75": 31.0, "p90": 31.0, "p95": 31.0, "p99": 31.0, "p99.9": 31.0, "max": 31.0}}, "failures": {"count": 0, "request_latency": null, "prompt_len": null}}