{"load_summary": {"count": 225, "schedule_delay": {"mean": 0.0010834753777210911, "min": -0.0005780210485681891, "p0.1": -0.0005533053940162063, "p1": -0.000414046652149409, "p5": -0.00013454105937853454, "p10": 0.00017390055581927312, "p25": 0.0005786825786344707, "median": 0.000890859984792769, "p75": 0.0013569412403739989, "p90": 0.001945709146093577, "p95": 0.002458969422150403, "p99": 0.0030013518477790034, "p99.9": 0.017450873601716144, "max": 0.020316359994467348}, "send_duration": 24.886779188993387, "requested_rate": 9.0, "achieved_rate": 9.04094492466547}, "successes": {"count": 225, "latency": {"request_latency": {"mean": 0.9526350942334264, "min": 0.7301675659837201, "p0.1": 0.7319907407304272, "p1": 0.7432798243896105, "p5": 0.7584290229831823, "p10": 0.7716376908007078, "p25": 0.8458636230207048, "median": 0.9152575549669564, "p75": 1.0488263220177032, "p90": 1.1435438687680288, "p95": 1.2552261098171584, "p99": 1.3131505001499315, "p99.9": 1.3229372681276874, "max": 1.3238070009974763}, "normalized_time_per_output_token": {"mean": 0.030928216523829904, "min": 0.023553792451087747, "p0.1": 0.0236126045396912, "p1": 0.023976768528697113, "p5": 0.024465452354296202, "p10": 0.024949885689983926, "p25": 0.027588092870334344, "median": 0.029855770321803227, "p75": 0.03411945922585625, "p90": 0.037597878842868346, "p95": 0.04049116483281156, "p99": 0.0426733917532669, "p99.9": 0.04581039282265453, "max": 0.046029623678935296}, "time_per_output_token": {"mean": 0.012477806181726996, "min": 0.010992488113134318, "p0.1": 0.010998527947865848, "p1": 0.01102430791368768, "p5": 0.011165328064535353, "p10": 0.011240152512759631, "p25": 0.011376856645050969, "median": 0.0115895627410106, "p75": 0.013224216241900238, "p90": 0.015157838909691499, "p95": 0.016373790807143268, "p99": 0.018777388323834465, "p99.9": 0.019364165708798193, "max": 0.019375749854295844}, "time_to_first_token": {"mean": 0.1708520016586408, "min": 0.038350398011971265, "p0.1": 0.03861503116274252, "p1": 0.042317550505977124, "p5": 0.0486073869979009, "p10": 0.05168272437294945, "p25": 0.07026375900022686, "median": 0.15195471397601068, "p75": 0.20636969001498073, "p90": 0.3586839974042959, "p95": 0.4164009084226563, "p99": 0.5004644381650724, "p99.9": 0.5449126640036702, "max": 0.5456532039679587}, "inter_token_latency": {"mean": 0.012477806181726997, "min": 1.2561038602143526e-05, "p0.1": 1.4834832458291203e-05, "p1": 1.6600799281150102e-05, "p5": 3.136485756840557e-05, "p10": 3.79676406737417e-05, "p25": 4.577751678880304e-05, "median": 7.837399607524276e-05, "p75": 0.02420802526467014, "p90": 0.025038269528886305, "p95": 0.025655105296755205, "p99": 0.036813065775204476, "p99.9": 0.2604793863977539, "max": 0.37765609502093866}}, "throughput": {"input_tokens_per_sec": 12006.111378407953, "output_tokens_per_sec": 269.63165510413825, "total_tokens_per_sec": 12275.743033512092, "requests_per_sec": 8.746701614537356}, "prompt_len": {"mean": 1372.6444444444444, "min": 11.0, "p0.1": 18.392, "p1": 75.88, "p5": 197.8, "p10": 263.4, "p25": 580.0, "median": 1517.0, "p75": 1995.0, "p90": 2241.4, "p95": 2352.6, "p99": 3012.5999999999995, "p99.9": 5719.576000000005, "max": 5815.0}, "output_len": {"mean": 30.826666666666668, "min": 25.0, "p0.1": 25.672, "p1": 28.0, "p5": 29.200000000000003, "p10": 31.0, "p25": 31.0, "median": 31.0, "p75": 31.0, "p90": 31.0, "p95": 31.0, "p99": 31.0, "p99.9": 31.0, "max": 31.0}}, "failures": {"count": 0, "request_latency": null, "prompt_len": null}}