{"load_summary": {"count": 9525, "schedule_delay": {"mean": 0.000776263311648316, "min": -0.0012666312977671623, "p0.1": -0.0010573886742349713, "p1": -0.0005459275958128273, "p5": -0.00020753710996359583, "p10": -1.446076203137636e-05, "p25": 0.00030683219665661454, "median": 0.0006816573441028595, "p75": 0.0010740873403847218, "p90": 0.0014150472707115118, "p95": 0.0016090709134005006, "p99": 0.002073308916296811, "p99.9": 0.010951274673687929, "max": 0.32299229386262596}}, "successes": {"count": 9524, "latency": {"request_latency": {"mean": 5.91401759506114, "min": 0.726412900025025, "p0.1": 0.737733892077289, "p1": 0.769538472465938, "p5": 0.8669388939335477, "p10": 0.9485013287281617, "p25": 1.2540368682093685, "median": 2.3776389044942334, "p75": 5.978359834480216, "p90": 19.06366862571449, "p95": 20.399336332333043, "p99": 22.483848007008785, "p99.9": 24.460004121321724, "max": 25.430354796000756}, "normalized_time_per_output_token": {"mean": 0.19299501153639387, "min": 0.023432674194355647, "p0.1": 0.02381070718597508, "p1": 0.02494876202909396, "p5": 0.028112590239822655, "p10": 0.030906104278232482, "p25": 0.04080951882326173, "median": 0.07735946680693287, "p75": 0.20077242368490494, "p90": 0.6205095740067097, "p95": 0.6658902395449977, "p99": 0.73884547124779, "p99.9": 0.8283301816656774, "max": 1.1820712472508603}, "time_per_output_token": {"mean": 0.07334826298623508, "min": 0.01066819959669374, "p0.1": 0.010940683614719855, "p1": 0.01111577822234399, "p5": 0.011376883245341765, "p10": 0.011579692190054863, "p25": 0.012794556891153221, "median": 0.02171446716942404, "p75": 0.06976638967734611, "p90": 0.2706924561015894, "p95": 0.2738483367016494, "p99": 0.2776086618077487, "p99.9": 0.27994662067385373, "max": 0.2802790783387008}, "time_to_first_token": {"mean": 1.360004726930259, "min": 0.037066149001475424, "p0.1": 0.041790626764763146, "p1": 0.05052929258497898, "p5": 0.08296128610963933, "p10": 0.1316124457924161, "p25": 0.2526641824806575, "median": 0.7378988979908172, "p75": 1.9614615997561486, "p90": 3.608896444295534, "p95": 4.722401477239328, "p99": 6.245316982257064, "p99.9": 7.73799576071444, "max": 8.22107828402659}, "inter_token_latency": {"mean": 0.07334826298623508, "min": 9.010022040456533e-06, "p0.1": 1.1583968938793987e-05, "p1": 1.4076998922973871e-05, "p5": 1.8474351963959635e-05, "p10": 2.5248021120205522e-05, "p25": 4.050374263897538e-05, "median": 8.347301627509296e-05, "p75": 0.02585558696591761, "p90": 0.5582849567756059, "p95": 0.5822380970988889, "p99": 0.5925887103774585, "p99.9": 0.62636921482197, "max": 1.084116203011945}}, "throughput": {"input_tokens_per_sec": 19885.626959186873, "output_tokens_per_sec": 424.9329221249943, "total_tokens_per_sec": 20310.55988131187, "requests_per_sec": 13.8438685290845}, "prompt_len": {"mean": 1436.4212515749684, "min": 3.0, "p0.1": 11.0, "p1": 44.0, "p5": 202.0, "p10": 318.0, "p25": 711.75, "median": 1652.0, "p75": 2030.0, "p90": 2220.0, "p95": 2359.0, "p99": 2765.0, "p99.9": 7400.1730000011175, "max": 22278.0}, "output_len": {"mean": 30.694666106677868, "min": 16.0, "p0.1": 20.0, "p1": 25.0, "p5": 28.0, "p10": 31.0, "p25": 31.0, "median": 31.0, "p75": 31.0, "p90": 31.0, "p95": 31.0, "p99": 31.0, "p99.9": 31.0, "max": 32.0}}, "failures": {"count": 1, "request_latency": {"mean": 1.2562836180441082, "min": 1.2562836180441082, "p0.1": 1.2562836180441082, "p1": 1.2562836180441082, "p5": 1.2562836180441082, "p10": 1.2562836180441082, "p25": 1.2562836180441082, "median": 1.2562836180441082, "p75": 1.2562836180441082, "p90": 1.2562836180441082, "p95": 1.2562836180441082, "p99": 1.2562836180441082, "p99.9": 1.2562836180441082, "max": 1.2562836180441082}, "prompt_len": {"mean": 161289.0, "min": 161289.0, "p0.1": 161289.0, "p1": 161289.0, "p5": 161289.0, "p10": 161289.0, "p25": 161289.0, "median": 161289.0, "p75": 161289.0, "p90": 161289.0, "p95": 161289.0, "p99": 161289.0, "p99.9": 161289.0, "max": 161289.0}}}