{"load_summary": {"count": 1200, "schedule_delay": {"mean": 0.0007757012743483453, "min": -0.0008738169563002884, "p0.1": -0.0007353931043762714, "p1": -0.000451848044176586, "p5": -0.0001365533360512927, "p10": 2.5454122805967927e-05, "p25": 0.0003598095499910414, "median": 0.0007504647655878216, "p75": 0.0011560680140974, "p90": 0.0014540787145961077, "p95": 0.0016683231369825078, "p99": 0.0020874761114828286, "p99.9": 0.007188026243180562, "max": 0.008207864069845527}, "send_duration": 59.92997419304447, "requested_rate": 20.0, "achieved_rate": 20.02336920978139}, "successes": {"count": 1200, "latency": {"request_latency": {"mean": 1.8040400183591798, "min": 0.7975181009969674, "p0.1": 0.8232413617611747, "p1": 0.9100332011200953, "p5": 0.9906588536628987, "p10": 1.0579737749882043, "p25": 1.2951431780093117, "median": 1.653732028993545, "p75": 2.193566925736377, "p90": 2.7230004078825014, "p95": 3.1514725189277666, "p99": 3.769986473633325, "p99.9": 3.964801601464279, "max": 3.976310804951936}, "normalized_time_per_output_token": {"mean": 0.05890711126856742, "min": 0.025726390354740884, "p0.1": 0.026556172960037892, "p1": 0.029355909713551464, "p5": 0.03214732833589698, "p10": 0.03435213897046783, "p25": 0.041965662000415425, "median": 0.0543697361126467, "p75": 0.07161864568479359, "p90": 0.08809371308814135, "p95": 0.10176215635541255, "p99": 0.12377443755986244, "p99.9": 0.13546779113062626, "max": 0.13893044614399383}, "time_per_output_token": {"mean": 0.01918447318295895, "min": 0.011121990726209216, "p0.1": 0.011193102859911666, "p1": 0.011363863219937025, "p5": 0.01156193589676179, "p10": 0.011685951989925196, "p25": 0.012218556681370002, "median": 0.016022389935378377, "p75": 0.023680469072602253, "p90": 0.031089675820511472, "p95": 0.03657418536759289, "p99": 0.048112366880804676, "p99.9": 0.056816089887631226, "max": 0.060988838854809144}, "time_to_first_token": {"mean": 0.6084569882896418, "min": 0.04185289196902886, "p0.1": 0.04504884728608886, "p1": 0.05649945905781351, "p5": 0.08853725524095353, "p10": 0.13465332939522343, "p25": 0.23900693154428154, "median": 0.5131570530065801, "p75": 0.8345473700319417, "p90": 1.242741649335949, "p95": 1.504531245830003, "p99": 2.1849738526053253, "p99.9": 2.6716862833686825, "max": 2.694926418014802}, "inter_token_latency": {"mean": 0.01918447318295895, "min": 9.985989890992641e-06, "p0.1": 1.2972197902854532e-05, "p1": 1.5722985262982548e-05, "p5": 1.9394917762838305e-05, "p10": 2.8749986086040735e-05, "p25": 4.2285508243367076e-05, "median": 8.083650027401745e-05, "p75": 0.02520069900492672, "p90": 0.026392616872908548, "p95": 0.027506105051725176, "p99": 0.34474153310176864, "p99.9": 0.5823022107051241, "max": 0.8166063979733735}}, "throughput": {"input_tokens_per_sec": 28287.31701766834, "output_tokens_per_sec": 597.9742153491949, "total_tokens_per_sec": 28885.291233017535, "requests_per_sec": 19.49227333873995}, "prompt_len": {"mean": 1451.2066666666667, "min": 7.0, "p0.1": 11.0, "p1": 47.99, "p5": 218.95, "p10": 338.8, "p25": 733.75, "median": 1713.0, "p75": 2038.0, "p90": 2232.0, "p95": 2358.05, "p99": 2566.22, "p99.9": 5454.798000000221, "max": 10309.0}, "output_len": {"mean": 30.6775, "min": 19.0, "p0.1": 19.0, "p1": 24.990000000000002, "p5": 28.0, "p10": 31.0, "p25": 31.0, "median": 31.0, "p75": 31.0, "p90": 31.0, "p95": 31.0, "p99": 31.0, "p99.9": 31.0, "max": 31.0}}, "failures": {"count": 0, "request_latency": null, "prompt_len": null}}