{"load_summary": {"count": 120, "schedule_delay": {"mean": 0.0008225319451109196, "min": -0.0006355973891913891, "p0.1": -0.0006233919344958849, "p1": -0.00047303220024332406, "p5": 6.931928219273687e-05, "p10": 0.00019085416570305825, "p25": 0.00048572744708508253, "median": 0.0008200391894206405, "p75": 0.0011152492079418153, "p90": 0.0014903126517310744, "p95": 0.0018880880990764127, "p99": 0.0019834814994828774, "p99.9": 0.002069032176397742, "max": 0.002080126607324928}, "send_duration": 59.70829182700254, "requested_rate": 2.0, "achieved_rate": 2.0097711109821277}, "successes": {"count": 120, "latency": {"request_latency": {"mean": 0.8470511491327973, "min": 0.7413169430219568, "p0.1": 0.741395343312528, "p1": 0.7419960718310904, "p5": 0.751852044230327, "p10": 0.7571239716082345, "p25": 0.7847910447744653, "median": 0.8494268489594106, "p75": 0.8786596617428586, "p90": 0.9361873084621039, "p95": 0.984735844444367, "p99": 1.0741176159936003, "p99.9": 1.091074221459916, "max": 1.0927094590151682}, "normalized_time_per_output_token": {"mean": 0.027482177935599657, "min": 0.023913449774901833, "p0.1": 0.02391597881653316, "p1": 0.023935357155841625, "p5": 0.02425329174936539, "p10": 0.024423353922846273, "p25": 0.025315840154015008, "median": 0.027753163532789556, "p75": 0.02896670451633737, "p90": 0.03029624879438802, "p95": 0.031765672401431196, "p99": 0.03464895535463227, "p99.9": 0.03519594262773923, "max": 0.03524869222629575}, "time_per_output_token": {"mean": 0.011447906254511264, "min": 0.010935908838761069, "p0.1": 0.010940956542346319, "p1": 0.010994937458965596, "p5": 0.01111380871255777, "p10": 0.011143158275573965, "p25": 0.01121665361701631, "median": 0.011292185467262301, "p75": 0.011364679834749099, "p90": 0.011486363093154655, "p95": 0.013282472690972949, "p99": 0.014129313093200778, "p99.9": 0.014380119629060634, "max": 0.014398559032293458}, "time_to_first_token": {"mean": 0.1318666483920727, "min": 0.042947148031089455, "p0.1": 0.04342818053829251, "p1": 0.04753532929520588, "p5": 0.052916914367233406, "p10": 0.05664434028440155, "p25": 0.08106159922317602, "median": 0.1378300999640487, "p75": 0.16601142300351057, "p90": 0.19761733624618502, "p95": 0.23340612346364648, "p99": 0.26314899182936646, "p99.9": 0.26873098939209017, "max": 0.26928871299605817}, "inter_token_latency": {"mean": 0.011447906254511264, "min": 1.416896702721715e-05, "p0.1": 1.5354830014985056e-05, "p1": 1.694363250862807e-05, "p5": 3.97117983084172e-05, "p10": 4.583938862197101e-05, "p25": 5.035700451117009e-05, "median": 8.257548324763775e-05, "p75": 0.02398621223983355, "p90": 0.024710046913241968, "p95": 0.025189815252088008, "p99": 0.026083434281754303, "p99.9": 0.11534698796472484, "max": 0.21023203304503113}}, "throughput": {"input_tokens_per_sec": 2787.626737849818, "output_tokens_per_sec": 61.057977978655174, "total_tokens_per_sec": 2848.6847158284727, "requests_per_sec": 1.9802587452536813}, "prompt_len": {"mean": 1407.7083333333333, "min": 65.0, "p0.1": 68.689, "p1": 96.19, "p5": 231.25, "p10": 368.9, "p25": 716.0, "median": 1609.0, "p75": 1978.5, "p90": 2217.5000000000005, "p95": 2509.9, "p99": 2800.8000000000006, "p99.9": 2859.286, "max": 2860.0}, "output_len": {"mean": 30.833333333333332, "min": 28.0, "p0.1": 28.0, "p1": 28.0, "p5": 28.95, "p10": 31.0, "p25": 31.0, "median": 31.0, "p75": 31.0, "p90": 31.0, "p95": 31.0, "p99": 31.0, "p99.9": 31.0, "max": 31.0}}, "failures": {"count": 0, "request_latency": null, "prompt_len": null}}