{"load_summary": {"count": 300, "schedule_delay": {"mean": 0.000770511247489291, "min": -0.0008819972863420844, "p0.1": -0.0008164705196977593, "p1": -0.0004669587273383513, "p5": -0.00019180454255547373, "p10": 1.577690127305688e-05, "p25": 0.00037586809776257724, "median": 0.0007755834376439452, "p75": 0.0011111949133919552, "p90": 0.001459076424362138, "p95": 0.0016315321146976203, "p99": 0.0020418059575604275, "p99.9": 0.005497704919544115, "max": 0.006417777913156897}, "send_duration": 59.88576352200471, "requested_rate": 5.0, "achieved_rate": 5.009537866036668}, "successes": {"count": 300, "latency": {"request_latency": {"mean": 0.9315301916792911, "min": 0.7227796799852513, "p0.1": 0.7282965666770469, "p1": 0.7419480893178843, "p5": 0.7618254319444532, "p10": 0.7791324778343551, "p25": 0.8400992210226832, "median": 0.8915390660113189, "p75": 0.9762189752364065, "p90": 1.049824276973959, "p95": 1.1605262380558998, "p99": 1.8209528483939335, "p99.9": 2.972562212252412, "max": 3.0348439200315624}, "normalized_time_per_output_token": {"mean": 0.030293879994326207, "min": 0.02331547354791133, "p0.1": 0.023493437634743448, "p1": 0.02393380933283498, "p5": 0.02457501393369204, "p10": 0.02526254853564164, "p25": 0.027189058797141057, "median": 0.028883242161921976, "p75": 0.03181695305365248, "p90": 0.034215609849594784, "p95": 0.03764391354784641, "p99": 0.058811517614181893, "p99.9": 0.09588910362104555, "max": 0.09789819096876008}, "time_per_output_token": {"mean": 0.01199535548159357, "min": 0.010818765741855568, "p0.1": 0.010821775090181262, "p1": 0.01090613365235303, "p5": 0.011081623258125489, "p10": 0.011129102966421464, "p25": 0.01125421505674885, "median": 0.011429740668972954, "p75": 0.012534208907445351, "p90": 0.013635214545290857, "p95": 0.01403694603110536, "p99": 0.016095246210236162, "p99.9": 0.017896653310218343, "max": 0.01795925250025316}, "time_to_first_token": {"mean": 0.1817872205277672, "min": 0.045085480029229075, "p0.1": 0.04623556858231313, "p1": 0.04935994666244369, "p5": 0.05409791100246366, "p10": 0.06761004902073182, "p25": 0.10458469700824935, "median": 0.16292719848570414, "p75": 0.18851563973294105, "p90": 0.2743401792016814, "p95": 0.34552455581433617, "p99": 1.077107708218391, "p99.9": 1.946329802763011, "max": 1.9857518969802186}, "inter_token_latency": {"mean": 0.01199535548159357, "min": 1.3209995813667774e-05, "p0.1": 1.5647960477508604e-05, "p1": 1.6950981807895006e-05, "p5": 3.644641838036477e-05, "p10": 4.262866568751633e-05, "p25": 4.9253489123657346e-05, "median": 8.045902359299362e-05, "p75": 0.024084366246825084, "p90": 0.024889348418219014, "p95": 0.025392524141352624, "p99": 0.027333498331136064, "p99.9": 0.16678821330826585, "max": 0.3205885930219665}}, "throughput": {"input_tokens_per_sec": 7578.8003624788835, "output_tokens_per_sec": 152.1089316389381, "total_tokens_per_sec": 7730.909294117822, "requests_per_sec": 4.937532946513896}, "prompt_len": {"mean": 1534.9366666666667, "min": 11.0, "p0.1": 13.392, "p1": 62.7, "p5": 227.9, "p10": 357.00000000000006, "p25": 830.75, "median": 1750.0, "p75": 2068.25, "p90": 2242.2000000000003, "p95": 2372.1, "p99": 2654.6999999999994, "p99.9": 15624.772000000401, "max": 21118.0}, "output_len": {"mean": 30.80666666666667, "min": 19.0, "p0.1": 19.299, "p1": 27.97, "p5": 31.0, "p10": 31.0, "p25": 31.0, "median": 31.0, "p75": 31.0, "p90": 31.0, "p95": 31.0, "p99": 31.0, "p99.9": 31.0, "max": 31.0}}, "failures": {"count": 0, "request_latency": null, "prompt_len": null}}