{"load_summary": {"count": 1800, "schedule_delay": {"mean": 0.0007079235336277633, "min": -0.0012399302795529366, "p0.1": -0.0009437335423426702, "p1": -0.000618783890386112, "p5": -0.00023958199308253824, "p10": -2.9535964131355265e-05, "p25": 0.00032550811010878533, "median": 0.0007024620135780424, "p75": 0.0010611964244162664, "p90": 0.0013897908211220058, "p95": 0.0015980316355125976, "p99": 0.0019556512241251764, "p99.9": 0.006000755093235694, "max": 0.013516664097551256}, "send_duration": 59.957454605959356, "requested_rate": 30.0, "achieved_rate": 30.021287791978622}, "successes": {"count": 1800, "latency": {"request_latency": {"mean": 3.895906999357103, "min": 0.9385681559797376, "p0.1": 0.957830938097206, "p1": 1.0775750096223782, "p5": 1.6548319056775653, "p10": 2.0453853190119844, "p25": 2.908486944215838, "median": 3.8048171710106544, "p75": 4.7969025522324955, "p90": 5.6950507487461435, "p95": 6.439833547626039, "p99": 7.839482785325963, "p99.9": 8.41826926922158, "max": 8.424264903995208}, "normalized_time_per_output_token": {"mean": 0.12678618430064548, "min": 0.030276392128378633, "p0.1": 0.030984313314722386, "p1": 0.03549600045496737, "p5": 0.05418084970367472, "p10": 0.06683066829504757, "p25": 0.09427701848354417, "median": 0.12330647709689313, "p75": 0.15543669337245275, "p90": 0.18465902553814942, "p95": 0.2092231676099829, "p99": 0.2548931953828827, "p99.9": 0.3080610074243228, "max": 0.3561503560922574}, "time_per_output_token": {"mean": 0.04018345170151715, "min": 0.011417231887706646, "p0.1": 0.01156038131342352, "p1": 0.012006970625614836, "p5": 0.01241606651277717, "p10": 0.012948394465004846, "p25": 0.020716771576365815, "median": 0.03536910012893889, "p75": 0.055054334963994825, "p90": 0.07251160484513328, "p95": 0.08304494175967951, "p99": 0.10962853020154721, "p99.9": 0.1338581543272472, "max": 0.13452180866208377}, "time_to_first_token": {"mean": 1.3977364007125854, "min": 0.04085894097806886, "p0.1": 0.04289331394038163, "p1": 0.06894863219873514, "p5": 0.16404669325274882, "p10": 0.3098236957623158, "p25": 0.6902353319892427, "median": 1.2092823579732794, "p75": 1.9277544972428586, "p90": 2.733045011019568, "p95": 3.1359346722805634, "p99": 4.377432043371373, "p99.9": 5.286373381262473, "max": 5.298403177992441}, "inter_token_latency": {"mean": 0.04018345170151716, "min": 9.960029274225235e-06, "p0.1": 1.2178169912658632e-05, "p1": 1.4528961619362235e-05, "p5": 1.836894953157753e-05, "p10": 2.416200004518032e-05, "p25": 4.045947571285069e-05, "median": 9.902549209073186e-05, "p75": 0.026772909754072316, "p90": 0.029729592025978503, "p95": 0.2883780409931204, "p99": 0.5781892464234261, "p99.9": 0.589298091869685, "max": 0.7716770970146172}}, "throughput": {"input_tokens_per_sec": 42139.71669674288, "output_tokens_per_sec": 894.0877842085259, "total_tokens_per_sec": 43033.8044809514, "requests_per_sec": 29.07865230057542}, "prompt_len": {"mean": 1449.1633333333334, "min": 3.0, "p0.1": 11.0, "p1": 41.99, "p5": 205.85000000000002, "p10": 313.0, "p25": 727.75, "median": 1719.5, "p75": 2022.25, "p90": 2216.2000000000003, "p95": 2351.05, "p99": 2832.979999999999, "p99.9": 6480.486000000072, "max": 12406.0}, "output_len": {"mean": 30.747222222222224, "min": 20.0, "p0.1": 22.0, "p1": 25.990000000000002, "p5": 28.0, "p10": 31.0, "p25": 31.0, "median": 31.0, "p75": 31.0, "p90": 31.0, "p95": 31.0, "p99": 31.0, "p99.9": 31.0, "max": 31.0}}, "failures": {"count": 0, "request_latency": null, "prompt_len": null}}