{"load_summary": {"count": 1500, "schedule_delay": {"mean": 0.0007237107054485629, "min": -0.001152308948803693, "p0.1": -0.0008333503154572099, "p1": -0.0005374297738308086, "p5": -0.00019539493077900259, "p10": 1.4704087516292939e-05, "p25": 0.0003445723559707403, "median": 0.0007154054474085569, "p75": 0.001082121962099336, "p90": 0.0014042253431398423, "p95": 0.0015736670815385877, "p99": 0.0019171217031544072, "p99.9": 0.006177222658647331, "max": 0.012033634004183114}, "send_duration": 59.94767937302822, "requested_rate": 25.0, "achieved_rate": 25.02181928788528}, "successes": {"count": 1500, "latency": {"request_latency": {"mean": 2.2669421738361706, "min": 0.8303600489743985, "p0.1": 0.8659468534159823, "p1": 1.0456620654283324, "p5": 1.2211476576427231, "p10": 1.352852921874728, "p25": 1.6452440857392503, "median": 2.0919299099768978, "p75": 2.7458684100129176, "p90": 3.419918221124685, "p95": 4.07283515156887, "p99": 4.837373463788535, "p99.9": 5.13354245439009, "max": 5.143849783984479}, "normalized_time_per_output_token": {"mean": 0.07603687079391643, "min": 0.02678580803143221, "p0.1": 0.02793376946503169, "p1": 0.03373103436865589, "p5": 0.0396238428590286, "p10": 0.043765333656882566, "p25": 0.0535355177815936, "median": 0.06844012843418656, "p75": 0.0900615677372468, "p90": 0.11317227973148318, "p95": 0.13173163449624176, "p99": 0.23533713131429976, "p99.9": 0.2562558827678179, "max": 0.25719248919922394}, "time_per_output_token": {"mean": 0.022999359310530154, "min": 0.011193130629122137, "p0.1": 0.011431167711698142, "p1": 0.011543703680978186, "p5": 0.011742460697085687, "p10": 0.01193624192401917, "p25": 0.01291471414902668, "median": 0.019863144814265862, "p75": 0.02858667637549168, "p90": 0.03874063575001914, "p95": 0.04681872623872139, "p99": 0.06432383630812476, "p99.9": 0.0724474001788393, "max": 0.0803719209685486}, "time_to_first_token": {"mean": 0.8349699436692753, "min": 0.046922521956730634, "p0.1": 0.047719341563235505, "p1": 0.05869725973636378, "p5": 0.11835371300985573, "p10": 0.17137705420609564, "p25": 0.3888557022874011, "median": 0.6900853190163616, "p75": 1.1371753185376292, "p90": 1.6874135728226975, "p95": 1.9865958769281857, "p99": 2.9746061126491985, "p99.9": 3.5291641034586365, "max": 3.5705084200017154}, "inter_token_latency": {"mean": 0.02299935931053015, "min": 9.230978321284056e-06, "p0.1": 1.2424003798514605e-05, "p1": 1.4897018554620444e-05, "p5": 1.8150018877349795e-05, "p10": 2.4799862876534463e-05, "p25": 4.1102000977844e-05, "median": 8.425151463598013e-05, "p75": 0.025574831510311924, "p90": 0.026759384176693858, "p95": 0.028157443209784108, "p99": 0.5541560875409047, "p99.9": 0.5855891507329654, "max": 0.5944249029853381}}, "throughput": {"input_tokens_per_sec": 33325.14840257344, "output_tokens_per_sec": 730.8125501136868, "total_tokens_per_sec": 34055.96095268713, "requests_per_sec": 24.029347329472387}, "prompt_len": {"mean": 1386.852, "min": 11.0, "p0.1": 11.998000000000001, "p1": 60.97, "p5": 205.95, "p10": 309.8, "p25": 672.75, "median": 1561.0, "p75": 2007.25, "p90": 2185.2000000000003, "p95": 2325.6499999999996, "p99": 2735.05, "p99.9": 4526.480000000098, "max": 8158.0}, "output_len": {"mean": 30.413333333333334, "min": 16.0, "p0.1": 20.0, "p1": 20.0, "p5": 28.0, "p10": 31.0, "p25": 31.0, "median": 31.0, "p75": 31.0, "p90": 31.0, "p95": 31.0, "p99": 31.0, "p99.9": 31.0, "max": 31.0}}, "failures": {"count": 0, "request_latency": null, "prompt_len": null}}