{"load_summary": {"count": 225, "schedule_delay": {"mean": 0.0009814151842147112, "min": -0.0007433818536810577, "p0.1": -0.0006839139773510397, "p1": -0.0003895885054953396, "p5": -0.000131999421864748, "p10": 6.772329797968268e-05, "p25": 0.0004261041176505387, "median": 0.0008933043573051691, "p75": 0.0014295082073658705, "p90": 0.002054316294379532, "p95": 0.0024119041976518926, "p99": 0.0032308328896760935, "p99.9": 0.003423381157685074, "max": 0.003475368081126362}, "send_duration": 24.951152308960445, "requested_rate": 9.0, "achieved_rate": 9.017619595837187}, "successes": {"count": 225, "latency": {"request_latency": {"mean": 1.1977480679504677, "min": 0.7499044790165499, "p0.1": 0.7520116118462756, "p1": 0.7641270846873521, "p5": 0.7912270021741279, "p10": 0.8374147885944694, "p25": 0.9015625040046871, "median": 1.0433949319995008, "p75": 1.244387246959377, "p90": 1.7547885194420814, "p95": 2.186365227168425, "p99": 3.274645228162403, "p99.9": 3.6222665627910757, "max": 3.628874560992699}, "normalized_time_per_output_token": {"mean": 0.038948619614464566, "min": 0.024190467065049997, "p0.1": 0.02429084223103259, "p1": 0.02471327576801301, "p5": 0.025920784800884222, "p10": 0.027216958536225702, "p25": 0.029443925515102644, "median": 0.03405737942047117, "p75": 0.04018646490294486, "p90": 0.05660608127232521, "p95": 0.07201936069703209, "p99": 0.10563371703749688, "p99.9": 0.11684730847713148, "max": 0.11706046970944191}, "time_per_output_token": {"mean": 0.013880771649221132, "min": 0.010815305693540722, "p0.1": 0.010832797965620675, "p1": 0.01092809269828121, "p5": 0.011165477190309414, "p10": 0.011222202344910212, "p25": 0.011406514886578905, "median": 0.012203568822681723, "p75": 0.01485975079084446, "p90": 0.018164204299494984, "p95": 0.021584754887472593, "p99": 0.02863766024309781, "p99.9": 0.03537196054827098, "max": 0.036766884274848345}, "time_to_first_token": {"mean": 0.32897160548820265, "min": 0.04411103297024965, "p0.1": 0.04494997389800846, "p1": 0.04993846545461565, "p5": 0.05944011297542602, "p10": 0.07281686899950728, "p25": 0.13463186396984383, "median": 0.1908222459605895, "p75": 0.3833468270022422, "p90": 0.8365384957753116, "p95": 1.1966339193983, "p99": 1.321020444703754, "p99.9": 1.7529587976518108, "max": 1.798876699001994}, "inter_token_latency": {"mean": 0.013880771649221132, "min": 1.1182972230017185e-05, "p0.1": 1.5047621331177652e-05, "p1": 1.7035905038937926e-05, "p5": 3.319791576359421e-05, "p10": 3.8195482920855285e-05, "p25": 4.601998080033809e-05, "median": 8.050751057453454e-05, "p75": 0.02420848049223423, "p90": 0.02522340603172779, "p95": 0.025916683266405015, "p99": 0.10210415879962968, "p99.9": 0.5353362289031123, "max": 0.5751904269563965}}, "throughput": {"input_tokens_per_sec": 11955.45200133689, "output_tokens_per_sec": 268.10685153154265, "total_tokens_per_sec": 12223.558852868431, "requests_per_sec": 8.70979520568829}, "prompt_len": {"mean": 1372.6444444444444, "min": 11.0, "p0.1": 18.392, "p1": 75.88, "p5": 197.8, "p10": 263.4, "p25": 580.0, "median": 1517.0, "p75": 1995.0, "p90": 2241.4, "p95": 2352.6, "p99": 3012.5999999999995, "p99.9": 5719.576000000005, "max": 5815.0}, "output_len": {"mean": 30.782222222222224, "min": 23.0, "p0.1": 23.448, "p1": 25.240000000000002, "p5": 29.400000000000002, "p10": 31.0, "p25": 31.0, "median": 31.0, "p75": 31.0, "p90": 31.0, "p95": 31.0, "p99": 31.0, "p99.9": 31.0, "max": 31.0}}, "failures": {"count": 0, "request_latency": null, "prompt_len": null}}