{"load_summary": {"count": 900, "schedule_delay": {"mean": 0.0007598557964795166, "min": -0.0012218235642649233, "p0.1": -0.0011273170656641014, "p1": -0.00044222017750144004, "p5": -0.00017425984260626136, "p10": 2.6805419474840173e-05, "p25": 0.0003326862643007189, "median": 0.0007364472257904708, "p75": 0.0011288170062471181, "p90": 0.0014695402991492304, "p95": 0.0016754052077885718, "p99": 0.002049016402452253, "p99.9": 0.00784114284691181, "max": 0.008878091408405453}, "send_duration": 59.86168302997248, "requested_rate": 15.0, "achieved_rate": 15.034659141631115}, "successes": {"count": 900, "latency": {"request_latency": {"mean": 1.4195376942758189, "min": 0.7782897310098633, "p0.1": 0.7819317031882238, "p1": 0.8449903992837062, "p5": 0.9102729785779957, "p10": 0.9803566104033962, "p25": 1.114643912005704, "median": 1.3267270319920499, "p75": 1.6544029497745214, "p90": 1.9879171797889286, "p95": 2.2383013407321415, "p99": 2.680542095419369, "p99.9": 3.0412148011356557, "max": 3.106398996023927}, "normalized_time_per_output_token": {"mean": 0.046116565289109054, "min": 0.025106120355156882, "p0.1": 0.02522360332865238, "p1": 0.027257754815603424, "p5": 0.02956141280188721, "p10": 0.03173331102401379, "p25": 0.036127214734029446, "median": 0.042974583516385584, "p75": 0.05352320370119771, "p90": 0.06432859545851487, "p95": 0.07278834764344329, "p99": 0.08657516453946534, "p99.9": 0.10403210347778373, "max": 0.10835326960659586}, "time_per_output_token": {"mean": 0.015854216656848115, "min": 0.011188400886772622, "p0.1": 0.011209288107603976, "p1": 0.011310738319870941, "p5": 0.011475135679281647, "p10": 0.011564882591577067, "p25": 0.011770932334559715, "median": 0.01403666228185513, "p75": 0.018159204415203405, "p90": 0.022803992911658792, "p95": 0.026652245860849126, "p99": 0.0343735054564651, "p99.9": 0.046989402271346264, "max": 0.04728619858055496}, "time_to_first_token": {"mean": 0.43040882501259653, "min": 0.046219516021665186, "p0.1": 0.047151237768062855, "p1": 0.052088968520984054, "p5": 0.0814378181443317, "p10": 0.12158684082096442, "p25": 0.17734459400526248, "median": 0.33278247751877643, "p75": 0.6011150855047163, "p90": 0.8730605493939948, "p95": 1.09097069237614, "p99": 1.5312653800414409, "p99.9": 1.9497248253598272, "max": 1.9845604290021583}, "inter_token_latency": {"mean": 0.015854216656848115, "min": 1.1268013622611761e-05, "p0.1": 1.3753421138972044e-05, "p1": 1.612297841347754e-05, "p5": 2.2313621593639257e-05, "p10": 3.5473913885653016e-05, "p25": 4.371574323158711e-05, "median": 7.913901936262846e-05, "p75": 0.02483446274709422, "p90": 0.02576373398769647, "p95": 0.026390073893708173, "p99": 0.1736672072391957, "p99.9": 0.5722864126429198, "max": 0.6990553180221468}}, "throughput": {"input_tokens_per_sec": 22712.631878257533, "output_tokens_per_sec": 455.5080445459716, "total_tokens_per_sec": 23168.139922803504, "requests_per_sec": 14.784955283156897}, "prompt_len": {"mean": 1536.1988888888889, "min": 11.0, "p0.1": 11.0, "p1": 42.99, "p5": 161.0, "p10": 307.70000000000005, "p25": 781.75, "median": 1830.5, "p75": 2090.5, "p90": 2298.1, "p95": 2453.2, "p99": 3104.1899999999996, "p99.9": 7898.550000001415, "max": 19181.0}, "output_len": {"mean": 30.808888888888887, "min": 19.0, "p0.1": 21.697, "p1": 28.0, "p5": 29.0, "p10": 31.0, "p25": 31.0, "median": 31.0, "p75": 31.0, "p90": 31.0, "p95": 31.0, "p99": 31.0, "p99.9": 31.0, "max": 31.0}}, "failures": {"count": 0, "request_latency": null, "prompt_len": null}}