{"load_summary": {"count": 2400, "schedule_delay": {"mean": 0.0007250755632655152, "min": -0.0013570653391070664, "p0.1": -0.0010752419819473288, "p1": -0.0005175154417520389, "p5": -0.00020915426721330733, "p10": -3.4148094709962596e-05, "p25": 0.0003009897918673232, "median": 0.0006980020843911916, "p75": 0.0010578650835668668, "p90": 0.0014040783513337373, "p95": 0.001590976136503741, "p99": 0.0020284823741530907, "p99.9": 0.011896267129283059, "max": 0.02889093942940235}, "send_duration": 59.98255134897772, "requested_rate": 40.0, "achieved_rate": 40.01163581783693}, "successes": {"count": 2399, "latency": {"request_latency": {"mean": 16.73478965850799, "min": 0.9024971409817226, "p0.1": 0.9138430116134696, "p1": 4.657465655936394, "p5": 7.354778937104856, "p10": 8.913480084389448, "p25": 14.35880798700964, "median": 17.854777637985535, "p75": 20.283994237019215, "p90": 21.968027711997276, "p95": 22.657315932697383, "p99": 23.632151737571693, "p99.9": 24.54638499601814, "max": 24.560429422999732}, "normalized_time_per_output_token": {"mean": 0.545396623472878, "min": 0.029112810999410408, "p0.1": 0.029574303792954813, "p1": 0.15024082761085142, "p5": 0.2396000980162963, "p10": 0.2885139527227429, "p25": 0.46398045577394265, "median": 0.5791852910638666, "p75": 0.6590972537513002, "p90": 0.7156972669677119, "p95": 0.741562688652043, "p99": 0.8026946701187989, "p99.9": 0.968900445849562, "max": 1.1496043258157442}, "time_per_output_token": {"mean": 0.21407783264576696, "min": 0.011647376983854619, "p0.1": 0.011928154153020813, "p1": 0.01779458834355952, "p5": 0.05143570340672252, "p10": 0.08271658452595734, "p25": 0.17719408452385033, "median": 0.24116780208010646, "p75": 0.2720439944513923, "p90": 0.27597790750686174, "p95": 0.281579232851847, "p99": 0.28437479723333153, "p99.9": 0.28492359304960985, "max": 0.2853663432742319}, "time_to_first_token": {"mean": 3.4545749087975244, "min": 0.047281541978009045, "p0.1": 0.07562950126710348, "p1": 0.2113495532399975, "p5": 0.8219173927907832, "p10": 1.2468992385664024, "p25": 2.203326961491257, "median": 3.4594561330159195, "p75": 4.609163830522448, "p90": 5.680344087001869, "p95": 6.234231628879206, "p99": 7.152358152467059, "p99.9": 7.66109295204818, "max": 7.966234966006596}, "inter_token_latency": {"mean": 0.214077832645767, "min": 7.736030966043472e-06, "p0.1": 1.0931669094134122e-05, "p1": 1.2836377718485892e-05, "p5": 1.6904028598219156e-05, "p10": 2.1902663866057993e-05, "p25": 3.3737291232682765e-05, "median": 0.00010665948502719402, "p75": 0.5795364712539595, "p90": 0.5895281479868573, "p95": 0.5948148776049493, "p99": 0.6068002296204213, "p99.9": 0.7310904295577203, "max": 0.8705465579987504}}, "throughput": {"input_tokens_per_sec": 49791.79571552151, "output_tokens_per_sec": 1090.4520780314128, "total_tokens_per_sec": 50882.247793552924, "requests_per_sec": 35.47592263625386}, "prompt_len": {"mean": 1403.5377240516882, "min": 7.0, "p0.1": 9.398, "p1": 32.900000000000006, "p5": 200.9, "p10": 312.0, "p25": 685.0, "median": 1554.0, "p75": 2016.5, "p90": 2211.2000000000003, "p95": 2335.2, "p99": 2703.3999999999987, "p99.9": 7442.4420000018745, "max": 22278.0}, "output_len": {"mean": 30.737807419758234, "min": 16.0, "p0.1": 19.0, "p1": 25.0, "p5": 28.0, "p10": 31.0, "p25": 31.0, "median": 31.0, "p75": 31.0, "p90": 31.0, "p95": 31.0, "p99": 31.0, "p99.9": 31.0, "max": 31.0}}, "failures": {"count": 1, "request_latency": {"mean": 0.7599812609842047, "min": 0.7599812609842047, "p0.1": 0.7599812609842047, "p1": 0.7599812609842047, "p5": 0.7599812609842047, "p10": 0.7599812609842047, "p25": 0.7599812609842047, "median": 0.7599812609842047, "p75": 0.7599812609842047, "p90": 0.7599812609842047, "p95": 0.7599812609842047, "p99": 0.7599812609842047, "p99.9": 0.7599812609842047, "max": 0.7599812609842047}, "prompt_len": {"mean": 161289.0, "min": 161289.0, "p0.1": 161289.0, "p1": 161289.0, "p5": 161289.0, "p10": 161289.0, "p25": 161289.0, "median": 161289.0, "p75": 161289.0, "p90": 161289.0, "p95": 161289.0, "p99": 161289.0, "p99.9": 161289.0, "max": 161289.0}}}