{"load_summary": {"count": 600, "schedule_delay": {"mean": 0.0008754003027570434, "min": -0.0006723221158608794, "p0.1": -0.0006706698674242943, "p1": -0.0004379155341302976, "p5": -0.00011871058086398984, "p10": 3.39186750352383e-05, "p25": 0.0003598065231926739, "median": 0.0007193729688879102, "p75": 0.001168394199339673, "p90": 0.0014592398365493864, "p95": 0.00165743880206719, "p99": 0.00219773901742883, "p99.9": 0.027637392271659973, "max": 0.033295273256953806}, "send_duration": 59.919233121036086, "requested_rate": 10.0, "achieved_rate": 10.013479291165286}, "successes": {"count": 600, "latency": {"request_latency": {"mean": 1.0827355299476766, "min": 0.7424422570038587, "p0.1": 0.7438045519132284, "p1": 0.7824289527861401, "p5": 0.8296295013511553, "p10": 0.8604130925959907, "p25": 0.9184381022205343, "median": 1.0181011929817032, "p75": 1.1743583982170094, "p90": 1.4299235925776883, "p95": 1.5877034702483797, "p99": 1.7699075138458282, "p99.9": 2.0859220887449337, "max": 2.0869345059618354}, "normalized_time_per_output_token": {"mean": 0.03512320385015392, "min": 0.023949750225930926, "p0.1": 0.023993695223007365, "p1": 0.02524616202581749, "p5": 0.026902743065523194, "p10": 0.027814008642716576, "p25": 0.029830591887378344, "median": 0.0329863995495778, "p75": 0.03795654601614637, "p90": 0.04682154176163397, "p95": 0.05155450472262718, "p99": 0.05709379076922026, "p99.9": 0.0672878093143527, "max": 0.06732046793425275}, "time_per_output_token": {"mean": 0.013448153200370926, "min": 0.01087884174194187, "p0.1": 0.0109039651351641, "p1": 0.01114381485460927, "p5": 0.011290843149970075, "p10": 0.011409062150050886, "p25": 0.011577358907567442, "median": 0.012473934080316535, "p75": 0.01430885006054943, "p90": 0.016417405670959385, "p95": 0.018888767431828102, "p99": 0.02343107507303132, "p99.9": 0.027769252974685833, "max": 0.030584447000423568}, "time_to_first_token": {"mean": 0.24323686234614192, "min": 0.03888700099196285, "p0.1": 0.041904846847406585, "p1": 0.04732255021110177, "p5": 0.06296524899662473, "p10": 0.07862861514440737, "p25": 0.12550892496074084, "median": 0.17728994649951346, "p75": 0.30598289778572507, "p90": 0.5159417199902236, "p95": 0.6387243946082889, "p99": 0.8707045943773118, "p99.9": 1.023708689899431, "max": 1.1523228000150993}, "inter_token_latency": {"mean": 0.013448153200370926, "min": 1.0921969078481197e-05, "p0.1": 1.4533775334712118e-05, "p1": 1.6626028809696436e-05, "p5": 3.057887952309102e-05, "p10": 3.8623885484412315e-05, "p25": 4.643101419787854e-05, "median": 7.931451546028256e-05, "p75": 0.024558716278988868, "p90": 0.02542061199201271, "p95": 0.02597924355068244, "p99": 0.09040986724197883, "p99.9": 0.33219966245663834, "max": 0.580791421001777}}, "throughput": {"input_tokens_per_sec": 14207.857805317717, "output_tokens_per_sec": 304.793649620778, "total_tokens_per_sec": 14512.651454938494, "requests_per_sec": 9.883062568767121}, "prompt_len": {"mean": 1437.5966666666666, "min": 12.0, "p0.1": 26.975, "p1": 88.89, "p5": 270.0, "p10": 377.0, "p25": 734.75, "median": 1631.5, "p75": 2013.75, "p90": 2207.6000000000004, "p95": 2343.2999999999997, "p99": 2619.959999999999, "p99.9": 5793.791000000363, "max": 9023.0}, "output_len": {"mean": 30.84, "min": 25.0, "p0.1": 25.0, "p1": 28.0, "p5": 29.950000000000003, "p10": 31.0, "p25": 31.0, "median": 31.0, "p75": 31.0, "p90": 31.0, "p95": 31.0, "p99": 31.0, "p99.9": 31.0, "max": 31.0}}, "failures": {"count": 0, "request_latency": null, "prompt_len": null}}