{"load_summary": {"count": 9525, "schedule_delay": {"mean": 0.0007522297405461802, "min": -0.0013618995435535908, "p0.1": -0.0010038694103714078, "p1": -0.0005176560953259468, "p5": -0.0001938965753652155, "p10": 4.416343290358786e-06, "p25": 0.0003416151157580316, "median": 0.0007247681496664882, "p75": 0.0011064185528084636, "p90": 0.0014405718073248865, "p95": 0.0016370687750168133, "p99": 0.002099523108918222, "p99.9": 0.009609344357159861, "max": 0.033295273256953806}}, "successes": {"count": 9524, "latency": {"request_latency": {"mean": 5.857926581866411, "min": 0.7227796799852513, "p0.1": 0.7422707130316994, "p1": 0.7812701837485656, "p5": 0.8740471676952438, "p10": 0.9560302201833111, "p25": 1.2893950364959892, "median": 2.3314680615148973, "p75": 6.7650854082312435, "p90": 18.96376243758714, "p95": 20.790608251662345, "p99": 22.81307664226566, "p99.9": 24.02624802844182, "max": 24.560429422999732}, "normalized_time_per_output_token": {"mean": 0.19120848147902542, "min": 0.02331547354791133, "p0.1": 0.023973082993228378, "p1": 0.025300140493763463, "p5": 0.02836288910916811, "p10": 0.03099120775568149, "p25": 0.04177578913626231, "median": 0.07628315970988854, "p75": 0.22936677221807786, "p90": 0.6169318894006973, "p95": 0.6779743254937667, "p99": 0.7481134162851304, "p99.9": 0.8755486256085566, "max": 1.1496043258157442}, "time_per_output_token": {"mean": 0.07139882272585615, "min": 0.010815305693540722, "p0.1": 0.01092146166577661, "p1": 0.011162560035356307, "p5": 0.011387770344182143, "p10": 0.011595027664800235, "p25": 0.01294079715279945, "median": 0.02194629067784145, "p75": 0.07206282552403037, "p90": 0.26966238622140565, "p95": 0.2729408119094461, "p99": 0.28273795943259405, "p99.9": 0.28486442211475377, "max": 0.2853663432742319}, "time_to_first_token": {"mean": 1.4246540767778464, "min": 0.03888700099196285, "p0.1": 0.04402236249297857, "p1": 0.0522345381550258, "p5": 0.08787637982168235, "p10": 0.13517534392303787, "p25": 0.25870696028869133, "median": 0.749776121461764, "p75": 2.033401225504349, "p90": 3.947524547093781, "p95": 4.9261008228408185, "p99": 6.459290810840321, "p99.9": 7.602958773256341, "max": 7.966234966006596}, "inter_token_latency": {"mean": 0.07139882272585617, "min": 7.736030966043472e-06, "p0.1": 1.1681478878017515e-05, "p1": 1.4448006986640393e-05, "p5": 1.8963997717946768e-05, "p10": 2.5640008971095085e-05, "p25": 4.160398384556174e-05, "median": 8.865998825058341e-05, "p75": 0.025887881973176263, "p90": 0.49058721238980124, "p95": 0.583436129745678, "p99": 0.5964327190420591, "p99.9": 0.6152828890261636, "max": 0.8705465579987504}}, "throughput": {"input_tokens_per_sec": 19887.769871055338, "output_tokens_per_sec": 424.93510166815116, "total_tokens_per_sec": 20312.704972723488, "requests_per_sec": 13.845360369911912}, "prompt_len": {"mean": 1436.4212515749684, "min": 3.0, "p0.1": 11.0, "p1": 44.0, "p5": 202.0, "p10": 318.0, "p25": 711.75, "median": 1652.0, "p75": 2030.0, "p90": 2220.0, "p95": 2359.0, "p99": 2765.0, "p99.9": 7400.1730000011175, "max": 22278.0}, "output_len": {"mean": 30.691516169676607, "min": 16.0, "p0.1": 19.523, "p1": 25.0, "p5": 28.0, "p10": 31.0, "p25": 31.0, "median": 31.0, "p75": 31.0, "p90": 31.0, "p95": 31.0, "p99": 31.0, "p99.9": 31.0, "max": 31.0}}, "failures": {"count": 1, "request_latency": {"mean": 0.7599812609842047, "min": 0.7599812609842047, "p0.1": 0.7599812609842047, "p1": 0.7599812609842047, "p5": 0.7599812609842047, "p10": 0.7599812609842047, "p25": 0.7599812609842047, "median": 0.7599812609842047, "p75": 0.7599812609842047, "p90": 0.7599812609842047, "p95": 0.7599812609842047, "p99": 0.7599812609842047, "p99.9": 0.7599812609842047, "max": 0.7599812609842047}, "prompt_len": {"mean": 161289.0, "min": 161289.0, "p0.1": 161289.0, "p1": 161289.0, "p5": 161289.0, "p10": 161289.0, "p25": 161289.0, "median": 161289.0, "p75": 161289.0, "p90": 161289.0, "p95": 161289.0, "p99": 161289.0, "p99.9": 161289.0, "max": 161289.0}}}