{"load_summary": {"count": 4179, "schedule_delay": {"mean": 0.0002313201041808822, "min": -0.0013037399621680379, "p0.1": -0.001118206876795739, "p1": -0.0008991727139800787, "p5": -0.0006223104661330581, "p10": -0.00045225236099213364, "p25": -0.0001435105805285275, "median": 0.00021235423628240824, "p75": 0.000591846473980695, "p90": 0.0009049082640558482, "p95": 0.0011146436212584375, "p99": 0.0015378649416379643, "p99.9": 0.002521303873974835, "max": 0.002894570934586227}, "send_duration": 59.987368764937855, "requested_rate": 69.65, "achieved_rate": 69.66466584616381}, "successes": {"count": 4179, "latency": {"request_latency": {"mean": 2.570914769942692, "min": 0.31476604007184505, "p0.1": 0.7176609437274747, "p1": 1.1468918199674227, "p5": 1.587298157287296, "p10": 1.8830008439952508, "p25": 2.2072824535425752, "median": 2.687868927954696, "p75": 2.930799499503337, "p90": 3.1888274844503033, "p95": 3.2698020488838666, "p99": 3.376970865402837, "p99.9": 3.449801756343106, "max": 3.4711340259527788}, "normalized_time_per_output_token": {"mean": 0.04121234108562992, "min": 0.00484255446264377, "p0.1": 0.011169264377935178, "p1": 0.017989919840366367, "p5": 0.02540378643056521, "p10": 0.029729640221765014, "p25": 0.03508042864615653, "median": 0.04253130750730634, "p75": 0.04702928068118778, "p90": 0.05075255635744758, "p95": 0.05254737646883725, "p99": 0.06410668742040863, "p99.9": 0.08566074858365584, "max": 0.27730240641782683}, "time_per_output_token": {"mean": 0.01585269867920465, "min": 0.0070979750908717705, "p0.1": 0.007988409677101847, "p1": 0.009822287665830199, "p5": 0.015107632211941351, "p10": 0.015810661831811675, "p25": 0.015972964980960645, "median": 0.016061090666889436, "p75": 0.0161342598563746, "p90": 0.016190464914440716, "p95": 0.016236368600357567, "p99": 0.01630258503658417, "p99.9": 0.016347865598490472, "max": 0.016359098727814853}, "time_to_first_token": {"mean": 0.76022844388652, "min": 0.02940047299489379, "p0.1": 0.03250159562029876, "p1": 0.041257774208206685, "p5": 0.05791365745244548, "p10": 0.07073153799865395, "p25": 0.6031460599624552, "median": 0.8081083650467917, "p75": 1.1052240270073526, "p90": 1.2159034598153085, "p95": 1.2663468509796076, "p99": 1.3497650707303548, "p99.9": 1.383715988031123, "max": 1.3992230219300836}, "inter_token_latency": {"mean": 0.015867838144737197, "min": 2.569984644651413e-06, "p0.1": 3.0745733529329298e-06, "p1": 4.398501478135586e-06, "p5": 1.0194024071097374e-05, "p10": 1.2382026761770249e-05, "p25": 1.7351005226373672e-05, "median": 5.137606058269739e-05, "p75": 0.03285301197320223, "p90": 0.03419309698510915, "p95": 0.03482311614789069, "p99": 0.03605377569328994, "p99.9": 0.04070080508058893, "max": 0.04456236807163805}}, "throughput": {"input_tokens_per_sec": 13487.404726415058, "output_tokens_per_sec": 4208.063997080097, "total_tokens_per_sec": 17695.468723495153, "requests_per_sec": 66.92328850519169}, "prompt_len": {"mean": 201.53529552524526, "min": 195.0, "p0.1": 195.0, "p1": 195.0, "p5": 196.9, "p10": 197.0, "p25": 199.0, "median": 201.0, "p75": 204.0, "p90": 206.0, "p95": 208.0, "p99": 210.0, "p99.9": 212.0, "max": 212.0}, "output_len": {"mean": 62.878918401531465, "min": 12.0, "p0.1": 25.0, "p1": 39.0, "p5": 56.0, "p10": 57.0, "p25": 64.0, "median": 65.0, "p75": 65.0, "p90": 65.0, "p95": 65.0, "p99": 66.0, "p99.9": 67.0, "max": 68.0}}, "failures": {"count": 0, "request_latency": null, "prompt_len": null}}