{"load_summary": {"count": 2119, "schedule_delay": {"mean": 0.0007367860594519984, "min": -0.0010680027771741152, "p0.1": -0.0010001437184400856, "p1": -0.0007732111937366426, "p5": -0.0004723710124380886, "p10": -0.0002822589129209518, "p25": 1.4467863366007805e-05, "median": 0.0004438150208443403, "p75": 0.0009854537202045321, "p90": 0.0020819878205657004, "p95": 0.0031783237704075843, "p99": 0.005826808139681819, "p99.9": 0.007996506989700733, "max": 0.008488350780680776}, "send_duration": 59.992262306041084, "requested_rate": 35.33, "achieved_rate": 35.32122174673552}, "successes": {"count": 2119, "latency": {"request_latency": {"mean": 0.8950649631720492, "min": 0.2943178159184754, "p0.1": 0.40171270919800733, "p1": 0.4945910040591843, "p5": 0.6181023768265732, "p10": 0.6830564026487991, "p25": 0.7953449445194565, "median": 0.9411759920185432, "p75": 0.9965003389515914, "p90": 1.049703582166694, "p95": 1.0816880533355289, "p99": 1.1585041702212775, "p99.9": 1.1933329549760097, "max": 1.9901296279858798}, "normalized_time_per_output_token": {"mean": 0.01431931102624767, "min": 0.004598715873726178, "p0.1": 0.0061801955261231905, "p1": 0.007612801453206116, "p5": 0.009603893638660129, "p10": 0.010623772509145335, "p25": 0.012878484226271194, "median": 0.0148276134304559, "p75": 0.015776876961955656, "p90": 0.016849595005987796, "p95": 0.017717216406536434, "p99": 0.020457647640006526, "p99.9": 0.027768123578912854, "max": 0.06968198847025633}, "time_per_output_token": {"mean": 0.007502279525818564, "min": 0.005954587949486841, "p0.1": 0.006514529412200277, "p1": 0.0067389419081044415, "p5": 0.006977257310297024, "p10": 0.00706004107694257, "p25": 0.007176029566501912, "median": 0.007427720837597925, "p75": 0.007746064825644067, "p90": 0.008122278311462441, "p95": 0.008249309549565742, "p99": 0.008734033543182682, "p99.9": 0.00889600770329909, "max": 0.008997046012914728}, "time_to_first_token": {"mean": 0.04027214873665192, "min": 0.026063582045026124, "p0.1": 0.027343956056516617, "p1": 0.02946921872207895, "p5": 0.031179209402762354, "p10": 0.03255388103425503, "p25": 0.03520318598020822, "median": 0.03918691899161786, "p75": 0.04285041295224801, "p90": 0.04606969298329204, "p95": 0.04807636906625703, "p99": 0.053849165216088436, "p99.9": 0.15319622824621104, "max": 1.0553403849480674}, "inter_token_latency": {"mean": 0.007509485097050285, "min": 1.7700949683785439e-06, "p0.1": 2.92165856808424e-06, "p1": 3.5249395295977592e-06, "p5": 8.52800440043211e-06, "p10": 1.0257004760205746e-05, "p25": 1.3208016753196716e-05, "median": 4.016596358269453e-05, "p75": 0.015205928473733366, "p90": 0.016243906575255096, "p95": 0.016839744593016803, "p99": 0.01830494245747104, "p99.9": 0.024044457087758948, "max": 0.1397298489464447}}, "throughput": {"input_tokens_per_sec": 7015.221499415442, "output_tokens_per_sec": 2191.2249234063265, "total_tokens_per_sec": 9206.446422821768, "requests_per_sec": 34.80794342140265}, "prompt_len": {"mean": 201.54082114204815, "min": 195.0, "p0.1": 195.0, "p1": 195.0, "p5": 197.0, "p10": 197.0, "p25": 199.5, "median": 201.0, "p75": 204.0, "p90": 206.0, "p95": 208.0, "p99": 210.0, "p99.9": 212.0, "max": 212.0}, "output_len": {"mean": 62.95186408683341, "min": 15.0, "p0.1": 33.236, "p1": 39.0, "p5": 56.0, "p10": 57.0, "p25": 64.0, "median": 65.0, "p75": 65.0, "p90": 65.0, "p95": 65.0, "p99": 66.0, "p99.9": 67.0, "max": 68.0}}, "failures": {"count": 0, "request_latency": null, "prompt_len": null}}