{"load_summary": {"count": 60, "schedule_delay": {"mean": 0.0004700689809396863, "min": -0.0007796033751219511, "p0.1": -0.000761574424454011, "p1": -0.0005993138684425503, "p5": -0.0003884577774442732, "p10": -5.701518384739756e-05, "p25": 0.0001355403510387987, "median": 0.0004141012323088944, "p75": 0.0007698852277826518, "p90": 0.0011476931278593839, "p95": 0.001190258638234809, "p99": 0.0012999961187597356, "p99.9": 0.0014049508915049975, "max": 0.0014166125329211354}, "send_duration": 59.102918679011054, "requested_rate": 1.0, "achieved_rate": 1.0151782913778085}, "successes": {"count": 60, "latency": {"request_latency": {"mean": 0.7134543793353563, "min": 0.40558529109694064, "p0.1": 0.4087007624271791, "p1": 0.4367400043993257, "p5": 0.5106497794855386, "p10": 0.5832215060363524, "p25": 0.66046799349715, "median": 0.7672252865158953, "p75": 0.7885455652722158, "p90": 0.7970771616557613, "p95": 0.8022060505230911, "p99": 0.8083908353000879, "p99.9": 0.8085926662897691, "max": 0.8086150919552892}, "normalized_time_per_output_token": {"mean": 0.011508156872530161, "min": 0.0063372701733896974, "p0.1": 0.006379448210159059, "p1": 0.006759050541083315, "p5": 0.00785615045362367, "p10": 0.00929013908572065, "p25": 0.010712809925258799, "median": 0.012023131171512293, "p75": 0.012360828089377215, "p90": 0.0127221428820165, "p95": 0.01307645280344257, "p99": 0.016622061173435638, "p99.9": 0.019934165469184986, "max": 0.02030217705760151}, "time_per_output_token": {"mean": 0.0057914244556198065, "min": 0.00564999259972515, "p0.1": 0.005650018581007369, "p1": 0.005650252412547334, "p5": 0.005667473552409935, "p10": 0.00569317273362648, "p25": 0.005732463383523733, "median": 0.005779756271450008, "p75": 0.0058568763267895915, "p90": 0.005905662856404056, "p95": 0.005916680995503065, "p99": 0.005943410942744276, "p99.9": 0.005945113410874516, "max": 0.005945302574000098}, "time_to_first_token": {"mean": 0.03735178913145016, "min": 0.02558120700996369, "p0.1": 0.02570773021085188, "p1": 0.026846439018845557, "p5": 0.031100203323876485, "p10": 0.03196577122434974, "p25": 0.03387357998872176, "median": 0.03660908149322495, "p75": 0.03957189474022016, "p90": 0.0426116997259669, "p95": 0.04456674276734702, "p99": 0.05703359888750121, "p99.9": 0.06845828001375796, "max": 0.06972768902778625}, "inter_token_latency": {"mean": 0.005795427030813607, "min": 2.895016223192215e-06, "p0.1": 3.0609790701419116e-06, "p1": 3.4885131753981116e-06, "p5": 9.928247891366482e-06, "p10": 1.0345014743506908e-05, "p25": 1.1640513548627496e-05, "median": 3.8421014323830605e-05, "p75": 0.01193363478523679, "p90": 0.012384572008159012, "p95": 0.012573437241371721, "p99": 0.01288057427154854, "p99.9": 0.013346358538838119, "max": 0.013607868924736977}}, "throughput": {"input_tokens_per_sec": 202.28161828339057, "output_tokens_per_sec": 62.70378838194921, "total_tokens_per_sec": 264.9854066653398, "requests_per_sec": 1.0037959719629008}, "prompt_len": {"mean": 201.51666666666668, "min": 195.0, "p0.1": 195.059, "p1": 195.59, "p5": 197.0, "p10": 197.0, "p25": 200.0, "median": 201.0, "p75": 204.0, "p90": 205.1, "p95": 206.05, "p99": 208.82, "p99.9": 209.882, "max": 210.0}, "output_len": {"mean": 62.46666666666667, "min": 36.0, "p0.1": 36.708, "p1": 43.08, "p5": 56.95, "p10": 57.0, "p25": 63.0, "median": 64.0, "p75": 65.0, "p90": 65.0, "p95": 65.0, "p99": 65.41, "p99.9": 65.941, "max": 66.0}}, "failures": {"count": 0, "request_latency": null, "prompt_len": null}}