{"load_summary": {"count": 5208, "schedule_delay": {"mean": 3.781553238719752, "min": -0.0011204686015844345, "p0.1": -0.0010011660262243822, "p1": -0.0007050413126125931, "p5": -0.00028581416700035334, "p10": -3.2350281253457054e-05, "p25": 0.0006473289104178548, "median": 2.8900435020332225, "p75": 6.894128636689857, "p90": 9.638907843653579, "p95": 10.556970186834223, "p99": 11.079406133223095, "p99.9": 11.289206644005608, "max": 11.310531500726938}, "send_duration": 71.26813831599429, "requested_rate": 86.81, "achieved_rate": 73.07613364205416}, "successes": {"count": 5208, "latency": {"request_latency": {"mean": 5.675873225777506, "min": 0.27498987002763897, "p0.1": 0.9556891571949236, "p1": 1.5129057330545037, "p5": 2.3149902810051572, "p10": 3.137052639736794, "p25": 5.403887945198221, "median": 6.300132325501181, "p75": 6.6108811447629705, "p90": 6.703884069889318, "p95": 6.745805343426764, "p99": 6.810661733245943, "p99.9": 6.894892995708285, "max": 6.945872762007639}, "normalized_time_per_output_token": {"mean": 0.090561379559049, "min": 0.0042306133850405995, "p0.1": 0.014702910110691133, "p1": 0.02362563599878922, "p5": 0.03677009615307075, "p10": 0.05012169345514849, "p25": 0.08544551604658969, "median": 0.09888962267845133, "p75": 0.1033846361702773, "p90": 0.10732099319675496, "p95": 0.11387739240438675, "p99": 0.1435179912702608, "p99.9": 0.18356541956686886, "max": 0.2387323171598837}, "time_per_output_token": {"mean": 0.015986438082210893, "min": 0.006795359937699906, "p0.1": 0.009008754363062092, "p1": 0.012134810359168061, "p5": 0.015663505417065442, "p10": 0.01584278530513349, "p25": 0.01597328447098285, "median": 0.016066993552663625, "p75": 0.01613868473115863, "p90": 0.016206238351765902, "p95": 0.016304263774830807, "p99": 0.01761475616325923, "p99.9": 0.01793469849479256, "max": 0.018956745409273675}, "time_to_first_token": {"mean": 3.8459271699711284, "min": 0.03001368697732687, "p0.1": 0.03274813417205587, "p1": 0.04486780952196568, "p5": 0.47207786737708374, "p10": 1.3523658325895669, "p25": 3.4393368112214375, "median": 4.545612891553901, "p75": 4.620015446795151, "p90": 4.675625117216259, "p95": 4.707696415967075, "p99": 4.759200822329149, "p99.9": 4.821866465360043, "max": 4.835222997004166}, "inter_token_latency": {"mean": 0.015999585062956425, "min": 2.624932676553726e-06, "p0.1": 3.0650990083813667e-06, "p1": 4.40794974565506e-06, "p5": 1.0302988812327385e-05, "p10": 1.238903496414423e-05, "p25": 1.736974809318781e-05, "median": 5.1915994845330715e-05, "p75": 0.032945666927844286, "p90": 0.034113830549176785, "p95": 0.03468089824891649, "p99": 0.0360422618733719, "p99.9": 0.059121298643876906, "max": 0.2016033239196986}}, "throughput": {"input_tokens_per_sec": 13619.579498364224, "output_tokens_per_sec": 4261.656778639336, "total_tokens_per_sec": 17881.23627700356, "requests_per_sec": 67.57737780849017}, "prompt_len": {"mean": 201.54051459293396, "min": 195.0, "p0.1": 195.0, "p1": 195.0, "p5": 197.0, "p10": 197.0, "p25": 199.75, "median": 201.0, "p75": 204.0, "p90": 206.0, "p95": 208.0, "p99": 210.0, "p99.9": 212.0, "max": 212.0}, "output_len": {"mean": 63.06336405529954, "min": 25.0, "p0.1": 34.0, "p1": 41.0, "p5": 56.0, "p10": 57.0, "p25": 64.0, "median": 65.0, "p75": 65.0, "p90": 65.0, "p95": 65.0, "p99": 66.0, "p99.9": 67.79300000000057, "max": 68.0}}, "failures": {"count": 0, "request_latency": null, "prompt_len": null}}