{"load_summary": {"count": 3149, "schedule_delay": {"mean": 0.0003913706924917727, "min": -0.0012877938570454717, "p0.1": -0.0011474024676717818, "p1": -0.0008574091363698245, "p5": -0.0005299453623592854, "p10": -0.0003718598512932658, "p25": -7.755961269140244e-05, "median": 0.00030931655783206224, "p75": 0.0007188937161117792, "p90": 0.0011995144654065371, "p95": 0.0016142011620104313, "p99": 0.0030146198859438288, "p99.9": 0.0044708828502335474, "max": 0.005581150180660188}, "send_duration": 59.980510351015255, "requested_rate": 52.49, "achieved_rate": 52.500386901871344}, "successes": {"count": 3149, "latency": {"request_latency": {"mean": 1.2835468967535695, "min": 0.4792395259719342, "p0.1": 0.5473524700459093, "p1": 0.6909868126083165, "p5": 0.8506205309415236, "p10": 0.9516919346060604, "p25": 1.1208535529440269, "median": 1.2860821970971301, "p75": 1.4559688540175557, "p90": 1.5961397949606182, "p95": 1.6638050929876043, "p99": 1.9094943128479642, "p99.9": 1.955844584674575, "max": 1.9645219129743055}, "normalized_time_per_output_token": {"mean": 0.02050013522245568, "min": 0.007372915784183603, "p0.1": 0.008420807231475527, "p1": 0.010672505417767052, "p5": 0.013278098171576857, "p10": 0.014928061599986484, "p25": 0.01792646147704755, "median": 0.020525114476465836, "p75": 0.0231848459388857, "p90": 0.025457283500481237, "p95": 0.0274175783920999, "p99": 0.030317442865562042, "p99.9": 0.03953379517681076, "max": 0.055282343834793815}, "time_per_output_token": {"mean": 0.01079119370142353, "min": 0.006585468308875318, "p0.1": 0.007879607889193419, "p1": 0.008337987867691693, "p5": 0.008810509174309124, "p10": 0.009034611854652784, "p25": 0.009766036897575058, "median": 0.01075134051282804, "p75": 0.011767226597113722, "p90": 0.012318190159281537, "p95": 0.013169615187452058, "p99": 0.014609695741105391, "p99.9": 0.01480463101074936, "max": 0.014868354631930982}, "time_to_first_token": {"mean": 0.050572599013848835, "min": 0.029765988001599908, "p0.1": 0.031252350792754444, "p1": 0.03477973338682205, "p5": 0.03794214234221727, "p10": 0.039837449602782724, "p25": 0.04395740502513945, "median": 0.04973231290932745, "p75": 0.05637213191948831, "p90": 0.06240110078360886, "p95": 0.06563964781817049, "p99": 0.07221136546693742, "p99.9": 0.08194470853963884, "max": 0.08443978906143457}, "inter_token_latency": {"mean": 0.010799676570353512, "min": 2.6030465960502625e-06, "p0.1": 3.0259834602475166e-06, "p1": 4.039288032799959e-06, "p5": 9.62906051427126e-06, "p10": 1.1631986126303673e-05, "p25": 1.663400325924158e-05, "median": 4.890596028417349e-05, "p75": 0.021866562019567937, "p90": 0.024607181269675493, "p95": 0.0262359504820779, "p99": 0.030513691836968074, "p99.9": 0.03496775148296733, "max": 0.03936322999652475}}, "throughput": {"input_tokens_per_sec": 10407.040785737063, "output_tokens_per_sec": 3252.1766733415284, "total_tokens_per_sec": 13659.21745907859, "requests_per_sec": 51.63746915121225}, "prompt_len": {"mean": 201.540489044141, "min": 195.0, "p0.1": 195.0, "p1": 195.0, "p5": 197.0, "p10": 197.0, "p25": 200.0, "median": 201.0, "p75": 204.0, "p90": 206.0, "p95": 208.0, "p99": 210.0, "p99.9": 212.0, "max": 212.0}, "output_len": {"mean": 62.98094633216894, "min": 17.0, "p0.1": 34.0, "p1": 40.0, "p5": 56.0, "p10": 57.0, "p25": 64.0, "median": 65.0, "p75": 65.0, "p90": 65.0, "p95": 65.0, "p99": 66.0, "p99.9": 67.85200000000032, "max": 68.0}}, "failures": {"count": 0, "request_latency": null, "prompt_len": null}}