{"load_summary": {"count": 22042, "schedule_delay": {"mean": 3.987479443520741, "min": -0.0013037399621680379, "p0.1": -0.0010814813560573384, "p1": -0.0007800533052068204, "p5": -0.0004420417651999742, "p10": -0.0002245530835352838, "p25": 0.00017999339615926147, "median": 0.0009340172982774675, "p75": 6.121630217996426, "p90": 14.834077902825122, "p95": 20.885480255016596, "p99": 25.111260016988965, "p99.9": 25.805211321575012, "max": 25.919734216993675}}, "successes": {"count": 22042, "latency": {"request_latency": {"mean": 3.8427295362450065, "min": 0.27498987002763897, "p0.1": 0.42920846693066417, "p1": 0.603600269460585, "p5": 0.7843050902476534, "p10": 0.903232078696601, "p25": 1.3887232995184604, "median": 3.189649878477212, "p75": 6.382486224931199, "p90": 6.6428407013998365, "p95": 6.700830636190949, "p99": 6.7933463082776875, "p99.9": 6.871448119105307, "max": 6.945872762007639}, "normalized_time_per_output_token": {"mean": 0.06147056364466227, "min": 0.0042306133850405995, "p0.1": 0.006607449196865211, "p1": 0.009349844735635156, "p5": 0.01258376861725568, "p10": 0.014410575743442258, "p25": 0.02216422360238189, "median": 0.050775980994490454, "p75": 0.10042301391949877, "p90": 0.10453722080230923, "p95": 0.10897760064189993, "p99": 0.13233138489636925, "p99.9": 0.1735962896232396, "max": 0.27730240641782683}, "time_per_output_token": {"mean": 0.013902404184094093, "min": 0.00564999259972515, "p0.1": 0.005751758014145063, "p1": 0.006258254149845525, "p5": 0.006771522636169769, "p10": 0.007422787191513293, "p25": 0.011328906529601042, "median": 0.015981971148779774, "p75": 0.016099770479445462, "p90": 0.01617396160727864, "p95": 0.016238727309387323, "p99": 0.016591531780598932, "p99.9": 0.017774424261897577, "max": 0.018956745409273675}, "time_to_first_token": {"mean": 2.254388540867197, "min": 0.02558120700996369, "p0.1": 0.02736676388361957, "p1": 0.030757515580626206, "p5": 0.035142850363627076, "p10": 0.0390800069202669, "p25": 0.05296930199256167, "median": 1.225919183518272, "p75": 4.553248815442203, "p90": 4.63380980406655, "p95": 4.671299103985075, "p99": 4.742507502025692, "p99.9": 4.813960052203156, "max": 4.8478538690833375}, "inter_token_latency": {"mean": 0.013916193232379704, "min": 1.7700949683785439e-06, "p0.1": 3.0308673158288003e-06, "p1": 4.181056283414364e-06, "p5": 9.870040230453014e-06, "p10": 1.1654919944703579e-05, "p25": 1.6598030924797058e-05, "median": 4.97829751111567e-05, "p75": 0.03203735372517258, "p90": 0.03377946936525404, "p95": 0.0344296297582332, "p99": 0.035764771380927415, "p99.9": 0.0563260227476713, "max": 0.2016033239196986}}, "throughput": {"input_tokens_per_sec": 7773.037532574757, "output_tokens_per_sec": 2427.5380358797493, "total_tokens_per_sec": 10200.575568454506, "requests_per_sec": 38.56853956581857}, "prompt_len": {"mean": 201.53829053624898, "min": 195.0, "p0.1": 195.0, "p1": 195.0, "p5": 197.0, "p10": 197.0, "p25": 200.0, "median": 201.0, "p75": 204.0, "p90": 206.0, "p95": 208.0, "p99": 210.0, "p99.9": 212.0, "max": 212.0}, "output_len": {"mean": 62.94088558207059, "min": 12.0, "p0.1": 33.0, "p1": 40.0, "p5": 56.0, "p10": 57.0, "p25": 64.0, "median": 65.0, "p75": 65.0, "p90": 65.0, "p95": 65.0, "p99": 66.0, "p99.9": 67.0, "max": 79.0}}, "failures": {"count": 0, "request_latency": null, "prompt_len": null}}