{"load_summary": {"count": 300, "schedule_delay": {"mean": 0.0008168936809912945, "min": -0.000533579383045435, "p0.1": -0.0005136861680948642, "p1": -0.00040823837276548146, "p5": -2.9914086917415246e-05, "p10": 0.00015032007650006562, "p25": 0.00043752870988100767, "median": 0.0008358129998669028, "p75": 0.001186462635814678, "p90": 0.0014484428771538661, "p95": 0.001691066568309907, "p99": 0.002044147248670924, "p99.9": 0.0025739187199797166, "max": 0.0027798221562989056}, "send_duration": 59.979267562011955, "requested_rate": 5.0, "achieved_rate": 5.0017283003636726}, "successes": {"count": 300, "latency": {"request_latency": {"mean": 49.28737662317241, "min": 28.9934080359817, "p0.1": 29.274920680431094, "p1": 31.044125746411154, "p5": 35.16480441029707, "p10": 38.50585145251243, "p25": 45.70493590075057, "median": 50.3857243454986, "p75": 54.395256642994354, "p90": 57.32134598989505, "p95": 58.18932623334695, "p99": 59.50899751611374, "p99.9": 59.86130280969939, "max": 60.00924642200698}, "normalized_time_per_output_token": {"mean": 0.05174471278054962, "min": 0.030417982235745798, "p0.1": 0.0305257964206745, "p1": 0.032054775326839785, "p5": 0.03517341135768917, "p10": 0.03942241139651406, "p25": 0.04666587957305959, "median": 0.052136600910220106, "p75": 0.05706172785605363, "p90": 0.06068762042031118, "p95": 0.06518279907476392, "p99": 0.07786343951368593, "p99.9": 0.1000570528640562, "max": 0.10566738812719224}, "time_per_output_token": {"mean": 0.022952431623563488, "min": 0.014420503117940572, "p0.1": 0.014439760970974687, "p1": 0.014599830370563727, "p5": 0.015436376276865876, "p10": 0.016715128254427548, "p25": 0.019532759524247257, "median": 0.024005140178167364, "p75": 0.02639420036556849, "p90": 0.028085323761622857, "p95": 0.028374925133568454, "p99": 0.028886014523740743, "p99.9": 0.02948977366335453, "max": 0.02958405964018166}, "time_to_first_token": {"mean": 3.3238184692455492, "min": 0.07228495899471454, "p0.1": 0.07378134605861851, "p1": 0.08268451081879903, "p5": 0.1051776145468466, "p10": 0.1546159768855432, "p25": 0.1915616012411192, "median": 1.0815961729967967, "p75": 1.9616518232651288, "p90": 15.597436484304497, "p95": 19.333525340943016, "p99": 20.807332246482243, "p99.9": 23.24446718608656, "max": 23.402924686990445}, "inter_token_latency": {"mean": 0.022952431623563484, "min": 1.9400031305849552e-06, "p0.1": 3.912997111910954e-06, "p1": 1.243999577127397e-05, "p5": 1.6959995264187455e-05, "p10": 2.090999623760581e-05, "p25": 3.2970012398436666e-05, "median": 0.00020233499526511878, "p75": 0.03302705173700815, "p90": 0.035857459105318415, "p95": 0.0377322515414562, "p99": 0.4611210239853245, "p99.9": 0.6202900102880092, "max": 14.59945572700235}}, "throughput": {"input_tokens_per_sec": 26548.86586551944, "output_tokens_per_sec": 2713.45724848225, "total_tokens_per_sec": 29262.32311400169, "requests_per_sec": 2.8253603542460906}, "prompt_len": {"mean": 9396.63, "min": 9331.0, "p0.1": 9331.897, "p1": 9336.97, "p5": 9346.95, "p10": 9357.0, "p25": 9378.0, "median": 9397.0, "p75": 9418.0, "p90": 9431.0, "p95": 9443.05, "p99": 9451.1, "p99.9": 9472.711, "max": 9476.0}, "output_len": {"mean": 960.3933333333333, "min": 511.0, "p0.1": 522.661, "p1": 678.88, "p5": 797.95, "p10": 851.5, "p25": 954.75, "median": 1000.0, "p75": 1001.0, "p90": 1001.0, "p95": 1001.0, "p99": 1002.01, "p99.9": 1013.0100000000002, "max": 1016.0}}, "failures": {"count": 0, "request_latency": null, "prompt_len": null}}