{"load_summary": {"count": 1800, "schedule_delay": {"mean": 0.0007703590720484499, "min": -0.0006325067370198667, "p0.1": -0.0005521068064845167, "p1": -0.00039665801275987175, "p5": -0.00013783978502033276, "p10": 2.9244658071547758e-05, "p25": 0.00038186402525752783, "median": 0.0007369326485786587, "p75": 0.0011185400799149647, "p90": 0.0014619042951380834, "p95": 0.0016488450419274159, "p99": 0.0020323547339648937, "p99.9": 0.004005820870050561, "max": 0.033688815077766776}, "send_duration": 59.90119739100919, "requested_rate": 30.0, "achieved_rate": 30.04948278830515}, "successes": {"count": 1066, "latency": {"request_latency": {"mean": 174.15660067878778, "min": 56.122000132018, "p0.1": 56.457048983590646, "p1": 58.07110305870738, "p5": 61.08422657375195, "p10": 65.27720747300191, "p25": 117.71185878825054, "median": 176.07599300600123, "p75": 239.4562384394958, "p90": 281.47743021351926, "p95": 292.92525549548736, "p99": 297.72142997331247, "p99.9": 299.5331410727767, "max": 299.6072698489879}, "normalized_time_per_output_token": {"mean": 0.18379078614340894, "min": 0.05606593419782018, "p0.1": 0.05640064833525539, "p1": 0.058148309854489585, "p5": 0.062421958825175504, "p10": 0.06689010459579334, "p25": 0.1196216364272295, "median": 0.180418876548879, "p75": 0.25130599620411986, "p90": 0.2933110913699556, "p95": 0.30992735480163974, "p99": 0.36488513894747854, "p99.9": 0.6542734192441425, "max": 1.332178924576066}, "time_per_output_token": {"mean": 0.03068716377878474, "min": 0.027502500252883255, "p0.1": 0.027502926003490875, "p1": 0.027510875221390136, "p5": 0.027630024577707933, "p10": 0.028447705689153384, "p25": 0.02909763540179435, "median": 0.030061499733640848, "p75": 0.031224099070847285, "p90": 0.0332617613538201, "p95": 0.03622377602510571, "p99": 0.04504830568247666, "p99.9": 0.048087051642433765, "max": 0.048222004296851514}, "time_to_first_token": {"mean": 112.71569696136346, "min": 0.08510841900715604, "p0.1": 0.08772673280283926, "p1": 1.1979918334967805, "p5": 2.8961000922499807, "p10": 7.463851951484685, "p25": 57.14508106224093, "median": 116.6326432129863, "p75": 176.87511500999972, "p90": 221.9235557195061, "p95": 231.4003145964889, "p99": 238.5860381688195, "p99.9": 240.68478254835605, "max": 240.7517264939961}, "inter_token_latency": {"mean": 0.03068716377878474, "min": 1.6890116967260838e-06, "p0.1": 2.749991836026311e-06, "p1": 1.1969998013228178e-05, "p5": 1.6420002793893218e-05, "p10": 2.012000186368823e-05, "p25": 3.221002407371998e-05, "median": 0.00014576000103261322, "p75": 0.035613918997114524, "p90": 0.036932524482836016, "p95": 0.038724819001799915, "p99": 0.618816805855022, "p99.9": 0.6425410945524347, "max": 82.31178505101707}}, "throughput": {"input_tokens_per_sec": 27757.921060338616, "output_tokens_per_sec": 2846.0018518945362, "total_tokens_per_sec": 30603.922912233153, "requests_per_sec": 2.953982952952413}, "prompt_len": {"mean": 9396.777673545967, "min": 9331.0, "p0.1": 9331.0, "p1": 9337.0, "p5": 9347.0, "p10": 9357.0, "p25": 9377.0, "median": 9397.0, "p75": 9418.0, "p90": 9431.0, "p95": 9444.0, "p99": 9451.0, "p99.9": 9476.0, "max": 9476.0}, "output_len": {"mean": 963.4455909943715, "min": 208.0, "p0.1": 217.39, "p1": 737.85, "p5": 803.0, "p10": 865.0, "p25": 970.0, "median": 1000.0, "p75": 1001.0, "p90": 1001.0, "p95": 1001.0, "p99": 1002.0, "p99.9": 1003.9350000000002, "max": 1017.0}}, "failures": {"count": 734, "request_latency": {"mean": 214.67523635161646, "min": 0.03842987900134176, "p0.1": 0.038755514256248715, "p1": 0.5070960267915507, "p5": 22.43906050810474, "p10": 60.81740094269044, "p25": 117.0230436074853, "median": 300.0911903439992, "p75": 300.5511839700048, "p90": 300.81111663539195, "p95": 300.9135258128663, "p99": 300.9751675854495, "p99.9": 300.9955854067041, "max": 300.99744114500936}, "prompt_len": {"mean": 0.0, "min": 0.0, "p0.1": 0.0, "p1": 0.0, "p5": 0.0, "p10": 0.0, "p25": 0.0, "median": 0.0, "p75": 0.0, "p90": 0.0, "p95": 0.0, "p99": 0.0, "p99.9": 0.0, "max": 0.0}}}