{"load_summary": {"count": 480, "schedule_delay": {"mean": 0.0007427074036968406, "min": -0.000689452514052391, "p0.1": -0.0006569394862744958, "p1": -0.00041506615991238505, "p5": -0.00013810845994157716, "p10": 7.124312105588615e-05, "p25": 0.00032106941216625273, "median": 0.0007451221317751333, "p75": 0.0011352490764693357, "p90": 0.0014749721769476314, "p95": 0.001663801659015007, "p99": 0.0020935691113118065, "p99.9": 0.002776117062458071, "max": 0.0027826071018353105}, "send_duration": 59.92711154499557, "requested_rate": 8.0, "achieved_rate": 8.00973028108651}, "successes": {"count": 480, "latency": {"request_latency": {"mean": 74.9992683035102, "min": 52.9700279829849, "p0.1": 53.04162032457817, "p1": 53.60086992680037, "p5": 56.52247026099212, "p10": 59.09959972120123, "p25": 60.672294909498305, "median": 68.9675891745137, "p75": 90.09488792773482, "p90": 96.83150781049045, "p95": 104.46173617025924, "p99": 106.07028174027218, "p99.9": 106.61593403011766, "max": 106.71121359901736}, "normalized_time_per_output_token": {"mean": 0.078173021196044, "min": 0.053076180343672244, "p0.1": 0.05314176522656818, "p1": 0.054135776840061364, "p5": 0.057609377451438334, "p10": 0.059441745675450575, "p25": 0.06261917262163916, "median": 0.073323457925524, "p75": 0.09271349557494478, "p90": 0.10219968244211745, "p95": 0.10619753157579861, "p99": 0.12210443087228491, "p99.9": 0.188372353357192, "max": 0.2057089319573571}, "time_per_output_token": {"mean": 0.027033639481189368, "min": 0.012596808372808133, "p0.1": 0.012779777078872017, "p1": 0.013668669549871814, "p5": 0.016161025027986466, "p10": 0.018657022811694544, "p25": 0.024412310282354008, "median": 0.028826966216894567, "p75": 0.030129168308338998, "p90": 0.031012822919540217, "p95": 0.03235575357121406, "p99": 0.04161100409786823, "p99.9": 0.045792598714346086, "max": 0.04606167689204737}, "time_to_first_token": {"mean": 20.86892425192091, "min": 0.08584639901528135, "p0.1": 0.08651190197991673, "p1": 0.10128068998921663, "p5": 0.17306206097564428, "p10": 0.5636079419957242, "p25": 1.2478459299818496, "median": 3.7152677749982104, "p75": 36.65167401475628, "p90": 41.800785748593626, "p95": 69.11695169033045, "p99": 75.1757486894508, "p99.9": 79.71669613268266, "max": 79.81287001899909}, "inter_token_latency": {"mean": 0.02703363948118937, "min": 1.880020136013627e-06, "p0.1": 4.37529556802474e-06, "p1": 1.2259988579899073e-05, "p5": 1.6449017857667057e-05, "p10": 2.0060015958733857e-05, "p25": 3.182000364176929e-05, "median": 0.00023221998708322644, "p75": 0.0351808322375291, "p90": 0.036331139109097424, "p95": 0.038440463491133406, "p99": 0.6014434281870489, "p99.9": 0.6281416594884947, "max": 31.802785373991355}}, "throughput": {"input_tokens_per_sec": 27099.615142733608, "output_tokens_per_sec": 2785.9927852048336, "total_tokens_per_sec": 29885.60792793844, "requests_per_sec": 2.8839323287268686}, "prompt_len": {"mean": 9396.758333333333, "min": 9331.0, "p0.1": 9332.437, "p1": 9337.79, "p5": 9347.95, "p10": 9357.9, "p25": 9378.0, "median": 9397.0, "p75": 9418.0, "p90": 9431.0, "p95": 9442.05, "p99": 9461.0, "p99.9": 9476.0, "max": 9476.0}, "output_len": {"mean": 966.0395833333333, "min": 516.0, "p0.1": 545.698, "p1": 742.95, "p5": 819.2, "p10": 871.7, "p25": 970.5, "median": 1000.0, "p75": 1001.0, "p90": 1001.0, "p95": 1001.0, "p99": 1001.0, "p99.9": 1002.5210000000001, "max": 1003.0}}, "failures": {"count": 0, "request_latency": null, "prompt_len": null}}