{"load_summary": {"count": 1500, "schedule_delay": {"mean": 0.0007565363457542844, "min": -0.0007192187767941505, "p0.1": -0.0006812730383826419, "p1": -0.00042403595434734596, "p5": -0.0001521085199783556, "p10": 1.8950458616018307e-05, "p25": 0.00036307093978393823, "median": 0.0007366061472566798, "p75": 0.0011285327127552591, "p90": 0.0014800136064877733, "p95": 0.00164497387886513, "p99": 0.002035689518670551, "p99.9": 0.0031840191163065635, "max": 0.007942973606986925}, "send_duration": 59.96864142702543, "requested_rate": 25.0, "achieved_rate": 25.01307290453325}, "successes": {"count": 788, "latency": {"request_latency": {"mean": 139.88636472927428, "min": 54.35792602400761, "p0.1": 54.51794296899097, "p1": 54.95588879432005, "p5": 58.063350382661156, "p10": 61.329359254601876, "p25": 72.06886071024928, "median": 127.39595790900057, "p75": 187.15903541000444, "p90": 230.32880634698958, "p95": 233.42992551834033, "p99": 244.87582858033187, "p99.9": 247.52873837540082, "max": 248.40645287398365}, "normalized_time_per_output_token": {"mean": 0.1451252775999164, "min": 0.05430362240160601, "p0.1": 0.0544930605131078, "p1": 0.05554379868401571, "p5": 0.05882153370022163, "p10": 0.06313316430623798, "p25": 0.07995991974395782, "median": 0.13136123485700227, "p75": 0.19135772036734827, "p90": 0.23357912351152738, "p95": 0.2416880988859044, "p99": 0.2724747776226435, "p99.9": 0.3055691504458095, "max": 0.3129167077517715}, "time_per_output_token": {"mean": 0.031068528979743704, "min": 0.026889955259867475, "p0.1": 0.02688999545154049, "p1": 0.02712799083618926, "p5": 0.027170571249798346, "p10": 0.028538943909688738, "p25": 0.02917940621565062, "median": 0.030114714488760207, "p75": 0.031056404675287287, "p90": 0.034423856782458274, "p95": 0.03951862374692342, "p99": 0.04786368111596524, "p99.9": 0.05327415905400961, "max": 0.05339666076611831}, "time_to_first_token": {"mean": 77.68261477232679, "min": 0.14499186698230915, "p0.1": 0.14936087390076136, "p1": 0.8314013937409618, "p5": 2.1041119548113785, "p10": 3.8940913002821618, "p25": 12.273337995742622, "median": 66.25468573049875, "p75": 123.04362850875623, "p90": 170.2878625271027, "p95": 173.29274113770808, "p99": 181.36056241869926, "p99.9": 185.9484505608804, "max": 187.5012476349948}, "inter_token_latency": {"mean": 0.031068528979743704, "min": 2.020009560510516e-06, "p0.1": 4.4600102992262695e-06, "p1": 1.221999991685152e-05, "p5": 1.6350008081644773e-05, "p10": 1.981001696549356e-05, "p25": 3.157000173814595e-05, "median": 0.00024920499708969146, "p75": 0.0357091882469831, "p90": 0.03699434100999497, "p95": 0.03853587549965596, "p99": 0.6167879815155173, "p99.9": 0.6389263239430174, "max": 36.184435052011395}}, "throughput": {"input_tokens_per_sec": 25596.855900694703, "output_tokens_per_sec": 2638.582782603367, "total_tokens_per_sec": 28235.43868329807, "requests_per_sec": 2.7238946086719245}, "prompt_len": {"mean": 9397.153553299493, "min": 9331.0, "p0.1": 9331.0, "p1": 9337.0, "p5": 9348.0, "p10": 9360.1, "p25": 9378.75, "median": 9397.0, "p75": 9418.0, "p90": 9431.0, "p95": 9443.0, "p99": 9452.3, "p99.9": 9476.0, "max": 9476.0}, "output_len": {"mean": 968.6802030456853, "min": 560.0, "p0.1": 648.144, "p1": 746.22, "p5": 802.7, "p10": 872.7, "p25": 974.0, "median": 1000.0, "p75": 1001.0, "p90": 1001.0, "p95": 1001.0, "p99": 1002.0, "p99.9": 1015.8520000000003, "max": 1019.0}}, "failures": {"count": 712, "request_latency": {"mean": 198.1625904083027, "min": 60.039349322993075, "p0.1": 60.22833276111254, "p1": 62.070908651970385, "p5": 118.23486738095089, "p10": 122.80747479477722, "p25": 182.93798329299898, "median": 219.71442770199792, "p75": 231.16307809775026, "p90": 238.85460390301887, "p95": 243.82606832710007, "p99": 249.0032639892926, "p99.9": 250.23295121824643, "max": 250.76291938801296}, "prompt_len": {"mean": 0.0, "min": 0.0, "p0.1": 0.0, "p1": 0.0, "p5": 0.0, "p10": 0.0, "p25": 0.0, "median": 0.0, "p75": 0.0, "p90": 0.0, "p95": 0.0, "p99": 0.0, "p99.9": 0.0, "max": 0.0}}}