{"load_summary": {"count": 225, "schedule_delay": {"mean": 0.0010657953639100822, "min": -0.00028717625536955893, "p0.1": -0.0002590954510960728, "p1": -0.00014830900239758192, "p5": 0.00017470860038883994, "p10": 0.0003962253569625319, "p25": 0.0007231734343804419, "median": 0.0010281992435920984, "p75": 0.0013906375970691442, "p90": 0.0017381994577590372, "p95": 0.001972655876306817, "p99": 0.0023223518743179733, "p99.9": 0.0027146324960049244, "max": 0.002720961085287854}, "send_duration": 24.764083805988776, "requested_rate": 9.0, "achieved_rate": 9.085738917810783}, "successes": {"count": 225, "latency": {"request_latency": {"mean": 57.32714784315102, "min": 41.06876419499167, "p0.1": 41.146861096785635, "p1": 41.51985355752055, "p5": 42.915753183385824, "p10": 44.65234409159748, "p25": 49.1400348500174, "median": 58.08481937900069, "p75": 64.80552597300266, "p90": 68.63501422500704, "p95": 71.0685378466034, "p99": 75.99195327780907, "p99.9": 76.82399224410649, "max": 77.05875772397849}, "normalized_time_per_output_token": {"mean": 0.05931978831609537, "min": 0.04137603504295748, "p0.1": 0.041381006153447406, "p1": 0.041809302598120185, "p5": 0.04335159983952425, "p10": 0.045619160736446084, "p25": 0.05009177864425831, "median": 0.05952152382961949, "p75": 0.0675453105575077, "p90": 0.07161106930928887, "p95": 0.07589654139739677, "p99": 0.08287808173306455, "p99.9": 0.09232509848213734, "max": 0.09427554397664678}, "time_per_output_token": {"mean": 0.02535744065710217, "min": 0.012423214835588583, "p0.1": 0.012455456941543534, "p1": 0.012737526810162053, "p5": 0.016992188301153836, "p10": 0.01870968079459779, "p25": 0.022167055590696906, "median": 0.025477880801605145, "p75": 0.029251004468263554, "p90": 0.03217487985987089, "p95": 0.03256826655482403, "p99": 0.033017129696264365, "p99.9": 0.03320130562924942, "max": 0.03323816875411688}, "time_to_first_token": {"mean": 6.549620146733295, "min": 0.15762966699548997, "p0.1": 0.15787108993832955, "p1": 0.29842116458457907, "p5": 1.2394928227877244, "p10": 1.5021871438133532, "p25": 2.510279626992997, "median": 4.9855569479987025, "p75": 7.374721189989941, "p90": 11.018415519600966, "p95": 12.583692806999894, "p99": 49.59791626190883, "p99.9": 49.9833222405992, "max": 50.015196974010905}, "inter_token_latency": {"mean": 0.02535744065710217, "min": 1.9599974621087313e-06, "p0.1": 4.050001734867692e-06, "p1": 1.3119977666065097e-05, "p5": 1.8079997971653938e-05, "p10": 2.2280000848695636e-05, "p25": 3.3930991776287556e-05, "median": 0.00017581001156941056, "p75": 0.03452233999269083, "p90": 0.035674718994414434, "p95": 0.03627372100017965, "p99": 0.600976449638838, "p99.9": 0.6191733274962761, "max": 37.740751164004905}}, "throughput": {"input_tokens_per_sec": 21234.18424944997, "output_tokens_per_sec": 2191.623698812542, "total_tokens_per_sec": 23425.80794826251, "requests_per_sec": 2.2597164890148567}, "prompt_len": {"mean": 9396.835555555555, "min": 9334.0, "p0.1": 9334.672, "p1": 9338.48, "p5": 9348.4, "p10": 9361.4, "p25": 9379.0, "median": 9397.0, "p75": 9418.0, "p90": 9430.6, "p95": 9441.6, "p99": 9458.6, "p99.9": 9473.536, "max": 9476.0}, "output_len": {"mean": 969.8666666666667, "min": 728.0, "p0.1": 729.792, "p1": 748.32, "p5": 854.2, "p10": 894.0, "p25": 972.0, "median": 1000.0, "p75": 1001.0, "p90": 1001.0, "p95": 1001.0, "p99": 1001.76, "p99.9": 1005.104, "max": 1006.0}}, "failures": {"count": 0, "request_latency": null, "prompt_len": null}}