{"load_summary": {"count": 120, "schedule_delay": {"mean": 0.0009043094510464774, "min": -0.0005555540265049785, "p0.1": -0.0005423468861845322, "p1": -0.0004354113189037889, "p5": -8.25436320155859e-05, "p10": 5.125300085637719e-05, "p25": 0.0004414488357724622, "median": 0.0009154592844424769, "p75": 0.0011842731109936722, "p90": 0.0014737056102603675, "p95": 0.001580560750153381, "p99": 0.00183874972834019, "p99.9": 0.011774438639957387, "max": 0.013115088368067518}, "send_duration": 57.778256921010325, "requested_rate": 2.0, "achieved_rate": 2.076905853426041}, "successes": {"count": 120, "latency": {"request_latency": {"mean": 30.414885788225124, "min": 24.486653398984345, "p0.1": 24.487866972770572, "p1": 24.51434159405122, "p5": 24.922379791112327, "p10": 25.709205805993406, "p25": 27.662418347499624, "median": 30.18211004549812, "p75": 33.1219777080114, "p90": 35.55041682290903, "p95": 36.50100687220256, "p99": 37.38554710992554, "p99.9": 37.56343665606505, "max": 37.57630539900856}, "normalized_time_per_output_token": {"mean": 0.03142363912053906, "min": 0.024472379118909354, "p0.1": 0.02448931800577304, "p1": 0.024645304013320636, "p5": 0.02528170643413754, "p10": 0.02645843623985534, "p25": 0.028073768437061483, "median": 0.031031220656469433, "p75": 0.03457711342642545, "p90": 0.03698851869438317, "p95": 0.03792226304246991, "p99": 0.04169747053490064, "p99.9": 0.04326339660186935, "max": 0.043465025395827674}, "time_per_output_token": {"mean": 0.014868965198413516, "min": 0.012179435342828953, "p0.1": 0.012180369182929876, "p1": 0.012188785751626862, "p5": 0.012297075500746036, "p10": 0.012543320116588845, "p25": 0.01342141733770766, "median": 0.01480768435831287, "p75": 0.016147636320344046, "p90": 0.017380294297750086, "p95": 0.01809314111487456, "p99": 0.01829257423745125, "p99.9": 0.018374717276044512, "max": 0.018385648133442865}, "time_to_first_token": {"mean": 0.6265904939505466, "min": 0.07501307901111431, "p0.1": 0.07517170838959282, "p1": 0.07709130939590977, "p5": 0.09363903596095043, "p10": 0.14865752900077495, "p25": 0.16652918350882828, "median": 0.7412099455104908, "p75": 0.8152871737474925, "p90": 1.2492914360016585, "p95": 1.3831218394479947, "p99": 1.5616086120065302, "p99.9": 1.7049318011169694, "max": 1.7242893450020347}, "inter_token_latency": {"mean": 0.014868965198413516, "min": 2.410000888630748e-06, "p0.1": 3.930006641894579e-06, "p1": 1.4199991710484028e-05, "p5": 2.0849984139204025e-05, "p10": 2.750000567175448e-05, "p25": 3.5469012800604105e-05, "median": 0.00019355499534867704, "p75": 0.025190165019012056, "p90": 0.026190139996469953, "p95": 0.026822452490159774, "p99": 0.029143358402361624, "p99.9": 0.5806921679864174, "max": 0.6158906890195794}}, "throughput": {"input_tokens_per_sec": 13660.445041749976, "output_tokens_per_sec": 1413.0776303265889, "total_tokens_per_sec": 15073.522672076564, "requests_per_sec": 1.4538458922209514}, "prompt_len": {"mean": 9396.075, "min": 9334.0, "p0.1": 9334.357, "p1": 9337.19, "p5": 9347.95, "p10": 9357.0, "p25": 9378.5, "median": 9397.5, "p75": 9418.0, "p90": 9430.0, "p95": 9436.3, "p99": 9449.62, "p99.9": 9450.881, "max": 9451.0}, "output_len": {"mean": 971.9583333333334, "min": 668.0, "p0.1": 675.021, "p1": 734.79, "p5": 809.5, "p10": 892.8, "p25": 985.25, "median": 1000.0, "p75": 1001.0, "p90": 1001.0, "p95": 1001.0, "p99": 1002.0, "p99.9": 1003.7620000000001, "max": 1004.0}}, "failures": {"count": 0, "request_latency": null, "prompt_len": null}}