{"load_summary": {"count": 2400, "schedule_delay": {"mean": 0.0008148131694906625, "min": -0.0007330854132305831, "p0.1": -0.0006818210375495255, "p1": -0.0004323931902763434, "p5": -0.00015640179481124505, "p10": 3.408950578887016e-05, "p25": 0.0003543123457347974, "median": 0.0007270364149007946, "p75": 0.00110242712253239, "p90": 0.0014414352452149614, "p95": 0.001635448196611832, "p99": 0.0020705624128459, "p99.9": 0.03055070177969285, "max": 0.08728133427212015}, "send_duration": 59.98661116999574, "requested_rate": 40.0, "achieved_rate": 40.00892787890039}, "successes": {"count": 982, "latency": {"request_latency": {"mean": 174.7550161046907, "min": 57.03571679801098, "p0.1": 57.07552296155528, "p1": 59.779932200889455, "p5": 63.543152955005645, "p10": 68.0521674516931, "p25": 118.48245866099751, "median": 179.8481714064983, "p75": 239.23230259299453, "p90": 287.206490271099, "p95": 293.4140208641067, "p99": 297.7414560584808, "p99.9": 299.1275644637593, "max": 299.7645159790118}, "normalized_time_per_output_token": {"mean": 0.18265730589356238, "min": 0.05697873805995103, "p0.1": 0.05766841340846035, "p1": 0.06092149382335668, "p5": 0.06428414733014218, "p10": 0.07001789331550536, "p25": 0.12116533567352084, "median": 0.18241611452397336, "p75": 0.2443831810289646, "p90": 0.2923118129950079, "p95": 0.3032388056426532, "p99": 0.3652732733341746, "p99.9": 0.42321708948661746, "max": 0.4497940665177283}, "time_per_output_token": {"mean": 0.03061863849307922, "min": 0.027914292784599726, "p0.1": 0.027917898559680777, "p1": 0.027921762446391784, "p5": 0.028243042934775368, "p10": 0.028418303575215298, "p25": 0.029167838781856633, "median": 0.030147637034236542, "p75": 0.031299462020981446, "p90": 0.032655440263228586, "p95": 0.035388654377340185, "p99": 0.04288889016126942, "p99.9": 0.04986124000174068, "max": 0.0498615485137335}, "time_to_first_token": {"mean": 113.46163330060426, "min": 0.07001046900404617, "p0.1": 0.07326813357096398, "p1": 0.30173527781880694, "p5": 3.5859903524862604, "p10": 7.060423574096061, "p25": 57.420173351267294, "median": 119.53508317649539, "p75": 180.6110593967678, "p90": 228.693114016889, "p95": 234.99841416859562, "p99": 239.6013475043868, "p99.9": 241.39262381546, "max": 242.58281114298734}, "inter_token_latency": {"mean": 0.03061860921473462, "min": 2.249988028779626e-06, "p0.1": 4.806005832506345e-06, "p1": 1.2759992387145758e-05, "p5": 1.7090002074837685e-05, "p10": 2.0791019778698683e-05, "p25": 3.275097697041929e-05, "median": 0.00028768500487785786, "p75": 0.03541797900106758, "p90": 0.036623091995716096, "p95": 0.038869034996605475, "p99": 0.618514303813281, "p99.9": 0.64274725820162, "max": 34.91768116000458}}, "throughput": {"input_tokens_per_sec": 25609.3053504272, "output_tokens_per_sec": 2627.224303077806, "total_tokens_per_sec": 28236.529653505004, "requests_per_sec": 2.7254659721365826}, "prompt_len": {"mean": 9396.303462321792, "min": 9331.0, "p0.1": 9331.0, "p1": 9337.0, "p5": 9347.05, "p10": 9356.1, "p25": 9377.25, "median": 9397.0, "p75": 9418.0, "p90": 9431.0, "p95": 9443.95, "p99": 9461.0, "p99.9": 9476.0, "max": 9476.0}, "output_len": {"mean": 963.9541751527495, "min": 537.0, "p0.1": 665.511, "p1": 746.62, "p5": 809.05, "p10": 866.1, "p25": 964.5, "median": 999.0, "p75": 1001.0, "p90": 1001.0, "p95": 1001.0, "p99": 1001.0, "p99.9": 1002.0190000000001, "max": 1003.0}}, "failures": {"count": 1418, "request_latency": {"mean": 248.92289192896095, "min": 0.05120586900738999, "p0.1": 2.567381167666521, "p1": 6.37533811566158, "p5": 60.30952419954847, "p10": 63.37393667849246, "p25": 239.66361026698723, "median": 300.3544153509865, "p75": 300.6649431465048, "p90": 300.87255003700847, "p95": 300.9401153647603, "p99": 300.9899648591343, "p99.9": 301.0009894541782, "max": 301.0013813819969}, "prompt_len": {"mean": 0.0, "min": 0.0, "p0.1": 0.0, "p1": 0.0, "p5": 0.0, "p10": 0.0, "p25": 0.0, "median": 0.0, "p75": 0.0, "p90": 0.0, "p95": 0.0, "p99": 0.0, "p99.9": 0.0, "max": 0.0}}}