{"load_summary": {"count": 600, "schedule_delay": {"mean": 0.0005977440022979863, "min": -0.0013237858074717224, "p0.1": -0.0013227148166042753, "p1": -0.0007980245535145514, "p5": -0.0004105706640984863, "p10": -0.00021612410782836372, "p25": 0.00015258677740348503, "median": 0.0006122535123722628, "p75": 0.001051296443620231, "p90": 0.0014326876611448825, "p95": 0.0015878177422564478, "p99": 0.0019037621075403872, "p99.9": 0.0022870070108329233, "max": 0.002540892513934523}, "send_duration": 59.97767936901073, "requested_rate": 10.0, "achieved_rate": 10.003721489598146}, "successes": {"count": 600, "latency": {"request_latency": {"mean": 93.6171507716162, "min": 51.792161082994426, "p0.1": 52.223532488598195, "p1": 53.08221491602162, "p5": 57.27132603680366, "p10": 59.02272983482108, "p25": 65.16651023674785, "median": 100.36212858198269, "p75": 112.98871662925376, "p90": 123.87071162291105, "p95": 137.25119429333864, "p99": 143.07475797245743, "p99.9": 144.89974138925484, "max": 145.11677985297865}, "normalized_time_per_output_token": {"mean": 0.09704259258619681, "min": 0.05220983980140567, "p0.1": 0.052580890120843986, "p1": 0.053808285363745094, "p5": 0.05785028106235186, "p10": 0.05959115153380484, "p25": 0.06687510179774103, "median": 0.10290572844706157, "p75": 0.11728486236091093, "p90": 0.13381161088171023, "p95": 0.14151892512359004, "p99": 0.15302944714707925, "p99.9": 0.170148060303222, "max": 0.17439124340268952}, "time_per_output_token": {"mean": 0.02783399431743947, "min": 0.014209408063464437, "p0.1": 0.014390926942674657, "p1": 0.015103506029585753, "p5": 0.017189990133598055, "p10": 0.01890677874912651, "p25": 0.02661582338155365, "median": 0.028667379163667503, "p75": 0.030764853336465302, "p90": 0.031587776522781504, "p95": 0.035186569831479886, "p99": 0.043853761062686146, "p99.9": 0.04744174478555009, "max": 0.048056569910535626}, "time_to_first_token": {"mean": 37.88482450103106, "min": 0.0813054479949642, "p0.1": 0.09036804186174413, "p1": 0.12710722239018651, "p5": 0.5727171550039202, "p10": 1.1550665238843068, "p25": 2.901244673259498, "median": 39.385884506002185, "p75": 56.36057607299881, "p90": 84.65051799019857, "p95": 88.31628666499455, "p99": 91.63744119707553, "p99.9": 92.6571245255349, "max": 92.73754190900945}, "inter_token_latency": {"mean": 0.02783399431743947, "min": 2.1400046534836292e-06, "p0.1": 4.5299995399545875e-06, "p1": 1.235000672750175e-05, "p5": 1.6589998267591e-05, "p10": 2.0220002625137568e-05, "p25": 3.192000440321863e-05, "median": 0.0002472749911248684, "p75": 0.03521304174500983, "p90": 0.03640287899179384, "p95": 0.037386301445076243, "p99": 0.6106890477033449, "p99.9": 0.6346460618140994, "max": 37.55412050100858}}, "throughput": {"input_tokens_per_sec": 28567.42859556552, "output_tokens_per_sec": 2945.102052071647, "total_tokens_per_sec": 31512.530647637166, "requests_per_sec": 3.0401419565362304}, "prompt_len": {"mean": 9396.741666666667, "min": 9331.0, "p0.1": 9331.0, "p1": 9337.0, "p5": 9347.0, "p10": 9357.0, "p25": 9378.0, "median": 9397.0, "p75": 9418.0, "p90": 9431.0, "p95": 9444.0, "p99": 9451.1, "p99.9": 9476.0, "max": 9476.0}, "output_len": {"mean": 968.7383333333333, "min": 681.0, "p0.1": 716.341, "p1": 755.0, "p5": 815.0, "p10": 880.5, "p25": 972.0, "median": 1000.0, "p75": 1001.0, "p90": 1001.0, "p95": 1001.0, "p99": 1002.0, "p99.9": 1060.5360000000092, "max": 1142.0}}, "failures": {"count": 0, "request_latency": null, "prompt_len": null}}