{"load_summary": {"count": 9525, "schedule_delay": {"mean": 0.0007740279997294412, "min": -0.0013237858074717224, "p0.1": -0.0007350289931055159, "p1": -0.00045304227620363236, "p5": -0.00015871573123149574, "p10": 2.6601145509630456e-05, "p25": 0.0003620562783908099, "median": 0.0007378868467640132, "p75": 0.001120592001825571, "p90": 0.0014636350155342371, "p95": 0.001652778376592323, "p99": 0.0020594258094206452, "p99.9": 0.004481628179550809, "max": 0.08728133427212015}}, "successes": {"count": 6629, "latency": {"request_latency": {"mean": 136.6472883554915, "min": 24.486653398984345, "p0.1": 24.936064426341442, "p1": 30.528985311473953, "p5": 50.30983183601057, "p10": 57.803681470791346, "p25": 66.00748887201189, "median": 120.30938821801101, "p75": 191.2077608779946, "p90": 248.94613312301806, "p95": 274.4175204082217, "p99": 295.6770250198187, "p99.9": 299.565780820627, "max": 300.0240802220069}, "normalized_time_per_output_token": {"mean": 0.14286313875257117, "min": 0.024472379118909354, "p0.1": 0.025558112358857632, "p1": 0.0314792761638009, "p5": 0.051950574637165216, "p10": 0.05869262044664118, "p25": 0.06839142248562748, "median": 0.1234792179596203, "p75": 0.200083001473071, "p90": 0.258136235796363, "p95": 0.2865250717531163, "p99": 0.3336645594443601, "p99.9": 0.4128194701627176, "max": 1.332178924576066}, "time_per_output_token": {"mean": 0.028867955541982678, "min": 0.012179435342828953, "p0.1": 0.012283661148661149, "p1": 0.013535506087752093, "p5": 0.017839814945626635, "p10": 0.022935612792698276, "p25": 0.02810150692253076, "median": 0.029338747280859168, "p75": 0.030604998056966135, "p90": 0.032184319405579614, "p95": 0.0353955963677313, "p99": 0.045290091080512074, "p99.9": 0.049357600709293355, "max": 0.05339666076611831}, "time_to_first_token": {"mean": 78.84812591036582, "min": 0.07001046900404617, "p0.1": 0.07592436845519114, "p1": 0.1406433133990504, "p5": 0.7409706895996351, "p10": 1.289334623189643, "p25": 6.732810285000596, "median": 61.156345492985565, "p75": 131.4157237619802, "p90": 187.33702454658922, "p95": 215.23022280979782, "p99": 238.58697032757803, "p99.9": 254.33960243482517, "max": 268.5428363120009}, "inter_token_latency": {"mean": 0.02886790976225916, "min": 1.6890116967260838e-06, "p0.1": 4.010982636827976e-06, "p1": 1.2308999430388212e-05, "p5": 1.6620004316791892e-05, "p10": 2.0269013475626707e-05, "p25": 3.207099507562816e-05, "median": 0.00021378998644649982, "p75": 0.035382099013077095, "p90": 0.03648164481273852, "p95": 0.03820323898398783, "p99": 0.614371892750496, "p99.9": 0.6373580465622367, "max": 82.31178505101707}}, "throughput": {"input_tokens_per_sec": 25409.52618317538, "output_tokens_per_sec": 2610.0486044686613, "total_tokens_per_sec": 28019.574787644044, "requests_per_sec": 2.704074863690273}, "prompt_len": {"mean": 9396.753959873284, "min": 9331.0, "p0.1": 9331.0, "p1": 9337.0, "p5": 9347.0, "p10": 9357.0, "p25": 9378.0, "median": 9397.0, "p75": 9418.0, "p90": 9431.0, "p95": 9444.0, "p99": 9461.0, "p99.9": 9476.0, "max": 9476.0}, "output_len": {"mean": 965.227937848846, "min": 208.0, "p0.1": 515.256, "p1": 744.28, "p5": 806.4000000000001, "p10": 867.0, "p25": 968.0, "median": 1000.0, "p75": 1001.0, "p90": 1001.0, "p95": 1001.0, "p99": 1002.0, "p99.9": 1015.3720000000003, "max": 1142.0}}, "failures": {"count": 2896, "request_latency": {"mean": 228.33282258245814, "min": 0.03842987900134176, "p0.1": 0.039565847217018016, "p1": 6.643463906696707, "p5": 60.56165706574393, "p10": 63.17753716550942, "p25": 180.11281809725187, "median": 300.02562160447997, "p75": 300.51669506473263, "p90": 300.8069368629949, "p95": 300.90578256625304, "p99": 300.9815578314141, "p99.9": 300.9987034332991, "max": 301.0013813819969}, "prompt_len": {"mean": 0.0, "min": 0.0, "p0.1": 0.0, "p1": 0.0, "p5": 0.0, "p10": 0.0, "p25": 0.0, "median": 0.0, "p75": 0.0, "p90": 0.0, "p95": 0.0, "p99": 0.0, "p99.9": 0.0, "max": 0.0}}}