{"load_summary": {"count": 225, "schedule_delay": {"mean": 0.0014509490463468764, "min": -2.911777119152248e-05, "p0.1": -1.894944976083934e-05, "p1": 5.075645982287825e-05, "p5": 0.00042225015931762755, "p10": 0.0005949277780018747, "p25": 0.000946622370975092, "median": 0.0013836271537002176, "p75": 0.0018617482564877719, "p90": 0.0023431938723661003, "p95": 0.002633216080721466, "p99": 0.0037770823645405464, "p99.9": 0.005041380224050957, "max": 0.005103823874378577}, "send_duration": 24.991296566993697, "requested_rate": 9.0, "achieved_rate": 9.003134327058492}, "successes": {"count": 225, "latency": {"request_latency": {"mean": 58.236177857750896, "min": 44.0629004619841, "p0.1": 44.066849348578835, "p1": 44.234277136720486, "p5": 47.597695427382135, "p10": 49.67199324319954, "p25": 55.41137178300414, "median": 58.55317532000481, "p75": 62.264700510015246, "p90": 66.10258125499821, "p95": 66.9744768059987, "p99": 68.82867588124354, "p99.9": 70.06498308870175, "max": 70.38826210898696}, "normalized_time_per_output_token": {"mean": 0.0603520121661244, "min": 0.04401888158040369, "p0.1": 0.044022826522056774, "p1": 0.04419008704967081, "p5": 0.0478586724679324, "p10": 0.0499368176565212, "p25": 0.05605748797803266, "median": 0.06131922605996519, "p75": 0.06483970319204041, "p90": 0.06822225866726234, "p95": 0.07202451251901747, "p99": 0.0808322371612385, "p99.9": 0.08639108399768623, "max": 0.0871724817617156}, "time_per_output_token": {"mean": 0.02534620342396538, "min": 0.017709475299853693, "p0.1": 0.01774697005725908, "p1": 0.01790810585379131, "p5": 0.01900791711693661, "p10": 0.02013780967376522, "p25": 0.021743643375309436, "median": 0.02537999366916114, "p75": 0.028926416055465382, "p90": 0.03096676732073766, "p95": 0.03172018907005504, "p99": 0.032754859663134184, "p99.9": 0.032773878536783214, "max": 0.03277560940179832}, "time_to_first_token": {"mean": 7.4611346089163435, "min": 0.7476067249954212, "p0.1": 0.7840785790395457, "p1": 1.2262050167180132, "p5": 1.4773234049906023, "p10": 2.212588491983479, "p25": 4.914222435996635, "median": 7.835865628003376, "p75": 9.896146670012968, "p90": 11.744110425806138, "p95": 12.759291804989333, "p99": 13.739126196129945, "p99.9": 14.523538445599383, "max": 14.656818635994568}, "inter_token_latency": {"mean": 0.02534620342396538, "min": 2.4640175979584455e-06, "p0.1": 3.992225974798202e-06, "p1": 1.3904243241995572e-05, "p5": 1.9269005861133337e-05, "p10": 2.430198946967721e-05, "p25": 3.993298741988838e-05, "median": 0.0002550930075813085, "p75": 0.034960051998496056, "p90": 0.03578800180694088, "p95": 0.036685003817547114, "p99": 0.6041015745489858, "p99.9": 0.6255675080786475, "max": 33.80598947600811}}, "throughput": {"input_tokens_per_sec": 22437.90482344305, "output_tokens_per_sec": 2313.5930442163244, "total_tokens_per_sec": 24751.49786765937, "requests_per_sec": 2.3870833846861967}, "prompt_len": {"mean": 9399.715555555556, "min": 9331.0, "p0.1": 9332.12, "p1": 9353.2, "p5": 9366.2, "p10": 9371.4, "p25": 9380.0, "median": 9398.0, "p75": 9414.0, "p90": 9436.2, "p95": 9448.8, "p99": 9458.76, "p99.9": 9463.88, "max": 9465.0}, "output_len": {"mean": 969.2133333333334, "min": 753.0, "p0.1": 753.672, "p1": 774.88, "p5": 816.4, "p10": 877.4, "p25": 971.0, "median": 1000.0, "p75": 1001.0, "p90": 1001.0, "p95": 1001.0, "p99": 1002.0, "p99.9": 1002.0, "max": 1002.0}}, "failures": {"count": 0, "request_latency": null, "prompt_len": null}}