{"load_summary": {"count": 1200, "schedule_delay": {"mean": 0.0009568470407490773, "min": -0.0006274830084294081, "p0.1": -0.0005541526408924255, "p1": -0.0002844390372047201, "p5": 6.257180066313596e-05, "p10": 0.0002500328526366502, "p25": 0.000540666798769962, "median": 0.0009116533037740737, "p75": 0.0012790024702553637, "p90": 0.0016472576215164738, "p95": 0.0018284061123267747, "p99": 0.0023774309735745186, "p99.9": 0.012995866015642565, "max": 0.022304098558379337}, "send_duration": 59.90015933799441, "requested_rate": 20.0, "achieved_rate": 20.033335691627205}, "successes": {"count": 1200, "latency": {"request_latency": {"mean": 167.40945423794363, "min": 49.05017864899128, "p0.1": 50.227375052661486, "p1": 50.57741213790927, "p5": 53.76311534981505, "p10": 61.55560627399827, "p25": 106.84054251274938, "median": 166.88823564250197, "p75": 229.33286554824008, "p90": 265.43113267027655, "p95": 272.73097192589483, "p99": 292.59530985831634, "p99.9": 295.6927540650776, "max": 295.70816057600314}, "normalized_time_per_output_token": {"mean": 0.17558693439111658, "min": 0.04379539508098627, "p0.1": 0.050346965099391766, "p1": 0.050915781830332324, "p5": 0.05728383710049868, "p10": 0.06260127002314482, "p25": 0.10909415067203115, "median": 0.17114884858289114, "p75": 0.24856090062882094, "p90": 0.2730026399381039, "p95": 0.29233967147392254, "p99": 0.33352177306710845, "p99.9": 0.8230578965191786, "max": 1.0340147979569212}, "time_per_output_token": {"mean": 0.02835734587204859, "min": 0.013133149785112411, "p0.1": 0.013172880675136032, "p1": 0.013889421492965614, "p5": 0.0198692837771895, "p10": 0.0243540305488297, "p25": 0.02708143237343419, "median": 0.028770210325585802, "p75": 0.02989211977473351, "p90": 0.030585753651035517, "p95": 0.035973963853355044, "p99": 0.0458395080356397, "p99.9": 0.04842097758963041, "max": 0.050018513374305656}, "time_to_first_token": {"mean": 110.61426416286068, "min": 0.07340112497331575, "p0.1": 0.0830486594318354, "p1": 1.4079300063636038, "p5": 2.3741929224517664, "p10": 5.287706521907239, "p25": 51.954773367993766, "median": 105.71002798798145, "p75": 168.50839379875106, "p90": 215.48024305830478, "p95": 241.37586784234009, "p99": 256.30126089343565, "p99.9": 261.9824284201831, "max": 262.06192693600315}, "inter_token_latency": {"mean": 0.028357345872048592, "min": 2.47600837610662e-06, "p0.1": 4.6353941434063015e-06, "p1": 1.479597995057702e-05, "p5": 1.9820027227979152e-05, "p10": 2.5932007702067494e-05, "p25": 3.949901292799041e-05, "median": 0.0002506849996279925, "p75": 0.035305222001625225, "p90": 0.03624358318920713, "p95": 0.03778650404274231, "p99": 0.6163618161805787, "p99.9": 0.6397103562781418, "max": 39.71930940501625}}, "throughput": {"input_tokens_per_sec": 32243.924203903563, "output_tokens_per_sec": 3308.3849852550447, "total_tokens_per_sec": 35552.30918915861, "requests_per_sec": 3.4303214794443604}, "prompt_len": {"mean": 9399.68, "min": 9331.0, "p0.1": 9331.0, "p1": 9352.0, "p5": 9366.0, "p10": 9371.0, "p25": 9380.0, "median": 9398.0, "p75": 9414.0, "p90": 9435.0, "p95": 9448.0, "p99": 9459.0, "p99.9": 9465.0, "max": 9465.0}, "output_len": {"mean": 964.4533333333334, "min": 209.0, "p0.1": 220.582, "p1": 746.98, "p5": 802.0, "p10": 862.8, "p25": 968.0, "median": 1000.0, "p75": 1001.0, "p90": 1001.0, "p95": 1001.0, "p99": 1002.0, "p99.9": 1140.9610000000255, "max": 1465.0}}, "failures": {"count": 0, "request_latency": null, "prompt_len": null}}