{"load_summary": {"count": 600, "schedule_delay": {"mean": 0.0009523229804957131, "min": -0.0004958959470968693, "p0.1": -0.0004759418430039659, "p1": -0.0003392667850130238, "p5": 0.00012259647628525274, "p10": 0.00026572899369057277, "p25": 0.0005854281625943258, "median": 0.0009405581804458052, "p75": 0.0013139179282006808, "p90": 0.001587536744773388, "p95": 0.0018434472935041405, "p99": 0.002203471406246534, "p99.9": 0.0030487209690909884, "max": 0.0035085886775050312}, "send_duration": 59.86152495699935, "requested_rate": 10.0, "achieved_rate": 10.023132561875116}, "successes": {"count": 508, "latency": {"request_latency": {"mean": 85.94799114479528, "min": 56.04171805200167, "p0.1": 56.06584045898263, "p1": 57.24664068426122, "p5": 58.79174118520022, "p10": 60.30354666739004, "p25": 63.866900422734034, "median": 94.36205081950175, "p75": 104.88756073948753, "p90": 111.23174999190378, "p95": 114.86570217356203, "p99": 116.8846504723173, "p99.9": 118.56679297227885, "max": 118.60987524100346}, "normalized_time_per_output_token": {"mean": 0.08986828116747957, "min": 0.05608929676399566, "p0.1": 0.056675459558948406, "p1": 0.05775351691119412, "p5": 0.0598729981218616, "p10": 0.06195272844779715, "p25": 0.06566935837096663, "median": 0.09636184226657457, "p75": 0.10785478753032285, "p90": 0.11643719534953377, "p95": 0.12304310565767228, "p99": 0.13691032980877982, "p99.9": 0.18344710181687404, "max": 0.22489875300001186}, "time_per_output_token": {"mean": 0.027749972278667552, "min": 0.013875303705643419, "p0.1": 0.013875335614973743, "p1": 0.013896811916506697, "p5": 0.014953262528711864, "p10": 0.01637877875457497, "p25": 0.026552977954024514, "median": 0.029489969423777344, "p75": 0.03013660546888844, "p90": 0.03108579513867406, "p95": 0.03575992316451676, "p99": 0.04995083581065225, "p99.9": 0.051185741206792805, "max": 0.0515013727121407}, "time_to_first_token": {"mean": 30.3688580824623, "min": 0.14452870600507595, "p0.1": 0.15006595821495283, "p1": 0.7525115904770792, "p5": 1.4036909675516656, "p10": 1.846608526617638, "p25": 3.066159438996692, "median": 36.08786555600818, "p75": 47.2803060992519, "p90": 79.4217180904001, "p95": 83.00667793518951, "p99": 84.4512352608156, "p99.9": 85.30856976584913, "max": 85.35376216299483}, "inter_token_latency": {"mean": 0.027749972278667552, "min": 2.535991370677948e-06, "p0.1": 4.626497335266322e-06, "p1": 1.4227000065147877e-05, "p5": 1.8944003386422992e-05, "p10": 2.3980994592420755e-05, "p25": 3.875000402331352e-05, "median": 0.0002593810058897361, "p75": 0.035191153998312075, "p90": 0.03675517489609774, "p95": 0.038788946012209634, "p99": 0.611811176178744, "p99.9": 0.6399646828105036, "max": 38.10311183097656}}, "throughput": {"input_tokens_per_sec": 28087.520954616906, "output_tokens_per_sec": 2872.8909858698826, "total_tokens_per_sec": 30960.41194048679, "requests_per_sec": 2.9882932229727968}, "prompt_len": {"mean": 9399.185039370079, "min": 9331.0, "p0.1": 9331.0, "p1": 9352.35, "p5": 9364.7, "p10": 9371.0, "p25": 9380.0, "median": 9398.0, "p75": 9412.25, "p90": 9432.6, "p95": 9446.0, "p99": 9458.0, "p99.9": 9462.465, "max": 9465.0}, "output_len": {"mean": 961.3818897637796, "min": 511.0, "p0.1": 601.246, "p1": 752.42, "p5": 817.1, "p10": 858.7, "p25": 956.0, "median": 999.0, "p75": 1001.0, "p90": 1001.0, "p95": 1001.0, "p99": 1002.0, "p99.9": 1002.493, "max": 1003.0}}, "failures": {"count": 92, "request_latency": {"mean": 63.671662234477246, "min": 47.79164607799612, "p0.1": 47.832510115209615, "p1": 48.200286450131095, "p5": 49.9052835600407, "p10": 52.60619632839807, "p25": 58.41019000126107, "median": 62.45207193898386, "p75": 67.07609534201038, "p90": 74.1561198112002, "p95": 82.27468082764827, "p99": 109.73676470095525, "p99.9": 109.80576974579192, "max": 109.81343697299599}, "prompt_len": {"mean": 0.0, "min": 0.0, "p0.1": 0.0, "p1": 0.0, "p5": 0.0, "p10": 0.0, "p25": 0.0, "median": 0.0, "p75": 0.0, "p90": 0.0, "p95": 0.0, "p99": 0.0, "p99.9": 0.0, "max": 0.0}}}