{"load_summary": {"count": 300, "schedule_delay": {"mean": 0.0009413651968740548, "min": -0.0002564962487667799, "p0.1": -0.00025032766471849753, "p1": -6.669416761724277e-05, "p5": 6.429576023947449e-05, "p10": 0.00019343718304298818, "p25": 0.0005944307122263126, "median": 0.0009440419380553067, "p75": 0.0013176759021007456, "p90": 0.0015614777599694209, "p95": 0.0017373687645886099, "p99": 0.002055208081728778, "p99.9": 0.0028786455680965607, "max": 0.003100354311754927}, "send_duration": 59.754311381984735, "requested_rate": 5.0, "achieved_rate": 5.020558233567841}, "successes": {"count": 300, "latency": {"request_latency": {"mean": 52.60174379480654, "min": 42.3010663340101, "p0.1": 42.57235397139148, "p1": 43.296202900929785, "p5": 44.69976134059398, "p10": 45.83152033700317, "p25": 49.472646620488376, "median": 53.2171601440059, "p75": 56.05726310125465, "p90": 58.61316377909971, "p95": 59.63351090921351, "p99": 60.84191975468508, "p99.9": 61.12247255756898, "max": 61.17963136199978}, "normalized_time_per_output_token": {"mean": 0.05488447140567839, "min": 0.043165217629361936, "p0.1": 0.04318909390129296, "p1": 0.043495566552280734, "p5": 0.045111272516614745, "p10": 0.04703479268481438, "p25": 0.050336086299093245, "median": 0.05510854712687084, "p75": 0.05853207286969241, "p90": 0.06213651518577641, "p95": 0.06512076685688059, "p99": 0.07397076434345151, "p99.9": 0.07595857766091296, "max": 0.0760473071565473}, "time_per_output_token": {"mean": 0.02383062456986159, "min": 0.013545147459272171, "p0.1": 0.01356320341553727, "p1": 0.013874170008074716, "p5": 0.01441772935267409, "p10": 0.016334516151822107, "p25": 0.02131102265891728, "median": 0.0256093901978971, "p75": 0.02719515175062727, "p90": 0.028333437659525264, "p95": 0.0288413652054182, "p99": 0.029634195253274685, "p99.9": 0.029762189428633786, "max": 0.02980184022088543}, "time_to_first_token": {"mean": 4.863863884945652, "min": 0.08189741600654088, "p0.1": 0.08221220678696409, "p1": 0.10797432337130886, "p5": 0.17397599924734095, "p10": 0.7570629572990584, "p25": 1.2752585447742604, "median": 1.841794549502083, "p75": 3.7314783225010615, "p90": 16.20892985419778, "p95": 17.48005284474639, "p99": 22.733683869536325, "p99.9": 22.93622825307565, "max": 22.94972644900554}, "inter_token_latency": {"mean": 0.02383062456986159, "min": 2.502987626940012e-06, "p0.1": 3.9133058744482695e-06, "p1": 1.4106015441939235e-05, "p5": 1.8963948241434993e-05, "p10": 2.4240987841039896e-05, "p25": 3.964701318182051e-05, "median": 0.0002375834883423522, "p75": 0.033521260251291096, "p90": 0.03579521520296112, "p95": 0.03727354151633335, "p99": 0.591908204308711, "p99.9": 0.633548640574009, "max": 11.422286775021348}}, "throughput": {"input_tokens_per_sec": 26456.552324034274, "output_tokens_per_sec": 2710.8814728202815, "total_tokens_per_sec": 29167.433796854555, "requests_per_sec": 2.814589722114459}, "prompt_len": {"mean": 9399.79, "min": 9331.0, "p0.1": 9332.495, "p1": 9356.95, "p5": 9366.95, "p10": 9371.0, "p25": 9380.0, "median": 9398.0, "p75": 9414.25, "p90": 9434.1, "p95": 9446.0, "p99": 9458.01, "p99.9": 9463.505000000001, "max": 9465.0}, "output_len": {"mean": 963.1533333333333, "min": 726.0, "p0.1": 730.186, "p1": 746.94, "p5": 806.0, "p10": 864.9, "p25": 960.0, "median": 994.0, "p75": 1001.0, "p90": 1001.0, "p95": 1001.0, "p99": 1001.0, "p99.9": 1001.701, "max": 1002.0}}, "failures": {"count": 0, "request_latency": null, "prompt_len": null}}