{"load_summary": {"count": 1500, "schedule_delay": {"mean": 0.0009485120133419211, "min": -0.0008614082471467555, "p0.1": -0.000525790402374696, "p1": -0.00018841212440747767, "p5": 6.007265183143319e-05, "p10": 0.0002500471833627671, "p25": 0.0005728009782615118, "median": 0.000955998693825677, "p75": 0.0012942087778355926, "p90": 0.001631720821023919, "p95": 0.0018098152853781356, "p99": 0.002420862459694035, "p99.9": 0.0033045445108146605, "max": 0.0037756682431790978}, "send_duration": 60.000001706997864, "requested_rate": 25.0, "achieved_rate": 24.99999928875091}, "successes": {"count": 1153, "latency": {"request_latency": {"mean": 171.4278166998808, "min": 56.42473036801675, "p0.1": 56.53907401810331, "p1": 57.391579971566095, "p5": 61.60534721899894, "p10": 64.88864233479835, "p25": 115.66170133001287, "median": 170.5853004179953, "p75": 226.47494468698278, "p90": 275.2879096567922, "p95": 280.605403605802, "p99": 292.52548049541076, "p99.9": 295.3860094753642, "max": 299.2387663690024}, "normalized_time_per_output_token": {"mean": 0.1802951430072702, "min": 0.05647316559341264, "p0.1": 0.05658906853611797, "p1": 0.0584487525392527, "p5": 0.06306463796987077, "p10": 0.06751094852813369, "p25": 0.11656230348952605, "median": 0.1741057797812205, "p75": 0.24078143792800255, "p90": 0.28264237738276954, "p95": 0.29945533303731137, "p99": 0.3511535054584418, "p99.9": 0.5284958877049736, "max": 0.5543803093732395}, "time_per_output_token": {"mean": 0.02998458587923725, "min": 0.02521439992954132, "p0.1": 0.02521569437452644, "p1": 0.025232618859074758, "p5": 0.025969776960624698, "p10": 0.027727433555515255, "p25": 0.028754520629682038, "median": 0.029278753738120097, "p75": 0.02964706226287334, "p90": 0.03130280434912972, "p95": 0.03924388526217147, "p99": 0.04684852136293254, "p99.9": 0.048752821826831, "max": 0.04906889686757675}, "time_to_first_token": {"mean": 111.37730269388506, "min": 0.14368566698976792, "p0.1": 0.23015164695330903, "p1": 1.341453056525206, "p5": 4.1888573593867475, "p10": 7.000732412200887, "p25": 58.03806532200542, "median": 110.91476617698208, "p75": 168.21230832801666, "p90": 216.607015615009, "p95": 219.90855186280095, "p99": 229.1312071439682, "p99.9": 231.58275267821506, "max": 232.07165105099557}, "inter_token_latency": {"mean": 0.029984585879237247, "min": 2.440996468067169e-06, "p0.1": 5.330318119376898e-06, "p1": 1.5224009985104203e-05, "p5": 2.0320003386586905e-05, "p10": 2.6156980311498046e-05, "p25": 3.9345002733170986e-05, "median": 0.0003017490089405328, "p75": 0.03561704797903076, "p90": 0.037175686401315036, "p95": 0.039755916805006564, "p99": 0.617593213992659, "p99.9": 0.6431947800004856, "max": 38.314200787979644}}, "throughput": {"input_tokens_per_sec": 30070.923519508677, "output_tokens_per_sec": 3072.3411915910515, "total_tokens_per_sec": 33143.26471109973, "requests_per_sec": 3.1990981734235353}, "prompt_len": {"mean": 9399.812662619253, "min": 9331.0, "p0.1": 9331.0, "p1": 9352.0, "p5": 9366.0, "p10": 9371.0, "p25": 9380.0, "median": 9398.0, "p75": 9414.0, "p90": 9434.8, "p95": 9448.0, "p99": 9459.0, "p99.9": 9465.0, "max": 9465.0}, "output_len": {"mean": 960.3772766695577, "min": 209.0, "p0.1": 511.952, "p1": 734.16, "p5": 798.0, "p10": 849.0, "p25": 960.0, "median": 995.0, "p75": 1001.0, "p90": 1001.0, "p95": 1001.0, "p99": 1002.0, "p99.9": 1011.8480000000002, "max": 1039.0}}, "failures": {"count": 347, "request_latency": {"mean": 300.52465250644394, "min": 300.0039470650081, "p0.1": 300.0041532605856, "p1": 300.0079622884636, "p5": 300.0470743810962, "p10": 300.1061790129985, "p25": 300.2673517550138, "median": 300.5320942779945, "p75": 300.78834529149754, "p90": 300.916014862014, "p95": 300.9541180769127, "p99": 300.99032891214534, "p99.9": 301.0001443162423, "max": 301.00089178798953}, "prompt_len": {"mean": 0.0, "min": 0.0, "p0.1": 0.0, "p1": 0.0, "p5": 0.0, "p10": 0.0, "p25": 0.0, "median": 0.0, "p75": 0.0, "p90": 0.0, "p95": 0.0, "p99": 0.0, "p99.9": 0.0, "max": 0.0}}}