{"load_summary": {"count": 900, "schedule_delay": {"mean": 0.0009844521900716548, "min": -0.0005562494916375726, "p0.1": -0.0005017899018421304, "p1": -0.00022699682507663964, "p5": 0.0001252368048881181, "p10": 0.00029972263728268446, "p25": 0.0005992866354063153, "median": 0.0009733342740219086, "p75": 0.0013271851858007722, "p90": 0.0016816256509628149, "p95": 0.001844012849323917, "p99": 0.0022232198511483144, "p99.9": 0.004027812394284813, "max": 0.0072345343069173396}, "send_duration": 59.99201015898143, "requested_rate": 15.0, "achieved_rate": 15.0019977262799}, "successes": {"count": 900, "latency": {"request_latency": {"mean": 131.1983240825436, "min": 54.95159669200075, "p0.1": 55.62367158578077, "p1": 56.19262932208163, "p5": 58.72683511193172, "p10": 61.2117301811988, "p25": 91.98658918250294, "median": 127.32586272299523, "p75": 172.2929117402382, "p90": 193.90898171689477, "p95": 196.03518239090334, "p99": 211.64842449736548, "p99.9": 211.97210960735177, "max": 212.60369429001003}, "normalized_time_per_output_token": {"mean": 0.136533219547825, "min": 0.054398106685374155, "p0.1": 0.055533419316165664, "p1": 0.057122576382428576, "p5": 0.059663850688586414, "p10": 0.0631967462358049, "p25": 0.09503657945499039, "median": 0.14564315965158608, "p75": 0.1895394458403897, "p90": 0.1982110538756992, "p95": 0.2115442204134388, "p99": 0.24797808263554694, "p99.9": 0.27346044682867776, "max": 0.2896654283801086}, "time_per_output_token": {"mean": 0.028599897593451145, "min": 0.012310040797600159, "p0.1": 0.012624244424562295, "p1": 0.01409803266042253, "p5": 0.019814344441598998, "p10": 0.022784425479907736, "p25": 0.02792739792803177, "median": 0.0290248338673212, "p75": 0.02980865595527612, "p90": 0.031066952352420484, "p95": 0.03647915438871594, "p99": 0.046766833206223296, "p99.9": 0.049797185289666465, "max": 0.05033894534931571}, "time_to_first_token": {"mean": 73.9185949385691, "min": 0.07821427201270126, "p0.1": 0.0844243707197893, "p1": 0.9813987745688064, "p5": 2.1216201613235173, "p10": 3.1259657579037596, "p25": 10.495974967503571, "median": 60.28155326200067, "p75": 104.70238817873906, "p90": 146.40154819761227, "p95": 150.3694758097088, "p99": 183.465136137676, "p99.9": 186.4519682597299, "max": 187.92173564899713}, "inter_token_latency": {"mean": 0.02859989759345115, "min": 2.5730114430189133e-06, "p0.1": 5.063018761575222e-06, "p1": 1.505599357187748e-05, "p5": 2.010699245147407e-05, "p10": 2.600200241431594e-05, "p25": 3.935201675631106e-05, "median": 0.0002844209811883047, "p75": 0.035249815256975126, "p90": 0.03630736379418522, "p95": 0.03769733140070457, "p99": 0.6162137562365387, "p99.9": 0.6396502162808035, "max": 39.08575846999884}}, "throughput": {"input_tokens_per_sec": 31158.48315908636, "output_tokens_per_sec": 3203.254674133741, "total_tokens_per_sec": 34361.737833220104, "requests_per_sec": 3.314809047961126}, "prompt_len": {"mean": 9399.782222222222, "min": 9331.0, "p0.1": 9331.0, "p1": 9352.0, "p5": 9366.0, "p10": 9371.0, "p25": 9380.0, "median": 9398.0, "p75": 9414.0, "p90": 9435.0, "p95": 9446.1, "p99": 9459.0, "p99.9": 9465.0, "max": 9465.0}, "output_len": {"mean": 966.3466666666667, "min": 663.0, "p0.1": 667.495, "p1": 744.99, "p5": 801.0, "p10": 865.9, "p25": 973.0, "median": 1000.0, "p75": 1001.0, "p90": 1001.0, "p95": 1001.0, "p99": 1002.01, "p99.9": 1037.0400000000045, "max": 1073.0}}, "failures": {"count": 0, "request_latency": null, "prompt_len": null}}