{"load_summary": {"count": 1800, "schedule_delay": {"mean": 0.0010305194914205155, "min": -0.0005028592131566256, "p0.1": -0.000435180485539604, "p1": -0.0002514999033883214, "p5": 0.00010003301722463221, "p10": 0.0002603079949039966, "p25": 0.0005720136250602081, "median": 0.0009314972849097103, "p75": 0.0012781077457475476, "p90": 0.001623983311583288, "p95": 0.0018236701303976587, "p99": 0.002452808449743315, "p99.9": 0.01766566659546026, "max": 0.10589256774983369}, "send_duration": 59.9117155209824, "requested_rate": 30.0, "achieved_rate": 30.04420728646304}, "successes": {"count": 1145, "latency": {"request_latency": {"mean": 176.58097106795864, "min": 50.17033722897759, "p0.1": 50.876440065128726, "p1": 55.1745478284033, "p5": 60.23242722839932, "p10": 64.96208623338607, "p25": 116.78560181500507, "median": 178.89302337597474, "p75": 237.46173989001545, "p90": 285.5573288656189, "p95": 289.08899826498237, "p99": 295.3039467387623, "p99.9": 298.8983404264638, "max": 299.11566117600887}, "normalized_time_per_output_token": {"mean": 0.184072486108636, "min": 0.050120217011965625, "p0.1": 0.05082561445067805, "p1": 0.055454045112485986, "p5": 0.061314808173179275, "p10": 0.06691850167148672, "p25": 0.11886322382743203, "median": 0.18163980637400529, "p75": 0.24234712072428885, "p90": 0.2905914646168012, "p95": 0.30097758664066504, "p99": 0.35240753409501474, "p99.9": 0.44411136115502486, "max": 0.4670546811993454}, "time_per_output_token": {"mean": 0.030473919226179376, "min": 0.02497350123138395, "p0.1": 0.025350429841062064, "p1": 0.027299235802755735, "p5": 0.027344515713250337, "p10": 0.027737732598703397, "p25": 0.02877379233933411, "median": 0.02950399674412709, "p75": 0.03052631970363502, "p90": 0.03194755572133753, "p95": 0.04071279043758597, "p99": 0.04729848307043221, "p99.9": 0.04979494956032822, "max": 0.05043629783857637}, "time_to_first_token": {"mean": 115.55166853224975, "min": 0.08531092799967155, "p0.1": 0.08932539174496196, "p1": 0.14839103155303746, "p5": 2.685242046794156, "p10": 7.507177202391905, "p25": 56.918400605994975, "median": 118.64409148300183, "p75": 177.2424013389973, "p90": 227.79309911560267, "p95": 231.427225971804, "p99": 234.0794789682864, "p99.9": 237.21498552749458, "max": 237.29969348700251}, "inter_token_latency": {"mean": 0.030473919226179376, "min": 2.541986759752035e-06, "p0.1": 5.319158546626568e-06, "p1": 1.5120005700737238e-05, "p5": 2.0245002815499902e-05, "p10": 2.6153982616961002e-05, "p25": 3.9645994547754526e-05, "median": 0.0003034599940292537, "p75": 0.03549875901080668, "p90": 0.03716234280145728, "p95": 0.03982117598643526, "p99": 0.6186506300559268, "p99.9": 0.6408170040755072, "max": 40.446304557000985}}, "throughput": {"input_tokens_per_sec": 29831.735446078248, "output_tokens_per_sec": 3064.012400155578, "total_tokens_per_sec": 32895.747846233826, "requests_per_sec": 3.173694735870089}, "prompt_len": {"mean": 9399.686462882097, "min": 9331.0, "p0.1": 9331.0, "p1": 9352.0, "p5": 9366.0, "p10": 9371.0, "p25": 9380.0, "median": 9398.0, "p75": 9414.0, "p90": 9435.0, "p95": 9448.0, "p99": 9459.0, "p99.9": 9465.0, "max": 9465.0}, "output_len": {"mean": 965.4401746724891, "min": 523.0, "p0.1": 619.16, "p1": 756.76, "p5": 816.0, "p10": 872.4, "p25": 967.0, "median": 1000.0, "p75": 1001.0, "p90": 1001.0, "p95": 1001.0, "p99": 1001.56, "p99.9": 1009.0, "max": 1049.0}}, "failures": {"count": 655, "request_latency": {"mean": 300.49834519534676, "min": 300.00552500999765, "p0.1": 300.005884481094, "p1": 300.0100943899731, "p5": 300.04006734039575, "p10": 300.0954975314147, "p25": 300.2221774915088, "median": 300.4807426400075, "p75": 300.7819401334855, "p90": 300.9084677003848, "p95": 300.9600781741086, "p99": 300.99649172443316, "p99.9": 301.00077283616537, "max": 301.00106709299143}, "prompt_len": {"mean": 0.0, "min": 0.0, "p0.1": 0.0, "p1": 0.0, "p5": 0.0, "p10": 0.0, "p25": 0.0, "median": 0.0, "p75": 0.0, "p90": 0.0, "p95": 0.0, "p99": 0.0, "p99.9": 0.0, "max": 0.0}}}