{"load_summary": {"count": 9525, "schedule_delay": {"mean": 0.0010041904478612553, "min": -0.00094744807574898, "p0.1": -0.0005483587237540633, "p1": -0.00024148153956048192, "p5": 7.832614937797194e-05, "p10": 0.0002590687712654472, "p25": 0.0005753690202254802, "median": 0.0009434995881747454, "p75": 0.001316086680162698, "p90": 0.00166685453732498, "p95": 0.0018636270891875023, "p99": 0.002451926051871851, "p99.9": 0.006675388574950071, "max": 0.127327950875042}}, "successes": {"count": 6958, "latency": {"request_latency": {"mean": 142.65243564038613, "min": 24.232414517988218, "p0.1": 25.562332495702982, "p1": 30.218944087913552, "p5": 52.20447607466485, "p10": 57.49040546619217, "p25": 66.18087465823191, "median": 121.1927009360079, "p75": 202.4176388777414, "p90": 263.699050740691, "p95": 280.6173811019005, "p99": 293.0129605756616, "p99.9": 299.2026120432771, "max": 299.97785396600375}, "normalized_time_per_output_token": {"mean": 0.1494146219948965, "min": 0.02421940598601627, "p0.1": 0.02646497778314015, "p1": 0.030987363920622995, "p5": 0.0538778106497236, "p10": 0.05907333408832539, "p25": 0.06956370314138313, "median": 0.1262700896286556, "p75": 0.2157966801340158, "p90": 0.2716566107784331, "p95": 0.2901791493318047, "p99": 0.3335091945545743, "p99.9": 0.4470902933102889, "max": 2.224580257561018}, "time_per_output_token": {"mean": 0.02865807320043693, "min": 0.0120358590174892, "p0.1": 0.01231726126455038, "p1": 0.01389064908915934, "p5": 0.01774636903279026, "p10": 0.023258501784510045, "p25": 0.027597250819961484, "median": 0.029231276726379568, "p75": 0.030134812916293267, "p90": 0.031378169888856826, "p95": 0.03692948309244862, "p99": 0.046927012879042815, "p99.9": 0.05006387345934376, "max": 0.05225761697051578}, "time_to_first_token": {"mean": 85.2572211305488, "min": 0.07148245998541825, "p0.1": 0.08217451824637828, "p1": 0.16459555707639084, "p5": 1.2750373489208868, "p10": 2.1029359648906394, "p25": 8.827500273255282, "median": 64.95910761148843, "p75": 146.0780881687533, "p90": 206.8098008228204, "p95": 222.11878330466277, "p99": 237.29936937132035, "p99.9": 258.51759452935914, "max": 262.06192693600315}, "inter_token_latency": {"mean": 0.0286580914689857, "min": 2.440996468067169e-06, "p0.1": 4.792003892362118e-06, "p1": 1.482199877500534e-05, "p5": 1.985501148737967e-05, "p10": 2.5583984097465873e-05, "p25": 3.963001654483378e-05, "median": 0.00027064299501944333, "p75": 0.03535755399934715, "p90": 0.036586430491297506, "p95": 0.03863956149871228, "p99": 0.6161195284948917, "p99.9": 0.6399045315047267, "max": 44.45780703399214}}, "throughput": {"input_tokens_per_sec": 26513.567269537518, "output_tokens_per_sec": 2719.194148275974, "total_tokens_per_sec": 29232.761417813494, "requests_per_sec": 2.820676056873468}, "prompt_len": {"mean": 9399.720753089969, "min": 9331.0, "p0.1": 9331.0, "p1": 9352.0, "p5": 9366.0, "p10": 9371.0, "p25": 9380.0, "median": 9398.0, "p75": 9414.0, "p90": 9435.0, "p95": 9448.0, "p99": 9459.0, "p99.9": 9465.0, "max": 9465.0}, "output_len": {"mean": 964.0221327967807, "min": 82.0, "p0.1": 507.527, "p1": 745.0, "p5": 804.0, "p10": 862.0, "p25": 967.0, "median": 999.0, "p75": 1001.0, "p90": 1001.0, "p95": 1001.0, "p99": 1002.0, "p99.9": 1037.0860000000011, "max": 1465.0}}, "failures": {"count": 2567, "request_latency": {"mean": 291.4228907951092, "min": 47.79164607799612, "p0.1": 49.567925587899055, "p1": 58.68766474252625, "p5": 279.715258135795, "p10": 300.0404754126037, "p25": 300.20751007700164, "median": 300.4694421089953, "p75": 300.74745791600435, "p90": 300.89624072721347, "p95": 300.94413449420534, "p99": 300.9929118056549, "p99.9": 301.000897488148, "max": 301.0014349099947}, "prompt_len": {"mean": 0.0, "min": 0.0, "p0.1": 0.0, "p1": 0.0, "p5": 0.0, "p10": 0.0, "p25": 0.0, "median": 0.0, "p75": 0.0, "p90": 0.0, "p95": 0.0, "p99": 0.0, "p99.9": 0.0, "max": 0.0}}}