{"load_summary": {"count": 750, "schedule_delay": {"mean": 0.001288387989004453, "min": -0.0011738459579646587, "p0.1": -0.0009695008094422519, "p1": -0.00023723083082586528, "p5": 0.00017181583680212498, "p10": 0.000399234052747488, "p25": 0.0007418644963763654, "median": 0.0011499207466840744, "p75": 0.001545292150694877, "p90": 0.0019930021837353705, "p95": 0.002316046797204761, "p99": 0.005372298143338412, "p99.9": 0.02337208932987775, "max": 0.05335133662447333}, "send_duration": 50.751975850900635, "requested_rate": 15.0, "achieved_rate": 14.777749780685447}, "successes": {"count": 750, "latency": {"request_latency": {"mean": 42.53609558410911, "min": 31.50027560000308, "p0.1": 31.58736369798216, "p1": 32.62439797605155, "p5": 34.1732881029835, "p10": 35.65160776744597, "p25": 39.31828659120947, "median": 42.47054922103416, "p75": 46.1783227812266, "p90": 48.780991716729474, "p95": 50.804579359537456, "p99": 51.89687034709612, "p99.9": 52.17710558723216, "max": 52.18239507614635}, "normalized_time_per_output_token": {"mean": 0.0816733025996251, "min": 0.031500275600003076, "p0.1": 0.031611068197003565, "p1": 0.032630649263167284, "p5": 0.03468599261809528, "p10": 0.03608779793064148, "p25": 0.039899388058920286, "median": 0.04347096941942673, "p75": 0.04736984595063766, "p90": 0.051464914030775376, "p95": 0.09125190471886085, "p99": 1.2973828515285246, "p99.9": 1.663195475744927, "max": 1.9950189518975094}, "time_per_output_token": {"mean": 0.020868035038479053, "min": 0.015615488417788238, "p0.1": 0.015615823245485841, "p1": 0.016167498326555278, "p5": 0.016940622759496805, "p10": 0.017680277326283907, "p25": 0.019448711416744133, "median": 0.021017064967752155, "p75": 0.022349761731548887, "p90": 0.02363550868263512, "p95": 0.024317781773718378, "p99": 0.02541005425781164, "p99.9": 0.02571470522363999, "max": 0.02576401145423184}, "time_to_first_token": {"mean": 0.7092368406172221, "min": 0.1416620290838182, "p0.1": 0.1443734869295731, "p1": 0.15792487064376473, "p5": 0.16878655477194116, "p10": 0.17591440563555807, "p25": 0.18916389910737053, "median": 0.22881259943824261, "p75": 0.6800556694506668, "p90": 2.0137232994195076, "p95": 3.021582680812571, "p99": 4.6599763676594, "p99.9": 5.452491836164404, "max": 5.652527678990737}, "inter_token_latency": {"mean": 0.020868035038479053, "min": 2.3478642106056213e-06, "p0.1": 2.741115167737007e-06, "p1": 1.1353986337780952e-05, "p5": 2.050795592367649e-05, "p10": 2.6570865884423256e-05, "p25": 4.151812754571438e-05, "median": 0.0002533994847908616, "p75": 0.03636764356633648, "p90": 0.04303106204606593, "p95": 0.04610434798523784, "p99": 0.1304984344309196, "p99.9": 0.5360552252836075, "max": 1.2492223400622606}}, "throughput": {"input_tokens_per_sec": 64836.22836650731, "output_tokens_per_sec": 8064.3915636594265, "total_tokens_per_sec": 72900.61993016674, "requests_per_sec": 8.5531287442792}, "prompt_len": {"mean": 7580.410666666667, "min": 7489.0, "p0.1": 7494.992, "p1": 7515.0, "p5": 7533.0, "p10": 7546.0, "p25": 7562.0, "median": 7580.0, "p75": 7599.0, "p90": 7617.0, "p95": 7624.0, "p99": 7647.0, "p99.9": 7673.024000000002, "max": 7691.0}, "output_len": {"mean": 942.8586666666666, "min": 20.0, "p0.1": 28.988, "p1": 33.0, "p5": 477.9, "p10": 964.5, "p25": 991.0, "median": 997.0, "p75": 1000.0, "p90": 1000.0, "p95": 1000.0, "p99": 1000.0, "p99.9": 1010.5180000000016, "max": 1024.0}}, "failures": {"count": 0, "request_latency": null, "prompt_len": null}}