{"load_summary": {}, "successes": {"count": 760, "rate": 8.172043, "prompt_len": {"mean": 0, "rate": 61361.983682}, "output_len": {"mean": 0, "rate": 8158.294792}, "queue_len": {"mean": 0}, "request_latency": {"mean": 40.89813, "median": 42.197125, "p90": 48.439425, "p99": 49.843943}, "time_to_first_token": {"mean": 0.151344, "median": 0.143516, "p90": 0.343947, "p99": 0.662885}, "time_per_output_token": {"mean": 0.040844, "median": 0.037904, "p90": 0.048361, "p99": 0.142632}, "kv_cache_usage_percentage": {"mean": 0.0, "median": 0.0, "p90": 0.0, "p99": 0.0}, "num_requests_swapped": {"mean": 0}, "num_preemptions_total": {"mean": 0}, "prefix_cache_hit_percent": {"mean": 88.57868242644193}}, "failures": {}}