{"load_summary": {"count": 748, "schedule_delay": {"mean": 0.0011039765086025, "min": -0.00039420672692358494, "p0.1": -0.0003890276034362614, "p1": -0.00023048848379403353, "p5": 5.601663142442705e-05, "p10": 0.00022834497503936295, "p25": 0.0005926659214310348, "median": 0.0009755303617566824, "p75": 0.0014359309570863843, "p90": 0.0018148906296119095, "p95": 0.002103459241334349, "p99": 0.002852185880765316, "p99.9": 0.01870335958549076, "max": 0.06315883598290384}, "send_duration": 35.73462640005164, "requested_rate": 22.0, "achieved_rate": 20.932078360805786}, "successes": {"count": 748, "latency": {"request_latency": {"mean": 38.45927191435398, "min": 31.748369639972225, "p0.1": 31.884598854108482, "p1": 32.95450944596436, "p5": 33.96925369434757, "p10": 34.87708857501857, "p25": 36.418251387542114, "median": 38.27562290802598, "p75": 40.211081291141454, "p90": 41.91095995192882, "p95": 44.631060743634585, "p99": 45.94806701754918, "p99.9": 46.308653279175985, "max": 46.32708758604713}, "normalized_time_per_output_token": {"mean": 0.1378810748680595, "min": 0.016006730235167306, "p0.1": 0.027765734870556582, "p1": 0.033121786514529926, "p5": 0.034260419576105254, "p10": 0.03521230683643371, "p25": 0.0367068373375223, "median": 0.03882366467608152, "p75": 0.04130844880701322, "p90": 0.045727151350343234, "p95": 0.1713134017777587, "p99": 1.2262701944682535, "p99.9": 12.054242618089964, "max": 41.69068710389547}, "time_per_output_token": {"mean": 0.019096476305293018, "min": 0.015791025313282053, "p0.1": 0.015834958748569758, "p1": 0.016321264817592347, "p5": 0.016767101838294864, "p10": 0.01729532953322414, "p25": 0.018102802312159133, "median": 0.019033249454986564, "p75": 0.01995558124936783, "p90": 0.02081456970429743, "p95": 0.022142548824828967, "p99": 0.02282906149601171, "p99.9": 0.023013180138547785, "max": 0.023018043573786583}, "time_to_first_token": {"mean": 0.17373966782000214, "min": 0.06274833297356963, "p0.1": 0.06311192316515371, "p1": 0.06922027977649123, "p5": 0.08747964069480077, "p10": 0.09501281282864511, "p25": 0.10934808425372466, "median": 0.14007954357657582, "p75": 0.1833754106773995, "p90": 0.2952927359147002, "p95": 0.41874149368377395, "p99": 0.6879368661693297, "p99.9": 0.815583045375301, "max": 0.823507237015292}, "inter_token_latency": {"mean": 0.019096476305293018, "min": 2.332031726837158e-06, "p0.1": 2.746935933828354e-06, "p1": 1.0502003133296969e-05, "p5": 2.0064180716872215e-05, "p10": 2.6045134291052818e-05, "p25": 4.063762025907636e-05, "median": 0.0002660986501723528, "p75": 0.03817246435210109, "p90": 0.04322925854939967, "p95": 0.045719473680946976, "p99": 0.07335749285761278, "p99.9": 0.14644256790052254, "max": 1.2497700219973922}}, "throughput": {"input_tokens_per_sec": 75312.4714586131, "output_tokens_per_sec": 9311.057467633316, "total_tokens_per_sec": 84623.52892624642, "requests_per_sec": 9.935053187911501}, "prompt_len": {"mean": 7580.479946524064, "min": 7489.0, "p0.1": 7494.976, "p1": 7515.0, "p5": 7533.0, "p10": 7546.0, "p25": 7562.0, "median": 7580.0, "p75": 7599.0, "p90": 7617.0, "p95": 7624.0, "p99": 7647.0, "p99.9": 7673.072000000001, "max": 7691.0}, "output_len": {"mean": 937.192513368984, "min": 1.0, "p0.1": 14.446, "p1": 32.47, "p5": 233.7, "p10": 940.4, "p25": 992.0, "median": 998.0, "p75": 1000.0, "p90": 1000.0, "p95": 1000.0, "p99": 1000.0, "p99.9": 1254.2410000000427, "max": 1999.0}}, "failures": {"count": 0, "request_latency": null, "prompt_len": null}}