{"load_summary": {}, "successes": {"count": 1548, "rate": 9.923077, "prompt_len": {"mean": 0, "rate": 77258.277977}, "output_len": {"mean": 0, "rate": 9929.707115}, "queue_len": {"mean": 0}, "request_latency": {"mean": 66.021185, "median": 64.648391, "p90": 108.929678, "p99": 118.892968}, "time_to_first_token": {"mean": 2.671632, "median": 0.096431, "p90": 0.759167, "p99": 39.272897}, "time_per_output_token": {"mean": 0.063384, "median": 0.048246, "p90": 0.071866, "p99": 0.171798}, "kv_cache_usage_percentage": {"mean": 0.0, "median": 0.0, "p90": 0.0, "p99": 0.0}, "num_requests_swapped": {"mean": 0}, "num_preemptions_total": {"mean": 0}, "prefix_cache_hit_percent": {"mean": 92.51634660749052}}, "failures": {}}