{"load_summary": {}, "successes": {"count": 1520, "rate": 10.066225, "prompt_len": {"mean": 0, "rate": 78862.561252}, "output_len": {"mean": 0, "rate": 10109.403889}, "queue_len": {"mean": 0}, "request_latency": {"mean": 63.402606, "median": 62.56927, "p90": 108.513854, "p99": 118.851385}, "time_to_first_token": {"mean": 3.352799, "median": 0.09892, "p90": 22.348315, "p99": 38.234831}, "time_per_output_token": {"mean": 0.059935, "median": 0.048833, "p90": 0.071632, "p99": 0.170788}, "kv_cache_usage_percentage": {"mean": 0.0, "median": 0.0, "p90": 0.0, "p99": 0.0}, "num_requests_swapped": {"mean": 0}, "num_preemptions_total": {"mean": 0}, "prefix_cache_hit_percent": {"mean": 92.99826837832468}}, "failures": {}}