{"load_summary": {"count": 750, "schedule_delay": {"mean": 0.001019837706970672, "min": -0.0004966906271874905, "p0.1": -0.00048738011135719716, "p1": -0.0003186148125678301, "p5": 1.9459100440144555e-05, "p10": 0.00020838594064116484, "p25": 0.0005982964648865163, "median": 0.0009759394451975822, "p75": 0.0013915144372731447, "p90": 0.0018829830689355731, "p95": 0.0021182663738727554, "p99": 0.0028454340714961284, "p99.9": 0.004357684180839236, "max": 0.006423822604119778}, "send_duration": 25.008956742007285, "requested_rate": 30.0, "achieved_rate": 29.989255758927072}, "successes": {"count": 750, "latency": {"request_latency": {"mean": 40.87942970642168, "min": 35.47938184114173, "p0.1": 35.526079380886394, "p1": 35.85705455018208, "p5": 36.82289709997131, "p10": 37.361015283479354, "p25": 38.39373017247999, "median": 40.46257754100952, "p75": 42.63748921791557, "p90": 46.00867740085814, "p95": 48.09270783610409, "p99": 49.13339650733164, "p99.9": 50.427762636416155, "max": 50.66448512300849}, "normalized_time_per_output_token": {"mean": 0.09548759238037301, "min": 0.01918970733609905, "p0.1": 0.031464751883630765, "p1": 0.036001721161894436, "p5": 0.03702527694411432, "p10": 0.03761449524086394, "p25": 0.03871045639696573, "median": 0.04071461107373753, "p75": 0.04333314649736846, "p90": 0.049275591719872495, "p95": 0.19796973749709593, "p99": 1.261556857526576, "p99.9": 2.67166545161366, "max": 5.413274680430602}, "time_per_output_token": {"mean": 0.020302737928297374, "min": 0.017629767070523928, "p0.1": 0.01764283471960383, "p1": 0.01783577852656014, "p5": 0.018252413699785988, "p10": 0.018546153284199274, "p25": 0.01910336828371254, "median": 0.020118592229128623, "p75": 0.021220887359790226, "p90": 0.0228564604699122, "p95": 0.02386702838396748, "p99": 0.02441875248555274, "p99.9": 0.02510944674837254, "max": 0.025236624965922667}, "time_to_first_token": {"mean": 0.1864506669982026, "min": 0.0719014061614871, "p0.1": 0.0723314660533797, "p1": 0.07549059896729887, "p5": 0.08436214384855703, "p10": 0.08991125617176295, "p25": 0.10273031698307022, "median": 0.12246463051997125, "p75": 0.17267760389950126, "p90": 0.36756405415944765, "p95": 0.5842017417424353, "p99": 0.8873984619509427, "p99.9": 1.0623711313845188, "max": 1.1146892688702792}, "inter_token_latency": {"mean": 0.020302737928297374, "min": 2.3599714040756226e-06, "p0.1": 2.8539795894175767e-06, "p1": 1.2156087905168533e-05, "p5": 2.016802318394184e-05, "p10": 2.5698915123939514e-05, "p25": 3.956397995352745e-05, "median": 0.0002664073836058378, "p75": 0.041500504536088556, "p90": 0.0452375405235216, "p95": 0.04698047478450463, "p99": 0.06580604847520594, "p99.9": 0.1995494572771724, "max": 15.502305269008502}}, "throughput": {"input_tokens_per_sec": 75285.97435810987, "output_tokens_per_sec": 9281.125539414972, "total_tokens_per_sec": 84567.09989752485, "requests_per_sec": 9.93164851729799}, "prompt_len": {"mean": 7580.410666666667, "min": 7489.0, "p0.1": 7494.992, "p1": 7515.0, "p5": 7533.0, "p10": 7546.0, "p25": 7562.0, "median": 7580.0, "p75": 7599.0, "p90": 7617.0, "p95": 7624.0, "p99": 7647.0, "p99.9": 7673.024000000002, "max": 7691.0}, "output_len": {"mean": 934.5, "min": 7.0, "p0.1": 20.482, "p1": 33.0, "p5": 203.45, "p10": 952.9, "p25": 991.25, "median": 998.0, "p75": 1000.0, "p90": 1000.0, "p95": 1000.0, "p99": 1000.0, "p99.9": 1258.2350000000888, "max": 1996.0}}, "failures": {"count": 0, "request_latency": null, "prompt_len": null}}