{"load_summary": {"count": 300, "schedule_delay": {"mean": 0.0010008111440887055, "min": -0.0007300400175154209, "p0.1": -0.0006360741488169878, "p1": -0.0002697193529456854, "p5": -4.3035356793552626e-05, "p10": 0.0001954409526661039, "p25": 0.0005572063382714987, "median": 0.0009017139673233032, "p75": 0.0013388884835876524, "p90": 0.0017048665322363377, "p95": 0.0019145903410390022, "p99": 0.002263107288163155, "p99.9": 0.01690072175418072, "max": 0.023056765319779515}, "send_duration": 20.259469402953982, "requested_rate": 15.0, "achieved_rate": 14.807890277534009}, "successes": {"count": 300, "latency": {"request_latency": {"mean": 29.146002149459285, "min": 26.37829621997662, "p0.1": 26.41126019860059, "p1": 26.726948403017595, "p5": 27.318257560464552, "p10": 27.59662599693984, "p25": 28.102563819556963, "median": 28.985792206949554, "p75": 30.15932198020164, "p90": 30.90548175731674, "p95": 31.468282586638814, "p99": 31.5423896492715, "p99.9": 31.55179609382665, "max": 31.553774997824803}, "normalized_time_per_output_token": {"mean": 0.06604112950499612, "min": 0.02661785693236793, "p0.1": 0.026619689979008897, "p1": 0.02691417960362509, "p5": 0.027503781259777534, "p10": 0.027759017679593725, "p25": 0.02835374349047197, "median": 0.029329069875292935, "p75": 0.03066487702076922, "p90": 0.032252428284793994, "p95": 0.09644005007691986, "p99": 0.9206136176018038, "p99.9": 1.1555727606106967, "max": 1.2131679625823522}, "time_per_output_token": {"mean": 0.014473093067717914, "min": 0.013058449868564269, "p0.1": 0.013076600527588063, "p1": 0.013237722177433827, "p5": 0.013568539556831696, "p10": 0.013713264394738151, "p25": 0.013959385644636819, "median": 0.014408178385351782, "p75": 0.014967350513911223, "p90": 0.015362773883365457, "p95": 0.0156500556344771, "p99": 0.015668920122705092, "p99.9": 0.0156752258835615, "max": 0.01567752064712558}, "time_to_first_token": {"mean": 0.12191085602234428, "min": 0.059945337008684874, "p0.1": 0.06045030729961581, "p1": 0.06215386043302715, "p5": 0.07046857445966452, "p10": 0.07271374855190516, "p25": 0.08041939546819776, "median": 0.09119880257640034, "p75": 0.1660960364388302, "p90": 0.18695925679057837, "p95": 0.24118611941812565, "p99": 0.35954661484574896, "p99.9": 0.36824030137527747, "max": 0.3702007869724184}, "inter_token_latency": {"mean": 0.014473093067717916, "min": 2.3690517991781235e-06, "p0.1": 2.9763197526335716e-06, "p1": 1.4178911224007606e-05, "p5": 2.097313990816474e-05, "p10": 2.7937092818319796e-05, "p25": 4.340079613029957e-05, "median": 0.0002732534194365144, "p75": 0.02751776610966772, "p90": 0.030908063729293646, "p95": 0.03163362822961062, "p99": 0.035501772088464355, "p99.9": 0.11681940391776162, "max": 0.20961858402006328}}, "throughput": {"input_tokens_per_sec": 46384.892448228726, "output_tokens_per_sec": 5720.0819784622945, "total_tokens_per_sec": 52104.97442669102, "requests_per_sec": 6.118367294795855}, "prompt_len": {"mean": 7581.253333333333, "min": 7489.0, "p0.1": 7491.392, "p1": 7506.97, "p5": 7530.95, "p10": 7544.7, "p25": 7562.0, "median": 7581.0, "p75": 7601.0, "p90": 7618.0, "p95": 7626.1, "p99": 7650.02, "p99.9": 7661.309, "max": 7664.0}, "output_len": {"mean": 934.9033333333333, "min": 26.0, "p0.1": 26.897, "p1": 31.98, "p5": 321.20000000000005, "p10": 924.3000000000001, "p25": 992.0, "median": 997.0, "p75": 1000.0, "p90": 1000.0, "p95": 1000.0, "p99": 1000.0, "p99.9": 1001.0, "max": 1001.0}}, "failures": {"count": 0, "request_latency": null, "prompt_len": null}}