{"load_summary": {}, "successes": {"count": 300, "rate": 4.411765, "prompt_len": {"mean": 0, "rate": 36013.427476}, "output_len": {"mean": 0, "rate": 4453.288074}, "queue_len": {"mean": 0}, "request_latency": {"mean": 29.041042, "median": 26.756757, "p90": 36.153846, "p99": 39.615385}, "time_to_first_token": {"mean": 0.076969, "median": 0.051322, "p90": 0.209194, "p99": 0.384643}, "time_per_output_token": {"mean": 0.028965, "median": 0.03713, "p90": 0.047628, "p99": 0.04999}, "kv_cache_usage_percentage": {"mean": 0.0, "median": 0.0, "p90": 0.0, "p99": 0.0}, "num_requests_swapped": {"mean": 0}, "num_preemptions_total": {"mean": 0}, "prefix_cache_hit_percent": {"mean": 94.42119760411663}}, "failures": {}}