{"load_summary": {}, "successes": {"count": 1465, "rate": 9.898649, "prompt_len": {"mean": 0, "rate": 78226.502141}, "output_len": {"mean": 0, "rate": 9997.820176}, "queue_len": {"mean": 0}, "request_latency": {"mean": 64.932849, "median": 62.698827, "p90": 108.539765, "p99": 118.853977}, "time_to_first_token": {"mean": 0.684724, "median": 0.090453, "p90": 0.261268, "p99": 34.3}, "time_per_output_token": {"mean": 0.063985, "median": 0.046157, "p90": 0.070887, "p99": 0.156029}, "kv_cache_usage_percentage": {"mean": 0.0, "median": 0.0, "p90": 0.0, "p99": 0.0}, "num_requests_swapped": {"mean": 0}, "num_preemptions_total": {"mean": 0}, "prefix_cache_hit_percent": {"mean": 92.65833177345614}}, "failures": {}}