{"load_summary": {"count": 1520, "schedule_delay": {"mean": 0.000991284244657053, "min": -0.0008220223244279623, "p0.1": -0.0007549298091325909, "p1": -0.00034137446200475095, "p5": 1.98088469915092e-05, "p10": 0.00024172691628336905, "p25": 0.0005671206745319068, "median": 0.0009473356185480952, "p75": 0.0013707363395951688, "p90": 0.001764376205392182, "p95": 0.00197890403214842, "p99": 0.0028244988038204607, "p99.9": 0.005254834545543726, "max": 0.007441902998834848}, "send_duration": 38.40121673303656, "requested_rate": 40.0, "achieved_rate": 39.582079145225215}, "successes": {"count": 1520, "latency": {"request_latency": {"mean": 63.52068019061086, "min": 43.36945066298358, "p0.1": 43.48102275754768, "p1": 45.86859279490309, "p5": 47.771620443009304, "p10": 49.49791433964856, "p25": 54.79500971472589, "median": 60.58741585561074, "p75": 73.35534959979123, "p90": 77.48967272927985, "p95": 86.88144056363963, "p99": 90.93588656439911, "p99.9": 94.93551513272735, "max": 94.99699147394858}, "normalized_time_per_output_token": {"mean": 0.16898870004187472, "min": 0.04341286352651009, "p0.1": 0.04397180967459645, "p1": 0.046163034185163196, "p5": 0.04817045112225726, "p10": 0.050232690918794835, "p25": 0.05613551935365595, "median": 0.06399709618990468, "p75": 0.07535439711861545, "p90": 0.09097882302363926, "p95": 0.5731761913391905, "p99": 2.182106472113866, "p99.9": 2.639791212895962, "max": 18.68913670524489}, "time_per_output_token": {"mean": 0.029956897445367517, "min": 0.019537623177912238, "p0.1": 0.01955838454485478, "p1": 0.022163296693707698, "p5": 0.02338832167947878, "p10": 0.023923243359983273, "p25": 0.02571807807465705, "median": 0.028797207924275325, "p75": 0.03367294660732285, "p90": 0.03798974337326693, "p95": 0.03884649338450391, "p99": 0.04499499000364338, "p99.9": 0.0453150074857771, "max": 0.04540679455820428}, "time_to_first_token": {"mean": 3.5078121115346317, "min": 0.07243781886063516, "p0.1": 0.07305839887354523, "p1": 0.07956107274862007, "p5": 0.09122574927750975, "p10": 0.0990738719003275, "p25": 0.11721481947461143, "median": 0.14695074455812573, "p75": 0.1987450146698393, "p90": 24.19891952585896, "p95": 27.194573240191673, "p99": 37.66223119733855, "p99.9": 38.376522157568495, "max": 38.6036866880022}, "inter_token_latency": {"mean": 0.029956897445367513, "min": 2.403976395726204e-06, "p0.1": 2.9329676181077957e-06, "p1": 1.2198928743600845e-05, "p5": 2.0449049770832062e-05, "p10": 2.581300213932991e-05, "p25": 3.925897181034088e-05, "median": 0.00030877033714205027, "p75": 0.04884458769811317, "p90": 0.05841554910875857, "p95": 0.06596897566923869, "p99": 0.12002973031019802, "p99.9": 0.41597969784005817, "max": 38.051630448084325}}, "throughput": {"input_tokens_per_sec": 86699.63898586428, "output_tokens_per_sec": 10508.293561471486, "total_tokens_per_sec": 97207.93254733576, "requests_per_sec": 11.437213508343548}, "prompt_len": {"mean": 7580.4861842105265, "min": 7489.0, "p0.1": 7493.152, "p1": 7515.0, "p5": 7533.0, "p10": 7546.0, "p25": 7562.0, "median": 7580.0, "p75": 7599.0, "p90": 7617.0, "p95": 7624.0, "p99": 7647.0, "p99.9": 7678.544000000005, "max": 7691.0}, "output_len": {"mean": 918.7809210526316, "min": 4.0, "p0.1": 24.519, "p1": 32.0, "p5": 120.70000000000002, "p10": 875.8, "p25": 989.0, "median": 997.0, "p75": 1000.0, "p90": 1000.0, "p95": 1000.0, "p99": 1000.0, "p99.9": 1001.0, "max": 1002.0}}, "failures": {"count": 0, "request_latency": null, "prompt_len": null}}