{"load_summary": {"count": 1500, "schedule_delay": {"mean": 0.0010987703623250127, "min": -0.0006889933720231056, "p0.1": -0.0005539410708006471, "p1": -0.00022881099954247475, "p5": 9.586078813299537e-05, "p10": 0.00026964480057358744, "p25": 0.000584768014959991, "median": 0.0010114697506651282, "p75": 0.0014472331968136132, "p90": 0.0018789841094985604, "p95": 0.002199756517075002, "p99": 0.003642220010515302, "p99.9": 0.007481300848070967, "max": 0.03832844225689769}, "send_duration": 26.095382341183722, "requested_rate": 60.0, "achieved_rate": 57.48143408624064}, "successes": {"count": 1500, "latency": {"request_latency": {"mean": 68.22926926602982, "min": 48.11097743711434, "p0.1": 48.19941387705691, "p1": 49.644262934715954, "p5": 51.74434207433369, "p10": 53.07231792109087, "p25": 56.90327026252635, "median": 66.14200215495657, "p75": 80.29674523783615, "p90": 83.59377129594796, "p95": 94.39606297372374, "p99": 102.75542131193447, "p99.9": 106.88352664562431, "max": 106.97088531521149}, "normalized_time_per_output_token": {"mean": 0.234297165396834, "min": 0.04123220605607526, "p0.1": 0.048227753762532105, "p1": 0.04994633734948995, "p5": 0.05207503748806828, "p10": 0.05348109872150235, "p25": 0.05762151531077689, "median": 0.07015222919868913, "p75": 0.08232529341691752, "p90": 0.09572202696557303, "p95": 0.4211475903479381, "p99": 2.3144555184928075, "p99.9": 10.332148920818817, "max": 105.6652951668948}, "time_per_output_token": {"mean": 0.03392956390251721, "min": 0.023943917944618705, "p0.1": 0.023987181146613214, "p1": 0.024730991155081573, "p5": 0.02554615221847, "p10": 0.02631575903124076, "p25": 0.02829363017778975, "median": 0.03285750219035709, "p75": 0.039982804199076794, "p90": 0.04163906723856629, "p95": 0.046853782779463594, "p99": 0.04769240152881434, "p99.9": 0.05324409919856771, "max": 0.053288494539295864}, "time_to_first_token": {"mean": 0.2687616350837052, "min": 0.06862684898078442, "p0.1": 0.07392264578980394, "p1": 0.08144397397292778, "p5": 0.09114231308922172, "p10": 0.09946784940548241, "p25": 0.11578619945794344, "median": 0.14329962350893766, "p75": 0.17873165500350296, "p90": 0.2600187688367443, "p95": 0.4648537343950003, "p99": 1.0003156298352405, "p99.9": 43.5536939861367, "max": 43.61463581607677}, "inter_token_latency": {"mean": 0.03392956390251722, "min": 2.3578759282827377e-06, "p0.1": 2.9730144888162613e-06, "p1": 1.2560971081256868e-05, "p5": 2.03100498765707e-05, "p10": 2.5463057681918144e-05, "p25": 3.8812169805169106e-05, "median": 0.00034094846341758966, "p75": 0.048727340006735176, "p90": 0.06318412453401834, "p95": 0.07166785863228141, "p99": 0.1183764979732215, "p99.9": 0.5131896929906273, "max": 43.61431803111918}}, "throughput": {"input_tokens_per_sec": 85472.70651924874, "output_tokens_per_sec": 10501.824072144555, "total_tokens_per_sec": 95974.53059139328, "requests_per_sec": 11.275471775572502}, "prompt_len": {"mean": 7580.410666666667, "min": 7489.0, "p0.1": 7492.992, "p1": 7515.0, "p5": 7533.0, "p10": 7546.0, "p25": 7562.0, "median": 7580.0, "p75": 7599.0, "p90": 7617.0, "p95": 7624.0, "p99": 7647.0, "p99.9": 7679.024000000005, "max": 7691.0}, "output_len": {"mean": 931.3866666666667, "min": 1.0, "p0.1": 13.481000000000002, "p1": 32.0, "p5": 150.9, "p10": 935.0, "p25": 991.0, "median": 997.0, "p75": 1000.0, "p90": 1000.0, "p95": 1000.0, "p99": 1000.0, "p99.9": 1002.5010000000002, "max": 1999.0}}, "failures": {"count": 0, "request_latency": null, "prompt_len": null}}