{"load_summary": {"count": 60, "schedule_delay": {"mean": 0.0009785750492786367, "min": -0.00014048325829207897, "p0.1": -0.00013407042459584773, "p1": -7.635492132976652e-05, "p5": 0.00014935457147657874, "p10": 0.0002845931565389037, "p25": 0.0005425599520094693, "median": 0.0009007912594825029, "p75": 0.0013246817397885025, "p90": 0.0017485141288489103, "p95": 0.0018504472915083167, "p99": 0.0023840272566303606, "p99.9": 0.002436288192402572, "max": 0.002442094963043928}, "send_duration": 21.12955070892349, "requested_rate": 3.0, "achieved_rate": 2.839624979562894}, "successes": {"count": 60, "latency": {"request_latency": {"mean": 25.318659827287775, "min": 24.19944706512615, "p0.1": 24.209668829164933, "p1": 24.301664705513975, "p5": 24.54266877672635, "p10": 24.697328495630064, "p25": 25.12017988343723, "median": 25.33314134948887, "p75": 25.55821188178379, "p90": 25.856279697385617, "p95": 25.93001875258051, "p99": 26.067191852300894, "p99.9": 26.082493553990265, "max": 26.084193743066862}, "normalized_time_per_output_token": {"mean": 0.02624655965165884, "min": 0.02454397382796742, "p0.1": 0.024545332774307337, "p1": 0.024557563291366595, "p5": 0.02469690848947443, "p10": 0.02502630125200376, "p25": 0.025294001096518776, "median": 0.025461122834007255, "p75": 0.02584691085898122, "p90": 0.02615487363167198, "p95": 0.026710906900728457, "p99": 0.04399413980973431, "p99.9": 0.06589406707003868, "max": 0.06832739232118316}, "time_per_output_token": {"mean": 0.012545207330517848, "min": 0.011981523738171474, "p0.1": 0.011987165268780993, "p1": 0.012037939044266662, "p5": 0.012162162731601756, "p10": 0.01224134907435704, "p25": 0.012444936947758379, "median": 0.012556925318601808, "p75": 0.012671992939227595, "p90": 0.012787501548271699, "p95": 0.012857253334969272, "p99": 0.012925359316249106, "p99.9": 0.012930555229516829, "max": 0.012931132553213242}, "time_to_first_token": {"mean": 0.15991443030070512, "min": 0.13690769602544606, "p0.1": 0.1369137258301489, "p1": 0.13696799407247454, "p5": 0.13822815228486435, "p10": 0.13963483173865826, "p25": 0.1472114425851032, "median": 0.15438594750594348, "p75": 0.16434384672902524, "p90": 0.17590483725070954, "p95": 0.21390626680804412, "p99": 0.24596120181027797, "p99.9": 0.24764365579141306, "max": 0.24783059512265027}, "inter_token_latency": {"mean": 0.012545207330517845, "min": 2.551823854446411e-06, "p0.1": 4.283919697627425e-06, "p1": 1.7806601244956256e-05, "p5": 3.0967849306762224e-05, "p10": 3.9281090721488e-05, "p25": 4.773493856191635e-05, "median": 0.0002672445261850953, "p75": 0.024848401022609323, "p90": 0.02557629100047052, "p95": 0.026016840781085192, "p99": 0.02810222529107705, "p99.9": 0.10265421764901915, "max": 0.10810357006266713}}, "throughput": {"input_tokens_per_sec": 9849.24168855123, "output_tokens_per_sec": 1274.0761390481625, "total_tokens_per_sec": 11123.317827599392, "requests_per_sec": 1.2978483954922624}, "prompt_len": {"mean": 7588.9, "min": 7540.0, "p0.1": 7540.708, "p1": 7547.08, "p5": 7555.95, "p10": 7557.9, "p25": 7574.0, "median": 7588.0, "p75": 7605.25, "p90": 7618.3, "p95": 7623.35, "p99": 7640.79, "p99.9": 7650.879, "max": 7652.0}, "output_len": {"mean": 981.6833333333333, "min": 361.0, "p0.1": 393.981, "p1": 690.81, "p5": 950.7, "p10": 968.7, "p25": 993.75, "median": 997.5, "p75": 1000.0, "p90": 1000.0, "p95": 1000.0, "p99": 1001.0, "p99.9": 1001.0, "max": 1001.0}}, "failures": {"count": 0, "request_latency": null, "prompt_len": null}}