{"load_summary": {"count": 750, "schedule_delay": {"mean": 0.000979007980475823, "min": -0.000648571876809001, "p0.1": -0.0005193149424158037, "p1": -0.0003008292964659631, "p5": 1.3876287266612054e-05, "p10": 0.0002061375416815281, "p25": 0.0005580736324191093, "median": 0.0009496372658759356, "p75": 0.0013857146259397268, "p90": 0.0017443608259782196, "p95": 0.0019588109222240745, "p99": 0.0025146128726191816, "p99.9": 0.0052017113072798495, "max": 0.005899437237530947}, "send_duration": 29.431807577144355, "requested_rate": 25.0, "achieved_rate": 25.482634664356194}, "successes": {"count": 750, "latency": {"request_latency": {"mean": 39.59633860413792, "min": 34.11120563209988, "p0.1": 34.146367959797615, "p1": 34.534325312729926, "p5": 35.53819680615561, "p10": 36.1566594414413, "p25": 37.349128469941206, "median": 38.978647242998704, "p75": 41.40124862611992, "p90": 44.695420893351546, "p95": 46.89873179596616, "p99": 48.0052838456491, "p99.9": 48.1639543088018, "max": 48.1659334350843}, "normalized_time_per_output_token": {"mean": 0.10306443629841952, "min": 0.018805992361620526, "p0.1": 0.0303047594289073, "p1": 0.03460813569368329, "p5": 0.035877341124727784, "p10": 0.03638366944386547, "p25": 0.03764317571538024, "median": 0.03959987223310418, "p75": 0.042457443692375516, "p90": 0.048312168863607084, "p95": 0.14709656143542263, "p99": 1.304610039501276, "p99.9": 6.242911013325369, "max": 9.982579954550602}, "time_per_output_token": {"mean": 0.019666572454446276, "min": 0.016941610503702544, "p0.1": 0.01696388331081542, "p1": 0.017165142656569238, "p5": 0.01759560206907451, "p10": 0.017933922351828068, "p25": 0.018578069422674225, "median": 0.019384763024254948, "p75": 0.020598565677160174, "p90": 0.022221437276088295, "p95": 0.023227236847557745, "p99": 0.02385438089938262, "p99.9": 0.02394133932985631, "max": 0.023942214203416662}, "time_to_first_token": {"mean": 0.1775341367184495, "min": 0.07151267398148775, "p0.1": 0.07190113467210904, "p1": 0.07661704648518936, "p5": 0.08616501833312214, "p10": 0.09621668760664762, "p25": 0.1063732702168636, "median": 0.1263521449873224, "p75": 0.17592734232312068, "p90": 0.33520310998428615, "p95": 0.5027183271828096, "p99": 0.797099622667301, "p99.9": 1.1030186499920682, "max": 1.109721003100276}, "inter_token_latency": {"mean": 0.019666572454446276, "min": 2.3478642106056213e-06, "p0.1": 2.8279609978199005e-06, "p1": 1.205899752676487e-05, "p5": 2.0579516422003506e-05, "p10": 2.6223016902804375e-05, "p25": 4.037399776279926e-05, "median": 0.0002838020445778966, "p75": 0.04000813647871837, "p90": 0.04457525957841427, "p95": 0.0464978868374601, "p99": 0.06146057312842462, "p99.9": 0.16782567152287955, "max": 12.993209552019835}}, "throughput": {"input_tokens_per_sec": 73916.96910157824, "output_tokens_per_sec": 9067.28106677659, "total_tokens_per_sec": 82984.25016835483, "requests_per_sec": 9.751050748030481}, "prompt_len": {"mean": 7580.410666666667, "min": 7489.0, "p0.1": 7494.992, "p1": 7515.0, "p5": 7533.0, "p10": 7546.0, "p25": 7562.0, "median": 7580.0, "p75": 7599.0, "p90": 7617.0, "p95": 7624.0, "p99": 7647.0, "p99.9": 7673.024000000002, "max": 7691.0}, "output_len": {"mean": 929.8773333333334, "min": 4.0, "p0.1": 6.996, "p1": 32.0, "p5": 265.8500000000001, "p10": 894.2, "p25": 991.0, "median": 997.0, "p75": 1000.0, "p90": 1000.0, "p95": 1000.0, "p99": 1000.0, "p99.9": 1250.2430000000895, "max": 1994.0}}, "failures": {"count": 0, "request_latency": null, "prompt_len": null}}