{"load_summary": {"count": 1470, "schedule_delay": {"mean": 0.0010062787327028457, "min": -0.0005934233777225018, "p0.1": -0.000546640224987641, "p1": -0.0003485424676910043, "p5": 7.734701503068212e-05, "p10": 0.0002574665937572718, "p25": 0.0005618682480417192, "median": 0.0009630786953493953, "p75": 0.0013937642215751112, "p90": 0.00175567890983075, "p95": 0.0020615494111552836, "p99": 0.0028974123508669417, "p99.9": 0.00461993155418909, "max": 0.006995640695095062}, "send_duration": 30.6074839849025, "requested_rate": 49.0, "achieved_rate": 48.02746938379825}, "successes": {"count": 1465, "latency": {"request_latency": {"mean": 65.04838292528923, "min": 46.27124065393582, "p0.1": 46.634159104363995, "p1": 47.9631332507357, "p5": 50.3339652875904, "p10": 52.113095267582686, "p25": 55.54114602180198, "median": 61.419231600128114, "p75": 75.14969694195315, "p90": 79.18719035903923, "p95": 90.09761303183622, "p99": 92.28852983175777, "p99.9": 98.86614198354633, "max": 98.98931835195981}, "normalized_time_per_output_token": {"mean": 0.12405728698699449, "min": 0.03923970467041527, "p0.1": 0.04650511480104551, "p1": 0.048245655390831636, "p5": 0.050685159905009464, "p10": 0.05242437274761046, "p25": 0.056173071580171915, "median": 0.06474706437601709, "p75": 0.07648078694876838, "p90": 0.09167881555082277, "p95": 0.1222931180959649, "p99": 1.9523168540706897, "p99.9": 2.6008441782183254, "max": 2.7865876113346806}, "time_per_output_token": {"mean": 0.032091526300353675, "min": 0.023055850561807815, "p0.1": 0.023219880570069715, "p1": 0.023822092923150955, "p5": 0.024915314127557514, "p10": 0.025744259741268063, "p25": 0.027543608238385326, "median": 0.030242273575165075, "p75": 0.0371949738936442, "p90": 0.03915807506186363, "p95": 0.04293709062924165, "p99": 0.045928510048471836, "p99.9": 0.0460683368062149, "max": 0.04607963692401534}, "time_to_first_token": {"mean": 0.7659908251644593, "min": 0.06354573392309248, "p0.1": 0.06454989863932133, "p1": 0.07635056449100375, "p5": 0.09112760806456208, "p10": 0.09992354298010468, "p25": 0.11665105214342475, "median": 0.14420429104939103, "p75": 0.17399892513640225, "p90": 0.3626436783000833, "p95": 0.6738235005177551, "p99": 39.83164182988926, "p99.9": 41.72718301640638, "max": 41.80202410113998}, "inter_token_latency": {"mean": 0.032091526300353675, "min": 2.3618340492248535e-06, "p0.1": 2.9444675892591476e-06, "p1": 1.2550968676805496e-05, "p5": 2.084299921989441e-05, "p10": 2.601509913802147e-05, "p25": 3.933417610824108e-05, "median": 0.0003210119903087616, "p75": 0.0475048809312284, "p90": 0.0597477711737156, "p95": 0.06896891607902943, "p99": 0.11133728875778562, "p99.9": 0.5350816925615328, "max": 41.663024921901524}}, "throughput": {"input_tokens_per_sec": 85802.71702561654, "output_tokens_per_sec": 10697.593907801851, "total_tokens_per_sec": 96500.3109334184, "requests_per_sec": 11.319264936317992}, "prompt_len": {"mean": 7580.237542662116, "min": 7489.0, "p0.1": 7492.712, "p1": 7515.0, "p5": 7532.2, "p10": 7546.0, "p25": 7561.0, "median": 7579.0, "p75": 7599.0, "p90": 7617.0, "p95": 7624.8, "p99": 7647.0, "p99.9": 7679.864000000001, "max": 7691.0}, "output_len": {"mean": 945.0784982935154, "min": 22.0, "p0.1": 27.176000000000002, "p1": 33.0, "p5": 499.40000000000003, "p10": 960.0, "p25": 992.0, "median": 998.0, "p75": 1000.0, "p90": 1000.0, "p95": 1000.0, "p99": 1000.0, "p99.9": 1003.1440000000002, "max": 1999.0}}, "failures": {"count": 5, "request_latency": {"mean": 8.209678846038878, "min": 5.2921732200775295, "p0.1": 5.293966277358122, "p1": 5.310103792883456, "p5": 5.381826084107161, "p10": 5.471478948136792, "p25": 5.740437540225685, "median": 9.520248058019206, "p75": 9.920460824854672, "p90": 10.313229082152247, "p95": 10.444151834584773, "p99": 10.548890036530793, "p99.9": 10.572456131968648, "max": 10.575074587017298}, "prompt_len": {"mean": 0.0, "min": 0.0, "p0.1": 0.0, "p1": 0.0, "p5": 0.0, "p10": 0.0, "p25": 0.0, "median": 0.0, "p75": 0.0, "p90": 0.0, "p95": 0.0, "p99": 0.0, "p99.9": 0.0, "max": 0.0}}}