{"load_summary": {}, "successes": {"count": 1515, "rate": 9.967105, "prompt_len": {"mean": 0, "rate": 77796.779546}, "output_len": {"mean": 0, "rate": 10010.215872}, "queue_len": {"mean": 0}, "request_latency": {"mean": 65.631391, "median": 64.775213, "p90": 108.955043, "p99": 118.895504}, "time_to_first_token": {"mean": 1.868158, "median": 0.096014, "p90": 0.491176, "p99": 51.636364}, "time_per_output_token": {"mean": 0.063778, "median": 0.047677, "p90": 0.071787, "p99": 0.169651}, "kv_cache_usage_percentage": {"mean": 0.0, "median": 0.0, "p90": 0.0, "p99": 0.0}, "num_requests_swapped": {"mean": 0}, "num_preemptions_total": {"mean": 0}, "prefix_cache_hit_percent": {"mean": 92.4722548099638}}, "failures": {}}