{"load_summary": {"count": 1485, "schedule_delay": {"mean": 0.0010579481931020716, "min": -0.0010911347344517708, "p0.1": -0.0006897828150540591, "p1": -0.0002888408303260803, "p5": 8.535715751349926e-05, "p10": 0.00028131650760769843, "p25": 0.0006308229640126228, "median": 0.001003161771222949, "p75": 0.0013891104608774185, "p90": 0.0017766237724572427, "p95": 0.0020908847916871307, "p99": 0.0031026899069547787, "p99.9": 0.005340238567441735, "max": 0.030672009335830808}, "send_duration": 25.59869900904596, "requested_rate": 55.0, "achieved_rate": 58.01076060448373}, "successes": {"count": 1485, "latency": {"request_latency": {"mean": 68.56913536693666, "min": 48.75905652088113, "p0.1": 48.96038806664385, "p1": 50.35846483704634, "p5": 52.511471648188305, "p10": 53.91053317352198, "p25": 57.26266181492247, "median": 66.20736261806451, "p75": 80.23630332597531, "p90": 83.89737506778911, "p95": 94.6503723942209, "p99": 95.9848388402257, "p99.9": 105.58932761490999, "max": 105.74188512586989}, "normalized_time_per_output_token": {"mean": 0.1579306930961858, "min": 0.03704713124107698, "p0.1": 0.04882545445828233, "p1": 0.05070510872628689, "p5": 0.052891576854918944, "p10": 0.0543850364261563, "p25": 0.05828792756469045, "median": 0.06995223458996043, "p75": 0.08243599020481224, "p90": 0.09592957971430337, "p95": 0.18675617316188425, "p99": 2.3561388283238034, "p99.9": 8.44707031231059, "max": 16.48256783870359}, "time_per_output_token": {"mean": 0.03413337781119934, "min": 0.024264838673111085, "p0.1": 0.02436256010848275, "p1": 0.025042004416231764, "p5": 0.025941415643272944, "p10": 0.026739683098647035, "p25": 0.028516702748172317, "median": 0.03296414620000059, "p75": 0.039998718914038306, "p90": 0.04181165576131474, "p95": 0.04718183073867251, "p99": 0.047858482121495995, "p99.9": 0.05264419773669876, "max": 0.05271871031079532}, "time_to_first_token": {"mean": 0.20192849850093927, "min": 0.06312601803801954, "p0.1": 0.06356333325710148, "p1": 0.08097107763402164, "p5": 0.09267631419934333, "p10": 0.10101721454411745, "p25": 0.11670311307534575, "median": 0.14448573789559305, "p75": 0.17747781914658844, "p90": 0.3400409250985835, "p95": 0.64204240324907, "p99": 1.1280857450515032, "p99.9": 1.4993835809882792, "max": 1.617456645006314}, "inter_token_latency": {"mean": 0.03413337781119934, "min": 2.3778993636369705e-06, "p0.1": 2.9669608920812607e-06, "p1": 1.2566102668642998e-05, "p5": 2.0288163796067238e-05, "p10": 2.5541987270116806e-05, "p25": 3.896001726388931e-05, "median": 0.00032774917781352997, "p75": 0.048381033120676875, "p90": 0.06370818181894719, "p95": 0.07140261423774062, "p99": 0.11393398054875455, "p99.9": 0.6216235774913812, "max": 44.83243889710866}}, "throughput": {"input_tokens_per_sec": 85804.73865823708, "output_tokens_per_sec": 10613.831840677107, "total_tokens_per_sec": 96418.5704989142, "requests_per_sec": 11.319351386560808}, "prompt_len": {"mean": 7580.358249158249, "min": 7489.0, "p0.1": 7492.872, "p1": 7515.0, "p5": 7533.0, "p10": 7546.0, "p25": 7562.0, "median": 7580.0, "p75": 7599.0, "p90": 7617.0, "p95": 7624.0, "p99": 7647.0, "p99.9": 7679.384000000002, "max": 7691.0}, "output_len": {"mean": 937.6713804713804, "min": 3.0, "p0.1": 15.132, "p1": 33.0, "p5": 346.8000000000001, "p10": 942.4, "p25": 991.0, "median": 997.0, "p75": 1000.0, "p90": 1000.0, "p95": 1000.0, "p99": 1000.0, "p99.9": 1001.5160000000001, "max": 1999.0}}, "failures": {"count": 0, "request_latency": null, "prompt_len": null}}