{"load_summary": {}, "successes": {"count": 748, "rate": 7.957447, "prompt_len": {"mean": 0, "rate": 63142.084081}, "output_len": {"mean": 0, "rate": 8015.824072}, "queue_len": {"mean": 0}, "request_latency": {"mean": 38.338189, "median": 36.787659, "p90": 46.203046, "p99": 49.620305}, "time_to_first_token": {"mean": 0.133609, "median": 0.095765, "p90": 0.289344, "p99": 0.699583}, "time_per_output_token": {"mean": 0.038223, "median": 0.037683, "p90": 0.048041, "p99": 0.088178}, "kv_cache_usage_percentage": {"mean": 0.0, "median": 0.0, "p90": 0.0, "p99": 0.0}, "num_requests_swapped": {"mean": 0}, "num_preemptions_total": {"mean": 0}, "prefix_cache_hit_percent": {"mean": 91.9373881011638}}, "failures": {}}