{"load_summary": {}, "successes": {"count": 750, "rate": 7.894737, "prompt_len": {"mean": 0, "rate": 64723.418978}, "output_len": {"mean": 0, "rate": 7980.987832}, "queue_len": {"mean": 0}, "request_latency": {"mean": 39.484564, "median": 37.425743, "p90": 46.938776, "p99": 49.693878}, "time_to_first_token": {"mean": 0.144148, "median": 0.082344, "p90": 0.359926, "p99": 0.87225}, "time_per_output_token": {"mean": 0.039374, "median": 0.037566, "p90": 0.047782, "p99": 0.068649}, "kv_cache_usage_percentage": {"mean": 0.0, "median": 0.0, "p90": 0.0, "p99": 0.0}, "num_requests_swapped": {"mean": 0}, "num_preemptions_total": {"mean": 0}, "prefix_cache_hit_percent": {"mean": 91.09443951855344}}, "failures": {}}