{"load_summary": {}, "successes": {"count": 1508, "rate": 9.921053, "prompt_len": {"mean": 0, "rate": 79390.700707}, "output_len": {"mean": 0, "rate": 9980.985229}, "queue_len": {"mean": 0}, "request_latency": {"mean": 67.533473, "median": 68.473804, "p90": 109.694761, "p99": 118.969476}, "time_to_first_token": {"mean": 0.550544, "median": 0.091739, "p90": 0.291842, "p99": 2.305}, "time_per_output_token": {"mean": 0.066911, "median": 0.04757, "p90": 0.07184, "p99": 0.180535}, "kv_cache_usage_percentage": {"mean": 0.0, "median": 0.0, "p90": 0.0, "p99": 0.0}, "num_requests_swapped": {"mean": 0}, "num_preemptions_total": {"mean": 0}, "prefix_cache_hit_percent": {"mean": 92.13903278154379}}, "failures": {}}