{"load_summary": {"count": 1518, "schedule_delay": {"mean": 0.0012898707106815007, "min": -0.0008614275138825178, "p0.1": -0.0005006410880014301, "p1": -0.00020594474161043764, "p5": 5.216283025220039e-05, "p10": 0.00022240658290684223, "p25": 0.0005652568652294576, "median": 0.0009914656402543187, "p75": 0.0014132943470031023, "p90": 0.0018069866346195338, "p95": 0.0020937291206791987, "p99": 0.0028104459471069263, "p99.9": 0.1043118598598628, "max": 0.15832013031467795}, "send_duration": 33.73749510617927, "requested_rate": 46.0, "achieved_rate": 44.9944489127756}, "successes": {"count": 1515, "latency": {"request_latency": {"mean": 65.74935955982947, "min": 45.65860691294074, "p0.1": 45.952884196784815, "p1": 47.63089419882745, "p5": 49.94467222339008, "p10": 51.71113827037625, "p25": 55.653977657086216, "median": 62.76106399809942, "p75": 77.38715076947119, "p90": 79.94966978789307, "p95": 91.4284179334063, "p99": 94.0820718225278, "p99.9": 99.84538493293762, "max": 100.25336702284403}, "normalized_time_per_output_token": {"mean": 0.13623448367083743, "min": 0.030727039975998877, "p0.1": 0.045906584891427585, "p1": 0.04764067603608593, "p5": 0.050276336158547624, "p10": 0.05221213296284323, "p25": 0.05624297839606825, "median": 0.06620895284414291, "p75": 0.07829321356884372, "p90": 0.09315104168663488, "p95": 0.1987207792039913, "p99": 2.3000239049256415, "p99.9": 2.942584089559092, "max": 6.342499089493815}, "time_per_output_token": {"mean": 0.0318424534476195, "min": 0.020635049143896394, "p0.1": 0.020635502513077088, "p1": 0.022220421671857598, "p5": 0.024229998629354498, "p10": 0.024926091738227664, "p25": 0.02708357708274514, "median": 0.029757674207849458, "p75": 0.03711434364264625, "p90": 0.039688471538004935, "p95": 0.040107481372691614, "p99": 0.04681314963981908, "p99.9": 0.04690362709571097, "max": 0.04698771295109312}, "time_to_first_token": {"mean": 1.9639514737399817, "min": 0.06310179294086993, "p0.1": 0.06334329906711354, "p1": 0.07464217933826149, "p5": 0.09083584360778332, "p10": 0.09834720781072974, "p25": 0.11891644296701998, "median": 0.14808206702582538, "p75": 0.18514340440742671, "p90": 0.4807494731619956, "p95": 10.080556726337976, "p99": 40.31583605746738, "p99.9": 42.44877295833966, "max": 42.79834723402746}, "inter_token_latency": {"mean": 0.0318424534476195, "min": 2.288026735186577e-06, "p0.1": 2.935994416475296e-06, "p1": 1.2372154742479324e-05, "p5": 2.0781997591257095e-05, "p10": 2.6099849492311478e-05, "p25": 3.984314389526844e-05, "median": 0.0003205889370292425, "p75": 0.048511098022572696, "p90": 0.058650638069957496, "p95": 0.06826782431453467, "p99": 0.11646222832612659, "p99.9": 0.5299372334037908, "max": 42.87948419712484}}, "throughput": {"input_tokens_per_sec": 85960.2572051987, "output_tokens_per_sec": 10654.08149241938, "total_tokens_per_sec": 96614.33869761808, "requests_per_sec": 11.339711114743906}, "prompt_len": {"mean": 7580.462706270627, "min": 7489.0, "p0.1": 7493.112, "p1": 7515.0, "p5": 7533.0, "p10": 7546.0, "p25": 7562.0, "median": 7580.0, "p75": 7599.0, "p90": 7617.0, "p95": 7624.0, "p99": 7647.0, "p99.9": 7678.6640000000025, "max": 7691.0}, "output_len": {"mean": 939.5372937293729, "min": 14.0, "p0.1": 21.57, "p1": 33.0, "p5": 341.0000000000001, "p10": 950.8, "p25": 991.5, "median": 998.0, "p75": 1000.0, "p90": 1000.0, "p95": 1000.0, "p99": 1000.0, "p99.9": 1002.4580000000003, "max": 1998.0}}, "failures": {"count": 3, "request_latency": {"mean": 85.77050627806845, "min": 84.67073484207503, "p0.1": 84.67372424736106, "p1": 84.70062889493536, "p5": 84.82020510637668, "p10": 84.9696753706783, "p25": 85.41808616358321, "median": 86.16543748509139, "p75": 86.32039199606515, "p90": 86.41336470264942, "p95": 86.44435560484416, "p99": 86.46914832659996, "p99.9": 86.47472668899502, "max": 86.47534650703892}, "prompt_len": {"mean": 0.0, "min": 0.0, "p0.1": 0.0, "p1": 0.0, "p5": 0.0, "p10": 0.0, "p25": 0.0, "median": 0.0, "p75": 0.0, "p90": 0.0, "p95": 0.0, "p99": 0.0, "p99.9": 0.0, "max": 0.0}}}