{"load_summary": {"count": 1548, "schedule_delay": {"mean": 0.002843556834357124, "min": -0.0007975599728524685, "p0.1": -0.0004947029217146337, "p1": -0.000228723157197237, "p5": 4.7728337813168776e-05, "p10": 0.00024484803434461356, "p25": 0.0005820258520543575, "median": 0.001012915512546897, "p75": 0.001475950179155916, "p90": 0.001957581774331629, "p95": 0.002303355466574426, "p99": 0.09575526359723852, "p99.9": 0.2074255536240541, "max": 0.2211975697427988}, "send_duration": 35.220595272956416, "requested_rate": 43.0, "achieved_rate": 43.95155697974837}, "successes": {"count": 1548, "latency": {"request_latency": {"mean": 66.14015817257079, "min": 45.41174995107576, "p0.1": 45.77669919713284, "p1": 47.505017516436055, "p5": 49.512622522842136, "p10": 51.391709000454284, "p25": 55.51609873457346, "median": 63.54199220694136, "p75": 77.80449109704932, "p90": 80.65211351676844, "p95": 92.39770475748227, "p99": 99.31971465499839, "p99.9": 101.24631680830858, "max": 102.43153876415454}, "normalized_time_per_output_token": {"mean": 0.24751736062985985, "min": 0.025842049032599106, "p0.1": 0.04219335827252907, "p1": 0.047572489107858856, "p5": 0.049882961213407025, "p10": 0.05189385520933773, "p25": 0.05644595505513545, "median": 0.06743166948959417, "p75": 0.07998072802528745, "p90": 0.09522180100349406, "p95": 0.4201338175540779, "p99": 2.359275629729903, "p99.9": 29.22002266535611, "max": 60.52560093905777}, "time_per_output_token": {"mean": 0.031626700813118934, "min": 0.022180557497770065, "p0.1": 0.02218187588923911, "p1": 0.022721098853075744, "p5": 0.02364399097738848, "p10": 0.024632373289228404, "p25": 0.026596367965818435, "median": 0.029421095367065393, "p75": 0.03622179402611863, "p90": 0.039933914585010624, "p95": 0.040387242136290184, "p99": 0.047302113317582904, "p99.9": 0.047511331676701914, "max": 0.04751753868364814}, "time_to_first_token": {"mean": 2.7875609236701093, "min": 0.05892294296063483, "p0.1": 0.060696975382976234, "p1": 0.07385215757181868, "p5": 0.09191581344930455, "p10": 0.10118574807420373, "p25": 0.11910063220420852, "median": 0.14785714447498322, "p75": 0.19226284965407103, "p90": 0.7492558357538646, "p95": 31.88558645440498, "p99": 39.00050179955548, "p99.9": 41.08583412651834, "max": 41.370743568986654}, "inter_token_latency": {"mean": 0.031626700813118934, "min": 2.3168977349996567e-06, "p0.1": 2.858927473425865e-06, "p1": 1.1911848559975624e-05, "p5": 2.042297273874283e-05, "p10": 2.583698369562626e-05, "p25": 3.9363978430628777e-05, "median": 0.000305173103697598, "p75": 0.048580809438135475, "p90": 0.05845055927056819, "p95": 0.06748393899761139, "p99": 0.11911998855415701, "p99.9": 0.5235718582465789, "max": 41.28102047694847}}, "throughput": {"input_tokens_per_sec": 85346.3558853657, "output_tokens_per_sec": 10464.101067538795, "total_tokens_per_sec": 95810.4569529045, "requests_per_sec": 11.258470529171689}, "prompt_len": {"mean": 7580.635012919896, "min": 7489.0, "p0.1": 7493.376, "p1": 7515.0, "p5": 7533.35, "p10": 7546.0, "p25": 7562.0, "median": 7580.0, "p75": 7599.0, "p90": 7617.0, "p95": 7624.0, "p99": 7647.0, "p99.9": 7677.872000000005, "max": 7691.0}, "output_len": {"mean": 929.4425064599483, "min": 1.0, "p0.1": 2.5469999999999997, "p1": 32.0, "p5": 137.40000000000003, "p10": 914.8000000000001, "p25": 991.0, "median": 997.0, "p75": 1000.0, "p90": 1000.0, "p95": 1000.0, "p99": 1000.0, "p99.9": 1451.2820000002007, "max": 1998.0}}, "failures": {"count": 0, "request_latency": null, "prompt_len": null}}