{"load_summary": {}, "successes": {"count": 1500, "rate": 9.868421, "prompt_len": {"mean": 0, "rate": 70995.795291}, "output_len": {"mean": 0, "rate": 9823.394873}, "queue_len": {"mean": 0}, "request_latency": {"mean": 68.112187, "median": 68.688712, "p90": 109.737742, "p99": 118.973774}, "time_to_first_token": {"mean": 0.220146, "median": 0.090596, "p90": 0.239318, "p99": 0.963182}, "time_per_output_token": {"mean": 0.068098, "median": 0.048002, "p90": 0.071725, "p99": 0.175976}, "kv_cache_usage_percentage": {"mean": 0.0, "median": 0.0, "p90": 0.0, "p99": 0.0}, "num_requests_swapped": {"mean": 0}, "num_preemptions_total": {"mean": 0}, "prefix_cache_hit_percent": {"mean": 91.89538827058969}}, "failures": {}}