{"load_summary": {}, "successes": {"count": 17076, "rate": 8.354207, "prompt_len": {"mean": 0, "rate": 63313.232719}, "output_len": {"mean": 0, "rate": 8356.084288}, "queue_len": {"mean": 0}, "request_latency": {"mean": 58.32435, "median": 56.219817, "p90": 104.758108, "p99": 118.475811}, "time_to_first_token": {"mean": 0.942613, "median": 0.095815, "p90": 0.395639, "p99": 33.904323}, "time_per_output_token": {"mean": 0.057447, "median": 0.043313, "p90": 0.069452, "p99": 0.149881}, "kv_cache_usage_percentage": {"mean": 0.0, "median": 0.0, "p90": 0.0, "p99": 0.0}, "num_requests_swapped": {"mean": 0}, "num_preemptions_total": {"mean": 0}, "prefix_cache_hit_percent": {"mean": 91.89072834988667}}, "failures": {}}