{"load_summary": {"count": 17084, "schedule_delay": {"mean": 0.0012385006783992615, "min": -0.0011738459579646587, "p0.1": -0.0006479844758287072, "p1": -0.0002786737214773893, "p5": 5.3445436060428645e-05, "p10": 0.0002488926053047181, "p25": 0.0005897939554415643, "median": 0.0009939983719959855, "p75": 0.0014302166528068483, "p90": 0.0018436579033732415, "p95": 0.002127175638452172, "p99": 0.0030713785043917498, "p99.9": 0.09996132957121817, "max": 0.2211975697427988}}, "successes": {"count": 17076, "latency": {"request_latency": {"mean": 58.44049517449125, "min": 24.19944706512615, "p0.1": 25.175210664537737, "p1": 27.03431357786758, "p5": 35.773011558980215, "p10": 38.07530679460615, "p25": 43.87846588017419, "median": 56.98113453062251, "p75": 71.90904225624399, "p90": 80.9556406919146, "p95": 84.18402674701065, "p99": 95.26156878779875, "p99.9": 105.49223357701564, "max": 106.97088531521149}, "normalized_time_per_output_token": {"mean": 0.15213387403902792, "min": 0.016006730235167306, "p0.1": 0.025231588749040853, "p1": 0.027225287804662983, "p5": 0.036190462388602476, "p10": 0.03847419996382621, "p25": 0.04624408300430994, "median": 0.058599883678843875, "p75": 0.0761172359015909, "p90": 0.09191235429182154, "p95": 0.2313561465321348, "p99": 2.077557894332573, "p99.9": 4.981009812494786, "max": 105.6652951668948}, "time_per_output_token": {"mean": 0.028676012584605923, "min": 0.011981523738171474, "p0.1": 0.012476592759707307, "p1": 0.01339777228020449, "p5": 0.017741127902713337, "p10": 0.018920159289103258, "p25": 0.021636222522339967, "median": 0.028069483381563398, "p75": 0.034888589474949, "p90": 0.040072525759622724, "p95": 0.04149155779112794, "p99": 0.04732379318915539, "p99.9": 0.052509203241650836, "max": 0.053288494539295864}, "time_to_first_token": {"mean": 0.9918238832807705, "min": 0.058921212097629905, "p0.1": 0.06312747655902058, "p1": 0.07322919019497931, "p5": 0.08679368178127334, "p10": 0.09535540314391255, "p25": 0.11328775400761515, "median": 0.14607221691403538, "p75": 0.18832802242832258, "p90": 0.4047734549967572, "p95": 0.8165755728841759, "p99": 33.15287722129142, "p99.9": 43.402904045176264, "max": 45.44317377312109}, "inter_token_latency": {"mean": 0.028676012584605923, "min": 2.288026735186577e-06, "p0.1": 2.8889626264572144e-06, "p1": 1.2294156476855278e-05, "p5": 2.0524952560663223e-05, "p10": 2.5955960154533386e-05, "p25": 3.984500654041767e-05, "median": 0.00030193012207746506, "p75": 0.045043217251077294, "p90": 0.05533361353445798, "p95": 0.0669929901487194, "p99": 0.11375147878425196, "p99.9": 0.415195547137412, "max": 45.72658409597352}}, "throughput": {"input_tokens_per_sec": 66888.42979202987, "output_tokens_per_sec": 8255.830624269138, "total_tokens_per_sec": 75144.260416299, "requests_per_sec": 8.82375301927483}, "prompt_len": {"mean": 7580.496603420004, "min": 7489.0, "p0.1": 7489.0, "p1": 7515.0, "p5": 7533.0, "p10": 7546.0, "p25": 7562.0, "median": 7580.0, "p75": 7599.0, "p90": 7617.0, "p95": 7624.0, "p99": 7647.0, "p99.9": 7691.0, "max": 7691.0}, "output_len": {"mean": 935.6370929960178, "min": 1.0, "p0.1": 8.299999999999997, "p1": 33.0, "p5": 242.75, "p10": 936.0, "p25": 991.0, "median": 997.0, "p75": 1000.0, "p90": 1000.0, "p95": 1000.0, "p99": 1000.0, "p99.9": 1005.9250000000029, "max": 1999.0}}, "failures": {"count": 8, "request_latency": {"mean": 37.29498913304997, "min": 5.2921732200775295, "p0.1": 5.295311070318567, "p1": 5.323551722487901, "p5": 5.449065732129384, "p10": 5.605958244181238, "p25": 8.575295428570826, "median": 10.247767705935985, "p75": 85.04441050282912, "p90": 86.25841019167565, "p95": 86.36687834935728, "p99": 86.4536528755026, "p99.9": 86.4731771438853, "max": 86.47534650703892}, "prompt_len": {"mean": 0.0, "min": 0.0, "p0.1": 0.0, "p1": 0.0, "p5": 0.0, "p10": 0.0, "p25": 0.0, "median": 0.0, "p75": 0.0, "p90": 0.0, "p95": 0.0, "p99": 0.0, "p99.9": 0.0, "max": 0.0}}}