{"load_summary": {"count": 750, "schedule_delay": {"mean": 0.0010760662894075115, "min": -0.0004467099206522107, "p0.1": -0.0004256712311180308, "p1": -0.00017630016547627746, "p5": 0.00011316753225401045, "p10": 0.0002932620234787464, "p25": 0.0006215867470018566, "median": 0.000997349212411791, "p75": 0.001450127107091248, "p90": 0.0018087198026478291, "p95": 0.0022693860868457662, "p99": 0.0033728596032597106, "p99.9": 0.005257195114856625, "max": 0.005583014688454568}, "send_duration": 48.08321983204223, "requested_rate": 15.0, "achieved_rate": 15.597957096463134}, "successes": {"count": 750, "latency": {"request_latency": {"mean": 43.745236230254484, "min": 33.42050647502765, "p0.1": 33.429774368771234, "p1": 34.31534705679398, "p5": 35.76757864862448, "p10": 37.46893560555763, "p25": 40.61669718980556, "median": 43.41047212952981, "p75": 47.022945349192014, "p90": 49.61347389647271, "p95": 51.77433070823317, "p99": 54.2867903265683, "p99.9": 54.40934777602123, "max": 54.43632420198992}, "normalized_time_per_output_token": {"mean": 0.0888111879791359, "min": 0.027124094486265925, "p0.1": 0.031915428909428584, "p1": 0.03431539544444508, "p5": 0.0360151745328072, "p10": 0.03770622287017759, "p25": 0.04106921951295226, "median": 0.04410648546019503, "p75": 0.04860198889529879, "p90": 0.05263058954201506, "p95": 0.07373086439002355, "p99": 1.4183703461119268, "p99.9": 1.8134892182008748, "max": 2.308890499803238}, "time_per_output_token": {"mean": 0.021415322638599736, "min": 0.016529056502784, "p0.1": 0.016574281658043213, "p1": 0.017016553268161674, "p5": 0.017698517876992195, "p10": 0.018506959825451638, "p25": 0.020112936086170766, "median": 0.021501237074197592, "p75": 0.022902365689513683, "p90": 0.024030688641986615, "p95": 0.02446227837581714, "p99": 0.02564037502823183, "p99.9": 0.02640849157188649, "max": 0.026549501612241184}, "time_to_first_token": {"mean": 0.8334156869486906, "min": 0.14971149305347353, "p0.1": 0.15167082160676365, "p1": 0.15817380349617452, "p5": 0.1667102968902327, "p10": 0.1727752738748677, "p25": 0.1880323049845174, "median": 0.21780870197108015, "p75": 0.956291756243445, "p90": 2.289838453382255, "p95": 3.7429924832540546, "p99": 6.6309364835429, "p99.9": 7.486373212179455, "max": 7.923322511021979}, "inter_token_latency": {"mean": 0.021415322638599736, "min": 2.72202305495739e-06, "p0.1": 3.1349482014775276e-06, "p1": 1.2693926692008972e-05, "p5": 1.9915471784770486e-05, "p10": 2.5653978809714317e-05, "p25": 3.9127073250710964e-05, "median": 0.00017011351883411407, "p75": 0.037611048232065514, "p90": 0.04420375035842881, "p95": 0.046856248436961324, "p99": 0.13029820380616003, "p99.9": 0.5285402950890187, "max": 7.01861818600446}}, "throughput": {"input_tokens_per_sec": 63406.21156533837, "output_tokens_per_sec": 7934.814522094773, "total_tokens_per_sec": 71341.02608743314, "requests_per_sec": 8.36988093299168}, "prompt_len": {"mean": 7575.521333333333, "min": 7470.0, "p0.1": 7474.494, "p1": 7508.0, "p5": 7530.0, "p10": 7539.0, "p25": 7556.0, "median": 7577.0, "p75": 7596.0, "p90": 7610.0, "p95": 7619.0, "p99": 7639.51, "p99.9": 7647.7570000000005, "max": 7653.0}, "output_len": {"mean": 948.02, "min": 20.0, "p0.1": 25.992, "p1": 33.0, "p5": 628.9500000000002, "p10": 941.7, "p25": 991.0, "median": 998.0, "p75": 1000.0, "p90": 1000.0, "p95": 1000.0, "p99": 1000.0, "p99.9": 1251.4980000000899, "max": 1999.0}}, "failures": {"count": 0, "request_latency": null, "prompt_len": null}}