{"load_summary": {"count": 760, "schedule_delay": {"mean": 0.0008876269191540288, "min": -0.0007894303416833282, "p0.1": -0.0006303207288729026, "p1": -0.0002918201207648963, "p5": -4.5101181603968145e-05, "p10": 0.00016381739405915143, "p25": 0.00047099738731049, "median": 0.0008393741445615888, "p75": 0.0012033730454277247, "p90": 0.001507155422586948, "p95": 0.0016936393280047922, "p99": 0.0019878867699298984, "p99.9": 0.01274054908322123, "max": 0.044775545597076416}, "send_duration": 39.00205522100441, "requested_rate": 20.0, "achieved_rate": 19.486152606406876}, "successes": {"count": 760, "latency": {"request_latency": {"mean": 40.703556549549106, "min": 32.6992318299599, "p0.1": 32.72720094128372, "p1": 33.596805019071326, "p5": 35.210888150101525, "p10": 36.30050509031862, "p25": 38.53711788379587, "median": 40.8448178145336, "p75": 43.19676593103213, "p90": 44.337583887984515, "p95": 45.58249720105668, "p99": 46.838898873893775, "p99.9": 47.03173653995922, "max": 47.110671620001085}, "normalized_time_per_output_token": {"mean": 0.07087180492367001, "min": 0.01962799189837755, "p0.1": 0.020610372249344533, "p1": 0.03349758081068567, "p5": 0.035292509070740836, "p10": 0.03640883915836097, "p25": 0.03887077687228359, "median": 0.041430954230469316, "p75": 0.043858261305407875, "p90": 0.04614333570135516, "p95": 0.07898612706937518, "p99": 1.2338115370784999, "p99.9": 1.5082612238353597, "max": 1.7746519591892138}, "time_per_output_token": {"mean": 0.020228516722246702, "min": 0.01625126631135053, "p0.1": 0.016287093111051146, "p1": 0.016697475662507788, "p5": 0.017464681155412394, "p10": 0.018030740561658168, "p25": 0.01915321022788212, "median": 0.02027860725063366, "p75": 0.021432187663409152, "p90": 0.022058250873354494, "p95": 0.02268109815666449, "p99": 0.023284518328393043, "p99.9": 0.023371816144336827, "max": 0.023400687741167818}, "time_to_first_token": {"mean": 0.16844534479651452, "min": 0.061239929986186326, "p0.1": 0.06185889442788903, "p1": 0.0661633363913279, "p5": 0.07476716340752318, "p10": 0.07990021670702845, "p25": 0.09396972844842821, "median": 0.1766960655222647, "p75": 0.2034148699895013, "p90": 0.2766288435668685, "p95": 0.30876443554298016, "p99": 0.404107825248502, "p99.9": 0.6016348763591385, "max": 0.6071917839581147}, "inter_token_latency": {"mean": 0.020228516722246702, "min": 2.763001248240471e-06, "p0.1": 3.2819807529449463e-06, "p1": 1.3122985837981104e-05, "p5": 2.0190957002341747e-05, "p10": 2.564897295087576e-05, "p25": 3.792403731495142e-05, "median": 0.00016370799858123064, "p75": 0.038373277930077165, "p90": 0.04294570402707905, "p95": 0.04503716267645359, "p99": 0.1265118739416357, "p99.9": 0.2071099197037996, "max": 0.5197543409885839}}, "throughput": {"input_tokens_per_sec": 74845.13157592049, "output_tokens_per_sec": 9392.474156420485, "total_tokens_per_sec": 84237.60573234096, "requests_per_sec": 9.88012323907986}, "prompt_len": {"mean": 7575.323684210526, "min": 7470.0, "p0.1": 7470.0, "p1": 7503.49, "p5": 7529.0, "p10": 7539.0, "p25": 7555.0, "median": 7576.0, "p75": 7596.0, "p90": 7610.0, "p95": 7619.1, "p99": 7642.05, "p99.9": 7647.687000000001, "max": 7653.0}, "output_len": {"mean": 950.6434210526315, "min": 26.0, "p0.1": 30.554, "p1": 33.59, "p5": 505.20000000000005, "p10": 946.9, "p25": 992.0, "median": 998.0, "p75": 1000.0, "p90": 1000.0, "p95": 1000.0, "p99": 1000.0, "p99.9": 1998.241, "max": 1999.0}}, "failures": {"count": 0, "request_latency": null, "prompt_len": null}}