{"load_summary": {"count": 735, "schedule_delay": {"mean": 0.0008116319441382273, "min": -0.0008376074256375432, "p0.1": -0.0005933636052068323, "p1": -0.000356194619089365, "p5": -5.491033662110565e-05, "p10": 0.00012895455583930015, "p25": 0.00043330772314220667, "median": 0.00078806490637362, "p75": 0.0011705911601893604, "p90": 0.0015055489027872683, "p95": 0.0017333581810817116, "p99": 0.002128643533214926, "p99.9": 0.0026195554700680426, "max": 0.0029534449568018317}, "send_duration": 19.767265137983486, "requested_rate": 35.0, "achieved_rate": 37.18268535730176}, "successes": {"count": 735, "latency": {"request_latency": {"mean": 42.46632090420114, "min": 36.45831725792959, "p0.1": 36.50767060317774, "p1": 37.32819711735938, "p5": 38.03841069689952, "p10": 38.791323352837935, "p25": 40.22808369551785, "median": 42.946468276088126, "p75": 44.134023553458974, "p90": 45.87915120860562, "p95": 47.51833783908514, "p99": 48.320038881853684, "p99.9": 50.55274857605878, "max": 50.66430697101168}, "normalized_time_per_output_token": {"mean": 0.08849539850764934, "min": 0.02182702505399658, "p0.1": 0.03256639353168341, "p1": 0.0375217804835586, "p5": 0.038421541977921685, "p10": 0.038988932306302335, "p25": 0.04062777375453152, "median": 0.043288219923968425, "p75": 0.045395078747531126, "p90": 0.04915872511099454, "p95": 0.17481527452535736, "p99": 1.299276820919476, "p99.9": 1.448425783528742, "max": 1.4952701699624482}, "time_per_output_token": {"mean": 0.02109528957223993, "min": 0.01814095849823579, "p0.1": 0.018167814102011973, "p1": 0.01857895380995962, "p5": 0.01891981072234933, "p10": 0.019303898177091505, "p25": 0.02001780023413088, "median": 0.021383675164950343, "p75": 0.02190333323213791, "p90": 0.02282632143736567, "p95": 0.02362654304765081, "p99": 0.0240368583769901, "p99.9": 0.02517861921064787, "max": 0.025241587715603222}, "time_to_first_token": {"mean": 0.1986627368628662, "min": 0.06415788398589939, "p0.1": 0.07199674349999986, "p1": 0.07757773623336106, "p5": 0.08509524879045785, "p10": 0.09116934414487332, "p25": 0.10241819953080267, "median": 0.12111035699490458, "p75": 0.1783334165229462, "p90": 0.42529108067974447, "p95": 0.7081610371824352, "p99": 0.9424775601248249, "p99.9": 1.1581434964367738, "max": 1.23810289404355}, "inter_token_latency": {"mean": 0.02109528957223993, "min": 2.739951014518738e-06, "p0.1": 3.4017572179436683e-06, "p1": 1.3425014913082123e-05, "p5": 2.022506669163704e-05, "p10": 2.5341054424643517e-05, "p25": 3.614206798374653e-05, "median": 0.0001586379949003458, "p75": 0.042895324528217316, "p90": 0.045895911986008286, "p95": 0.04691613634349778, "p99": 0.052332541255745296, "p99.9": 0.19959053181041989, "max": 14.902092669974081}}, "throughput": {"input_tokens_per_sec": 79177.29086497938, "output_tokens_per_sec": 9764.700933650895, "total_tokens_per_sec": 88941.99179863028, "requests_per_sec": 10.451788726416897}, "prompt_len": {"mean": 7575.477551020408, "min": 7470.0, "p0.1": 7474.404, "p1": 7508.0, "p5": 7529.7, "p10": 7539.0, "p25": 7555.5, "median": 7577.0, "p75": 7596.0, "p90": 7610.0, "p95": 7619.0, "p99": 7639.66, "p99.9": 7647.862000000001, "max": 7653.0}, "output_len": {"mean": 934.261224489796, "min": 26.0, "p0.1": 30.404, "p1": 33.0, "p5": 250.10000000000014, "p10": 929.4, "p25": 990.0, "median": 997.0, "p75": 1000.0, "p90": 1000.0, "p95": 1000.0, "p99": 1000.66, "p99.9": 1267.2020000000762, "max": 1999.0}}, "failures": {"count": 0, "request_latency": null, "prompt_len": null}}