{"load_summary": {"count": 1518, "schedule_delay": {"mean": 0.001336223619382053, "min": -0.0005843774415552616, "p0.1": -0.0005787218754412606, "p1": -0.00030487949261441826, "p5": -1.9938626792281664e-06, "p10": 0.00016134049510583287, "p25": 0.0004551263991743326, "median": 0.0008398258942179382, "p75": 0.0012263097742106766, "p90": 0.0015494437655434012, "p95": 0.0017624803702346976, "p99": 0.002321451923344284, "p99.9": 0.1276836659613775, "max": 0.1358773480169475}, "send_duration": 34.450496518053114, "requested_rate": 46.0, "achieved_rate": 44.06322559689442}, "successes": {"count": 1518, "latency": {"request_latency": {"mean": 65.89068878485723, "min": 46.74112541798968, "p0.1": 46.90606090199063, "p1": 48.34930342336534, "p5": 49.990583615429934, "p10": 51.6622343021445, "p25": 55.97251943004085, "median": 63.292735804920085, "p75": 77.59606014905148, "p90": 81.88128022620222, "p95": 88.8711184798216, "p99": 91.20245847234736, "p99.9": 95.24531695788261, "max": 95.28244948701467}, "normalized_time_per_output_token": {"mean": 0.15166980726193552, "min": 0.026671703319294606, "p0.1": 0.04229457802637099, "p1": 0.04792950239164056, "p5": 0.05024556259939718, "p10": 0.05224389925277792, "p25": 0.05700435363540782, "median": 0.06709431158908374, "p75": 0.07924916797946231, "p90": 0.09161867072139389, "p95": 0.44418581663231355, "p99": 2.249610620245731, "p99.9": 2.6402480911504083, "max": 3.0342875771340916}, "time_per_output_token": {"mean": 0.03183888020089742, "min": 0.021231167828084724, "p0.1": 0.02123122611602247, "p1": 0.02242518589926138, "p5": 0.02410655869374939, "p10": 0.02493315448775992, "p25": 0.0272128435162381, "median": 0.02986112590952507, "p75": 0.03723773550537035, "p90": 0.03956658570163965, "p95": 0.04164732982276129, "p99": 0.045397840555177704, "p99.9": 0.0455348504545799, "max": 0.04554664967915575}, "time_to_first_token": {"mean": 2.124562805094566, "min": 0.06151357793714851, "p0.1": 0.06359275739104488, "p1": 0.07208684688317589, "p5": 0.08933177812141366, "p10": 0.09713113275356591, "p25": 0.11631863194634207, "median": 0.14291841647354886, "p75": 0.17817803003708832, "p90": 0.3589328138856217, "p95": 30.14911309941089, "p99": 40.57239529776387, "p99.9": 42.412345924925006, "max": 42.70962530595716}, "inter_token_latency": {"mean": 0.03183888020089742, "min": 2.7479836717247963e-06, "p0.1": 3.802999504841864e-06, "p1": 1.3609067536890507e-05, "p5": 2.0829029381275177e-05, "p10": 2.5594024918973446e-05, "p25": 3.616395406424999e-05, "median": 0.00018161447951570153, "p75": 0.0494670192420017, "p90": 0.0605275718844496, "p95": 0.06889130676281638, "p99": 0.11759428617428058, "p99.9": 0.3738235040381557, "max": 42.513052878086455}}, "throughput": {"input_tokens_per_sec": 88772.41677357125, "output_tokens_per_sec": 10860.199265023162, "total_tokens_per_sec": 99632.61603859442, "requests_per_sec": 11.718348267071233}, "prompt_len": {"mean": 7575.505928853755, "min": 7470.0, "p0.1": 7470.0, "p1": 7508.0, "p5": 7529.85, "p10": 7539.0, "p25": 7556.0, "median": 7577.0, "p75": 7596.0, "p90": 7610.0, "p95": 7619.299999999999, "p99": 7640.0, "p99.9": 7649.381000000001, "max": 7653.0}, "output_len": {"mean": 926.7687747035573, "min": 22.0, "p0.1": 27.585, "p1": 33.0, "p5": 125.85000000000001, "p10": 893.0, "p25": 991.0, "median": 997.0, "p75": 1000.0, "p90": 1000.0, "p95": 1000.0, "p99": 1000.0, "p99.9": 1482.551000000174, "max": 1998.0}}, "failures": {"count": 0, "request_latency": null, "prompt_len": null}}