{"load_summary": {"count": 1470, "schedule_delay": {"mean": 0.0008493720168140115, "min": -0.0006857006810605526, "p0.1": -0.0005056879522744567, "p1": -0.0003291643422562629, "p5": -3.8720067823305717e-05, "p10": 0.00012579181930050254, "p25": 0.0004400309990160167, "median": 0.0008415873162448406, "p75": 0.001208406698424369, "p90": 0.0015804825001396244, "p95": 0.001774098735768348, "p99": 0.0023340722371358404, "p99.9": 0.003415936887730062, "max": 0.003912177518941462}, "send_duration": 30.74533969303593, "requested_rate": 49.0, "achieved_rate": 47.812124200825366}, "successes": {"count": 1470, "latency": {"request_latency": {"mean": 65.74760189251475, "min": 47.566504977992736, "p0.1": 47.84272781466017, "p1": 48.903982974229145, "p5": 50.945971784490396, "p10": 52.41767479073023, "p25": 56.13566039153375, "median": 62.72287644800963, "p75": 77.09646419380442, "p90": 79.59509969743668, "p95": 89.39212913421215, "p99": 91.26573806645233, "p99.9": 96.81360384537373, "max": 97.15986405697186}, "normalized_time_per_output_token": {"mean": 0.15091502482033003, "min": 0.027764331045056188, "p0.1": 0.032443811089294734, "p1": 0.048824214341213076, "p5": 0.05114443930410198, "p10": 0.052867732126753574, "p25": 0.056834015684801106, "median": 0.06626073971934741, "p75": 0.07865908847471526, "p90": 0.09119300629772394, "p95": 0.3143172308001596, "p99": 2.3402946391007986, "p99.9": 2.8937316695448856, "max": 10.187101043577838}, "time_per_output_token": {"mean": 0.03241078885994318, "min": 0.02370702038626831, "p0.1": 0.02384098099044111, "p1": 0.02422103508149503, "p5": 0.0250535552768575, "p10": 0.025808417658990147, "p25": 0.027829634930616985, "median": 0.030642249669651848, "p75": 0.03798627219117676, "p90": 0.039565971577149084, "p95": 0.04049586192542417, "p99": 0.045493212733770896, "p99.9": 0.04553446598896024, "max": 0.04553903444627787}, "time_to_first_token": {"mean": 0.8369571116575528, "min": 0.05985377007164061, "p0.1": 0.06406337529979646, "p1": 0.07599774275673553, "p5": 0.08978761108010076, "p10": 0.09684930032817647, "p25": 0.11397285526618361, "median": 0.14029386651236564, "p75": 0.17230740748345852, "p90": 0.29818078340031223, "p95": 0.5920540641120169, "p99": 39.96810114737251, "p99.9": 41.36069609394136, "max": 41.57406857796013}, "inter_token_latency": {"mean": 0.03241078885994318, "min": 2.7819769456982613e-06, "p0.1": 3.7614665925502778e-06, "p1": 1.3586948625743389e-05, "p5": 2.070504706352949e-05, "p10": 2.5463057681918144e-05, "p25": 3.560201730579138e-05, "median": 0.0001684025046415627, "p75": 0.047961486445274204, "p90": 0.06112266486743465, "p95": 0.07015685574151576, "p99": 0.10990544056054213, "p99.9": 0.45903838708531636, "max": 41.40520905703306}}, "throughput": {"input_tokens_per_sec": 87063.71338702724, "output_tokens_per_sec": 10715.818901933586, "total_tokens_per_sec": 97779.53228896084, "requests_per_sec": 11.492886582418743}, "prompt_len": {"mean": 7575.443537414966, "min": 7470.0, "p0.1": 7472.814, "p1": 7508.0, "p5": 7530.0, "p10": 7539.0, "p25": 7555.0, "median": 7576.0, "p75": 7596.0, "p90": 7610.0, "p95": 7619.0, "p99": 7640.0, "p99.9": 7649.7170000000015, "max": 7653.0}, "output_len": {"mean": 932.387074829932, "min": 7.0, "p0.1": 23.752000000000002, "p1": 33.0, "p5": 243.40000000000003, "p10": 918.9, "p25": 990.0, "median": 997.0, "p75": 1000.0, "p90": 1000.0, "p95": 1000.0, "p99": 1001.0, "p99.9": 1763.969000000088, "max": 1998.0}}, "failures": {"count": 0, "request_latency": null, "prompt_len": null}}