{"load_summary": {"count": 750, "schedule_delay": {"mean": 0.0008276770012453198, "min": -0.000578139559365809, "p0.1": -0.0005481001581065357, "p1": -0.00033261100063100454, "p5": -6.614573067054152e-05, "p10": 0.00011405071709305047, "p25": 0.0004216645029373467, "median": 0.0008160463767126203, "p75": 0.0011974045482929796, "p90": 0.0015657364390790462, "p95": 0.0017603389220312235, "p99": 0.0021698353230021894, "p99.9": 0.002702256792457785, "max": 0.002791073522530496}, "send_duration": 25.904755780939013, "requested_rate": 30.0, "achieved_rate": 28.952212726585817}, "successes": {"count": 750, "latency": {"request_latency": {"mean": 40.885721299674515, "min": 35.12448126100935, "p0.1": 35.196457187457476, "p1": 35.57407450316474, "p5": 36.6357707668969, "p10": 37.395723322208504, "p25": 39.08676225846284, "median": 40.89596169145079, "p75": 42.23112195817521, "p90": 44.94840088016353, "p95": 46.64321574929054, "p99": 47.92012497994001, "p99.9": 48.076511517409585, "max": 48.08281396294478}, "normalized_time_per_output_token": {"mean": 0.07735011604541496, "min": 0.035230171776338366, "p0.1": 0.03533401671399542, "p1": 0.03563883704929681, "p5": 0.03690690037933276, "p10": 0.03765043328859564, "p25": 0.03946970008194289, "median": 0.04130539364693686, "p75": 0.043063246102917375, "p90": 0.04748987469854882, "p95": 0.07250480205076824, "p99": 1.2509609017915069, "p99.9": 1.4324668062095611, "max": 1.7152645650944165}, "time_per_output_token": {"mean": 0.02031244099540723, "min": 0.017473956471242044, "p0.1": 0.017505191969235768, "p1": 0.017650928071306516, "p5": 0.018197678746399017, "p10": 0.01855473729285776, "p25": 0.019455911746127708, "median": 0.020327879970000573, "p75": 0.020952997072084367, "p90": 0.02217020449421854, "p95": 0.023155307033089226, "p99": 0.023832989720512936, "p99.9": 0.023908732116487447, "max": 0.02391703637386172}, "time_to_first_token": {"mean": 0.1827352875775347, "min": 0.06643288000486791, "p0.1": 0.06874940815730951, "p1": 0.07696893325773999, "p5": 0.08759821504354477, "p10": 0.09338248419808223, "p25": 0.10388110877829604, "median": 0.12478498596465215, "p75": 0.17221531720133498, "p90": 0.3261708314181305, "p95": 0.4747801816673016, "p99": 1.0353052021411708, "p99.9": 1.2333509846713864, "max": 1.2370270249666646}, "inter_token_latency": {"mean": 0.02031244099540723, "min": 2.7550850063562393e-06, "p0.1": 3.314926289021969e-06, "p1": 1.3464014045894146e-05, "p5": 2.022006083279848e-05, "p10": 2.546681789681315e-05, "p25": 3.673101309686899e-05, "median": 0.00016359699657186866, "p75": 0.041522842773701996, "p90": 0.04583672117441893, "p95": 0.04740064085926861, "p99": 0.05746754201711156, "p99.9": 0.16082561487029465, "max": 11.185032948036678}}, "throughput": {"input_tokens_per_sec": 77078.23759395271, "output_tokens_per_sec": 9622.758356591863, "total_tokens_per_sec": 86700.99595054457, "requests_per_sec": 10.174644648520477}, "prompt_len": {"mean": 7575.521333333333, "min": 7470.0, "p0.1": 7474.494, "p1": 7508.0, "p5": 7530.0, "p10": 7539.0, "p25": 7556.0, "median": 7577.0, "p75": 7596.0, "p90": 7610.0, "p95": 7619.0, "p99": 7639.51, "p99.9": 7647.7570000000005, "max": 7653.0}, "output_len": {"mean": 945.7586666666666, "min": 22.0, "p0.1": 29.490000000000002, "p1": 33.0, "p5": 570.1500000000002, "p10": 952.6, "p25": 991.25, "median": 997.0, "p75": 1000.0, "p90": 1000.0, "p95": 1000.0, "p99": 1000.0, "p99.9": 1001.2510000000001, "max": 1002.0}}, "failures": {"count": 0, "request_latency": null, "prompt_len": null}}