{"load_summary": {"count": 1520, "schedule_delay": {"mean": 0.0008595699691029854, "min": -0.0010818863520398736, "p0.1": -0.0006056641888571903, "p1": -0.00035431805765256285, "p5": -4.006631788797676e-05, "p10": 0.00013236264931038022, "p25": 0.00048561376752331853, "median": 0.0008415495976805687, "p75": 0.0012493031681515276, "p90": 0.001583565620239824, "p95": 0.0017959756252821533, "p99": 0.0021244367433246223, "p99.9": 0.0028142759785987565, "max": 0.003137551713734865}, "send_duration": 39.183343498036265, "requested_rate": 40.0, "achieved_rate": 38.79199333962343}, "successes": {"count": 1520, "latency": {"request_latency": {"mean": 64.06480663947701, "min": 44.48858946899418, "p0.1": 44.661405557522784, "p1": 45.80161640726379, "p5": 48.57541362089105, "p10": 50.45201686783694, "p25": 55.33837770600803, "median": 60.290619061968755, "p75": 74.25778091247776, "p90": 78.16306616882794, "p95": 86.0449912454991, "p99": 90.46809282082832, "p99.9": 92.5775334531567, "max": 93.44943443709053}, "normalized_time_per_output_token": {"mean": 0.14307032685821228, "min": 0.023401604022999845, "p0.1": 0.029729701161082214, "p1": 0.04595239398590539, "p5": 0.048996101077445606, "p10": 0.05096140539814951, "p25": 0.0562753330779575, "median": 0.06515543657616135, "p75": 0.07639673907581172, "p90": 0.0896682080954779, "p95": 0.320886574989626, "p99": 1.8902713804486624, "p99.9": 2.6658524983801337, "max": 10.714290423163524}, "time_per_output_token": {"mean": 0.03021576926521687, "min": 0.021904310421796625, "p0.1": 0.021904707939508182, "p1": 0.022092741971816526, "p5": 0.02255658575591444, "p10": 0.02381035062997113, "p25": 0.02590205086430226, "median": 0.028825607833838595, "p75": 0.03387731244227139, "p90": 0.03833702233700158, "p95": 0.03988882006641811, "p99": 0.045036745977252074, "p99.9": 0.04516964919069854, "max": 0.04518005131635171}, "time_to_first_token": {"mean": 3.5455228862776207, "min": 0.06815004802774638, "p0.1": 0.0695617135297507, "p1": 0.07813650082796812, "p5": 0.09047068782383576, "p10": 0.09813387390458957, "p25": 0.11646639529499225, "median": 0.14715104253264144, "p75": 0.1890906754997559, "p90": 27.30927346016982, "p95": 30.967629951174604, "p99": 36.149942916216084, "p99.9": 37.989536112226325, "max": 38.101542980992235}, "inter_token_latency": {"mean": 0.03021576926521687, "min": 2.769986167550087e-06, "p0.1": 3.673951141536236e-06, "p1": 1.333397813141346e-05, "p5": 2.0752078853547573e-05, "p10": 2.5668996386229992e-05, "p25": 3.6587705835700035e-05, "median": 0.00019473297288641334, "p75": 0.048971182288369164, "p90": 0.05892213082406671, "p95": 0.06684118444682097, "p99": 0.11396992494352162, "p99.9": 0.43979285865149015, "max": 37.78671401995234}}, "throughput": {"input_tokens_per_sec": 87074.3704865467, "output_tokens_per_sec": 10747.476685956355, "total_tokens_per_sec": 97821.84717250305, "requests_per_sec": 11.494190737653971}, "prompt_len": {"mean": 7575.511184210526, "min": 7470.0, "p0.1": 7470.0, "p1": 7508.0, "p5": 7529.95, "p10": 7539.0, "p25": 7556.0, "median": 7577.0, "p75": 7596.0, "p90": 7610.0, "p95": 7619.1, "p99": 7640.0, "p99.9": 7649.367000000002, "max": 7653.0}, "output_len": {"mean": 935.0355263157895, "min": 6.0, "p0.1": 28.557000000000002, "p1": 33.0, "p5": 185.65000000000003, "p10": 929.8, "p25": 991.75, "median": 998.0, "p75": 1000.0, "p90": 1000.0, "p95": 1000.0, "p99": 1000.0, "p99.9": 1998.4810000000002, "max": 1999.0}}, "failures": {"count": 0, "request_latency": null, "prompt_len": null}}