{"load_summary": {"count": 200, "schedule_delay": {"mean": 0.0008910497726174071, "min": -0.0004462829092517495, "p0.1": -0.00043010640272405, "p1": -0.0002352478541433811, "p5": 6.0693349223583946e-05, "p10": 0.00017416893970221284, "p25": 0.0005014757043682039, "median": 0.0008310198900289834, "p75": 0.0012631716672331095, "p90": 0.0016844187164679167, "p95": 0.0019051018171012397, "p99": 0.0021012686926405863, "p99.9": 0.002348408353282141, "max": 0.002375864307396114}, "send_duration": 19.088546347920783, "requested_rate": 10.0, "achieved_rate": 10.47748719858833}, "successes": {"count": 200, "latency": {"request_latency": {"mean": 27.57568683690566, "min": 25.306893201894127, "p0.1": 25.347541636435782, "p1": 25.659178339795908, "p5": 25.963124896469527, "p10": 26.21648595109582, "p25": 26.67762094651698, "median": 27.009490220982116, "p75": 28.572605102992384, "p90": 29.58848977816524, "p95": 29.8183194032812, "p99": 30.14455296340282, "p99.9": 30.15219243474945, "max": 30.153387924074195}, "normalized_time_per_output_token": {"mean": 0.04708987555489335, "min": 0.025306893201894127, "p0.1": 0.025377295482800225, "p1": 0.025734548151448832, "p5": 0.026091983919738156, "p10": 0.026392622901372433, "p25": 0.026799826402716113, "median": 0.02750123269254369, "p75": 0.029157662832979724, "p90": 0.03014466247303019, "p95": 0.04140546008064951, "p99": 0.7772689748887731, "p99.9": 0.8988247840472791, "max": 0.9015566713924548}, "time_per_output_token": {"mean": 0.013675931673593829, "min": 0.0125400818385666, "p0.1": 0.012561804829232187, "p1": 0.01271443628493628, "p5": 0.012869399222684373, "p10": 0.012992222467076679, "p25": 0.013253974546580043, "median": 0.013421293634690693, "p75": 0.014167432889321596, "p90": 0.014705752357451904, "p95": 0.014762699406663618, "p99": 0.014914175303941913, "p99.9": 0.014958937911995523, "max": 0.014969992873571657}, "time_to_first_token": {"mean": 0.15605642202601303, "min": 0.06159561895765364, "p0.1": 0.06178217648423742, "p1": 0.06288249759119935, "p5": 0.0689221603970509, "p10": 0.07429043278098106, "p25": 0.09201693677459843, "median": 0.1582047850242816, "p75": 0.1711313945124857, "p90": 0.25013977934140713, "p95": 0.2972752088331617, "p99": 0.3746435552963517, "p99.9": 0.43206014536845044, "max": 0.4338635189924389}, "inter_token_latency": {"mean": 0.013675931673593829, "min": 2.829008735716343e-06, "p0.1": 3.996020765043795e-06, "p1": 1.5089986845850945e-05, "p5": 2.158503048121929e-05, "p10": 2.8703850694000722e-05, "p25": 4.282500594854355e-05, "median": 0.00016566150588914752, "p75": 0.026114624488400295, "p90": 0.02791825875174254, "p95": 0.029475988657213747, "p99": 0.031202597437659282, "p99.9": 0.11164721137727641, "max": 0.28286389191634953}}, "throughput": {"input_tokens_per_sec": 32633.36636531553, "output_tokens_per_sec": 4098.125847575727, "total_tokens_per_sec": 36731.49221289126, "requests_per_sec": 4.308578357445134}, "prompt_len": {"mean": 7574.045, "min": 7470.0, "p0.1": 7471.194, "p1": 7491.84, "p5": 7530.0, "p10": 7539.9, "p25": 7556.0, "median": 7576.0, "p75": 7592.25, "p90": 7607.0, "p95": 7617.0, "p99": 7639.01, "p99.9": 7644.005, "max": 7645.0}, "output_len": {"mean": 951.155, "min": 32.0, "p0.1": 32.199, "p1": 33.99, "p5": 646.7, "p10": 972.7, "p25": 991.0, "median": 997.0, "p75": 1000.0, "p90": 1000.0, "p95": 1000.0, "p99": 1000.01, "p99.9": 1001.0, "max": 1001.0}}, "failures": {"count": 0, "request_latency": null, "prompt_len": null}}