{"load_summary": {"count": 748, "schedule_delay": {"mean": 0.0008400969151569341, "min": -0.0006999385077506304, "p0.1": -0.0006146071522962302, "p1": -0.0003966825024690479, "p5": -5.1232887199148525e-05, "p10": 0.00016066901152953506, "p25": 0.0004675617965403944, "median": 0.0008401307859458029, "p75": 0.001233275979757309, "p90": 0.0015540912398137154, "p95": 0.0017057791643310337, "p99": 0.0019848808494862167, "p99.9": 0.002298218757030561, "max": 0.002415314898826182}, "send_duration": 32.659750745981, "requested_rate": 22.0, "achieved_rate": 22.902807979697958}, "successes": {"count": 748, "latency": {"request_latency": {"mean": 39.799121576000594, "min": 32.897064476972446, "p0.1": 32.96301588044583, "p1": 33.69610481016571, "p5": 35.28323123662849, "p10": 36.3966807919438, "p25": 37.7348726025084, "median": 40.252568767464254, "p75": 41.158385139802704, "p90": 43.121956214692915, "p95": 45.609418507770165, "p99": 47.12149902466335, "p99.9": 47.33965856038232, "max": 47.38853754696902}, "normalized_time_per_output_token": {"mean": 0.08916601646848936, "min": 0.02028756965937819, "p0.1": 0.029706862288121097, "p1": 0.03373871767604258, "p5": 0.035362147545412885, "p10": 0.03659905341343127, "p25": 0.0382848589339701, "median": 0.0405146448747766, "p75": 0.04207900341606001, "p90": 0.04715604638548013, "p95": 0.24975042884898793, "p99": 1.2481358316312825, "p99.9": 1.3985239382495007, "max": 1.408390273332991}, "time_per_output_token": {"mean": 0.019770201438938477, "min": 0.016359119386789665, "p0.1": 0.01639098105346167, "p1": 0.016659715298956764, "p5": 0.017540275769614578, "p10": 0.018036895357854275, "p25": 0.018770223234264437, "median": 0.01999876809822254, "p75": 0.02042232934094471, "p90": 0.021328505720065415, "p95": 0.02266881013601978, "p99": 0.023432534099744422, "p99.9": 0.023543094010141655, "max": 0.02356710073963759}, "time_to_first_token": {"mean": 0.18199640952183288, "min": 0.06162943295203149, "p0.1": 0.06342005471989978, "p1": 0.0785056449181866, "p5": 0.08649037917493843, "p10": 0.09393602466443554, "p25": 0.11025087779853493, "median": 0.13512132497271523, "p75": 0.18256950651993975, "p90": 0.32313391000498104, "p95": 0.45574417407042317, "p99": 0.8029623096564317, "p99.9": 1.0506496692349923, "max": 1.088380126049742}, "inter_token_latency": {"mean": 0.019770201438938477, "min": 2.759043127298355e-06, "p0.1": 3.303022473119199e-06, "p1": 1.3163018738850951e-05, "p5": 2.0228949142619968e-05, "p10": 2.551102079451084e-05, "p25": 3.718200605362654e-05, "median": 0.0001616884837858379, "p75": 0.040286656498210505, "p90": 0.044908315804786984, "p95": 0.0468315279635135, "p99": 0.06267399567412214, "p99.9": 0.12933665492164695, "max": 6.493559648981318}}, "throughput": {"input_tokens_per_sec": 74986.37821452759, "output_tokens_per_sec": 9177.999883475639, "total_tokens_per_sec": 84164.37809800323, "requests_per_sec": 9.898442398241789}, "prompt_len": {"mean": 7575.573529411765, "min": 7470.0, "p0.1": 7474.482, "p1": 7508.0, "p5": 7530.0, "p10": 7539.0, "p25": 7556.0, "median": 7577.0, "p75": 7596.0, "p90": 7610.0, "p95": 7619.0, "p99": 7639.53, "p99.9": 7647.771000000001, "max": 7653.0}, "output_len": {"mean": 927.216577540107, "min": 28.0, "p0.1": 30.988, "p1": 33.0, "p5": 156.15, "p10": 908.0, "p25": 991.0, "median": 997.0, "p75": 1000.0, "p90": 1000.0, "p95": 1000.0, "p99": 1000.0, "p99.9": 1256.4820000000425, "max": 1999.0}}, "failures": {"count": 0, "request_latency": null, "prompt_len": null}}