{"load_summary": {"count": 750, "schedule_delay": {"mean": 0.0008460280063251654, "min": -0.0009300551610067487, "p0.1": -0.0008480151450494304, "p1": -0.00035231441492214797, "p5": -6.57690514344722e-05, "p10": 0.00010384713532403111, "p25": 0.0004803705960512161, "median": 0.000848586845677346, "p75": 0.00121841870713979, "p90": 0.001528248644899577, "p95": 0.0017678523028735072, "p99": 0.002130822722101584, "p99.9": 0.002584957821178258, "max": 0.0026516931829974055}, "send_duration": 31.11037756910082, "requested_rate": 25.0, "achieved_rate": 24.107711272038966}, "successes": {"count": 750, "latency": {"request_latency": {"mean": 39.50603358267496, "min": 33.40881340904161, "p0.1": 33.48938893626258, "p1": 33.59099021438043, "p5": 35.400180188793456, "p10": 36.139098854688925, "p25": 37.65795232579694, "median": 39.526699712034315, "p75": 40.49025225569494, "p90": 43.26035486317706, "p95": 45.188313739164734, "p99": 46.710454763791056, "p99.9": 46.81956034544763, "max": 46.84268889098894}, "normalized_time_per_output_token": {"mean": 0.09097513854951639, "min": 0.03352877240802627, "p0.1": 0.03353002978944848, "p1": 0.033650291334439475, "p5": 0.03564209904075251, "p10": 0.036431968124792914, "p25": 0.0381206612003949, "median": 0.039892914083189276, "p75": 0.0415973499579716, "p90": 0.046647807098438875, "p95": 0.21225065593473802, "p99": 1.2772503996627909, "p99.9": 1.6539455102375245, "max": 1.66630083677144}, "time_per_output_token": {"mean": 0.019624414087680817, "min": 0.016519490657185765, "p0.1": 0.016536858870429445, "p1": 0.01667382442931259, "p5": 0.017531153013579954, "p10": 0.017972453027598978, "p25": 0.01873279046354248, "median": 0.019657872138435076, "p75": 0.020074794682396483, "p90": 0.021386974690260244, "p95": 0.02247183225955104, "p99": 0.023230189868937948, "p99.9": 0.023287521136710763, "max": 0.023295008657634658}, "time_to_first_token": {"mean": 0.18083189587636542, "min": 0.0730774839175865, "p0.1": 0.0737560959024122, "p1": 0.07888064468395896, "p5": 0.08939813530887478, "p10": 0.09392555193044246, "p25": 0.10550234728725627, "median": 0.12721580249490216, "p75": 0.1762066401715856, "p90": 0.28980002233292906, "p95": 0.5302992239303419, "p99": 0.977977126581827, "p99.9": 1.1414443258083224, "max": 1.168123216019012}, "inter_token_latency": {"mean": 0.019624414087680817, "min": 2.771965228021145e-06, "p0.1": 3.31946462392807e-06, "p1": 1.3164011761546135e-05, "p5": 2.0102947019040585e-05, "p10": 2.5519984774291515e-05, "p25": 3.739504609256983e-05, "median": 0.00016493897419422865, "p75": 0.039890133281005546, "p90": 0.044844764040317384, "p95": 0.04678968991502188, "p99": 0.057602251252392364, "p99.9": 0.12974686369102137, "max": 7.4849230539985}}, "throughput": {"input_tokens_per_sec": 75670.68283930274, "output_tokens_per_sec": 9338.035298698831, "total_tokens_per_sec": 85008.71813800157, "requests_per_sec": 9.988841626825252}, "prompt_len": {"mean": 7575.521333333333, "min": 7470.0, "p0.1": 7474.494, "p1": 7508.0, "p5": 7530.0, "p10": 7539.0, "p25": 7556.0, "median": 7577.0, "p75": 7596.0, "p90": 7610.0, "p95": 7619.0, "p99": 7639.51, "p99.9": 7647.7570000000005, "max": 7653.0}, "output_len": {"mean": 934.8466666666667, "min": 24.0, "p0.1": 25.498, "p1": 32.0, "p5": 186.90000000000012, "p10": 956.3000000000001, "p25": 991.0, "median": 997.0, "p75": 1000.0, "p90": 1000.0, "p95": 1000.0, "p99": 1000.0, "p99.9": 1002.2510000000001, "max": 1003.0}}, "failures": {"count": 0, "request_latency": null, "prompt_len": null}}