{
    "load_summary": {
        "count": 1500,
        "schedule_delay": {
            "mean": 0.0008091072047439714,
            "min": -0.001057544955983758,
            "p0.1": -0.0008149862751597539,
            "p1": -0.0005110789847094565,
            "p5": -0.00013615129282698035,
            "p10": 8.650523377582431e-05,
            "p25": 0.00042786228004842997,
            "median": 0.0008018465014174581,
            "p75": 0.0011991394858341664,
            "p90": 0.0015100053278729322,
            "p95": 0.0017472730949521064,
            "p99": 0.002193864792352542,
            "p99.9": 0.002876277582137908,
            "max": 0.0030674164881929755
        },
        "send_duration": 25.887830635067075,
        "requested_rate": 60.0,
        "achieved_rate": 57.94228265570208
    },
    "successes": {
        "count": 1500,
        "latency": {
            "request_latency": {
                "mean": 69.14192912563294,
                "min": 49.71535944205243,
                "p0.1": 49.91047879262315,
                "p1": 50.94302288719453,
                "p5": 52.943529134773414,
                "p10": 54.23073498330778,
                "p25": 57.71918389076018,
                "median": 67.37195480451919,
                "p75": 81.87082531300257,
                "p90": 86.07894370675785,
                "p95": 91.77909480354865,
                "p99": 95.15254550315552,
                "p99.9": 102.721837877673,
                "max": 102.78724425996188
            },
            "normalized_time_per_output_token": {
                "mean": 0.14895232411183,
                "min": 0.049864029209013096,
                "p0.1": 0.05016538118225964,
                "p1": 0.05135817584525212,
                "p5": 0.05334629706860028,
                "p10": 0.05455156793732916,
                "p25": 0.05853719313012683,
                "median": 0.07101641438573429,
                "p75": 0.08384408261126668,
                "p90": 0.09287336612230804,
                "p95": 0.21457354095054512,
                "p99": 2.218538105122789,
                "p99.9": 3.1161185389070702,
                "max": 10.145479001667505
            },
            "time_per_output_token": {
                "mean": 0.03435747913638785,
                "min": 0.024746556996485626,
                "p0.1": 0.02479292223842421,
                "p1": 0.025374240562929348,
                "p5": 0.026177360426756377,
                "p10": 0.026849249009343646,
                "p25": 0.028753505267753457,
                "median": 0.033404424757623855,
                "p75": 0.04076240307218088,
                "p90": 0.04288270261563032,
                "p95": 0.04561100976901124,
                "p99": 0.0463397273288908,
                "p99.9": 0.050890750643148255,
                "max": 0.05103221806399208
            },
            "time_to_first_token": {
                "mean": 0.3368343048659153,
                "min": 0.06687103898730129,
                "p0.1": 0.07054059127043001,
                "p1": 0.0809092836570926,
                "p5": 0.09013767948490567,
                "p10": 0.09666883982717991,
                "p25": 0.11361405096249655,
                "median": 0.13991753698792309,
                "p75": 0.17409567031427287,
                "p90": 0.3255850405083039,
                "p95": 0.5882651658495887,
                "p99": 1.1222216688690236,
                "p99.9": 43.214196075240054,
                "max": 43.40512959694024
            },
            "inter_token_latency": {
                "mean": 0.03435747913638784,
                "min": 2.79303640127182e-06,
                "p0.1": 3.94496601074934e-06,
                "p1": 1.368299126625061e-05,
                "p5": 2.053007483482361e-05,
                "p10": 2.5224988348782063e-05,
                "p25": 3.4948927350342274e-05,
                "median": 0.00016585004050284624,
                "p75": 0.04904275923036039,
                "p90": 0.06450324347242713,
                "p95": 0.07211615297128446,
                "p99": 0.1151218407868872,
                "p99.9": 0.6138068965481381,
                "max": 43.2120768049499
            }
        },
        "throughput": {
            "input_tokens_per_sec": 88388.18075539934,
            "output_tokens_per_sec": 10931.362351848607,
            "total_tokens_per_sec": 99319.54310724796,
            "requests_per_sec": 11.667603702266565
        },
        "prompt_len": {
            "mean": 7575.521333333333,
            "min": 7470.0,
            "p0.1": 7472.994,
            "p1": 7508.0,
            "p5": 7530.0,
            "p10": 7539.0,
            "p25": 7556.0,
            "median": 7577.0,
            "p75": 7596.0,
            "p90": 7610.0,
            "p95": 7619.0,
            "p99": 7640.0,
            "p99.9": 7649.507000000001,
            "max": 7653.0
        },
        "output_len": {
            "mean": 936.8986666666667,
            "min": 6.0,
            "p0.1": 25.998,
            "p1": 33.0,
            "p5": 275.00000000000006,
            "p10": 943.0,
            "p25": 991.0,
            "median": 997.0,
            "p75": 1000.0,
            "p90": 1000.0,
            "p95": 1000.0,
            "p99": 1000.0,
            "p99.9": 1002.0,
            "max": 1003.0
        }
    },
    "failures": {
        "count": 0,
        "request_latency": null,
        "prompt_len": null
    }
}