{"load_summary": {"count": 1485, "schedule_delay": {"mean": 0.0008458411023930117, "min": -0.000519155990332365, "p0.1": -0.0005169553151354193, "p1": -0.0003116384241729975, "p5": -9.390059858560459e-07, "p10": 0.00015717020723968745, "p25": 0.0004581460962072015, "median": 0.0008465721039101481, "p75": 0.0012047862401232123, "p90": 0.0015244964743033065, "p95": 0.001717925234697759, "p99": 0.0022706320602446854, "p99.9": 0.003322270681615972, "max": 0.00398072530515492}, "send_duration": 26.27584984805435, "requested_rate": 55.0, "achieved_rate": 56.5157743169993}, "successes": {"count": 1485, "latency": {"request_latency": {"mean": 68.32764936536887, "min": 49.475416780100204, "p0.1": 49.759187814431264, "p1": 50.894521002708935, "p5": 52.74030610411428, "p10": 53.998587607056834, "p25": 57.509288924979046, "median": 66.46575575100724, "p75": 80.5649238229962, "p90": 84.16389509746804, "p95": 91.93902406655252, "p99": 92.78349410152528, "p99.9": 101.61862926350489, "max": 101.82363622798584}, "normalized_time_per_output_token": {"mean": 0.1486091555768474, "min": 0.031397953239849244, "p0.1": 0.04530595634161295, "p1": 0.05112495493133672, "p5": 0.0530102180452389, "p10": 0.05445665702568365, "p25": 0.05823824427300133, "median": 0.06983930691308342, "p75": 0.08249529421003535, "p90": 0.09269775522260461, "p95": 0.29474045752250244, "p99": 2.3462909782997317, "p99.9": 2.9415508387801976, "max": 3.567150592262371}, "time_per_output_token": {"mean": 0.033977785810653104, "min": 0.02464339039133706, "p0.1": 0.024646291076042305, "p1": 0.025321829892405917, "p5": 0.026212673110555557, "p10": 0.02682445009942048, "p25": 0.028643852348838733, "median": 0.03304369904098335, "p75": 0.0401138394287597, "p90": 0.041923485126328666, "p95": 0.04568546194381182, "p99": 0.04624439701272025, "p99.9": 0.050396415891362706, "max": 0.050596414137455255}, "time_to_first_token": {"mean": 0.28185459867218565, "min": 0.061123759020119905, "p0.1": 0.06258161686826497, "p1": 0.08019443280994892, "p5": 0.09061618163250387, "p10": 0.09909309302456677, "p25": 0.11641204997431487, "median": 0.14134499290958047, "p75": 0.17666121199727058, "p90": 0.33830322660505796, "p95": 0.6444725237553938, "p99": 1.097454713280314, "p99.9": 43.05166521126172, "max": 43.16968023101799}, "inter_token_latency": {"mean": 0.033977785810653104, "min": 2.760905772447586e-06, "p0.1": 3.8549769669771194e-06, "p1": 1.3542012311518192e-05, "p5": 2.020795363932848e-05, "p10": 2.5079934857785702e-05, "p25": 3.498105797916651e-05, "median": 0.00016762595623731613, "p75": 0.04884213500190526, "p90": 0.0635687040630728, "p95": 0.07185703460127113, "p99": 0.11204526581801476, "p99.9": 0.6197103284942016, "max": 43.033170753973536}}, "throughput": {"input_tokens_per_sec": 87909.58621867084, "output_tokens_per_sec": 10860.337120511702, "total_tokens_per_sec": 98769.92333918254, "requests_per_sec": 11.60446044827359}, "prompt_len": {"mean": 7575.499663299664, "min": 7470.0, "p0.1": 7472.904, "p1": 7508.0, "p5": 7530.0, "p10": 7539.0, "p25": 7556.0, "median": 7577.0, "p75": 7596.0, "p90": 7610.0, "p95": 7619.0, "p99": 7640.0, "p99.9": 7649.612000000001, "max": 7653.0}, "output_len": {"mean": 935.8760942760942, "min": 23.0, "p0.1": 24.451999999999998, "p1": 32.0, "p5": 228.20000000000016, "p10": 947.0, "p25": 991.0, "median": 997.0, "p75": 1000.0, "p90": 1000.0, "p95": 1000.0, "p99": 1000.0, "p99.9": 1515.420000000076, "max": 1998.0}}, "failures": {"count": 0, "request_latency": null, "prompt_len": null}}