{"load_summary": {"count": 1508, "schedule_delay": {"mean": 0.0008076226828336982, "min": -0.0009281547972932458, "p0.1": -0.00083046302665025, "p1": -0.00046045379946008325, "p5": -0.00012085030903108415, "p10": 5.968922050669804e-05, "p25": 0.0003981129848398268, "median": 0.000798356777522713, "p75": 0.0011935928487218916, "p90": 0.0015391534194350242, "p95": 0.0017472166800871491, "p99": 0.0022375254414509983, "p99.9": 0.003267009269562685, "max": 0.003986094146966934}, "send_duration": 27.60531740798615, "requested_rate": 52.0, "achieved_rate": 54.62715670727044}, "successes": {"count": 1508, "latency": {"request_latency": {"mean": 68.47491537129744, "min": 48.692800228018314, "p0.1": 48.80639284775674, "p1": 50.20750590628013, "p5": 52.074093703221294, "p10": 53.30915827761637, "p25": 57.273647371912375, "median": 66.59950696548913, "p75": 80.81534022995038, "p90": 84.56646824282362, "p95": 91.4035977724823, "p99": 93.88354045023101, "p99.9": 101.07670709945278, "max": 101.21447840996552}, "normalized_time_per_output_token": {"mean": 0.14131505869837382, "min": 0.04880526275793091, "p0.1": 0.04891272202731588, "p1": 0.05022223279452184, "p5": 0.05246082595314365, "p10": 0.05362935319078388, "p25": 0.05808004566955952, "median": 0.07041807670378468, "p75": 0.08337473232829928, "p90": 0.09221380207837727, "p95": 0.22011815424445996, "p99": 2.2264277329113504, "p99.9": 2.725568643967654, "max": 3.0836460123169482}, "time_per_output_token": {"mean": 0.033891660048460226, "min": 0.02412933839080359, "p0.1": 0.02412956354365134, "p1": 0.02501434862688321, "p5": 0.0258012847987143, "p10": 0.026395384223950418, "p25": 0.028524317457646678, "median": 0.03273932109945856, "p75": 0.04000306621617193, "p90": 0.04209760091774145, "p95": 0.04383786111651022, "p99": 0.046028861897118016, "p99.9": 0.046239717199259914, "max": 0.04682652686309741}, "time_to_first_token": {"mean": 0.6012935258755528, "min": 0.06826807395555079, "p0.1": 0.06969984668155667, "p1": 0.07804536321200431, "p5": 0.08867306298343465, "p10": 0.09597328082891181, "p25": 0.11252732871798798, "median": 0.1406433045049198, "p75": 0.17383172019617632, "p90": 0.26443438592832513, "p95": 0.5987410723697388, "p99": 1.2852555695059715, "p99.9": 43.00112281982334, "max": 43.04361469892319}, "inter_token_latency": {"mean": 0.033891660048460226, "min": 2.771965228021145e-06, "p0.1": 3.7094643339514733e-06, "p1": 1.3440032489597797e-05, "p5": 2.0174076780676842e-05, "p10": 2.50150915235281e-05, "p25": 3.486895002424717e-05, "median": 0.0001628460013307631, "p75": 0.04925963270943612, "p90": 0.06349612479098142, "p95": 0.07182690811459905, "p99": 0.11669343029498175, "p99.9": 0.49891486102866556, "max": 43.21506216702983}}, "throughput": {"input_tokens_per_sec": 88681.0739073547, "output_tokens_per_sec": 10984.345364967194, "total_tokens_per_sec": 99665.4192723219, "requests_per_sec": 11.706367402151624}, "prompt_len": {"mean": 7575.456233421751, "min": 7470.0, "p0.1": 7470.0, "p1": 7508.0, "p5": 7529.35, "p10": 7539.0, "p25": 7555.75, "median": 7577.0, "p75": 7596.0, "p90": 7610.0, "p95": 7619.0, "p99": 7640.0, "p99.9": 7649.451000000001, "max": 7653.0}, "output_len": {"mean": 938.3222811671087, "min": 19.0, "p0.1": 28.056, "p1": 33.0, "p5": 263.45000000000005, "p10": 953.7, "p25": 991.75, "median": 997.0, "p75": 1000.0, "p90": 1000.0, "p95": 1000.0, "p99": 1000.0, "p99.9": 1001.0, "max": 1008.0}}, "failures": {"count": 0, "request_latency": null, "prompt_len": null}}