{"load_summary": {"count": 600, "schedule_delay": {"mean": 0.0007160013539638991, "min": -0.0009333004127256572, "p0.1": -0.0009208402461954393, "p1": -0.0006231736310292035, "p5": -0.00014384526002686465, "p10": 2.8880103491246712e-05, "p25": 0.00031079165637493134, "median": 0.0007055890746414661, "p75": 0.0010882742499234155, "p90": 0.0014601056231185795, "p95": 0.0016923655668506395, "p99": 0.0020400069491006427, "p99.9": 0.004335298852064021, "max": 0.007061095675453544}, "send_duration": 59.95783877198119, "requested_rate": 10.0, "achieved_rate": 10.007031812500639}, "successes": {"count": 600, "latency": {"request_latency": {"mean": 1.08743306138349, "min": 0.7257033469504677, "p0.1": 0.737734248821158, "p1": 0.7689531107695075, "p5": 0.8227976486203261, "p10": 0.859106965502724, "p25": 0.9089468829915859, "median": 1.0285832684894558, "p75": 1.1840697052684845, "p90": 1.4092193913820665, "p95": 1.5752109557768563, "p99": 1.9670623448438707, "p99.9": 2.0441174805564235, "max": 2.0530033850227483}, "normalized_time_per_output_token": {"mean": 0.035269979395953485, "min": 0.023409785385498958, "p0.1": 0.0237978789942309, "p1": 0.024924672263629374, "p5": 0.026579353953110833, "p10": 0.027816056795868904, "p25": 0.029557349337753086, "median": 0.03325861059748868, "p75": 0.03837850056410272, "p90": 0.045617262696870664, "p95": 0.050838477158873914, "p99": 0.06345362402722163, "p99.9": 0.06593927356633623, "max": 0.06622591564589511}, "time_per_output_token": {"mean": 0.013555090017730975, "min": 0.010886520338845589, "p0.1": 0.01091906529375551, "p1": 0.011099063889724353, "p5": 0.011273192635816222, "p10": 0.011375200392062506, "p25": 0.011539520310414504, "median": 0.012749728403099242, "p75": 0.01426774832291431, "p90": 0.01692358205046114, "p95": 0.02007636924883568, "p99": 0.02519841164940097, "p99.9": 0.029880705544966548, "max": 0.03172856064573411}, "time_to_first_token": {"mean": 0.24132717947223378, "min": 0.04269767401274294, "p0.1": 0.043725281260092744, "p1": 0.049169218268361875, "p5": 0.06492785923765042, "p10": 0.077072023821529, "p25": 0.12781189524685033, "median": 0.17778945897589438, "p75": 0.3063166637730319, "p90": 0.4846538059064188, "p95": 0.583531952058547, "p99": 0.9225888785393904, "p99.9": 1.1648933766151959, "max": 1.221643123019021}, "inter_token_latency": {"mean": 0.013555090017730973, "min": 1.2401025742292404e-05, "p0.1": 1.4579782728105784e-05, "p1": 1.621290750335902e-05, "p5": 2.9307667864486576e-05, "p10": 3.781570121645928e-05, "p25": 4.487377009354532e-05, "median": 7.662747520953417e-05, "p75": 0.02446002200304065, "p90": 0.02532713437685743, "p95": 0.02589923035702668, "p99": 0.11443428730301104, "p99.9": 0.33718422013264276, "max": 0.5866831950261258}}, "throughput": {"input_tokens_per_sec": 14205.879345815913, "output_tokens_per_sec": 304.7512067767937, "total_tokens_per_sec": 14510.630552592705, "requests_per_sec": 9.881686341659979}, "prompt_len": {"mean": 1437.5966666666666, "min": 12.0, "p0.1": 26.975, "p1": 88.89, "p5": 270.0, "p10": 377.0, "p25": 734.75, "median": 1631.5, "p75": 2013.75, "p90": 2207.6000000000004, "p95": 2343.2999999999997, "p99": 2619.959999999999, "p99.9": 5793.791000000363, "max": 9023.0}, "output_len": {"mean": 30.84, "min": 25.0, "p0.1": 25.599, "p1": 28.0, "p5": 29.950000000000003, "p10": 31.0, "p25": 31.0, "median": 31.0, "p75": 31.0, "p90": 31.0, "p95": 31.0, "p99": 31.0, "p99.9": 31.0, "max": 31.0}}, "failures": {"count": 0, "request_latency": null, "prompt_len": null}}