{"load_summary": {"count": 225, "schedule_delay": {"mean": 0.000980247044418421, "min": -0.0006758701638318598, "p0.1": -0.0006413483456708491, "p1": -0.00047273882199078794, "p5": 1.7292378470301678e-05, "p10": 0.0002181900548748672, "p25": 0.0005153841339051723, "median": 0.0008626877097412944, "p75": 0.001400040928274393, "p90": 0.0019640693091787396, "p95": 0.0022469303687103082, "p99": 0.002684755634982138, "p99.9": 0.00547241007396955, "max": 0.006263525516260415}, "send_duration": 24.768383462971542, "requested_rate": 9.0, "achieved_rate": 9.084161682831361}, "successes": {"count": 225, "latency": {"request_latency": {"mean": 1.125639550358885, "min": 0.7327224500477314, "p0.1": 0.7349216396901757, "p1": 0.7534868880640715, "p5": 0.8029092151904479, "p10": 0.8215830066241324, "p25": 0.8960057710064575, "median": 1.0050356239662506, "p75": 1.141621671966277, "p90": 1.510791448818054, "p95": 2.008000280999112, "p99": 2.982909907978028, "p99.9": 3.138039167371579, "max": 3.141146920970641}, "normalized_time_per_output_token": {"mean": 0.03655353876619903, "min": 0.02363620806605585, "p0.1": 0.023762641050402194, "p1": 0.024661635494821012, "p5": 0.025939134690880536, "p10": 0.02657113964631853, "p25": 0.02906901093627957, "median": 0.03265247967717568, "p75": 0.03726501664665017, "p90": 0.04873520802638884, "p95": 0.06477420261287459, "p99": 0.09976539691436971, "p99.9": 0.10248006289650494, "max": 0.10281281341429285}, "time_per_output_token": {"mean": 0.01312765029830671, "min": 0.010778809629095297, "p0.1": 0.01081139306301972, "p1": 0.010964222410768871, "p5": 0.011227441090534652, "p10": 0.011306945267396288, "p25": 0.011465084871404895, "median": 0.012171195984269762, "p75": 0.013636101516068823, "p90": 0.01644720755810398, "p95": 0.01861695234209388, "p99": 0.020957817350206295, "p99.9": 0.028775503561959712, "max": 0.029216553708876394}, "time_to_first_token": {"mean": 0.3034970039538004, "min": 0.04788479098351672, "p0.1": 0.04802777331927791, "p1": 0.05128383610863239, "p5": 0.055207165621686725, "p10": 0.07297478823456914, "p25": 0.11861591099295765, "median": 0.18379351100884378, "p75": 0.3190405660425313, "p90": 0.6148273409809916, "p95": 1.1975065665785223, "p99": 1.6353087508003217, "p99.9": 1.7749917723210544, "max": 1.8073285809950903}, "inter_token_latency": {"mean": 0.013127650298306712, "min": 1.3020995538681746e-05, "p0.1": 1.4383374596945942e-05, "p1": 1.6629796591587364e-05, "p5": 3.1671510078012945e-05, "p10": 3.785266890190542e-05, "p25": 4.496447218116373e-05, "median": 7.73390056565404e-05, "p75": 0.0243275797838578, "p90": 0.02521362379193306, "p95": 0.02587798558815848, "p99": 0.05877758838643806, "p99.9": 0.31869811227560274, "max": 0.5692501169978641}}, "throughput": {"input_tokens_per_sec": 12043.227278407938, "output_tokens_per_sec": 270.3482158403155, "total_tokens_per_sec": 12313.575494248253, "requests_per_sec": 8.773741318919802}, "prompt_len": {"mean": 1372.6444444444444, "min": 11.0, "p0.1": 18.392, "p1": 75.88, "p5": 197.8, "p10": 263.4, "p25": 580.0, "median": 1517.0, "p75": 1995.0, "p90": 2241.4, "p95": 2352.6, "p99": 3012.5999999999995, "p99.9": 5719.576000000005, "max": 5815.0}, "output_len": {"mean": 30.813333333333333, "min": 24.0, "p0.1": 24.224, "p1": 25.48, "p5": 31.0, "p10": 31.0, "p25": 31.0, "median": 31.0, "p75": 31.0, "p90": 31.0, "p95": 31.0, "p99": 31.0, "p99.9": 31.0, "max": 31.0}}, "failures": {"count": 0, "request_latency": null, "prompt_len": null}}