{"load_summary": {"count": 900, "schedule_delay": {"mean": 0.0006999876623093668, "min": -0.0008300808258354664, "p0.1": -0.0007929748677415774, "p1": -0.0005334647453855723, "p5": -0.00020278635493014007, "p10": -2.4957407731562853e-05, "p25": 0.0002985256869578734, "median": 0.0006997985183261335, "p75": 0.0010811841784743592, "p90": 0.0014018989051692188, "p95": 0.0015676994051318615, "p99": 0.0019333553937030956, "p99.9": 0.003974642002955447, "max": 0.00691186502808705}, "send_duration": 59.858857165963855, "requested_rate": 15.0, "achieved_rate": 15.03536890964477}, "successes": {"count": 900, "latency": {"request_latency": {"mean": 1.439672576932741, "min": 0.76395189500181, "p0.1": 0.7738397065114113, "p1": 0.8066892724944046, "p5": 0.8993405922286911, "p10": 0.9774109792953822, "p25": 1.1010572609957308, "median": 1.3039537529693916, "p75": 1.6418376754736528, "p90": 2.1190007775148842, "p95": 2.559385796662536, "p99": 2.814070777551969, "p99.9": 3.060467104848359, "max": 3.0685821450315416}, "normalized_time_per_output_token": {"mean": 0.046743275724409776, "min": 0.02464360951618742, "p0.1": 0.024962571177787465, "p1": 0.026275057914561684, "p5": 0.02918610780175039, "p10": 0.03180433606330846, "p25": 0.035656738693491674, "median": 0.042716112467572995, "p75": 0.05319771662940301, "p90": 0.06835486379080272, "p95": 0.08278281563703314, "p99": 0.09327214030314088, "p99.9": 0.09946186512196722, "max": 0.10369290015893057}, "time_per_output_token": {"mean": 0.016331053146417335, "min": 0.011078258290992028, "p0.1": 0.011122269865055944, "p1": 0.011317969734063222, "p5": 0.011450710021346178, "p10": 0.011560692339234294, "p25": 0.011862530483349766, "median": 0.014616831201560525, "p75": 0.0185958527626128, "p90": 0.023798134281852047, "p95": 0.02891627651148273, "p99": 0.03897812718156567, "p99.9": 0.04431639974021788, "max": 0.046345684919581416}, "time_to_first_token": {"mean": 0.4210616091029563, "min": 0.03948010504245758, "p0.1": 0.04174428863357753, "p1": 0.04955999659723602, "p5": 0.06856761179515161, "p10": 0.10198749750852586, "p25": 0.17277748223568778, "median": 0.3315855684923008, "p75": 0.5587650559755275, "p90": 0.8641718697967008, "p95": 1.146027302878792, "p99": 1.6594722322036977, "p99.9": 1.755631094182732, "max": 1.8108393359580077}, "inter_token_latency": {"mean": 0.016331053146417335, "min": 1.0107993148267269e-05, "p0.1": 1.3418566843029112e-05, "p1": 1.5720928204245865e-05, "p5": 2.030592877417803e-05, "p10": 3.446568152867258e-05, "p25": 4.2384766857139766e-05, "median": 7.357652066275477e-05, "p75": 0.024817520490614697, "p90": 0.025866013683844356, "p95": 0.02673425016982946, "p99": 0.20470701098965988, "p99.9": 0.5690465990811937, "max": 0.6755900490097702}}, "throughput": {"input_tokens_per_sec": 22733.200686321703, "output_tokens_per_sec": 455.9205576175598, "total_tokens_per_sec": 23189.121243939266, "requests_per_sec": 14.798344700512256}, "prompt_len": {"mean": 1536.1988888888889, "min": 11.0, "p0.1": 11.0, "p1": 42.99, "p5": 161.0, "p10": 307.70000000000005, "p25": 781.75, "median": 1830.5, "p75": 2090.5, "p90": 2298.1, "p95": 2453.2, "p99": 3104.1899999999996, "p99.9": 7898.550000001415, "max": 19181.0}, "output_len": {"mean": 30.808888888888887, "min": 19.0, "p0.1": 21.697, "p1": 28.0, "p5": 29.0, "p10": 31.0, "p25": 31.0, "median": 31.0, "p75": 31.0, "p90": 31.0, "p95": 31.0, "p99": 31.0, "p99.9": 31.0, "max": 31.0}}, "failures": {"count": 0, "request_latency": null, "prompt_len": null}}