{"load_summary": {"count": 300, "schedule_delay": {"mean": 0.0007680884960185115, "min": -0.0009121352341026068, "p0.1": -0.0008398811772931368, "p1": -0.0006275712593924255, "p5": -7.801075116731224e-05, "p10": 8.042092667892577e-05, "p25": 0.00038418399344664067, "median": 0.0007852948911022395, "p75": 0.001113432546844706, "p90": 0.0014557887800037868, "p95": 0.0016749193920986732, "p99": 0.0018828445527469735, "p99.9": 0.0020833207310643085, "max": 0.002132783643901348}, "send_duration": 59.9630435850122, "requested_rate": 5.0, "achieved_rate": 5.003081599330044}, "successes": {"count": 300, "latency": {"request_latency": {"mean": 0.9400202790717594, "min": 0.7367534440127201, "p0.1": 0.7389271874666447, "p1": 0.7480808548402273, "p5": 0.7634184405236738, "p10": 0.7896666998160071, "p25": 0.836074881022796, "median": 0.8870023779745679, "p75": 0.9982897505105939, "p90": 1.126197332330048, "p95": 1.216935826567351, "p99": 1.436684760071796, "p99.9": 2.745781031751659, "max": 2.789289047999773}, "normalized_time_per_output_token": {"mean": 0.030477081707298848, "min": 0.024000757709971718, "p0.1": 0.02401421217015764, "p1": 0.02413603964866319, "p5": 0.02467422488074179, "p10": 0.02560222480603824, "p25": 0.02712861934701176, "median": 0.028699772709402285, "p75": 0.032263012282783166, "p90": 0.03649743150923431, "p95": 0.039255994405398426, "p99": 0.04634466967973535, "p99.9": 0.08857358166940836, "max": 0.08997706606450881}, "time_per_output_token": {"mean": 0.012133346742218717, "min": 0.010942636661404263, "p0.1": 0.010947187566669703, "p1": 0.010998522029953047, "p5": 0.011107338472568024, "p10": 0.011183528472564274, "p25": 0.011279568161567553, "median": 0.011483292346970448, "p75": 0.012499068652921837, "p90": 0.013743764529241281, "p95": 0.015201774780308049, "p99": 0.017459118575620044, "p99.9": 0.02010733681895603, "max": 0.020909294822148136}, "time_to_first_token": {"mean": 0.18181869277032092, "min": 0.04439470899524167, "p0.1": 0.044638888543180655, "p1": 0.04671262315125205, "p5": 0.05194490257126745, "p10": 0.06605045853066258, "p25": 0.10450742072134744, "median": 0.15630705349030904, "p75": 0.18848041901947, "p90": 0.30460676510119816, "p95": 0.39171105243149223, "p99": 0.5825480772706143, "p99.9": 1.8600449239864263, "max": 1.8812382410396822}, "inter_token_latency": {"mean": 0.012133346742218715, "min": 1.317198621109128e-05, "p0.1": 1.527958147926256e-05, "p1": 1.693392521701753e-05, "p5": 3.648852580226958e-05, "p10": 4.125967971049249e-05, "p25": 4.778295988216996e-05, "median": 7.937851478345692e-05, "p75": 0.024200933243264444, "p90": 0.025019637914374473, "p95": 0.02553814426064491, "p99": 0.02772267334046772, "p99.9": 0.16913341417414168, "max": 0.47921471402514726}}, "throughput": {"input_tokens_per_sec": 7568.14302952629, "output_tokens_per_sec": 152.12512976929634, "total_tokens_per_sec": 7720.268159295587, "requests_per_sec": 4.930589772124989}, "prompt_len": {"mean": 1534.9366666666667, "min": 11.0, "p0.1": 13.392, "p1": 62.7, "p5": 227.9, "p10": 357.00000000000006, "p25": 830.75, "median": 1750.0, "p75": 2068.25, "p90": 2242.2000000000003, "p95": 2372.1, "p99": 2654.6999999999994, "p99.9": 15624.772000000401, "max": 21118.0}, "output_len": {"mean": 30.85333333333333, "min": 22.0, "p0.1": 23.495, "p1": 28.0, "p5": 31.0, "p10": 31.0, "p25": 31.0, "median": 31.0, "p75": 31.0, "p90": 31.0, "p95": 31.0, "p99": 31.0, "p99.9": 31.0, "max": 31.0}}, "failures": {"count": 0, "request_latency": null, "prompt_len": null}}