{"load_summary": {"count": 1800, "schedule_delay": {"mean": 0.0007240692353419339, "min": -0.0013214291539043188, "p0.1": -0.0011865177690633573, "p1": -0.0005953525740187615, "p5": -0.00022167191200423984, "p10": -1.974998158402738e-05, "p25": 0.00031037090229801834, "median": 0.0006851654907222837, "p75": 0.0010409809328848496, "p90": 0.0013707344885915522, "p95": 0.001575186997069977, "p99": 0.0021305924328044058, "p99.9": 0.011366623795475518, "max": 0.03462574747391045}, "send_duration": 59.96243052300997, "requested_rate": 30.0, "achieved_rate": 30.018796508077976}, "successes": {"count": 1800, "latency": {"request_latency": {"mean": 3.721036171564257, "min": 1.005935535999015, "p0.1": 1.053504218115413, "p1": 1.1835607863636688, "p5": 1.565578132684459, "p10": 2.045031794911483, "p25": 2.6724519412673544, "median": 3.5859238950069994, "p75": 4.618411550036399, "p90": 5.502625202178024, "p95": 6.247461743789607, "p99": 7.785930411599693, "p99.9": 8.144992094120305, "max": 8.170726039039437}, "normalized_time_per_output_token": {"mean": 0.12107732880613241, "min": 0.032449533419323065, "p0.1": 0.03398400703598107, "p1": 0.03817938020527964, "p5": 0.05101364073287245, "p10": 0.06633235515609774, "p25": 0.08678814136205361, "median": 0.11630515683810377, "p75": 0.14943316642658772, "p90": 0.17880000347786046, "p95": 0.20327741196294571, "p99": 0.25190283496464194, "p99.9": 0.2900129332535291, "max": 0.31097323008114475}, "time_per_output_token": {"mean": 0.03909283126219591, "min": 0.011502159484324136, "p0.1": 0.011719862744756674, "p1": 0.011837810389519175, "p5": 0.012337280542077122, "p10": 0.01276196473702458, "p25": 0.020015002761811635, "median": 0.0344204888787053, "p75": 0.05263950942683169, "p90": 0.0706154271446717, "p95": 0.08152697891970503, "p99": 0.11326081593725602, "p99.9": 0.12770724549146478, "max": 0.1297900098218252}, "time_to_first_token": {"mean": 1.2909452557735819, "min": 0.043135407962836325, "p0.1": 0.04733797355054412, "p1": 0.07321098880027421, "p5": 0.17316411800566128, "p10": 0.2965629879152402, "p25": 0.6730714084842475, "median": 1.1899185180373024, "p75": 1.7683153067773674, "p90": 2.418889435392339, "p95": 2.7531579489528664, "p99": 3.5934808084380347, "p99.9": 4.007594894003769, "max": 4.030814839003142}, "inter_token_latency": {"mean": 0.03909283126219592, "min": 8.834002073854208e-06, "p0.1": 1.1897173244506121e-05, "p1": 1.4027988072484732e-05, "p5": 1.726299524307251e-05, "p10": 2.269677934236825e-05, "p25": 3.93519876524806e-05, "median": 8.731149137020111e-05, "p75": 0.026675181463360786, "p90": 0.029755051078973353, "p95": 0.25494190246099585, "p99": 0.5797935837419936, "p99.9": 0.5901703427649923, "max": 0.8132597919902764}}, "throughput": {"input_tokens_per_sec": 41851.768396291416, "output_tokens_per_sec": 888.3633868179339, "total_tokens_per_sec": 42740.131783109355, "requests_per_sec": 28.879952613778123}, "prompt_len": {"mean": 1449.1633333333334, "min": 3.0, "p0.1": 11.0, "p1": 41.99, "p5": 205.85000000000002, "p10": 313.0, "p25": 727.75, "median": 1719.5, "p75": 2022.25, "p90": 2216.2000000000003, "p95": 2351.05, "p99": 2832.979999999999, "p99.9": 6480.486000000072, "max": 12406.0}, "output_len": {"mean": 30.760555555555555, "min": 22.0, "p0.1": 22.0, "p1": 25.0, "p5": 28.0, "p10": 31.0, "p25": 31.0, "median": 31.0, "p75": 31.0, "p90": 31.0, "p95": 31.0, "p99": 31.0, "p99.9": 31.0, "max": 31.0}}, "failures": {"count": 0, "request_latency": null, "prompt_len": null}}