{"load_summary": {"count": 480, "schedule_delay": {"mean": 0.0007551594095275505, "min": -0.0005899564712308347, "p0.1": -0.0005894560546148568, "p1": -0.0004372055281419307, "p5": -0.00016399147862102836, "p10": -3.0281813815236087e-05, "p25": 0.00030344256083481014, "median": 0.0007462661014869809, "p75": 0.0011060901160817593, "p90": 0.0014839458919595927, "p95": 0.0016796247131424021, "p99": 0.0020397674245759842, "p99.9": 0.0068336778658562025, "max": 0.009106075100135058}, "send_duration": 59.96403111098334, "requested_rate": 8.0, "achieved_rate": 8.004798728617839}, "successes": {"count": 480, "latency": {"request_latency": {"mean": 1.010846152455997, "min": 0.7282890010392293, "p0.1": 0.7353084494949435, "p1": 0.7477120616182219, "p5": 0.7754721246135887, "p10": 0.8005245500069578, "p25": 0.8765158269816311, "median": 0.9653196200088132, "p75": 1.0943873039796017, "p90": 1.2907283306180033, "p95": 1.4219864894403142, "p99": 1.6956466905830891, "p99.9": 1.7654055871191092, "max": 1.7700701940339059}, "normalized_time_per_output_token": {"mean": 0.03300794325558777, "min": 0.023493193581910623, "p0.1": 0.02371962740306269, "p1": 0.02426353759862738, "p5": 0.025150089580546917, "p10": 0.02641508433134145, "p25": 0.028552920572110452, "median": 0.031424708177162815, "p75": 0.03581471316095802, "p90": 0.04242559292507659, "p95": 0.048147377726723936, "p99": 0.0550068387054365, "p99.9": 0.05694856732642288, "max": 0.05709903851722277}, "time_per_output_token": {"mean": 0.01286920743958974, "min": 0.01089845369419744, "p0.1": 0.010967632473393855, "p1": 0.01107821504805132, "p5": 0.011193897312454458, "p10": 0.011278947166377498, "p25": 0.011447179854580863, "median": 0.011846511628978224, "p75": 0.013588835399376319, "p90": 0.015453776359114976, "p95": 0.01687868920557629, "p99": 0.023070046598778936, "p99.9": 0.025872503691965063, "max": 0.026136907612747184}, "time_to_first_token": {"mean": 0.20724229691695656, "min": 0.03984414000296965, "p0.1": 0.04002266951370984, "p1": 0.04506165093684103, "p5": 0.05216412048030179, "p10": 0.06402382549131289, "p25": 0.10809820174472407, "median": 0.16715910049970262, "p75": 0.23403887327003758, "p90": 0.44119779300526735, "p95": 0.5624377564265157, "p99": 0.8017367915343488, "p99.9": 0.9366231176374171, "max": 0.963853198045399}, "inter_token_latency": {"mean": 0.012869207439589738, "min": 1.3229029718786478e-05, "p0.1": 1.4986619353294373e-05, "p1": 1.6398149309679866e-05, "p5": 3.35056654876098e-05, "p10": 3.900600131601095e-05, "p25": 4.642497515305877e-05, "median": 7.936250767670572e-05, "p75": 0.024339886498637497, "p90": 0.02521545990020968, "p95": 0.025839719257783143, "p99": 0.05979545281326864, "p99.9": 0.29178029721655907, "max": 0.5704584089689888}}, "throughput": {"input_tokens_per_sec": 11516.687986574841, "output_tokens_per_sec": 242.3046599240925, "total_tokens_per_sec": 11758.992646498933, "requests_per_sec": 7.899628931845712}, "prompt_len": {"mean": 1457.8770833333333, "min": 11.0, "p0.1": 12.916, "p1": 40.69, "p5": 170.70000000000002, "p10": 281.30000000000007, "p25": 749.5, "median": 1688.5, "p75": 2057.25, "p90": 2239.4, "p95": 2378.0, "p99": 2854.4299999999985, "p99.9": 7529.71700000048, "max": 10728.0}, "output_len": {"mean": 30.672916666666666, "min": 19.0, "p0.1": 20.437, "p1": 25.0, "p5": 28.0, "p10": 31.0, "p25": 31.0, "median": 31.0, "p75": 31.0, "p90": 31.0, "p95": 31.0, "p99": 31.0, "p99.9": 31.0, "max": 31.0}}, "failures": {"count": 0, "request_latency": null, "prompt_len": null}}