{"load_summary": {"count": 1500, "schedule_delay": {"mean": 0.0007015947550535202, "min": -0.001156764046754688, "p0.1": -0.0008395477929734625, "p1": -0.0005607400613371283, "p5": -0.00021946777997072786, "p10": -2.8167921118438234e-05, "p25": 0.00027948906063102186, "median": 0.0006740645039826632, "p75": 0.0010544061806285754, "p90": 0.0014088658441323793, "p95": 0.0016217786673223598, "p99": 0.002032515294267796, "p99.9": 0.010211542702164416, "max": 0.014250191452447325}, "send_duration": 59.990465762035456, "requested_rate": 25.0, "achieved_rate": 25.00397323051398}, "successes": {"count": 1500, "latency": {"request_latency": {"mean": 2.1765892160430473, "min": 0.7717242770013399, "p0.1": 0.7874680403376697, "p1": 0.9679682501772185, "p5": 1.149100596102653, "p10": 1.2625199559959583, "p25": 1.5848594210110605, "median": 2.059543710987782, "p75": 2.5076443505095085, "p90": 3.0197619396960396, "p95": 3.749467039096633, "p99": 5.5502543687622525, "p99.9": 5.94242998474453, "max": 5.96275505295489}, "normalized_time_per_output_token": {"mean": 0.07244640880190434, "min": 0.024894331516172256, "p0.1": 0.02540219484960225, "p1": 0.031224782263781246, "p5": 0.037207697545114396, "p10": 0.041282751419461305, "p25": 0.05201082447892986, "median": 0.06734672116093157, "p75": 0.08188319268529379, "p90": 0.1028899153281424, "p95": 0.13785127108670664, "p99": 0.18332548955010225, "p99.9": 0.1923331267077292, "max": 0.19362493509834167}, "time_per_output_token": {"mean": 0.022013639559638837, "min": 0.011087664564500653, "p0.1": 0.011221218236542735, "p1": 0.011620413235843093, "p5": 0.011763214930702348, "p10": 0.011897316710054574, "p25": 0.012933398834701942, "median": 0.018579158992055922, "p75": 0.027165399193754346, "p90": 0.03619833636602706, "p95": 0.042037608945458715, "p99": 0.05999234962756856, "p99.9": 0.08606954821829324, "max": 0.09319138825747124}, "time_to_first_token": {"mean": 0.8058689549115952, "min": 0.043045282014645636, "p0.1": 0.043585358835174705, "p1": 0.053177448878413996, "p5": 0.11969305882812478, "p10": 0.17075770192896017, "p25": 0.34981883951695636, "median": 0.6967588694824371, "p75": 1.1245118574879598, "p90": 1.4488967249926652, "p95": 1.7686557026987417, "p99": 3.0959272682736625, "p99.9": 4.3691155686093905, "max": 4.422867946035694}, "inter_token_latency": {"mean": 0.022013639559638837, "min": 9.165960364043713e-06, "p0.1": 1.2119004619307815e-05, "p1": 1.4722915366292e-05, "p5": 1.8057945999316873e-05, "p10": 2.5276571977883575e-05, "p25": 4.069798160344362e-05, "median": 7.915249443612993e-05, "p75": 0.025507912505418062, "p90": 0.02660587208229117, "p95": 0.027849730118759908, "p99": 0.5549161689152242, "p99.9": 0.5827064625095228, "max": 0.6190794699941762}}, "throughput": {"input_tokens_per_sec": 32602.298478012253, "output_tokens_per_sec": 714.5218053594446, "total_tokens_per_sec": 33316.8202833717, "requests_per_sec": 23.508130988751684}, "prompt_len": {"mean": 1386.852, "min": 11.0, "p0.1": 11.998000000000001, "p1": 60.97, "p5": 205.95, "p10": 309.8, "p25": 672.75, "median": 1561.0, "p75": 2007.25, "p90": 2185.2000000000003, "p95": 2325.6499999999996, "p99": 2735.05, "p99.9": 4526.480000000098, "max": 8158.0}, "output_len": {"mean": 30.394666666666666, "min": 16.0, "p0.1": 20.0, "p1": 20.0, "p5": 28.0, "p10": 30.0, "p25": 31.0, "median": 31.0, "p75": 31.0, "p90": 31.0, "p95": 31.0, "p99": 31.0, "p99.9": 31.0, "max": 31.0}}, "failures": {"count": 0, "request_latency": null, "prompt_len": null}}