{"load_summary": {"count": 120, "schedule_delay": {"mean": 0.0007952809459917868, "min": -0.0004530248115770519, "p0.1": -0.0004444515443756245, "p1": -0.0003719544631894678, "p5": -0.0001938634581165388, "p10": 9.121817420236768e-05, "p25": 0.0004522323579294607, "median": 0.0008010697783902287, "p75": 0.0011654188274405897, "p90": 0.0014844663906842471, "p95": 0.001675148491631262, "p99": 0.001955905531649478, "p99.9": 0.0020888157117879037, "max": 0.0021045964094810188}, "send_duration": 59.93554715800565, "requested_rate": 2.0, "achieved_rate": 2.002150738419871}, "successes": {"count": 120, "latency": {"request_latency": {"mean": 0.8607248627236307, "min": 0.7418135949992575, "p0.1": 0.7418497254198883, "p1": 0.7422594701102935, "p5": 0.7539454349491279, "p10": 0.7583795333979652, "p25": 0.7896442995115649, "median": 0.8473895929928403, "p75": 0.8987815909931669, "p90": 1.0041379113856237, "p95": 1.016899904620368, "p99": 1.1355885275115727, "p99.9": 1.188478377416556, "max": 1.1938793499721214}, "normalized_time_per_output_token": {"mean": 0.02804787073883807, "min": 0.023929470806427662, "p0.1": 0.023930636303867363, "p1": 0.023943853874525595, "p5": 0.024320820482229933, "p10": 0.02446385591606339, "p25": 0.025559044129031167, "median": 0.027596916418500064, "p75": 0.029654352685845937, "p90": 0.0327103816260088, "p95": 0.03416797489921394, "p99": 0.03683393367009776, "p99.9": 0.03833801217472761, "max": 0.03851223709587488}, "time_per_output_token": {"mean": 0.011565872909697099, "min": 0.010848841290064757, "p0.1": 0.010855113135200115, "p1": 0.010912489000756684, "p5": 0.011017182405574262, "p10": 0.011060482248543732, "p25": 0.011149173774268297, "median": 0.011264976879183743, "p75": 0.011424665475891332, "p90": 0.012463767535612744, "p95": 0.013680837996493679, "p99": 0.015263441241995974, "p99.9": 0.01745636751444548, "max": 0.017726205661141824}, "time_to_first_token": {"mean": 0.13809127978165633, "min": 0.045480387983843684, "p0.1": 0.04558664582547499, "p1": 0.046706921192235316, "p5": 0.0535191233328078, "p10": 0.058997733797878024, "p25": 0.085481191490544, "median": 0.14246186698437668, "p75": 0.1720743837649934, "p90": 0.22532472962047906, "p95": 0.25587336242897435, "p99": 0.2979887410416268, "p99.9": 0.3104976609498264, "max": 0.3116542359930463}, "inter_token_latency": {"mean": 0.011565872909697099, "min": 1.3395037967711687e-05, "p0.1": 1.52669963426888e-05, "p1": 1.6742723528295755e-05, "p5": 3.847843036055565e-05, "p10": 4.4015294406563044e-05, "p25": 4.862653440795839e-05, "median": 8.225551573559642e-05, "p75": 0.023912716991617344, "p90": 0.024716478126356377, "p95": 0.025196440453873946, "p99": 0.026437251294846646, "p99.9": 0.15444461620395306, "max": 0.20559220999712124}}, "throughput": {"input_tokens_per_sec": 2779.316911500439, "output_tokens_per_sec": 60.6456246013948, "total_tokens_per_sec": 2839.9625361018334, "requests_per_sec": 1.974355657126255}, "prompt_len": {"mean": 1407.7083333333333, "min": 65.0, "p0.1": 68.689, "p1": 96.19, "p5": 231.25, "p10": 368.9, "p25": 716.0, "median": 1609.0, "p75": 1978.5, "p90": 2217.5000000000005, "p95": 2509.9, "p99": 2800.8000000000006, "p99.9": 2859.286, "max": 2860.0}, "output_len": {"mean": 30.716666666666665, "min": 28.0, "p0.1": 28.0, "p1": 28.0, "p5": 28.0, "p10": 30.8, "p25": 31.0, "median": 31.0, "p75": 31.0, "p90": 31.0, "p95": 31.0, "p99": 31.0, "p99.9": 31.0, "max": 31.0}}, "failures": {"count": 0, "request_latency": null, "prompt_len": null}}