{
    "load_summary": {
        "count": 2400,
        "schedule_delay": {
            "mean": 0.0006807312455930514,
            "min": -0.001509708003140986,
            "p0.1": -0.0008434069976210594,
            "p1": -0.0005595616105711087,
            "p5": -0.0002702585101360455,
            "p10": -5.0180632388219235e-05,
            "p25": 0.0002804529794957489,
            "median": 0.0006578451138921082,
            "p75": 0.001039247988956049,
            "p90": 0.0013650353532284494,
            "p95": 0.0015632074180757622,
            "p99": 0.0019964644592255303,
            "p99.9": 0.008913066815992472,
            "max": 0.01114686467917636
        },
        "send_duration": 59.99068247503601,
        "requested_rate": 40.0,
        "achieved_rate": 40.006212648084386
    },
    "successes": {
        "count": 2399,
        "latency": {
            "request_latency": {
                "mean": 15.662417255771613,
                "min": 0.8642802740214393,
                "p0.1": 0.9086423708650982,
                "p1": 2.5543524932477157,
                "p5": 4.364680012239842,
                "p10": 5.842518656596075,
                "p25": 9.461416141013615,
                "median": 18.360422000987455,
                "p75": 20.605408750998322,
                "p90": 21.99567362399539,
                "p95": 22.57651063716039,
                "p99": 23.62882861791062,
                "p99.9": 24.8592470641603,
                "max": 25.3790253099869
            },
            "normalized_time_per_output_token": {
                "mean": 0.510416155892205,
                "min": 0.027880008839401265,
                "p0.1": 0.02931104422145478,
                "p1": 0.08239846752411986,
                "p5": 0.14192899167293593,
                "p10": 0.1889367756636573,
                "p25": 0.3069519210323286,
                "median": 0.5959292371276645,
                "p75": 0.6698252285160349,
                "p90": 0.7135110969745343,
                "p95": 0.74201815296509,
                "p99": 0.8122168730254626,
                "p99.9": 0.8951639042850906,
                "max": 1.3041251511276641
            },
            "time_per_output_token": {
                "mean": 0.19625484662100662,
                "min": 0.011469970983941289,
                "p0.1": 0.01191861685991077,
                "p1": 0.016107766607648604,
                "p5": 0.03162416315500459,
                "p10": 0.05185814026101012,
                "p25": 0.09082386954058518,
                "median": 0.25247359075846393,
                "p75": 0.27501187433869834,
                "p90": 0.2762330149544493,
                "p95": 0.2771888779123284,
                "p99": 0.2774443537694019,
                "p99.9": 0.2775847652753395,
                "max": 0.27767408024162926
            },
            "time_to_first_token": {
                "mean": 3.4877354946261785,
                "min": 0.05032005504472181,
                "p0.1": 0.07444035984540824,
                "p1": 0.1609430499561131,
                "p5": 0.6084155063959771,
                "p10": 0.9061549613950775,
                "p25": 1.912892742519034,
                "median": 3.4337370049906895,
                "p75": 4.900754886504728,
                "p90": 6.042705104197376,
                "p95": 6.803310499573126,
                "p99": 8.167828096847515,
                "p99.9": 9.441048627852483,
                "max": 9.634921254008077
            },
            "inter_token_latency": {
                "mean": 0.19625484662100662,
                "min": 7.603026460856199e-06,
                "p0.1": 1.108764176024124e-05,
                "p1": 1.2944352929480374e-05,
                "p5": 1.6761012375354767e-05,
                "p10": 2.18150089494884e-05,
                "p25": 3.417697735130787e-05,
                "median": 0.0001007849641609937,
                "p75": 0.5789195762336021,
                "p90": 0.5884730386955198,
                "p95": 0.5922622201993363,
                "p99": 0.5990624681179179,
                "p99.9": 0.7093623189579232,
                "max": 0.9035029630176723
            }
        },
        "throughput": {
            "input_tokens_per_sec": 49201.328555662425,
            "output_tokens_per_sec": 1078.1636548598228,
            "total_tokens_per_sec": 50279.49221052225,
            "requests_per_sec": 35.05522346319954
        },
        "prompt_len": {
            "mean": 1403.5377240516882,
            "min": 7.0,
            "p0.1": 9.398,
            "p1": 32.900000000000006,
            "p5": 200.9,
            "p10": 312.0,
            "p25": 685.0,
            "median": 1554.0,
            "p75": 2016.5,
            "p90": 2211.2000000000003,
            "p95": 2335.2,
            "p99": 2703.3999999999987,
            "p99.9": 7442.4420000018745,
            "max": 22278.0
        },
        "output_len": {
            "mean": 30.75614839516465,
            "min": 16.0,
            "p0.1": 19.398,
            "p1": 25.0,
            "p5": 28.0,
            "p10": 31.0,
            "p25": 31.0,
            "median": 31.0,
            "p75": 31.0,
            "p90": 31.0,
            "p95": 31.0,
            "p99": 31.0,
            "p99.9": 31.0,
            "max": 31.0
        }
    },
    "failures": {
        "count": 1,
        "request_latency": {
            "mean": 0.7651429390534759,
            "min": 0.7651429390534759,
            "p0.1": 0.7651429390534759,
            "p1": 0.7651429390534759,
            "p5": 0.7651429390534759,
            "p10": 0.7651429390534759,
            "p25": 0.7651429390534759,
            "median": 0.7651429390534759,
            "p75": 0.7651429390534759,
            "p90": 0.7651429390534759,
            "p95": 0.7651429390534759,
            "p99": 0.7651429390534759,
            "p99.9": 0.7651429390534759,
            "max": 0.7651429390534759
        },
        "prompt_len": {
            "mean": 161289.0,
            "min": 161289.0,
            "p0.1": 161289.0,
            "p1": 161289.0,
            "p5": 161289.0,
            "p10": 161289.0,
            "p25": 161289.0,
            "median": 161289.0,
            "p75": 161289.0,
            "p90": 161289.0,
            "p95": 161289.0,
            "p99": 161289.0,
            "p99.9": 161289.0,
            "max": 161289.0
        }
    }
}