{"load_summary": {"count": 9525, "schedule_delay": {"mean": 0.0007135419349315676, "min": -0.001509708003140986, "p0.1": -0.0009211464384570717, "p1": -0.0005696093197911978, "p5": -0.00022109678247943517, "p10": -2.2202858235687015e-05, "p25": 0.00030494946986436844, "median": 0.0006886926712468266, "p75": 0.0010637969826348126, "p90": 0.001411123375874013, "p95": 0.0016113629215396938, "p99": 0.002089837896637623, "p99.9": 0.0086692300236323, "max": 0.03462574747391045}}, "successes": {"count": 9524, "latency": {"request_latency": {"mean": 5.539068144709571, "min": 0.7257033469504677, "p0.1": 0.7440316321324207, "p1": 0.7788156582595548, "p5": 0.8699556412262609, "p10": 0.9501845686987508, "p25": 1.2672287390159909, "median": 2.319416675483808, "p75": 5.6433625720092095, "p90": 19.44788274858729, "p95": 21.0067124506837, "p99": 22.68422575209115, "p99.9": 24.289327878886663, "max": 25.3790253099869}, "normalized_time_per_output_token": {"mean": 0.18069270214259292, "min": 0.023409785385498958, "p0.1": 0.024034173882363605, "p1": 0.025257436007171147, "p5": 0.02819379536592732, "p10": 0.03092720326385461, "p25": 0.04131845816934196, "median": 0.0756735646122721, "p75": 0.1832938570489322, "p90": 0.6317371117704053, "p95": 0.6836357501205883, "p99": 0.7477606984179265, "p99.9": 0.8398797802469351, "max": 1.3041251511276641}, "time_per_output_token": {"mean": 0.0665709857479772, "min": 0.010778809629095297, "p0.1": 0.010958528722325648, "p1": 0.01116335835941549, "p5": 0.011412601743312177, "p10": 0.01161645577925693, "p25": 0.013011074504080875, "median": 0.02168422311332242, "p75": 0.06101786108892186, "p90": 0.27044935971958517, "p95": 0.27576310185498687, "p99": 0.2772451834104328, "p99.9": 0.27754557187836654, "max": 0.27767408024162926}, "time_to_first_token": {"mean": 1.4053919947673978, "min": 0.03948010504245758, "p0.1": 0.04302993835153757, "p1": 0.05106863628316205, "p5": 0.08394845254078974, "p10": 0.13299139120499603, "p25": 0.24176120999618433, "median": 0.7278578504628967, "p75": 1.789295627764659, "p90": 4.025649940181757, "p95": 5.128461249775137, "p99": 7.094480513376772, "p99.9": 8.640199497575878, "max": 9.634921254008077}, "inter_token_latency": {"mean": 0.0665709857479772, "min": 7.603026460856199e-06, "p0.1": 1.1784476577304304e-05, "p1": 1.4302961062639952e-05, "p5": 1.8430990166962147e-05, "p10": 2.5307002943009138e-05, "p25": 4.091596929356456e-05, "median": 8.318352047353983e-05, "p75": 0.025834456042503007, "p90": 0.2100932416447907, "p95": 0.5832124021166237, "p99": 0.5935380981455092, "p99.9": 0.6189987453593698, "max": 0.9035029630176723}}, "throughput": {"input_tokens_per_sec": 19872.580357167113, "output_tokens_per_sec": 424.71223621949207, "total_tokens_per_sec": 20297.292593386606, "requests_per_sec": 13.834785816053445}, "prompt_len": {"mean": 1436.4212515749684, "min": 3.0, "p0.1": 11.0, "p1": 44.0, "p5": 202.0, "p10": 318.0, "p25": 711.75, "median": 1652.0, "p75": 2030.0, "p90": 2220.0, "p95": 2359.0, "p99": 2765.0, "p99.9": 7400.1730000011175, "max": 22278.0}, "output_len": {"mean": 30.698866022679546, "min": 16.0, "p0.1": 20.0, "p1": 25.0, "p5": 28.0, "p10": 31.0, "p25": 31.0, "median": 31.0, "p75": 31.0, "p90": 31.0, "p95": 31.0, "p99": 31.0, "p99.9": 31.0, "max": 31.0}}, "failures": {"count": 1, "request_latency": {"mean": 0.7651429390534759, "min": 0.7651429390534759, "p0.1": 0.7651429390534759, "p1": 0.7651429390534759, "p5": 0.7651429390534759, "p10": 0.7651429390534759, "p25": 0.7651429390534759, "median": 0.7651429390534759, "p75": 0.7651429390534759, "p90": 0.7651429390534759, "p95": 0.7651429390534759, "p99": 0.7651429390534759, "p99.9": 0.7651429390534759, "max": 0.7651429390534759}, "prompt_len": {"mean": 161289.0, "min": 161289.0, "p0.1": 161289.0, "p1": 161289.0, "p5": 161289.0, "p10": 161289.0, "p25": 161289.0, "median": 161289.0, "p75": 161289.0, "p90": 161289.0, "p95": 161289.0, "p99": 161289.0, "p99.9": 161289.0, "max": 161289.0}}}