{"load_summary": {"count": 200, "schedule_delay": {"mean": 0.0008245609712321311, "min": -0.0005895773647353053, "p0.1": -0.0005702734764199704, "p1": -0.00029049622709862886, "p5": -4.6010105870664084e-05, "p10": 0.0001114449230954051, "p25": 0.000432173372246325, "median": 0.0008107609464786947, "p75": 0.0011544132139533758, "p90": 0.0015139492927119134, "p95": 0.0016802156635094428, "p99": 0.0021075761632528152, "p99.9": 0.002247677622246558, "max": 0.002276046550832689}, "send_duration": 21.276793993078172, "requested_rate": 10.0, "achieved_rate": 9.399912414674155}, "successes": {"count": 200, "latency": {"request_latency": {"mean": 27.145789972321946, "min": 25.32754234294407, "p0.1": 25.39494949812209, "p1": 25.683265314034653, "p5": 25.97922629786772, "p10": 26.195296919485553, "p25": 26.69520000120974, "median": 26.93832322797971, "p75": 27.43591215205379, "p90": 28.495475188549605, "p95": 29.086806779826293, "p99": 29.335771933436625, "p99.9": 29.429930420267514, "max": 29.44156656495761}, "normalized_time_per_output_token": {"mean": 0.06495486042254578, "min": 0.025378298940825723, "p0.1": 0.025435605533025298, "p1": 0.025708717368685678, "p5": 0.02606254353078548, "p10": 0.026306932676151733, "p25": 0.026836148201852792, "median": 0.027256762821054735, "p75": 0.0281691647120149, "p90": 0.030619141669388547, "p95": 0.05647239319283055, "p99": 0.9053245697822128, "p99.9": 1.4044465874082193, "max": 1.4895998912268422}, "time_per_output_token": {"mean": 0.01346065718491569, "min": 0.012545231976539365, "p0.1": 0.012570965245235252, "p1": 0.012714506819378118, "p5": 0.012875054175265018, "p10": 0.012984046019110615, "p25": 0.013212168953723104, "median": 0.013379839498483145, "p75": 0.013638870974634143, "p90": 0.014121033645404651, "p95": 0.014453710386737147, "p99": 0.014545190030822242, "p99.9": 0.014606226485388271, "max": 0.014612784260883463}, "time_to_first_token": {"mean": 0.1577949221181916, "min": 0.059780274983495474, "p0.1": 0.05988248336641118, "p1": 0.0615188455930911, "p5": 0.06699133736547083, "p10": 0.07240313537186012, "p25": 0.08403906127205119, "median": 0.15484458953142166, "p75": 0.17144050297793, "p90": 0.264126906893216, "p95": 0.3107682647649197, "p99": 0.411297002478968, "p99.9": 0.45493030535464646, "max": 0.45585942501202226}, "inter_token_latency": {"mean": 0.01346065718491569, "min": 2.320040948688984e-06, "p0.1": 3.4481975017115475e-06, "p1": 1.399102620780468e-05, "p5": 1.938302884809673e-05, "p10": 2.6316032744944096e-05, "p25": 3.8650003261864185e-05, "median": 0.00015049357898533344, "p75": 0.02595576227759011, "p90": 0.02691006244858727, "p95": 0.028328517405316233, "p99": 0.030624088995391503, "p99.9": 0.11180672615545381, "max": 0.30325454589910805}}, "throughput": {"input_tokens_per_sec": 31998.141176819623, "output_tokens_per_sec": 3932.1071352082986, "total_tokens_per_sec": 35930.24831202792, "requests_per_sec": 4.220538753631473}, "prompt_len": {"mean": 7581.53, "min": 7509.0, "p0.1": 7510.393, "p1": 7517.98, "p5": 7535.9, "p10": 7543.0, "p25": 7564.0, "median": 7582.0, "p75": 7600.0, "p90": 7616.1, "p95": 7627.0, "p99": 7646.08, "p99.9": 7664.4130000000005, "max": 7667.0}, "output_len": {"mean": 931.66, "min": 18.0, "p0.1": 19.592, "p1": 31.94, "p5": 475.45, "p10": 886.8000000000001, "p25": 991.0, "median": 997.0, "p75": 1000.0, "p90": 1000.0, "p95": 1000.0, "p99": 1000.0, "p99.9": 1000.801, "max": 1001.0}}, "failures": {"count": 0, "request_latency": null, "prompt_len": null}}