{"load_summary": {"count": 750, "schedule_delay": {"mean": 0.0007725908712794383, "min": -0.0008151569636538625, "p0.1": -0.0008103262692457065, "p1": -0.00043245818582363424, "p5": -0.00011637005954980848, "p10": 9.596309391781687e-05, "p25": 0.0004318933351896703, "median": 0.0007765271584503353, "p75": 0.0011204540496692061, "p90": 0.0013933644630014896, "p95": 0.00161330797127448, "p99": 0.00204895571572706, "p99.9": 0.0030331683432450857, "max": 0.003316938178613782}, "send_duration": 29.353272621054202, "requested_rate": 25.0, "achieved_rate": 25.550813692305233}, "successes": {"count": 750, "latency": {"request_latency": {"mean": 39.613668884568845, "min": 34.000425040954724, "p0.1": 34.045426061244335, "p1": 34.60479561905842, "p5": 35.98906168703688, "p10": 36.49331743955845, "p25": 37.754959319514455, "median": 39.27498506050324, "p75": 40.65479538528598, "p90": 43.48121665442595, "p95": 46.16234007106395, "p99": 47.431054705966964, "p99.9": 47.64659743898327, "max": 47.66630975808948}, "normalized_time_per_output_token": {"mean": 0.07611328235485877, "min": 0.03410273324067675, "p0.1": 0.034186202484044616, "p1": 0.034783523923879664, "p5": 0.0362403813251617, "p10": 0.036673941378122195, "p25": 0.03818739211128849, "median": 0.03987713393424373, "p75": 0.04130654810064679, "p90": 0.04681209880935494, "p95": 0.09432176859161413, "p99": 1.191411624584831, "p99.9": 1.5260031473265376, "max": 1.8210050987487194}, "time_per_output_token": {"mean": 0.01967508091889894, "min": 0.016896054998022977, "p0.1": 0.01692015193902521, "p1": 0.017211385441768073, "p5": 0.017773240832024896, "p10": 0.01811548799110194, "p25": 0.01874947194839937, "median": 0.019438275504469367, "p75": 0.020220602716363247, "p90": 0.021636527862362816, "p95": 0.022950205882196255, "p99": 0.02345139171385885, "p99.9": 0.023688676687292062, "max": 0.02368882322439115}, "time_to_first_token": {"mean": 0.1891571477803712, "min": 0.07019910891540349, "p0.1": 0.07091548186144792, "p1": 0.07503594163921662, "p5": 0.08356663351878524, "p10": 0.08857268508290872, "p25": 0.10145611231564544, "median": 0.12452173396013677, "p75": 0.18770888724247925, "p90": 0.37159583372995275, "p95": 0.5685246957815249, "p99": 0.7925955645099747, "p99.9": 0.9766714249785362, "max": 1.0356132639572024}, "inter_token_latency": {"mean": 0.019675080918898944, "min": 2.350076101720333e-06, "p0.1": 2.9939692467451096e-06, "p1": 1.2504984624683857e-05, "p5": 1.935602631419897e-05, "p10": 2.437504008412361e-05, "p25": 3.414007369428873e-05, "median": 0.00013753649545833468, "p75": 0.040309312782483175, "p90": 0.04435952849453315, "p95": 0.04568837244296447, "p99": 0.056401102774543715, "p99.9": 0.1567007734559011, "max": 9.979644423932768}}, "throughput": {"input_tokens_per_sec": 74786.8556309983, "output_tokens_per_sec": 9291.652395258603, "total_tokens_per_sec": 84078.5080262569, "requests_per_sec": 9.8608049067355}, "prompt_len": {"mean": 7584.254666666667, "min": 7509.0, "p0.1": 7514.243, "p1": 7521.98, "p5": 7538.0, "p10": 7549.9, "p25": 7566.0, "median": 7585.0, "p75": 7603.0, "p90": 7619.0, "p95": 7629.0, "p99": 7647.02, "p99.9": 7661.008000000001, "max": 7667.0}, "output_len": {"mean": 942.2813333333334, "min": 20.0, "p0.1": 28.988, "p1": 33.0, "p5": 441.85000000000014, "p10": 963.8, "p25": 992.0, "median": 998.0, "p75": 1000.0, "p90": 1000.0, "p95": 1000.0, "p99": 1000.0, "p99.9": 1001.2510000000001, "max": 1002.0}}, "failures": {"count": 0, "request_latency": null, "prompt_len": null}}