{"load_summary": {"count": 750, "schedule_delay": {"mean": 0.0010020016965766748, "min": -0.0011394534958526492, "p0.1": -0.0006691619702614844, "p1": -0.00025011665420606735, "p5": 0.00010967866401188076, "p10": 0.00024281777441501618, "p25": 0.0005499428662005812, "median": 0.0009219374624080956, "p75": 0.0013436189328785986, "p90": 0.0017709914944134654, "p95": 0.0021185049787163725, "p99": 0.003136397852795195, "p99.9": 0.0059424981437623745, "max": 0.006147525855340064}, "send_duration": 48.85306909203064, "requested_rate": 15.0, "achieved_rate": 15.352157273622486}, "successes": {"count": 750, "latency": {"request_latency": {"mean": 43.025973735133185, "min": 31.66332790791057, "p0.1": 31.73581801474106, "p1": 32.7566378777381, "p5": 35.15338646414457, "p10": 36.30990358918207, "p25": 39.66040796824382, "median": 43.1490053620073, "p75": 46.32411005999893, "p90": 49.67593229067279, "p95": 50.22148546288954, "p99": 51.96795534098405, "p99.9": 52.29672258230625, "max": 52.327092363964766}, "normalized_time_per_output_token": {"mean": 0.08784126684172248, "min": 0.017927834589820283, "p0.1": 0.022827634353967653, "p1": 0.0327566378777381, "p5": 0.03533045218613697, "p10": 0.03685399652880377, "p25": 0.040627228528202976, "median": 0.04379509537279208, "p75": 0.048039066902561225, "p90": 0.05157499358999351, "p95": 0.13655193913028033, "p99": 1.3732672990594605, "p99.9": 1.616735828791849, "max": 1.8673766163909542}, "time_per_output_token": {"mean": 0.021058760408723908, "min": 0.015679314734122395, "p0.1": 0.015721167501332976, "p1": 0.016242402876442324, "p5": 0.017431666693328574, "p10": 0.017995625987691086, "p25": 0.019695422934992626, "median": 0.02133064520492245, "p75": 0.02235059901812011, "p90": 0.023569741625628988, "p95": 0.02434164182812293, "p99": 0.025116510395792477, "p99.9": 0.025650472611969996, "max": 0.02567466185556195}, "time_to_first_token": {"mean": 0.8266729718339629, "min": 0.14387202798388898, "p0.1": 0.14623843651555946, "p1": 0.15732694814214482, "p5": 0.16817002841853537, "p10": 0.173641232191585, "p25": 0.18796042096801102, "median": 0.22266851796302944, "p75": 0.8848887869680766, "p90": 2.5806888980325318, "p95": 3.608901757310375, "p99": 5.360090885759564, "p99.9": 6.347197866331702, "max": 6.617085637059063}, "inter_token_latency": {"mean": 0.021058760408723908, "min": 2.3329630494117737e-06, "p0.1": 2.7957130223512648e-06, "p1": 1.1962023563683033e-05, "p5": 1.9061029888689518e-05, "p10": 2.4685985408723354e-05, "p25": 3.6177923902869225e-05, "median": 0.00014918303349986672, "p75": 0.037164209003094584, "p90": 0.04345239587128163, "p95": 0.04569464906817303, "p99": 0.12984890966676177, "p99.9": 0.5323913234376839, "max": 5.192682672990486}}, "throughput": {"input_tokens_per_sec": 65372.60446975289, "output_tokens_per_sec": 8100.368300432772, "total_tokens_per_sec": 73472.97277018566, "requests_per_sec": 8.61951600294622}, "prompt_len": {"mean": 7584.254666666667, "min": 7509.0, "p0.1": 7514.243, "p1": 7521.98, "p5": 7538.0, "p10": 7549.9, "p25": 7566.0, "median": 7585.0, "p75": 7603.0, "p90": 7619.0, "p95": 7629.0, "p99": 7647.02, "p99.9": 7661.008000000001, "max": 7667.0}, "output_len": {"mean": 939.7706666666667, "min": 25.0, "p0.1": 27.247, "p1": 33.0, "p5": 300.1500000000001, "p10": 934.6, "p25": 991.0, "median": 997.0, "p75": 1000.0, "p90": 1000.0, "p95": 1000.0, "p99": 1000.51, "p99.9": 1997.5020000000002, "max": 1999.0}}, "failures": {"count": 0, "request_latency": null, "prompt_len": null}}