{"load_summary": {"count": 1470, "schedule_delay": {"mean": 0.0008779355547340194, "min": -0.0007270458154380322, "p0.1": -0.0006749539435841143, "p1": -0.00037141023552976553, "p5": -7.695297244936226e-05, "p10": 0.0001100217923521996, "p25": 0.0004331055097281933, "median": 0.0008113754447549582, "p75": 0.0012155648728366941, "p90": 0.0015780052053742113, "p95": 0.001831860007951036, "p99": 0.0026173234812449657, "p99.9": 0.0039765162604162695, "max": 0.050014575477689505}, "send_duration": 29.802130348980427, "requested_rate": 49.0, "achieved_rate": 49.32533288011375}, "successes": {"count": 1470, "latency": {"request_latency": {"mean": 65.81069756166583, "min": 48.74191649595741, "p0.1": 48.878184631605166, "p1": 49.499447935635686, "p5": 50.54864792278386, "p10": 51.941587039968, "p25": 56.57947900771978, "median": 63.22366208903259, "p75": 76.94312450298457, "p90": 82.42999032918597, "p95": 87.13565106619498, "p99": 88.68200985917937, "p99.9": 94.45905070271506, "max": 95.12584543391131}, "normalized_time_per_output_token": {"mean": 0.12553471903614025, "min": 0.027829830211671618, "p0.1": 0.03919073722890086, "p1": 0.049572584192926296, "p5": 0.05085373414971198, "p10": 0.052401608912613695, "p25": 0.05713156879724657, "median": 0.06624345207353588, "p75": 0.0789086073514137, "p90": 0.08817410342255608, "p95": 0.1299747176448869, "p99": 2.134287959234668, "p99.9": 3.870527782585192, "max": 4.5841930759488605}, "time_per_output_token": {"mean": 0.03258417688172824, "min": 0.023504416262828697, "p0.1": 0.02363654597376523, "p1": 0.024227920594869057, "p5": 0.02491651049509157, "p10": 0.02578695461523767, "p25": 0.028131369818483704, "median": 0.03110821717140637, "p75": 0.03804296590915501, "p90": 0.0406540971816467, "p95": 0.04205187406886702, "p99": 0.04417475011815358, "p99.9": 0.044227047830798796, "max": 0.044231626460782957}, "time_to_first_token": {"mean": 0.5494261484931312, "min": 0.06208219297695905, "p0.1": 0.06424125372862909, "p1": 0.07669366132235154, "p5": 0.09016264033853076, "p10": 0.09730158430757001, "p25": 0.11555909778689966, "median": 0.1428070164984092, "p75": 0.1745953077916056, "p90": 0.3598621210781861, "p95": 0.5818951411172747, "p99": 1.188439890632871, "p99.9": 39.4677929930864, "max": 39.8046161030652}, "inter_token_latency": {"mean": 0.032584176881728245, "min": 2.345070242881775e-06, "p0.1": 3.0118972063064575e-06, "p1": 1.2254924513399601e-05, "p5": 1.921498333103955e-05, "p10": 2.4551060050725937e-05, "p25": 3.585801459848881e-05, "median": 0.00030205148505046964, "p75": 0.04729656403651461, "p90": 0.06089370435802266, "p95": 0.0704168825119268, "p99": 0.11182656591408886, "p99.9": 0.4701939487899121, "max": 40.140974908019416}}, "throughput": {"input_tokens_per_sec": 89249.91405892302, "output_tokens_per_sec": 11136.415572888687, "total_tokens_per_sec": 100386.32963181172, "requests_per_sec": 11.768123646940689}, "prompt_len": {"mean": 7584.039455782313, "min": 7509.0, "p0.1": 7512.283, "p1": 7521.0, "p5": 7538.0, "p10": 7549.0, "p25": 7565.0, "median": 7585.0, "p75": 7603.0, "p90": 7618.0, "p95": 7629.0, "p99": 7646.62, "p99.9": 7663.248000000001, "max": 7667.0}, "output_len": {"mean": 946.3204081632653, "min": 18.0, "p0.1": 18.469, "p1": 33.0, "p5": 503.0, "p10": 956.0, "p25": 992.0, "median": 997.0, "p75": 1000.0, "p90": 1000.0, "p95": 1000.0, "p99": 1000.0, "p99.9": 1529.2830000001752, "max": 1998.0}}, "failures": {"count": 0, "request_latency": null, "prompt_len": null}}