{"load_summary": {"count": 60, "schedule_delay": {"mean": 0.0008590753132011741, "min": -0.0002964680315926671, "p0.1": -0.00028810606070328506, "p1": -0.00021284832269884645, "p5": 7.618321105837824e-05, "p10": 0.0001731263939291239, "p25": 0.0004340265295468271, "median": 0.0008441688842140138, "p75": 0.0011886447318829596, "p90": 0.0016648288234137, "p95": 0.0018936524924356485, "p99": 0.0023393060313537713, "p99.9": 0.0023630299814976757, "max": 0.002365665975958109}, "send_duration": 19.359666461939923, "requested_rate": 3.0, "achieved_rate": 3.0992269478380123}, "successes": {"count": 60, "latency": {"request_latency": {"mean": 25.529296651276915, "min": 24.56421369104646, "p0.1": 24.573682308697723, "p1": 24.658899867559086, "p5": 24.763946486043277, "p10": 24.908963306131774, "p25": 25.251966784271644, "median": 25.55347644549329, "p75": 25.84205430126167, "p90": 26.065968254511244, "p95": 26.29452922276105, "p99": 26.442315223928308, "p99.9": 26.468907807448296, "max": 26.471862538950518}, "normalized_time_per_output_token": {"mean": 0.054301687420420935, "min": 0.02456421369104646, "p0.1": 0.024573682308697723, "p1": 0.024658899867559085, "p5": 0.024880272015184165, "p10": 0.024976247690236018, "p25": 0.02531817644797313, "median": 0.025705021259915233, "p75": 0.026124573648642818, "p90": 0.02663746567289283, "p95": 0.14668661991718338, "p99": 0.7370673502685292, "p99.9": 0.7517974447736274, "max": 0.7534341219408602}, "time_per_output_token": {"mean": 0.012647684457401668, "min": 0.012180466958526886, "p0.1": 0.012185342346335113, "p1": 0.01222922083660916, "p5": 0.012282261521656597, "p10": 0.012346606248477032, "p25": 0.012479817724031774, "median": 0.01263897059294956, "p75": 0.012815629885911752, "p90": 0.012933639916153842, "p95": 0.01302773516339451, "p99": 0.013116833530022586, "p99.9": 0.01313527931670768, "max": 0.013137328848561579}, "time_to_first_token": {"mean": 0.17166001587950935, "min": 0.13412058597896248, "p0.1": 0.13412374006467873, "p1": 0.13415212683612482, "p5": 0.1348698273068294, "p10": 0.13661450137151404, "p25": 0.14600978550151922, "median": 0.15775909600779414, "p75": 0.16513255695463158, "p90": 0.25442702273139733, "p95": 0.28935683026211334, "p99": 0.30143890355480835, "p99.9": 0.3033522256070283, "max": 0.3035648169461638}, "inter_token_latency": {"mean": 0.012647684457401668, "min": 2.645072527229786e-06, "p0.1": 4.487560829147696e-06, "p1": 1.7209764337167144e-05, "p5": 2.7245027013123035e-05, "p10": 3.510190872475505e-05, "p25": 4.1930703446269035e-05, "median": 0.00018442852888256311, "p75": 0.02495660074055195, "p90": 0.02564309095032513, "p95": 0.02610811233171262, "p99": 0.02772977281711065, "p99.9": 0.10379044441937063, "max": 0.3218557839281857}}, "throughput": {"input_tokens_per_sec": 10302.72597018969, "output_tokens_per_sec": 1270.95940028077, "total_tokens_per_sec": 11573.685370470459, "requests_per_sec": 1.359799643667015}, "prompt_len": {"mean": 7576.65, "min": 7523.0, "p0.1": 7523.295, "p1": 7525.95, "p5": 7533.8, "p10": 7542.9, "p25": 7558.0, "median": 7580.5, "p75": 7595.5, "p90": 7603.1, "p95": 7611.6, "p99": 7625.23, "p99.9": 7626.823, "max": 7627.0}, "output_len": {"mean": 934.6666666666666, "min": 34.0, "p0.1": 34.059, "p1": 34.59, "p5": 172.85, "p10": 975.9, "p25": 991.75, "median": 999.0, "p75": 1000.0, "p90": 1000.0, "p95": 1000.0, "p99": 1000.0, "p99.9": 1000.0, "max": 1000.0}}, "failures": {"count": 0, "request_latency": null, "prompt_len": null}}