{"load_summary": {"count": 300, "schedule_delay": {"mean": 0.0007926740714659294, "min": -0.000641482649371028, "p0.1": -0.0006020482868188992, "p1": -0.0004390368435997516, "p5": -0.00011072917841374873, "p10": 8.183225290849806e-05, "p25": 0.0004003576759714633, "median": 0.0008204231271520257, "p75": 0.0011807183036580682, "p90": 0.0014838197035714985, "p95": 0.0016969984164461494, "p99": 0.002068637850461525, "p99.9": 0.002642112408531837, "max": 0.002744551980867982}, "send_duration": 20.31565229804255, "requested_rate": 15.0, "achieved_rate": 14.766939087105046}, "successes": {"count": 300, "latency": {"request_latency": {"mean": 29.099843360690866, "min": 26.565040363930166, "p0.1": 26.56864947870851, "p1": 26.877132492135278, "p5": 27.086357325094287, "p10": 27.188581713312306, "p25": 28.16237224600627, "median": 29.072745903453324, "p75": 29.95179336250294, "p90": 30.845135201700035, "p95": 31.871177122334483, "p99": 31.91766853316687, "p99.9": 31.937957501965343, "max": 31.944957196014002}, "normalized_time_per_output_token": {"mean": 0.0684727367930416, "min": 0.026603714696614555, "p0.1": 0.02669874149246017, "p1": 0.026963243493590774, "p5": 0.02718123442571996, "p10": 0.02732485679319536, "p25": 0.028359376840060575, "median": 0.029302262526981225, "p75": 0.03021867423459003, "p90": 0.031993394741207486, "p95": 0.07250679397739546, "p99": 0.967575564346982, "p99.9": 1.6763824547641033, "max": 1.7277546391269425}, "time_per_output_token": {"mean": 0.014458654068299121, "min": 0.013128910820569559, "p0.1": 0.01314223837499183, "p1": 0.01331900626593416, "p5": 0.013463403051166372, "p10": 0.013519511334366513, "p25": 0.01396019321580444, "median": 0.014433144677678464, "p75": 0.014896290369393737, "p90": 0.015313222212158424, "p95": 0.015858114227101715, "p99": 0.0158864329260992, "p99.9": 0.015890124060899492, "max": 0.01589116997500674}, "time_to_first_token": {"mean": 0.11557929308852181, "min": 0.05780321091879159, "p0.1": 0.05866142914781813, "p1": 0.06122831537621096, "p5": 0.06620240713236854, "p10": 0.07051805176306516, "p25": 0.07878470595460385, "median": 0.09013465599855408, "p75": 0.16236281979945488, "p90": 0.18198696764884517, "p95": 0.19265959254698836, "p99": 0.25415541943511905, "p99.9": 0.32689135588111934, "max": 0.3425221579382196}, "inter_token_latency": {"mean": 0.014458654068299121, "min": 2.3599714040756226e-06, "p0.1": 3.204574226401746e-06, "p1": 1.3627111911773682e-05, "p5": 1.9386992789804935e-05, "p10": 2.5255023501813412e-05, "p25": 3.649803693406284e-05, "median": 0.0001314959954470396, "p75": 0.027280081470962614, "p90": 0.030950328637845814, "p95": 0.03170221052132547, "p99": 0.034662279294570914, "p99.9": 0.1161697846968892, "max": 0.198259855969809}}, "throughput": {"input_tokens_per_sec": 46058.94445897418, "output_tokens_per_sec": 5705.672738531362, "total_tokens_per_sec": 51764.61719750554, "requests_per_sec": 6.07525047580979}, "prompt_len": {"mean": 7581.406666666667, "min": 7509.0, "p0.1": 7511.093, "p1": 7518.0, "p5": 7536.95, "p10": 7547.8, "p25": 7564.0, "median": 7582.5, "p75": 7600.0, "p90": 7615.1, "p95": 7627.0, "p99": 7646.08, "p99.9": 7664.01, "max": 7667.0}, "output_len": {"mean": 939.1666666666666, "min": 16.0, "p0.1": 16.598, "p1": 31.94, "p5": 436.95000000000005, "p10": 947.6, "p25": 993.0, "median": 998.0, "p75": 1000.0, "p90": 1000.0, "p95": 1000.0, "p99": 1000.0, "p99.9": 1001.0, "max": 1001.0}}, "failures": {"count": 0, "request_latency": null, "prompt_len": null}}