{"load_summary": {"count": 1500, "schedule_delay": {"mean": 0.0008565859685186296, "min": -0.0010092452866956592, "p0.1": -0.0008738097064197063, "p1": -0.0004506196721922606, "p5": -6.23077736236155e-05, "p10": 9.889241773635149e-05, "p25": 0.00043202415690757334, "median": 0.000845035188831389, "p75": 0.0012577128945849836, "p90": 0.0016125001013278966, "p95": 0.0018421975546516478, "p99": 0.0024549224437214433, "p99.9": 0.0033678539962275515, "max": 0.00400365621317178}, "send_duration": 26.9880947569618, "requested_rate": 60.0, "achieved_rate": 55.58006274648427}, "successes": {"count": 1500, "latency": {"request_latency": {"mean": 68.4004242499286, "min": 50.34524252091069, "p0.1": 50.396452023554474, "p1": 50.93376039510709, "p5": 51.71106090907706, "p10": 53.08120879057096, "p25": 57.44797649126849, "median": 67.16257107048295, "p75": 80.96832399602863, "p90": 85.1873763202806, "p95": 90.19073562500998, "p99": 99.03907745591364, "p99.9": 101.42138362328839, "max": 101.66311732295435}, "normalized_time_per_output_token": {"mean": 0.16829616226349073, "min": 0.05040794353396632, "p0.1": 0.050654746156607484, "p1": 0.0510934330609169, "p5": 0.05250583407207505, "p10": 0.05382445270791106, "p25": 0.05856126648210912, "median": 0.07066973701049573, "p75": 0.08340899009273202, "p90": 0.09112972277924228, "p95": 0.30614139156052556, "p99": 2.4635869828116896, "p99.9": 3.8782689745850685, "max": 30.030456104665063}, "time_per_output_token": {"mean": 0.03385745515966087, "min": 0.024961581871054066, "p0.1": 0.02496962835310465, "p1": 0.0250406642055636, "p5": 0.025554924408054288, "p10": 0.026293165197446785, "p25": 0.028616538230859294, "median": 0.03292598680659746, "p75": 0.039858172840037, "p90": 0.04183164059801999, "p95": 0.04383697413165924, "p99": 0.045326516294823045, "p99.9": 0.04730241385386203, "max": 0.04940063118290478}, "time_to_first_token": {"mean": 0.592181308082072, "min": 0.06733603100292385, "p0.1": 0.06924310206295922, "p1": 0.07655648252228275, "p5": 0.08662032808060757, "p10": 0.09441839937353506, "p25": 0.11179142678156495, "median": 0.1387479935074225, "p75": 0.1736848470463883, "p90": 0.40222439010394756, "p95": 0.7550662153691519, "p99": 1.622975547707991, "p99.9": 40.836700095655644, "max": 41.10137680207845}, "inter_token_latency": {"mean": 0.03385745515966087, "min": 2.300017513334751e-06, "p0.1": 3.2070092856884003e-06, "p1": 1.2518954463303089e-05, "p5": 1.9483966752886772e-05, "p10": 2.4597044102847576e-05, "p25": 3.610202111303806e-05, "median": 0.00031166698317974806, "p75": 0.04852570377988741, "p90": 0.06303648642497138, "p95": 0.07141777435899711, "p99": 0.11255558940814794, "p99.9": 0.6159537014020618, "max": 42.480461381957866}}, "throughput": {"input_tokens_per_sec": 88632.09556797179, "output_tokens_per_sec": 10909.632240592824, "total_tokens_per_sec": 99541.72780856461, "requests_per_sec": 11.686329041338245}, "prompt_len": {"mean": 7584.254666666667, "min": 7509.0, "p0.1": 7512.493, "p1": 7521.0, "p5": 7538.0, "p10": 7549.9, "p25": 7566.0, "median": 7585.0, "p75": 7603.0, "p90": 7619.0, "p95": 7629.0, "p99": 7648.0, "p99.9": 7663.008000000002, "max": 7667.0}, "output_len": {"mean": 933.538, "min": 3.0, "p0.1": 20.998, "p1": 32.0, "p5": 224.75, "p10": 931.8, "p25": 991.0, "median": 997.0, "p75": 1000.0, "p90": 1000.0, "p95": 1000.0, "p99": 1000.0, "p99.9": 1001.5010000000002, "max": 1004.0}}, "failures": {"count": 0, "request_latency": null, "prompt_len": null}}