{"load_summary": {"count": 1548, "schedule_delay": {"mean": 0.0019009135794664615, "min": -0.0013202030677348375, "p0.1": -0.0006491370277944953, "p1": -0.0003672151418868452, "p5": -0.00010074879974126811, "p10": 5.50964148715139e-05, "p25": 0.00038879402563907206, "median": 0.0007937948103062809, "p75": 0.0011751508864108473, "p90": 0.0015365449246019123, "p95": 0.001776522153522819, "p99": 0.02829859042773007, "p99.9": 0.14733754162571866, "max": 0.150196747854352}, "send_duration": 35.48326344008092, "requested_rate": 43.0, "achieved_rate": 43.626201479862246}, "successes": {"count": 1548, "latency": {"request_latency": {"mean": 66.10076426285448, "min": 47.941697675036266, "p0.1": 48.1036248553507, "p1": 48.39204086067737, "p5": 49.45209597821231, "p10": 50.84381847553887, "p25": 55.64949576678919, "median": 65.18759587948443, "p75": 76.94930226932047, "p90": 84.90256812140578, "p95": 89.33624682587686, "p99": 95.52171764677388, "p99.9": 98.1306363545108, "max": 98.15281804499682}, "normalized_time_per_output_token": {"mean": 0.14946667646921996, "min": 0.03807306852278896, "p0.1": 0.04804438400818256, "p1": 0.048601665882963135, "p5": 0.04979661029655254, "p10": 0.051357513291900976, "p25": 0.05647746665163895, "median": 0.06691057369603008, "p75": 0.07900253918216293, "p90": 0.0907747420444643, "p95": 0.17242717848062553, "p99": 2.2633447125939274, "p99.9": 5.837769448769334, "max": 13.727978286193684}, "time_per_output_token": {"mean": 0.03169281679295313, "min": 0.02110201683958228, "p0.1": 0.02110376170003999, "p1": 0.02124127576044453, "p5": 0.02383074518745481, "p10": 0.024577463646369313, "p25": 0.026820624596570204, "median": 0.03019495075437655, "p75": 0.036214108424294844, "p90": 0.040481466979414606, "p95": 0.04308056667300655, "p99": 0.04516234716793675, "p99.9": 0.04527962668776029, "max": 0.04528833081808941}, "time_to_first_token": {"mean": 2.6284177412310687, "min": 0.0641987599665299, "p0.1": 0.06563686336239334, "p1": 0.07647591391578316, "p5": 0.09030107210855931, "p10": 0.09780124950921162, "p25": 0.11583584704203531, "median": 0.14557228202465922, "p75": 0.19126110774232075, "p90": 0.7113305530860086, "p95": 31.392874162323988, "p99": 37.00951850288315, "p99.9": 38.07769442672154, "max": 38.097104602027684}, "inter_token_latency": {"mean": 0.03169281679295313, "min": 2.286047674715519e-06, "p0.1": 3.3529940992593765e-06, "p1": 1.2484029866755009e-05, "p5": 1.9244966097176075e-05, "p10": 2.4173990823328495e-05, "p25": 3.4285010769963264e-05, "median": 0.00016748456982895732, "p75": 0.04893089129473083, "p90": 0.05925039404537531, "p95": 0.06652595581836067, "p99": 0.11122095490340117, "p99.9": 0.5224255051311353, "max": 38.014737496036105}}, "throughput": {"input_tokens_per_sec": 88271.72355432979, "output_tokens_per_sec": 10915.995326220247, "total_tokens_per_sec": 99187.71888055005, "requests_per_sec": 11.639116811591578}, "prompt_len": {"mean": 7584.05684754522, "min": 7509.0, "p0.1": 7512.829, "p1": 7521.94, "p5": 7538.0, "p10": 7549.0, "p25": 7565.0, "median": 7585.0, "p75": 7603.0, "p90": 7618.0, "p95": 7629.0, "p99": 7647.0599999999995, "p99.9": 7662.624000000002, "max": 7667.0}, "output_len": {"mean": 937.8714470284237, "min": 5.0, "p0.1": 13.564, "p1": 33.0, "p5": 381.35, "p10": 940.0, "p25": 991.0, "median": 998.0, "p75": 1000.0, "p90": 1000.0, "p95": 1000.0, "p99": 1000.0, "p99.9": 1002.0, "max": 1997.0}}, "failures": {"count": 0, "request_latency": null, "prompt_len": null}}