{"load_summary": {"count": 1518, "schedule_delay": {"mean": 0.0008777372847490346, "min": -0.0009639939526095986, "p0.1": -0.0008070921490434557, "p1": -0.00041894893511198463, "p5": -0.00011790794669650496, "p10": 9.134815772995354e-05, "p25": 0.0003927949583157897, "median": 0.000749369035474956, "p75": 0.0011383626842871308, "p90": 0.0014829422929324208, "p95": 0.0017009906820021569, "p99": 0.0021449648181442156, "p99.9": 0.03308282949019025, "max": 0.10461018409114331}, "send_duration": 33.91517815599218, "requested_rate": 46.0, "achieved_rate": 44.75872109584651}, "successes": {"count": 1518, "latency": {"request_latency": {"mean": 65.90531400854273, "min": 47.858388578053564, "p0.1": 47.89430879731674, "p1": 48.43881695964374, "p5": 49.997770500875774, "p10": 51.45709520656383, "p25": 56.11948400104302, "median": 63.78830852301326, "p75": 77.23334646594594, "p90": 85.24545754775171, "p95": 88.32818068331687, "p99": 93.52349057993268, "p99.9": 97.24066923155766, "max": 97.40540322300512}, "normalized_time_per_output_token": {"mean": 0.14671385607991017, "min": 0.047856119490548646, "p0.1": 0.047924156792089966, "p1": 0.0486240640742864, "p5": 0.05066808068130386, "p10": 0.05238708572629839, "p25": 0.057011900832207175, "median": 0.06667494406863515, "p75": 0.07891530481461831, "p90": 0.08988568463117116, "p95": 0.24559070104795497, "p99": 2.245370850927878, "p99.9": 4.306575408994941, "max": 4.713159986558215}, "time_per_output_token": {"mean": 0.03196741414921623, "min": 0.02071577042178565, "p0.1": 0.020715948183529558, "p1": 0.02121030499161894, "p5": 0.024285293470706622, "p10": 0.025116303277193573, "p25": 0.027498559541238737, "median": 0.030409965094958274, "p75": 0.03717364088271401, "p90": 0.04048412438768983, "p95": 0.04314921324502379, "p99": 0.044712747388340385, "p99.9": 0.044861749951736064, "max": 0.044866177841086874}, "time_to_first_token": {"mean": 1.8821679005624508, "min": 0.0611436819890514, "p0.1": 0.06144829269871116, "p1": 0.07549164004041814, "p5": 0.09000576509861276, "p10": 0.09682729358319193, "p25": 0.1140963013167493, "median": 0.1436498765833676, "p75": 0.18323269323445857, "p90": 0.4788080280763096, "p95": 1.199442582391191, "p99": 37.55758140486898, "p99.9": 39.30368781041401, "max": 39.33673459594138}, "inter_token_latency": {"mean": 0.03196741414921622, "min": 2.3300526663661003e-06, "p0.1": 3.3950200304389e-06, "p1": 1.2665987014770508e-05, "p5": 1.9527040421962738e-05, "p10": 2.4540000595152378e-05, "p25": 3.503402695059776e-05, "median": 0.00019162200624123216, "p75": 0.04782578372396529, "p90": 0.058709695213474355, "p95": 0.06748521041590719, "p99": 0.11204720720998046, "p99.9": 0.4566620999856767, "max": 39.315162173006684}}, "throughput": {"input_tokens_per_sec": 87668.78640883995, "output_tokens_per_sec": 10812.509243330931, "total_tokens_per_sec": 98481.29565217088, "requests_per_sec": 11.559498016681646}, "prompt_len": {"mean": 7584.134387351779, "min": 7509.0, "p0.1": 7512.619, "p1": 7521.34, "p5": 7537.85, "p10": 7549.0, "p25": 7565.0, "median": 7585.0, "p75": 7603.0, "p90": 7618.3, "p95": 7629.0, "p99": 7647.66, "p99.9": 7662.864000000001, "max": 7667.0}, "output_len": {"mean": 935.3787878787879, "min": 18.0, "p0.1": 18.517, "p1": 33.0, "p5": 234.80000000000007, "p10": 948.7, "p25": 991.0, "median": 997.0, "p75": 1000.0, "p90": 1000.0, "p95": 1000.0, "p99": 1000.0, "p99.9": 1001.0, "max": 1004.0}}, "failures": {"count": 0, "request_latency": null, "prompt_len": null}}