{"load_summary": {"count": 1485, "schedule_delay": {"mean": 0.0008935424744587404, "min": -0.0007274328963831067, "p0.1": -0.00048722724057734013, "p1": -0.00030701847281306983, "p5": -1.8892413936555373e-05, "p10": 0.00015380277764052153, "p25": 0.0004820086760446429, "median": 0.0008504347642883658, "p75": 0.0012560669565573335, "p90": 0.0016509516863152387, "p95": 0.0018909449689090251, "p99": 0.0025404376769438386, "p99.9": 0.0038138510077260447, "max": 0.004529225290752947}, "send_duration": 27.145712930941954, "requested_rate": 55.0, "achieved_rate": 54.7047706493399}, "successes": {"count": 1485, "latency": {"request_latency": {"mean": 67.92691424558063, "min": 50.396878447034396, "p0.1": 50.44760268174531, "p1": 51.29257401856594, "p5": 52.34294654461555, "p10": 53.44703723662533, "p25": 57.51559417298995, "median": 66.65904895309359, "p75": 79.83338245598134, "p90": 84.9923742890358, "p95": 89.17306285905651, "p99": 92.17772382607245, "p99.9": 99.61705928576183, "max": 100.13880976301152}, "normalized_time_per_output_token": {"mean": 0.1680060248634132, "min": 0.0, "p0.1": 0.05063237112342048, "p1": 0.05145663103271682, "p5": 0.05267559301799629, "p10": 0.05388742901110467, "p25": 0.05816644066700246, "median": 0.06948235628101974, "p75": 0.08184886665608164, "p90": 0.09039118009423028, "p95": 0.2561642323323035, "p99": 2.2779673808148106, "p99.9": 3.5966933063699487, "max": 38.48626596102258}, "time_per_output_token": {"mean": 0.033630109606769674, "min": 0.024985661376793606, "p0.1": 0.024986424365739706, "p1": 0.025078086718160107, "p5": 0.025815698871682717, "p10": 0.02650879104728757, "p25": 0.028557093199882387, "median": 0.03276459280360045, "p75": 0.03938534719186943, "p90": 0.04217402943120716, "p95": 0.0437408759308372, "p99": 0.0449970701232465, "p99.9": 0.045391942138270316, "max": 0.047313995081929024}, "time_to_first_token": {"mean": 0.5725838420032257, "min": 0.05980774690397084, "p0.1": 0.06764836037671193, "p1": 0.08307414644863456, "p5": 0.09214623363222926, "p10": 0.0986247189808637, "p25": 0.11683635704685003, "median": 0.14298914396204054, "p75": 0.17499826103448868, "p90": 0.44244541763328066, "p95": 0.7428971477784215, "p99": 1.3521195988263939, "p99.9": 40.354635808829684, "max": 40.482919038971886}, "inter_token_latency": {"mean": 0.033630109606769674, "min": 2.3440225049853325e-06, "p0.1": 3.1369272619485855e-06, "p1": 1.2526987120509148e-05, "p5": 1.9703060388565063e-05, "p10": 2.4756998755037785e-05, "p25": 3.605009987950325e-05, "median": 0.0003034910187125206, "p75": 0.04824673302937299, "p90": 0.06258206281345338, "p95": 0.07112947057466953, "p99": 0.10977462619077422, "p99.9": 0.617066717378333, "max": 41.50811159692239}}, "throughput": {"input_tokens_per_sec": 88482.60386755578, "output_tokens_per_sec": 10899.42414550849, "total_tokens_per_sec": 99382.02801306428, "requests_per_sec": 11.666775885789164}, "prompt_len": {"mean": 7584.152188552189, "min": 7509.0, "p0.1": 7512.388, "p1": 7521.0, "p5": 7538.0, "p10": 7549.4, "p25": 7566.0, "median": 7585.0, "p75": 7603.0, "p90": 7618.0, "p95": 7629.0, "p99": 7646.32, "p99.9": 7663.128000000001, "max": 7667.0}, "output_len": {"mean": 934.2276094276094, "min": 0.0, "p0.1": 9.26, "p1": 33.0, "p5": 217.60000000000014, "p10": 939.6, "p25": 992.0, "median": 997.0, "p75": 1000.0, "p90": 1000.0, "p95": 1000.0, "p99": 1000.0, "p99.9": 1002.0320000000002, "max": 1028.0}}, "failures": {"count": 0, "request_latency": null, "prompt_len": null}}