{"load_summary": {"count": 1508, "schedule_delay": {"mean": 0.0008932246119605343, "min": -0.0012559904716908932, "p0.1": -0.0008262781286612153, "p1": -0.00034163870615884663, "p5": -5.040703108534215e-05, "p10": 0.00015860595740377904, "p25": 0.0004614180652424693, "median": 0.0008597002597525716, "p75": 0.0012661140644922853, "p90": 0.0016437967307865618, "p95": 0.0018864483747165646, "p99": 0.002639686445472764, "p99.9": 0.004080682096420792, "max": 0.00579254305921495}, "send_duration": 28.32398542005103, "requested_rate": 52.0, "achieved_rate": 53.24109505198591}, "successes": {"count": 1508, "latency": {"request_latency": {"mean": 67.66226173434967, "min": 49.47472625307273, "p0.1": 49.610301870387865, "p1": 50.04019565163296, "p5": 50.918730332463745, "p10": 52.23320029410534, "p25": 56.96060749198659, "median": 65.76442039746325, "p75": 80.46169899249799, "p90": 86.30984593932517, "p95": 88.82539655389846, "p99": 93.55663970961369, "p99.9": 99.53254878689935, "max": 99.84660768206231}, "normalized_time_per_output_token": {"mean": 0.13829116535226782, "min": 0.031900086750023024, "p0.1": 0.04965549212686193, "p1": 0.050108565964810545, "p5": 0.05134258524917367, "p10": 0.052789968200084615, "p25": 0.0578652092300006, "median": 0.06926943685438938, "p75": 0.0821393419444418, "p90": 0.0897331481826125, "p95": 0.11902842574664, "p99": 2.0563586245831544, "p99.9": 4.052264939696804, "max": 17.758350027754204}, "time_per_output_token": {"mean": 0.03344741065133541, "min": 0.024212910163415032, "p0.1": 0.024438383572312573, "p1": 0.024633223702862295, "p5": 0.02514188599660234, "p10": 0.025903209548958785, "p25": 0.02833479482146829, "median": 0.032208619386026136, "p75": 0.039579573068442564, "p90": 0.041831050314695, "p95": 0.043744585872491075, "p99": 0.04490308247682376, "p99.9": 0.04500087372730233, "max": 0.045006735120441066}, "time_to_first_token": {"mean": 0.6748611907515149, "min": 0.06789377005770802, "p0.1": 0.07123501821351237, "p1": 0.07753618720453233, "p5": 0.0889683046785649, "p10": 0.09531514067202806, "p25": 0.11156322824535891, "median": 0.13964644400402904, "p75": 0.17554730051779188, "p90": 0.3507010844186877, "p95": 0.6464410070970161, "p99": 38.67875949849258, "p99.9": 39.98613725500927, "max": 40.00829218199942}, "inter_token_latency": {"mean": 0.03344741065133541, "min": 2.3350585252046585e-06, "p0.1": 3.163004294037819e-06, "p1": 1.2434144737198948e-05, "p5": 1.9361963495612144e-05, "p10": 2.458097878843546e-05, "p25": 3.56319360435009e-05, "median": 0.00031121697975322604, "p75": 0.048354191007092595, "p90": 0.0617574088741094, "p95": 0.07110712103312834, "p99": 0.11435039784410057, "p99.9": 0.5718543472827907, "max": 42.55914441298228}}, "throughput": {"input_tokens_per_sec": 89464.8135455207, "output_tokens_per_sec": 11153.11738759765, "total_tokens_per_sec": 100617.93093311835, "requests_per_sec": 11.796206185134867}, "prompt_len": {"mean": 7584.20225464191, "min": 7509.0, "p0.1": 7512.549, "p1": 7521.14, "p5": 7538.0, "p10": 7549.0, "p25": 7565.75, "median": 7585.0, "p75": 7603.0, "p90": 7619.0, "p95": 7629.0, "p99": 7647.860000000001, "p99.9": 7662.944000000001, "max": 7667.0}, "output_len": {"mean": 945.4834217506632, "min": 4.0, "p0.1": 21.028, "p1": 33.0, "p5": 540.4500000000004, "p10": 954.4000000000001, "p25": 992.0, "median": 998.0, "p75": 1000.0, "p90": 1000.0, "p95": 1000.0, "p99": 1000.0, "p99.9": 1001.4930000000002, "max": 1996.0}}, "failures": {"count": 0, "request_latency": null, "prompt_len": null}}