{"load_summary": {"count": 1482, "schedule_delay": {"mean": 0.0008969854256490122, "min": -0.0007679683621972799, "p0.1": -0.0006231198776513338, "p1": -0.0003637211222667247, "p5": -6.172736757434905e-05, "p10": 0.0001252006273716688, "p25": 0.00047755465493537486, "median": 0.0008772966684773564, "p75": 0.0012766294239554554, "p90": 0.0016349849291145803, "p95": 0.001936419279081747, "p99": 0.0025090226391330365, "p99.9": 0.0034379898869666423, "max": 0.003985815681517124}, "send_duration": 26.674601425998844, "requested_rate": 57.0, "achieved_rate": 55.55846838466887}, "successes": {"count": 1482, "latency": {"request_latency": {"mean": 67.66950750671408, "min": 50.18154783395585, "p0.1": 50.224634826909984, "p1": 50.63838415683713, "p5": 51.73454441470676, "p10": 52.931908142752945, "p25": 57.04810171399731, "median": 66.31441160151735, "p75": 79.63372153625824, "p90": 84.36836115672486, "p95": 88.70950667319121, "p99": 90.63197918452454, "p99.9": 99.25913549122588, "max": 99.63189518998843}, "normalized_time_per_output_token": {"mean": 0.1608840963744798, "min": 0.05018154783395585, "p0.1": 0.0505031637645346, "p1": 0.05095415945249116, "p5": 0.05216294609309663, "p10": 0.053572907298674644, "p25": 0.05808266488063294, "median": 0.06945872449295729, "p75": 0.08163936976707212, "p90": 0.08968895866728854, "p95": 0.18928953644902938, "p99": 2.2903018534605404, "p99.9": 3.0363492428068524, "max": 29.352062312013004}, "time_per_output_token": {"mean": 0.03353011578527889, "min": 0.024867235141436753, "p0.1": 0.024867301954286474, "p1": 0.02491978747356482, "p5": 0.02565358949988126, "p10": 0.026196182635554607, "p25": 0.02842792742205251, "median": 0.032587971052223316, "p75": 0.03926660117674279, "p90": 0.04143382469223563, "p95": 0.04370095348017914, "p99": 0.04477860836876449, "p99.9": 0.04688428715737604, "max": 0.048498336781120706}, "time_to_first_token": {"mean": 0.5153918694164328, "min": 0.0676244639325887, "p0.1": 0.07388492961938027, "p1": 0.0809564219112508, "p5": 0.08874958390370011, "p10": 0.09580052811652422, "p25": 0.11187803518259898, "median": 0.141765138017945, "p75": 0.17726339801447466, "p90": 0.45253684240160547, "p95": 0.7451787401514594, "p99": 1.2929859281959948, "p99.9": 39.51241504162181, "max": 39.783642026013695}, "inter_token_latency": {"mean": 0.03353011578527888, "min": 2.3349421098828316e-06, "p0.1": 3.0690571293234825e-06, "p1": 1.2503005564212799e-05, "p5": 1.970503944903612e-05, "p10": 2.480810508131981e-05, "p25": 3.635208122432232e-05, "median": 0.00030900450656190515, "p75": 0.04805736950947903, "p90": 0.06304001347161829, "p95": 0.07129005281021819, "p99": 0.10948639906011522, "p99.9": 0.6157561837269486, "max": 41.52886873099487}}, "throughput": {"input_tokens_per_sec": 88987.52875849564, "output_tokens_per_sec": 11000.471371035816, "total_tokens_per_sec": 99988.00012953146, "requests_per_sec": 11.733363205423714}, "prompt_len": {"mean": 7584.145074224021, "min": 7509.0, "p0.1": 7512.367, "p1": 7521.0, "p5": 7538.0, "p10": 7549.1, "p25": 7566.0, "median": 7585.0, "p75": 7603.0, "p90": 7618.0, "p95": 7629.0, "p99": 7646.38, "p99.9": 7663.152000000002, "max": 7667.0}, "output_len": {"mean": 937.5377867746289, "min": 2.0, "p0.1": 22.405, "p1": 32.0, "p5": 392.4, "p10": 933.3, "p25": 991.0, "median": 997.0, "p75": 1000.0, "p90": 1000.0, "p95": 1000.0, "p99": 1000.0, "p99.9": 1002.0, "max": 1003.0}}, "failures": {"count": 0, "request_latency": null, "prompt_len": null}}