{"load_summary": {"count": 1520, "schedule_delay": {"mean": 0.0007687380031903127, "min": -0.0008182399906218052, "p0.1": -0.0006869933172129095, "p1": -0.0004141351499129087, "p5": -0.00010505975224077699, "p10": 7.870112312957646e-05, "p25": 0.0004014166770502925, "median": 0.0007413193234242499, "p75": 0.0011204424663446844, "p90": 0.0014739879523403942, "p95": 0.0016458089172374456, "p99": 0.0021842073195148222, "p99.9": 0.0031840516956290485, "max": 0.0032854131422936916}, "send_duration": 37.89222012704704, "requested_rate": 40.0, "achieved_rate": 40.11377519986065}, "successes": {"count": 1520, "latency": {"request_latency": {"mean": 63.89768257096998, "min": 46.530865353066474, "p0.1": 46.66288570509688, "p1": 47.00960215780535, "p5": 48.22632742092246, "p10": 49.70807316460414, "p25": 54.77765088673914, "median": 62.026611549488734, "p75": 73.33500901176012, "p90": 80.15992542606547, "p95": 86.58716665058746, "p99": 91.68401037494301, "p99.9": 94.53572089106326, "max": 94.6823526979424}, "normalized_time_per_output_token": {"mean": 0.1713347027813088, "min": 0.037064258288381925, "p0.1": 0.04319098583280359, "p1": 0.04709091482689999, "p5": 0.048712954646768516, "p10": 0.050502462836648415, "p25": 0.055896487132251524, "median": 0.0644407837955514, "p75": 0.07646506176928594, "p90": 0.08872391429234708, "p95": 0.44860025639800044, "p99": 2.3288931102384245, "p99.9": 8.29503784649168, "max": 20.04886658497465}, "time_per_output_token": {"mean": 0.03019372434800396, "min": 0.01996592723490807, "p0.1": 0.0199661923125783, "p1": 0.02048959436537028, "p5": 0.022455026134327313, "p10": 0.023643201741203525, "p25": 0.026151400175149685, "median": 0.028979187052475167, "p75": 0.033094797584325146, "p90": 0.03817758785113567, "p95": 0.040571425195627106, "p99": 0.043960357404640715, "p99.9": 0.04406420151696451, "max": 0.044099123376342045}, "time_to_first_token": {"mean": 3.4253398722674895, "min": 0.0687268670881167, "p0.1": 0.07115709750668611, "p1": 0.0792855443013832, "p5": 0.08795501590357162, "p10": 0.09495297806570306, "p25": 0.11254045020905323, "median": 0.14622973051154986, "p75": 0.19349395649624057, "p90": 26.463225826004063, "p95": 32.05372139050159, "p99": 35.1079831806384, "p99.9": 36.20384729412973, "max": 36.815332959988154}, "inter_token_latency": {"mean": 0.03019372434800396, "min": 2.3370375856757164e-06, "p0.1": 3.4550343407317996e-06, "p1": 1.2621982023119926e-05, "p5": 1.94810563698411e-05, "p10": 2.42539681494236e-05, "p25": 3.389397170394659e-05, "median": 0.0001638949615880847, "p75": 0.0478108590177726, "p90": 0.058202712878119206, "p95": 0.06514435155550018, "p99": 0.10825943143572664, "p99.9": 0.5152479653954531, "max": 36.73420585796703}}, "throughput": {"input_tokens_per_sec": 86953.33316455601, "output_tokens_per_sec": 10619.223354831973, "total_tokens_per_sec": 97572.55651938797, "requests_per_sec": 11.46524531522752}, "prompt_len": {"mean": 7584.079605263158, "min": 7509.0, "p0.1": 7512.633, "p1": 7521.38, "p5": 7537.0, "p10": 7549.0, "p25": 7565.0, "median": 7585.0, "p75": 7603.0, "p90": 7618.1, "p95": 7629.0, "p99": 7647.62, "p99.9": 7662.848000000002, "max": 7667.0}, "output_len": {"mean": 926.2098684210526, "min": 3.0, "p0.1": 11.747000000000002, "p1": 33.0, "p5": 127.95, "p10": 898.8, "p25": 991.0, "median": 997.0, "p75": 1000.0, "p90": 1000.0, "p95": 1000.0, "p99": 1000.0, "p99.9": 1338.1100000000688, "max": 1994.0}}, "failures": {"count": 0, "request_latency": null, "prompt_len": null}}