{"load_summary": {"count": 735, "schedule_delay": {"mean": 0.0007850334423651197, "min": -0.0005928025348111987, "p0.1": -0.000588987500173971, "p1": -0.0004040457447990775, "p5": -9.803000139072538e-05, "p10": 0.0001430209958925844, "p25": 0.0004130838206037879, "median": 0.0007503456436097622, "p75": 0.0011388618149794638, "p90": 0.0014843535143882038, "p95": 0.0016831202083267259, "p99": 0.0022090667393058526, "p99.9": 0.002688853412400959, "max": 0.00295563240069896}, "send_duration": 22.18996085994877, "requested_rate": 35.0, "achieved_rate": 33.12308681565187}, "successes": {"count": 735, "latency": {"request_latency": {"mean": 40.788992970558134, "min": 35.909659525961615, "p0.1": 35.928757329591086, "p1": 36.48283946247538, "p5": 37.29209052812075, "p10": 37.960182057973, "p25": 39.175529163505416, "median": 40.468083658022806, "p75": 41.64103045151569, "p90": 44.915297193732115, "p95": 46.831171702686696, "p99": 47.88311251733918, "p99.9": 50.829386617309005, "max": 51.374388659955}, "normalized_time_per_output_token": {"mean": 0.08084672514374573, "min": 0.018650467118654545, "p0.1": 0.020165554229080333, "p1": 0.03647239766123914, "p5": 0.03749264505090587, "p10": 0.038179857255434185, "p25": 0.03939662147802301, "median": 0.04095506343303714, "p75": 0.04227767595521842, "p90": 0.04771632576966939, "p95": 0.0785048327252203, "p99": 1.2591963594776128, "p99.9": 2.091417573604814, "max": 2.34682812727341}, "time_per_output_token": {"mean": 0.020258074555327094, "min": 0.01786723080208001, "p0.1": 0.01787549304391089, "p1": 0.018147996642810898, "p5": 0.018522615469627964, "p10": 0.018790443677865695, "p25": 0.019414259642160134, "median": 0.020093704203910743, "p75": 0.02067125505346666, "p90": 0.022172946549429817, "p95": 0.023216228987854054, "p99": 0.023754412776483144, "p99.9": 0.025313956776731046, "max": 0.025592227368315366}, "time_to_first_token": {"mean": 0.19723230532075905, "min": 0.06753624498378485, "p0.1": 0.06754200979019515, "p1": 0.07613068504258991, "p5": 0.08553912820061668, "p10": 0.08928365455940365, "p25": 0.10085144097683951, "median": 0.11977885197848082, "p75": 0.20211337244836614, "p90": 0.46330063641071323, "p95": 0.5854168313089757, "p99": 0.7969760761409997, "p99.9": 1.0558194572629906, "max": 1.0873377961106598}, "inter_token_latency": {"mean": 0.020258074555327094, "min": 2.346932888031006e-06, "p0.1": 3.012697212398052e-06, "p1": 1.2486940249800682e-05, "p5": 1.889304257929325e-05, "p10": 2.4015898816287518e-05, "p25": 3.404601011425257e-05, "median": 0.00013838103041052818, "p75": 0.041945065080653876, "p90": 0.044427022454328835, "p95": 0.045480552047956736, "p99": 0.051584230759181, "p99.9": 0.19954337923321924, "max": 19.0761805200018}}, "throughput": {"input_tokens_per_sec": 75774.13565645421, "output_tokens_per_sec": 9441.978411187732, "total_tokens_per_sec": 85216.11406764193, "requests_per_sec": 9.991252621640275}, "prompt_len": {"mean": 7584.047619047619, "min": 7509.0, "p0.1": 7514.138, "p1": 7521.68, "p5": 7538.0, "p10": 7549.4, "p25": 7565.5, "median": 7585.0, "p75": 7603.0, "p90": 7618.0, "p95": 7628.3, "p99": 7646.0, "p99.9": 7661.128000000001, "max": 7667.0}, "output_len": {"mean": 945.0244897959184, "min": 18.0, "p0.1": 22.404, "p1": 33.0, "p5": 512.0, "p10": 943.4, "p25": 991.0, "median": 997.0, "p75": 1000.0, "p90": 1000.0, "p95": 1000.0, "p99": 1000.0, "p99.9": 1997.5320000000002, "max": 1999.0}}, "failures": {"count": 0, "request_latency": null, "prompt_len": null}}