{"load_summary": {"count": 17084, "schedule_delay": {"mean": 0.000943718788515383, "min": -0.0013202030677348375, "p0.1": -0.0007412086044205353, "p1": -0.00040102318511344494, "p5": -8.645734633319077e-05, "p10": 0.00010782821336761124, "p25": 0.00042762598604895175, "median": 0.0008060279069468379, "p75": 0.001197793346364051, "p90": 0.001566393882967532, "p95": 0.001788014202611521, "p99": 0.002449978358345096, "p99.9": 0.03852297267411154, "max": 0.150196747854352}}, "successes": {"count": 17084, "latency": {"request_latency": {"mean": 58.52721483876984, "min": 24.56421369104646, "p0.1": 25.28306827693712, "p1": 26.950860915242227, "p5": 36.133850137592525, "p10": 38.27070294908481, "p25": 43.55684125344851, "median": 57.343293767014984, "p75": 71.78770986621385, "p90": 82.07970785381039, "p95": 86.30778863601735, "p99": 90.7673437143804, "p99.9": 99.3997819733101, "max": 101.66311732295435}, "normalized_time_per_output_token": {"mean": 0.13258438481240625, "min": 0.0, "p0.1": 0.025225013592399773, "p1": 0.0271444278021889, "p5": 0.036552548196789575, "p10": 0.03871497443159978, "p25": 0.045979146432583044, "median": 0.058668577802483926, "p75": 0.07640668863225956, "p90": 0.0886247003338931, "p95": 0.1806691152951966, "p99": 2.116439660626764, "p99.9": 3.905874421905311, "max": 38.48626596102258}, "time_per_output_token": {"mean": 0.028697920855726637, "min": 0.012180466958526886, "p0.1": 0.012526502998429117, "p1": 0.013391722635621892, "p5": 0.01788175541147504, "p10": 0.019020428867830983, "p25": 0.021423079996897576, "median": 0.028280393489298346, "p75": 0.034993965114309876, "p90": 0.040607939072078734, "p95": 0.04242106156097248, "p99": 0.04487790693863186, "p99.9": 0.04535405027517322, "max": 0.04940063118290478}, "time_to_first_token": {"mean": 1.045287570115594, "min": 0.05780321091879159, "p0.1": 0.06199848524457775, "p1": 0.07239066854817792, "p5": 0.08532629398978316, "p10": 0.09266047946875915, "p25": 0.11052236999967135, "median": 0.14420437603257596, "p75": 0.18889061553636566, "p90": 0.47969295991351846, "p95": 0.8394638869445744, "p99": 35.337348817860466, "p99.9": 39.80287525466995, "max": 41.10137680207845}, "inter_token_latency": {"mean": 0.028697920855726637, "min": 2.286047674715519e-06, "p0.1": 3.129011020064354e-06, "p1": 1.2520002201199532e-05, "p5": 1.9382918253540993e-05, "p10": 2.450693864375353e-05, "p25": 3.519910387694836e-05, "median": 0.00023039046209305525, "p75": 0.044885842013172805, "p90": 0.05518300351686775, "p95": 0.0667563003837131, "p99": 0.1086129165254536, "p99.9": 0.44814967630117175, "max": 42.55914441298228}}, "throughput": {"input_tokens_per_sec": 77253.05358976158, "output_tokens_per_sec": 9553.13878403165, "total_tokens_per_sec": 86806.19237379324, "requests_per_sec": 10.186262965498367}, "prompt_len": {"mean": 7584.042730039803, "min": 7509.0, "p0.1": 7509.0, "p1": 7521.0, "p5": 7538.0, "p10": 7549.0, "p25": 7565.0, "median": 7585.0, "p75": 7603.0, "p90": 7618.0, "p95": 7629.0, "p99": 7648.0, "p99.9": 7667.0, "max": 7667.0}, "output_len": {"mean": 937.8452938421915, "min": 0.0, "p0.1": 18.0, "p1": 33.0, "p5": 317.4500000000003, "p10": 940.0, "p25": 991.0, "median": 997.0, "p75": 1000.0, "p90": 1000.0, "p95": 1000.0, "p99": 1000.0, "p99.9": 1004.0, "max": 1999.0}}, "failures": {"count": 0, "request_latency": null, "prompt_len": null}}