{"load_summary": {"count": 225, "schedule_delay": {"mean": 0.0014336736091516084, "min": -5.4966716561466455e-05, "p0.1": -3.40558965690434e-05, "p1": 0.00010304824914783243, "p5": 0.000417394342366606, "p10": 0.0005980707239359618, "p25": 0.0009458854328840971, "median": 0.0013696267851628363, "p75": 0.0018230706918984652, "p90": 0.0024059547344222666, "p95": 0.002810466743540018, "p99": 0.0031777375750243644, "p99.9": 0.003948294064495715, "max": 0.004006381670478731}, "send_duration": 24.789848274027463, "requested_rate": 9.0, "achieved_rate": 9.076295970545912}, "successes": {"count": 225, "latency": {"request_latency": {"mean": 42.47748272732469, "min": 32.446985199989285, "p0.1": 32.49301171378186, "p1": 32.76701446055435, "p5": 33.26051780161215, "p10": 33.94276774919126, "p25": 36.9531122870394, "median": 42.00086264696438, "p75": 48.19561860500835, "p90": 51.122087253804786, "p95": 51.38079181240173, "p99": 51.807073237898294, "p99.9": 51.92354203381902, "max": 51.9280750080361}, "normalized_time_per_output_token": {"mean": 0.04434543691756245, "min": 0.03265246070799185, "p0.1": 0.03266581629586148, "p1": 0.032817992616308155, "p5": 0.03408018688710149, "p10": 0.03483549973205784, "p25": 0.03795228206401225, "median": 0.04481856706368115, "p75": 0.049787753123472396, "p90": 0.05257636523091436, "p95": 0.056978523108310246, "p99": 0.06190883620896916, "p99.9": 0.07541010515863437, "max": 0.07773663923358698}, "time_per_output_token": {"mean": 0.019224962865364605, "min": 0.01608964007796728, "p0.1": 0.016101984081229943, "p1": 0.016144783724616488, "p5": 0.016324962097352073, "p10": 0.016800377160908354, "p25": 0.01750974487805942, "median": 0.018241722869553206, "p75": 0.020750445357821966, "p90": 0.02285250852262994, "p95": 0.023943207021073103, "p99": 0.024962533976245524, "p99.9": 0.025240236531046435, "max": 0.02527407637381552}, "time_to_first_token": {"mean": 3.9369748947433094, "min": 0.16222354501951486, "p0.1": 0.16250804337952285, "p1": 0.1667219238099642, "p5": 0.17770631602033973, "p10": 0.1871526475646533, "p25": 1.2308533120085485, "median": 3.576747233979404, "p75": 5.879852294980083, "p90": 8.632055040984413, "p95": 9.91978423758409, "p99": 12.699919006573035, "p99.9": 13.21548676820193, "max": 13.346514613949694}, "inter_token_latency": {"mean": 0.019224962865364608, "min": 2.1400046534836292e-06, "p0.1": 3.6400160752236843e-06, "p1": 1.3246219605207444e-05, "p5": 1.8982973415404558e-05, "p10": 2.4107983335852623e-05, "p25": 3.9444013964384794e-05, "median": 0.0002204260090366006, "p75": 0.03358217002823949, "p90": 0.034838993812445554, "p95": 0.03550693481229246, "p99": 0.041900769770146166, "p99.9": 0.6175330477561819, "max": 0.6789099549641833}}, "throughput": {"input_tokens_per_sec": 35883.11227996086, "output_tokens_per_sec": 3676.889085177715, "total_tokens_per_sec": 39560.001365138574, "requests_per_sec": 3.8187426453087854}, "prompt_len": {"mean": 9396.577777777778, "min": 9336.0, "p0.1": 9338.016, "p1": 9347.0, "p5": 9356.0, "p10": 9363.4, "p25": 9377.0, "median": 9394.0, "p75": 9416.0, "p90": 9430.6, "p95": 9440.8, "p99": 9463.52, "p99.9": 9490.088, "max": 9493.0}, "output_len": {"mean": 962.8533333333334, "min": 668.0, "p0.1": 678.976, "p1": 753.96, "p5": 801.6, "p10": 861.8, "p25": 959.0, "median": 1000.0, "p75": 1001.0, "p90": 1001.0, "p95": 1001.0, "p99": 1001.76, "p99.9": 1005.8800000000001, "max": 1007.0}}, "failures": {"count": 0, "request_latency": null, "prompt_len": null}}