{"load_summary": {"count": 120, "schedule_delay": {"mean": 0.0010857596391967187, "min": -0.0003160950727760792, "p0.1": -0.0002926624020910822, "p1": -9.694786684121937e-05, "p5": 0.00026429792342241853, "p10": 0.00043333236244507133, "p25": 0.0006350273761199787, "median": 0.0010007990640588105, "p75": 0.0014194751711329445, "p90": 0.0018388474418316036, "p95": 0.0021239193767542018, "p99": 0.0023967093799728903, "p99.9": 0.005267789518111432, "max": 0.005651813407894224}, "send_duration": 57.92830521700671, "requested_rate": 2.0, "achieved_rate": 2.0715261658435358}, "successes": {"count": 120, "latency": {"request_latency": {"mean": 26.404775218917834, "min": 24.69882723898627, "p0.1": 24.701665144798636, "p1": 24.7419542723021, "p5": 24.9928000294487, "p10": 25.16021771521191, "p25": 25.631405796506442, "median": 26.598130950995255, "p75": 27.308917844478856, "p90": 27.59843769154395, "p95": 27.73840263990278, "p99": 27.766834827687127, "p99.9": 27.772655839575048, "max": 27.773314741032664}, "normalized_time_per_output_token": {"mean": 0.028091293303860846, "min": 0.0248241440570564, "p0.1": 0.024840543523809582, "p1": 0.024964155174585948, "p5": 0.02515528774908186, "p10": 0.025302902192270417, "p25": 0.025832279631370827, "median": 0.027094837041072788, "p75": 0.02771190486364376, "p90": 0.03016928051833781, "p95": 0.032126197154288764, "p99": 0.036833267690877976, "p99.9": 0.11312414690745162, "max": 0.12329942768893058}, "time_per_output_token": {"mean": 0.01311622377580091, "min": 0.012275196186421361, "p0.1": 0.01227620138691457, "p1": 0.012293015311878262, "p5": 0.012419857975619234, "p10": 0.012491933169564918, "p25": 0.012737064614059412, "median": 0.01321595511794824, "p75": 0.013565521290745883, "p90": 0.013701672915846686, "p95": 0.01378883956697508, "p99": 0.013797368055797645, "p99.9": 0.013797996440120258, "max": 0.01379801293604424}, "time_to_first_token": {"mean": 0.10511329786434848, "min": 0.075288221007213, "p0.1": 0.07528951738978504, "p1": 0.07543269333895296, "p5": 0.07717480695864651, "p10": 0.07954747862531804, "p25": 0.08653574521304108, "median": 0.09333802200853825, "p75": 0.1018223312421469, "p90": 0.10866664753411899, "p95": 0.11514705205045173, "p99": 0.38850580944505064, "p99.9": 0.5952110343556883, "max": 0.6218043509870768}, "inter_token_latency": {"mean": 0.01311622377580091, "min": 2.543965820223093e-06, "p0.1": 4.3383037555031475e-06, "p1": 1.563900150358677e-05, "p5": 2.147793711628765e-05, "p10": 3.4097000025212765e-05, "p25": 4.246697062626481e-05, "median": 0.00018371501937508583, "p75": 0.026008885237388313, "p90": 0.027421282429713756, "p95": 0.028278044288163072, "p99": 0.029851251337095163, "p99.9": 0.0367436096522144, "max": 0.28428404696751386}}, "throughput": {"input_tokens_per_sec": 13629.492614337634, "output_tokens_per_sec": 1400.0955161307836, "total_tokens_per_sec": 15029.588130468417, "requests_per_sec": 1.4506005934597404}, "prompt_len": {"mean": 9395.758333333333, "min": 9336.0, "p0.1": 9337.071, "p1": 9345.38, "p5": 9356.0, "p10": 9363.9, "p25": 9375.5, "median": 9393.5, "p75": 9412.0, "p90": 9437.1, "p95": 9443.0, "p99": 9460.77, "p99.9": 9489.549, "max": 9493.0}, "output_len": {"mean": 965.1833333333333, "min": 209.0, "p0.1": 271.237, "p1": 737.13, "p5": 829.85, "p10": 876.8, "p25": 979.5, "median": 1000.0, "p75": 1001.0, "p90": 1001.0, "p95": 1001.0, "p99": 1002.0, "p99.9": 1002.0, "max": 1002.0}}, "failures": {"count": 0, "request_latency": null, "prompt_len": null}}