{"load_summary": {"count": 600, "schedule_delay": {"mean": 0.0010287389071891085, "min": -0.00048023322597146034, "p0.1": -0.000462794418039266, "p1": -0.0002643468393944204, "p5": 4.827441589441152e-05, "p10": 0.00022706660674884916, "p25": 0.0005491160409292206, "median": 0.0009598181932233274, "p75": 0.0013427363155642524, "p90": 0.0016461659222841262, "p95": 0.0018186705157859251, "p99": 0.002091412379522806, "p99.9": 0.026401794567355093, "max": 0.027618348773103207}, "send_duration": 59.976431852031965, "requested_rate": 10.0, "achieved_rate": 10.003929568205422}, "successes": {"count": 600, "latency": {"request_latency": {"mean": 39.05454664162515, "min": 32.3529086150229, "p0.1": 32.385794333789676, "p1": 32.51739546598866, "p5": 33.12782004383043, "p10": 34.40189394789631, "p25": 37.00182007154217, "median": 39.541678559966385, "p75": 41.57044847475481, "p90": 42.704536352312424, "p95": 43.495098371565106, "p99": 43.740061652588196, "p99.9": 43.77519704655657, "max": 43.78851533296984}, "normalized_time_per_output_token": {"mean": 0.040482281574893066, "min": 0.0323205880269959, "p0.1": 0.032353440892896775, "p1": 0.03256224263832026, "p5": 0.033810326677853865, "p10": 0.034656009316612724, "p25": 0.03764604726769903, "median": 0.040500561959970094, "p75": 0.042684861698378374, "p90": 0.04481110177648559, "p95": 0.04908751619368785, "p99": 0.055499717145769324, "p99.9": 0.0574658684022791, "max": 0.05761530308297517}, "time_per_output_token": {"mean": 0.01943058487577734, "min": 0.01610011934982971, "p0.1": 0.016110074014378695, "p1": 0.016181230562229025, "p5": 0.016480352961121294, "p10": 0.017105312026979663, "p25": 0.018417983689035154, "median": 0.01967205070840278, "p75": 0.020688744497265894, "p90": 0.021252053730257403, "p95": 0.02164399690889946, "p99": 0.021768863374136794, "p99.9": 0.02177796107247753, "max": 0.02177986883958485}, "time_to_first_token": {"mean": 0.11819981301116059, "min": 0.07360444404184818, "p0.1": 0.07413535806693836, "p1": 0.07822991736058611, "p5": 0.08410946214280557, "p10": 0.0888744370546192, "p25": 0.09957446649787016, "median": 0.1142832854820881, "p75": 0.1334372477431316, "p90": 0.14768171350006015, "p95": 0.1622629649529699, "p99": 0.1965436898637563, "p99.9": 0.3814874126556692, "max": 0.39330356096616015}, "inter_token_latency": {"mean": 0.01943058487577734, "min": 2.065033186227083e-06, "p0.1": 3.6510173231363297e-06, "p1": 1.2705044355243444e-05, "p5": 1.7531041521579027e-05, "p10": 2.230802783742547e-05, "p25": 3.5492994356900454e-05, "median": 0.0002071554772555828, "p75": 0.040612335040350445, "p90": 0.04240983127965592, "p95": 0.04394108396372758, "p99": 0.054048641280387534, "p99.9": 0.08862405156582856, "max": 0.2983618580037728}}, "throughput": {"input_tokens_per_sec": 59165.055474986315, "output_tokens_per_sec": 6103.235731455809, "total_tokens_per_sec": 65268.291206442125, "requests_per_sec": 6.296009034751509}, "prompt_len": {"mean": 9397.231666666667, "min": 9336.0, "p0.1": 9336.0, "p1": 9346.98, "p5": 9356.0, "p10": 9364.0, "p25": 9377.0, "median": 9394.0, "p75": 9416.0, "p90": 9435.1, "p95": 9441.1, "p99": 9480.0, "p99.9": 9497.0, "max": 9497.0}, "output_len": {"mean": 969.3816666666667, "min": 679.0, "p0.1": 698.168, "p1": 745.97, "p5": 807.95, "p10": 886.7, "p25": 975.0, "median": 1000.0, "p75": 1001.0, "p90": 1001.0, "p95": 1001.0, "p99": 1002.0, "p99.9": 1003.2030000000002, "max": 1005.0}}, "failures": {"count": 0, "request_latency": null, "prompt_len": null}}