{"load_summary": {"count": 900, "schedule_delay": {"mean": 0.0010325387858190677, "min": -0.000722576747648418, "p0.1": -0.0006740351399057544, "p1": -0.000354337067110464, "p5": -4.6559455222450195e-05, "p10": 0.0002015168603975326, "p25": 0.000518803673912771, "median": 0.0009285251144319773, "p75": 0.0012851465726271272, "p90": 0.001603813044494018, "p95": 0.0018444767978508024, "p99": 0.0021774374839151275, "p99.9": 0.03115482317167531, "max": 0.04685084114316851}, "send_duration": 59.95536642498337, "requested_rate": 15.0, "achieved_rate": 15.011166700583628}, "successes": {"count": 900, "latency": {"request_latency": {"mean": 51.40589012132647, "min": 35.921304736984894, "p0.1": 35.97459920825716, "p1": 36.65212794987369, "p5": 39.21761560524173, "p10": 41.24445966585772, "p25": 47.240926346989, "median": 51.4976450765098, "p75": 56.02996985249047, "p90": 60.80970111443894, "p95": 62.85664732643636, "p99": 63.492835883271766, "p99.9": 63.55147003548587, "max": 63.57018362398958}, "normalized_time_per_output_token": {"mean": 0.05380733922059483, "min": 0.03588541931766723, "p0.1": 0.03597252517716198, "p1": 0.03694142202165164, "p5": 0.03988238203916819, "p10": 0.04241207476504343, "p25": 0.04855093605293603, "median": 0.05358357048135136, "p75": 0.05870342640716505, "p90": 0.0633572105429874, "p95": 0.06666103696508702, "p99": 0.07720960044846606, "p99.9": 0.11161445481576558, "max": 0.22513888305265894}, "time_per_output_token": {"mean": 0.025593543024936348, "min": 0.01788817826587044, "p0.1": 0.017907115992439653, "p1": 0.01823953732642477, "p5": 0.0195230652302365, "p10": 0.02053211176045833, "p25": 0.023503685122079645, "median": 0.025617780236621923, "p75": 0.0278919598784415, "p90": 0.030276385377354824, "p95": 0.031299838771249915, "p99": 0.03163537439605945, "p99.9": 0.03165642877104851, "max": 0.031656559976510124}, "time_to_first_token": {"mean": 0.13691476391990565, "min": 0.07298901199828833, "p0.1": 0.0748822305140784, "p1": 0.07854816880717408, "p5": 0.08730890669976361, "p10": 0.09392733772401698, "p25": 0.10832984822627623, "median": 0.13563383699511178, "p75": 0.158697479244438, "p90": 0.18108306691865436, "p95": 0.1942782592930598, "p99": 0.2288846801785985, "p99.9": 0.3406009691865247, "max": 0.3912235720199533}, "inter_token_latency": {"mean": 0.02559354302493635, "min": 2.1570012904703617e-06, "p0.1": 3.875000402331352e-06, "p1": 1.2459990102797747e-05, "p5": 1.7319980543106794e-05, "p10": 2.1966989152133465e-05, "p25": 3.313302295282483e-05, "median": 0.00021255502360872924, "p75": 0.05331311577174347, "p90": 0.059958469343837355, "p95": 0.06867167910968419, "p99": 0.07781986714166124, "p99.9": 0.11637817443651215, "max": 0.3455185839557089}}, "throughput": {"input_tokens_per_sec": 76783.89040313849, "output_tokens_per_sec": 7874.473267982472, "total_tokens_per_sec": 84658.36367112095, "requests_per_sec": 8.170970552774136}, "prompt_len": {"mean": 9397.156666666666, "min": 9336.0, "p0.1": 9336.0, "p1": 9347.0, "p5": 9356.0, "p10": 9364.0, "p25": 9377.0, "median": 9394.0, "p75": 9416.0, "p90": 9435.0, "p95": 9441.0, "p99": 9480.0, "p99.9": 9497.0, "max": 9497.0}, "output_len": {"mean": 963.7133333333334, "min": 209.0, "p0.1": 482.296, "p1": 742.98, "p5": 806.85, "p10": 862.7, "p25": 967.0, "median": 1000.0, "p75": 1001.0, "p90": 1001.0, "p95": 1001.0, "p99": 1002.0, "p99.9": 1027.1410000000046, "max": 1064.0}}, "failures": {"count": 0, "request_latency": null, "prompt_len": null}}