{"load_summary": {"count": 1500, "schedule_delay": {"mean": 0.0010035759595533212, "min": -0.0016076505999080837, "p0.1": -0.0010819368616794235, "p1": -0.0003233231225749478, "p5": 2.6627705665305347e-06, "p10": 0.00020745762740261852, "p25": 0.0005720626359106973, "median": 0.0009438130364287645, "p75": 0.0013069301203358918, "p90": 0.0016452055308036507, "p95": 0.001845881252666004, "p99": 0.0022095664648804814, "p99.9": 0.023895753671826392, "max": 0.05701473983936012}, "send_duration": 59.960461759998, "requested_rate": 25.0, "achieved_rate": 25.016485129884533}, "successes": {"count": 1500, "latency": {"request_latency": {"mean": 83.55035452410704, "min": 49.57903347501997, "p0.1": 49.654793279276866, "p1": 50.728913558242496, "p5": 58.57857161601423, "p10": 65.52996968639782, "p25": 75.34720535024826, "median": 83.39489273150684, "p75": 92.82819046726217, "p90": 103.39837393607014, "p95": 108.96010893794882, "p99": 110.42857335304085, "p99.9": 110.87560716484843, "max": 110.89792935800506}, "normalized_time_per_output_token": {"mean": 0.0873645437500712, "min": 0.04957903347501997, "p0.1": 0.049712805101975184, "p1": 0.05113438893542088, "p5": 0.059197081220231484, "p10": 0.06756135618168405, "p25": 0.07705989578263614, "median": 0.0868446946559385, "p75": 0.09593545407041049, "p90": 0.10917685668260528, "p95": 0.11248504774729655, "p99": 0.13425086172961231, "p99.9": 0.18089286672977123, "max": 0.35799517183264934}, "time_per_output_token": {"mean": 0.040762212610798716, "min": 0.024702584032487797, "p0.1": 0.024727807664517588, "p1": 0.0252785414269736, "p5": 0.029178937225442167, "p10": 0.031615510893196024, "p25": 0.03664262430921544, "median": 0.04072379210546065, "p75": 0.04513475858944823, "p90": 0.04788222992938172, "p95": 0.05398985055446859, "p99": 0.05504406223179428, "p99.9": 0.05525222748040795, "max": 0.055275480473279785}, "time_to_first_token": {"mean": 1.9281754117750873, "min": 0.07553072599694133, "p0.1": 0.07754238837742014, "p1": 0.08177184519765433, "p5": 0.09319015827786643, "p10": 0.10181447481154464, "p25": 0.12493784374964889, "median": 0.17062999299378134, "p75": 0.22252351576753426, "p90": 0.27972239667433324, "p95": 0.34051506615360244, "p99": 42.88089369808673, "p99.9": 45.75590438543985, "max": 46.00456020596903}, "inter_token_latency": {"mean": 0.040762212610798716, "min": 2.101995050907135e-06, "p0.1": 5.149485252331943e-06, "p1": 1.2500036973506212e-05, "p5": 1.7188023775815964e-05, "p10": 2.1869956981390715e-05, "p25": 3.2289011869579554e-05, "median": 0.00024338302318938076, "p75": 0.0743988037283998, "p90": 0.09581371799577028, "p95": 0.11175205385079603, "p99": 0.154666861705482, "p99.9": 0.31027968985117316, "max": 45.18155704403762}}, "throughput": {"input_tokens_per_sec": 86593.37363755688, "output_tokens_per_sec": 8885.075251426038, "total_tokens_per_sec": 95478.44888898292, "requests_per_sec": 9.214493390122934}, "prompt_len": {"mean": 9397.518666666667, "min": 9336.0, "p0.1": 9336.0, "p1": 9347.0, "p5": 9356.0, "p10": 9364.0, "p25": 9377.0, "median": 9395.0, "p75": 9416.0, "p90": 9435.0, "p95": 9441.0, "p99": 9480.0, "p99.9": 9497.0, "max": 9497.0}, "output_len": {"mean": 964.25, "min": 209.0, "p0.1": 462.894, "p1": 749.0, "p5": 791.0, "p10": 856.9, "p25": 968.0, "median": 1000.0, "p75": 1001.0, "p90": 1001.0, "p95": 1001.0, "p99": 1002.0, "p99.9": 1012.5010000000002, "max": 1013.0}}, "failures": {"count": 0, "request_latency": null, "prompt_len": null}}