{"load_summary": {"count": 1800, "schedule_delay": {"mean": 0.0009274656331399456, "min": -0.0007412778213620186, "p0.1": -0.0005615832359762862, "p1": -0.00036975212686229497, "p5": 1.056476903613657e-05, "p10": 0.00020119002438150348, "p25": 0.000509428937220946, "median": 0.000876995618455112, "p75": 0.0012409904011292383, "p90": 0.0015318951278459282, "p95": 0.0016963438567472616, "p99": 0.0020831953338347376, "p99.9": 0.009277648172406911, "max": 0.06544183194637299}, "send_duration": 59.96689125098055, "requested_rate": 30.0, "achieved_rate": 30.01656351446378}, "successes": {"count": 1800, "latency": {"request_latency": {"mean": 102.00450860902728, "min": 62.06358311697841, "p0.1": 62.33610299585125, "p1": 64.8596664252592, "p5": 70.72173835094436, "p10": 77.59252460237477, "p25": 90.50262796370953, "median": 98.45372424949892, "p75": 115.39413538023655, "p90": 136.3045312910399, "p95": 138.23030344975413, "p99": 143.85327451324613, "p99.9": 146.2246219442656, "max": 146.37855966395}, "normalized_time_per_output_token": {"mean": 0.10594047621354317, "min": 0.06200158153544296, "p0.1": 0.06241935054425827, "p1": 0.06556029345068455, "p5": 0.07327445630522864, "p10": 0.07968916942983005, "p25": 0.09305098496338701, "median": 0.10003392011532594, "p75": 0.11981229651306874, "p90": 0.13812344035439375, "p95": 0.14354403995298445, "p99": 0.16281529940470987, "p99.9": 0.2310533723689708, "max": 0.33398170630128954}, "time_per_output_token": {"mean": 0.04917764164311647, "min": 0.029873981186427756, "p0.1": 0.0298977253992494, "p1": 0.029950936628041727, "p5": 0.03461647091080495, "p10": 0.037944985660691176, "p25": 0.044267151837332826, "median": 0.04862329526112062, "p75": 0.05421990365540932, "p90": 0.0606614114853485, "p95": 0.06807393190434065, "p99": 0.06886451119992142, "p99.9": 0.06899935439892248, "max": 0.06900535078860283}, "time_to_first_token": {"mean": 3.545902913469407, "min": 0.07469576603034511, "p0.1": 0.07692066747893114, "p1": 0.07997041417518631, "p5": 0.09369661432865542, "p10": 0.10586467659450136, "p25": 0.13328318447747733, "median": 0.1908635135332588, "p75": 0.2613895652903011, "p90": 0.3397243741899729, "p95": 48.36012524469988, "p99": 55.17985503436357, "p99.9": 55.99345688524758, "max": 56.10676108795451}, "inter_token_latency": {"mean": 0.04917764164311647, "min": 2.1989690139889717e-06, "p0.1": 5.718029569834471e-06, "p1": 1.2793054338544607e-05, "p5": 1.7632031813263893e-05, "p10": 2.2284977603703737e-05, "p25": 3.202504012733698e-05, "median": 0.00024040899006649852, "p75": 0.07806602628261317, "p90": 0.10736199407256208, "p95": 0.1313099406193942, "p99": 0.1735638226370787, "p99.9": 0.37114174937561645, "max": 57.21313106099842}}, "throughput": {"input_tokens_per_sec": 82494.12823339712, "output_tokens_per_sec": 8502.120710523144, "total_tokens_per_sec": 90996.24894392026, "requests_per_sec": 8.778406421977516}, "prompt_len": {"mean": 9397.392222222223, "min": 9336.0, "p0.1": 9336.0, "p1": 9347.0, "p5": 9356.0, "p10": 9364.0, "p25": 9377.0, "median": 9394.0, "p75": 9416.0, "p90": 9435.0, "p95": 9441.0, "p99": 9480.0, "p99.9": 9497.0, "max": 9497.0}, "output_len": {"mean": 968.5266666666666, "min": 209.0, "p0.1": 516.297, "p1": 741.96, "p5": 813.85, "p10": 884.0, "p25": 973.75, "median": 1000.0, "p75": 1001.0, "p90": 1001.0, "p95": 1001.0, "p99": 1002.0, "p99.9": 1014.608000000002, "max": 1025.0}}, "failures": {"count": 0, "request_latency": null, "prompt_len": null}}