{"load_summary": {"count": 2400, "schedule_delay": {"mean": 0.001360188721640346, "min": -0.0008577522821724415, "p0.1": -0.0005862345364876092, "p1": -0.00034898129000794143, "p5": 1.585084828548135e-06, "p10": 0.00017376115429215133, "p25": 0.0005167189228814095, "median": 0.0008781608194112778, "p75": 0.0012618270557140931, "p90": 0.0015835032565519214, "p95": 0.0017846193833975104, "p99": 0.002217997636762438, "p99.9": 0.13124724414112282, "max": 0.13746955338865519}, "send_duration": 59.96860549302073, "requested_rate": 40.0, "achieved_rate": 40.02094062833122}, "successes": {"count": 2400, "latency": {"request_latency": {"mean": 133.6159427457348, "min": 76.06780247797724, "p0.1": 76.17183579527132, "p1": 78.32729691415851, "p5": 82.99276155197295, "p10": 88.03972355401493, "p25": 102.68746275801095, "median": 136.93525147048058, "p75": 156.74647505796747, "p90": 180.74006910481253, "p95": 200.4278041021258, "p99": 202.02488959116977, "p99.9": 205.93745325498514, "max": 206.3642131400411}, "normalized_time_per_output_token": {"mean": 0.13943230597949763, "min": 0.0759933833036917, "p0.1": 0.07647675584536064, "p1": 0.07888231085957782, "p5": 0.08499417022100808, "p10": 0.09139662545627229, "p25": 0.10589968293462991, "median": 0.13937315022416277, "p75": 0.1634189878099267, "p90": 0.19627365942690309, "p95": 0.20322949033387452, "p99": 0.23262031401065977, "p99.9": 0.3049744091960928, "max": 0.7077184292259261}, "time_per_output_token": {"mean": 0.06275592463264651, "min": 0.036855225755128194, "p0.1": 0.03701109321768522, "p1": 0.038370749799866356, "p5": 0.040645690316477544, "p10": 0.04323099056232443, "p25": 0.0496268900237376, "median": 0.06531714065691752, "p75": 0.07563925437954702, "p90": 0.08138619731969271, "p95": 0.0852314289833972, "p99": 0.09603602862291406, "p99.9": 0.10042788106909847, "max": 0.10044844993554207}, "time_to_first_token": {"mean": 7.985992366728703, "min": 0.07521179696777835, "p0.1": 0.07703090452583274, "p1": 0.08521873532037716, "p5": 0.10145505591353868, "p10": 0.11795006598695182, "p25": 0.158251934000873, "median": 0.2400484880199656, "p75": 0.33916653496271465, "p90": 56.21478948159493, "p95": 62.55303887763584, "p99": 123.04903067075763, "p99.9": 124.87443547466765, "max": 125.06050515198149}, "inter_token_latency": {"mean": 0.06275592463264651, "min": 2.09402060136199e-06, "p0.1": 5.543988663703203e-06, "p1": 1.270999200642109e-05, "p5": 1.7462007235735655e-05, "p10": 2.2159016225486994e-05, "p25": 3.2171024940907955e-05, "median": 0.00024799551465548575, "p75": 0.0843753149965778, "p90": 0.12452700277790434, "p95": 0.15123336664692033, "p99": 0.20238283831684348, "p99.9": 0.4144917777087639, "max": 68.37171203398611}}, "throughput": {"input_tokens_per_sec": 84711.2480952205, "output_tokens_per_sec": 8701.63620620712, "total_tokens_per_sec": 93412.88430142762, "requests_per_sec": 9.014328228576042}, "prompt_len": {"mean": 9397.4, "min": 9336.0, "p0.1": 9336.0, "p1": 9347.0, "p5": 9356.0, "p10": 9364.0, "p25": 9377.0, "median": 9395.0, "p75": 9416.0, "p90": 9435.0, "p95": 9441.0, "p99": 9480.0, "p99.9": 9497.0, "max": 9497.0}, "output_len": {"mean": 965.3116666666666, "min": 209.0, "p0.1": 490.177, "p1": 743.98, "p5": 805.95, "p10": 869.0, "p25": 968.0, "median": 1000.0, "p75": 1001.0, "p90": 1001.0, "p95": 1001.0, "p99": 1002.0, "p99.9": 1016.8030000000003, "max": 1030.0}}, "failures": {"count": 0, "request_latency": null, "prompt_len": null}}