{"load_summary": {"count": 3600, "schedule_delay": {"mean": 0.0008622595585216509, "min": -0.0010949268471449614, "p0.1": -0.0009022881088894791, "p1": -0.0003831592749338597, "p5": -4.612682096194474e-05, "p10": 0.00014569969498552383, "p25": 0.0004776702116942033, "median": 0.0008684912463650107, "p75": 0.001250989836989902, "p90": 0.0015759377973154187, "p95": 0.001743629234260879, "p99": 0.0020482184155844138, "p99.9": 0.0024572754532564433, "max": 0.003342099371366203}, "send_duration": 59.98874249198707, "requested_rate": 60.0, "achieved_rate": 60.011259620600754}, "successes": {"count": 3391, "latency": {"request_latency": {"mean": 189.21961713479737, "min": 89.85151688999031, "p0.1": 90.17677964773611, "p1": 94.24534325281857, "p5": 99.9587302414875, "p10": 105.54313028400065, "p25": 130.51371159547125, "median": 186.07370652002282, "p75": 241.77987065300113, "p90": 271.17683631100226, "p95": 283.15909634699346, "p99": 298.1670445122989, "p99.9": 299.40151312938605, "max": 299.8905582160223}, "normalized_time_per_output_token": {"mean": 0.1976895002746236, "min": 0.09048130679602036, "p0.1": 0.09103713639580942, "p1": 0.09564585503487115, "p5": 0.10171080670203626, "p10": 0.10869931362055116, "p25": 0.1381013512524103, "median": 0.1906030357044878, "p75": 0.25103413487561155, "p90": 0.28299840070334237, "p95": 0.2979993805415577, "p99": 0.34876177461392516, "p99.9": 0.48297487743156414, "max": 0.7796038946310706}, "time_per_output_token": {"mean": 0.08496523233916888, "min": 0.037442278089946594, "p0.1": 0.037470612674783126, "p1": 0.04518146830264943, "p5": 0.049408828221628724, "p10": 0.051842321740646756, "p25": 0.059128273762375075, "median": 0.08171932318791592, "p75": 0.11210447248475308, "p90": 0.12495442887555565, "p95": 0.1262805627918498, "p99": 0.13911213527055935, "p99.9": 0.14220565091096002, "max": 0.142475554454273}, "time_to_first_token": {"mean": 19.14905147293381, "min": 0.07690866501070559, "p0.1": 0.07918385694269091, "p1": 0.09169735015020705, "p5": 0.11265944002661854, "p10": 0.13242536800680682, "p25": 0.19876435899641365, "median": 0.31591058598132804, "p75": 0.4615417174936738, "p90": 134.8284517530119, "p95": 149.31771702098195, "p99": 152.26485870760516, "p99.9": 156.17636241244875, "max": 156.54809182602912}, "inter_token_latency": {"mean": 0.08496523233916889, "min": 2.2239983081817627e-06, "p0.1": 6.228372803889215e-06, "p1": 1.291901571676135e-05, "p5": 1.766503555700183e-05, "p10": 2.237502485513687e-05, "p25": 3.202300285920501e-05, "median": 0.00025015597930178046, "p75": 0.09353571452083997, "p90": 0.14925453800242394, "p95": 0.18074841049383394, "p99": 0.25503650130704003, "p99.9": 0.5917187669203853, "max": 150.5183935650275}}, "throughput": {"input_tokens_per_sec": 88443.59631796964, "output_tokens_per_sec": 9073.292785880405, "total_tokens_per_sec": 97516.88910385004, "requests_per_sec": 9.41167166355839}, "prompt_len": {"mean": 9397.225007372457, "min": 9336.0, "p0.1": 9336.0, "p1": 9347.0, "p5": 9356.0, "p10": 9364.0, "p25": 9377.0, "median": 9394.0, "p75": 9416.0, "p90": 9435.0, "p95": 9440.0, "p99": 9480.0, "p99.9": 9497.0, "max": 9497.0}, "output_len": {"mean": 964.046888823356, "min": 209.0, "p0.1": 424.59000000000003, "p1": 737.9, "p5": 804.0, "p10": 862.0, "p25": 968.0, "median": 1000.0, "p75": 1001.0, "p90": 1001.0, "p95": 1001.0, "p99": 1002.0, "p99.9": 1023.1000000000058, "max": 1075.0}}, "failures": {"count": 209, "request_latency": {"mean": 300.5010640462025, "min": 300.0063156740507, "p0.1": 300.0070254126843, "p1": 300.01285111671314, "p5": 300.0494334078045, "p10": 300.0871903524036, "p25": 300.24167345796013, "median": 300.4627588270232, "p75": 300.79367647197796, "p90": 300.94782726841515, "p95": 300.96575105539523, "p99": 300.9922342388122, "p99.9": 300.99599790699455, "max": 300.99635540804593}, "prompt_len": {"mean": 0.0, "min": 0.0, "p0.1": 0.0, "p1": 0.0, "p5": 0.0, "p10": 0.0, "p25": 0.0, "median": 0.0, "p75": 0.0, "p90": 0.0, "p95": 0.0, "p99": 0.0, "p99.9": 0.0, "max": 0.0}}}