{"load_summary": {"count": 16125, "schedule_delay": {"mean": 0.0010069930668768668, "min": -0.0016076505999080837, "p0.1": -0.00075441974401474, "p1": -0.0003468943014740944, "p5": -7.19917006790637e-06, "p10": 0.00019340148428454996, "p25": 0.0005262880586087704, "median": 0.0009094630368053913, "p75": 0.0012885990436188877, "p90": 0.0016142284730449319, "p95": 0.001812707318458706, "p99": 0.002188270168844611, "p99.9": 0.043470608321966725, "max": 0.13746955338865519}}, "successes": {"count": 15916, "latency": {"request_latency": {"mean": 123.0472618052194, "min": 24.69882723898627, "p0.1": 25.269685758688137, "p1": 28.872386140178424, "p5": 35.415120891993865, "p10": 41.96196253047674, "p25": 73.44740276155062, "median": 105.81108117400436, "p75": 167.5536022909946, "p90": 226.34785666849348, "p95": 252.7276607460226, "p99": 283.2219573981944, "p99.9": 299.1171706678096, "max": 299.8905582160223}, "normalized_time_per_output_token": {"mean": 0.12862918424487224, "min": 0.0248241440570564, "p0.1": 0.02534894355481774, "p1": 0.029620797149991784, "p5": 0.03649837371813568, "p10": 0.04363547020929528, "p25": 0.07639088097256697, "median": 0.10973657709014623, "p75": 0.1754676138710573, "p90": 0.2338333848615804, "p95": 0.2643300698871015, "p99": 0.30340909347086353, "p99.9": 0.39237317385932124, "max": 1.930228680361459}, "time_per_output_token": {"mean": 0.05681967566991535, "min": 0.012275196186421361, "p0.1": 0.01255752363253772, "p1": 0.01434184788438839, "p5": 0.017578579956517397, "p10": 0.02068455230035325, "p25": 0.03617142059544046, "median": 0.05074887989304852, "p75": 0.07559574014166714, "p90": 0.09665745845128983, "p95": 0.11550159551185245, "p99": 0.12634655604775327, "p99.9": 0.14116206733764652, "max": 0.142475554454273}, "time_to_first_token": {"mean": 9.294767407971099, "min": 0.070977758965455, "p0.1": 0.07524179418862331, "p1": 0.08009742721915245, "p5": 0.09238063951488584, "p10": 0.10232131398515776, "p25": 0.1311194577428978, "median": 0.1998838344879914, "p75": 0.32984282200050075, "p90": 0.6605712345335633, "p95": 122.55754885677015, "p99": 150.00373417294176, "p99.9": 155.02289225891786, "max": 156.54809182602912}, "inter_token_latency": {"mean": 0.056819675669915345, "min": 2.065033186227083e-06, "p0.1": 5.031004548072815e-06, "p1": 1.2779026292264462e-05, "p5": 1.7600017599761486e-05, "p10": 2.2314023226499557e-05, "p25": 3.292399924248457e-05, "median": 0.0002490239858161658, "p75": 0.07458147927536629, "p90": 0.11574175953865051, "p95": 0.14895332473679446, "p99": 0.21803665764164265, "p99.9": 0.4587287879031375, "max": 150.5183935650275}}, "throughput": {"input_tokens_per_sec": 70149.88758033843, "output_tokens_per_sec": 7205.41125105848, "total_tokens_per_sec": 77355.29883139691, "requests_per_sec": 7.464868913707281}, "prompt_len": {"mean": 9397.336830862025, "min": 9336.0, "p0.1": 9336.0, "p1": 9347.0, "p5": 9356.0, "p10": 9364.0, "p25": 9377.0, "median": 9394.0, "p75": 9416.0, "p90": 9435.0, "p95": 9441.0, "p99": 9480.0, "p99.9": 9497.0, "max": 9497.0}, "output_len": {"mean": 965.2428373963307, "min": 108.0, "p0.1": 381.27000000000015, "p1": 741.15, "p5": 805.0, "p10": 866.5, "p25": 970.0, "median": 1000.0, "p75": 1001.0, "p90": 1001.0, "p95": 1001.0, "p99": 1002.0, "p99.9": 1017.0, "max": 1075.0}}, "failures": {"count": 209, "request_latency": {"mean": 300.5010640462025, "min": 300.0063156740507, "p0.1": 300.0070254126843, "p1": 300.01285111671314, "p5": 300.0494334078045, "p10": 300.0871903524036, "p25": 300.24167345796013, "median": 300.4627588270232, "p75": 300.79367647197796, "p90": 300.94782726841515, "p95": 300.96575105539523, "p99": 300.9922342388122, "p99.9": 300.99599790699455, "max": 300.99635540804593}, "prompt_len": {"mean": 0.0, "min": 0.0, "p0.1": 0.0, "p1": 0.0, "p5": 0.0, "p10": 0.0, "p25": 0.0, "median": 0.0, "p75": 0.0, "p90": 0.0, "p95": 0.0, "p99": 0.0, "p99.9": 0.0, "max": 0.0}}}