{"load_summary": {"count": 1520, "schedule_delay": {"mean": 0.0008591211636820318, "min": -0.000991586595773697, "p0.1": -0.0008491151785710826, "p1": -0.0004353260900825262, "p5": -5.202839383855462e-05, "p10": 0.00016542290104553105, "p25": 0.0004782640025950968, "median": 0.0008363191154785454, "p75": 0.001224032894242555, "p90": 0.001585347834043205, "p95": 0.0017968959524296223, "p99": 0.0022716382693033664, "p99.9": 0.0028806654415094793, "max": 0.003508375841192901}, "send_duration": 38.392793596023694, "requested_rate": 40.0, "achieved_rate": 39.59076320399423}, "successes": {"count": 1520, "latency": {"request_latency": {"mean": 65.49028703097842, "min": 45.94457158597652, "p0.1": 45.951842286671976, "p1": 46.51415562011185, "p5": 48.30684839493479, "p10": 50.89048351785168, "p25": 55.94938136526616, "median": 59.61882951646112, "p75": 74.49691758479457, "p90": 82.12764816547279, "p95": 98.74074461515993, "p99": 120.4111320231168, "p99.9": 121.7338994545121, "max": 121.94012593105435}, "normalized_time_per_output_token": {"mean": 0.15251092727003365, "min": 0.028972596061613242, "p0.1": 0.0458673173316694, "p1": 0.04658332742404429, "p5": 0.04858678520032639, "p10": 0.051422678963259194, "p25": 0.05684659980320896, "median": 0.06171132710972514, "p75": 0.07775968519399673, "p90": 0.10005144233215214, "p95": 0.19099687909516708, "p99": 2.2017943655571206, "p99.9": 3.6592216066199716, "max": 24.47472752300867}, "time_per_output_token": {"mean": 0.029939676249436727, "min": 0.015515762024446447, "p0.1": 0.015516232566608033, "p1": 0.016651563160636904, "p5": 0.02229703874711512, "p10": 0.02340061748241503, "p25": 0.02633568223686014, "median": 0.029112929485734552, "p75": 0.032700342456135886, "p90": 0.038695590295087685, "p95": 0.04075979044966247, "p99": 0.04916048789861903, "p99.9": 0.05027003484841343, "max": 0.05035628475566934}, "time_to_first_token": {"mean": 5.52282456844244, "min": 0.06246831302996725, "p0.1": 0.0672855145392241, "p1": 0.07528349071042612, "p5": 0.0854201610549353, "p10": 0.09250006442889572, "p25": 0.11453840823378414, "median": 0.1509158920380287, "p75": 0.20281679052277468, "p90": 31.24040110638598, "p95": 41.93553033798234, "p99": 86.58713708019467, "p99.9": 87.17200926159859, "max": 87.58057195297442}, "inter_token_latency": {"mean": 0.029939676249436727, "min": 2.3479806259274483e-06, "p0.1": 3.3190008252859116e-06, "p1": 1.2983008055016399e-05, "p5": 1.905295066535474e-05, "p10": 2.469797618687153e-05, "p25": 3.7670950405299664e-05, "median": 0.0002802195376716554, "p75": 0.04866971244337037, "p90": 0.060036805109120905, "p95": 0.06745366032118909, "p99": 0.11915040321415298, "p99.9": 0.4104224192557159, "max": 43.57534194202162}}, "throughput": {"input_tokens_per_sec": 74004.47798152645, "output_tokens_per_sec": 9169.70475657771, "total_tokens_per_sec": 83174.18273810415, "requests_per_sec": 9.760907512660314}, "prompt_len": {"mean": 7581.721052631579, "min": 7498.0, "p0.1": 7501.633, "p1": 7521.38, "p5": 7536.0, "p10": 7547.0, "p25": 7565.0, "median": 7582.0, "p75": 7600.25, "p90": 7615.0, "p95": 7621.05, "p99": 7636.8099999999995, "p99.9": 7646.405000000001, "max": 7649.0}, "output_len": {"mean": 939.4315789473684, "min": 3.0, "p0.1": 19.0, "p1": 32.19, "p5": 345.55, "p10": 944.0, "p25": 992.0, "median": 997.0, "p75": 1000.0, "p90": 1000.0, "p95": 1000.0, "p99": 1001.0, "p99.9": 1532.4950000001986, "max": 1997.0}}, "failures": {"count": 0, "request_latency": null, "prompt_len": null}}