{"load_summary": {"count": 750, "schedule_delay": {"mean": 0.0008106328840367496, "min": -0.0014100947882980108, "p0.1": -0.0008764986783498898, "p1": -0.000350093524903059, "p5": -9.042157907970249e-05, "p10": 0.00011528460308909416, "p25": 0.000427965191192925, "median": 0.0008005014387890697, "p75": 0.001186188863357529, "p90": 0.0015204553143121303, "p95": 0.0017119538679253303, "p99": 0.0021158452972304073, "p99.9": 0.002491015693522066, "max": 0.002552717109210789}, "send_duration": 28.620038875029422, "requested_rate": 25.0, "achieved_rate": 26.2054151384946}, "successes": {"count": 750, "latency": {"request_latency": {"mean": 40.664219789758945, "min": 33.15840969304554, "p0.1": 33.18538233640464, "p1": 34.575664318207416, "p5": 35.64696732375305, "p10": 36.21663997413125, "p25": 37.578148110507755, "median": 38.57987223303644, "p75": 40.69799031649018, "p90": 51.78330245453399, "p95": 53.88950185706489, "p99": 61.04487310783355, "p99.9": 63.56732077532649, "max": 63.837430628947914}, "normalized_time_per_output_token": {"mean": 0.08670647259516436, "min": 0.025401900475763208, "p0.1": 0.031400155557153295, "p1": 0.03462541895084001, "p5": 0.0358544671033827, "p10": 0.03647567729084569, "p25": 0.037889571633132293, "median": 0.03916934612694797, "p75": 0.041430013089187284, "p90": 0.05699362043580748, "p95": 0.14227770317243532, "p99": 1.2483331330422536, "p99.9": 1.6645719418209202, "max": 1.7718185282693328}, "time_per_output_token": {"mean": 0.020156519877439428, "min": 0.013988453769653306, "p0.1": 0.015831618311739508, "p1": 0.016844818993242455, "p5": 0.01768066724625019, "p10": 0.01800285020729351, "p25": 0.01865217964942353, "median": 0.019176154664176787, "p75": 0.020193838232381526, "p90": 0.025690177208954595, "p95": 0.026647925382992113, "p99": 0.030063454373384767, "p99.9": 0.03111065835460745, "max": 0.03151298086505676}, "time_to_first_token": {"mean": 0.27508330401110775, "min": 0.06104405305813998, "p0.1": 0.06229717421613168, "p1": 0.07053274683188647, "p5": 0.08104590928996913, "p10": 0.08722388583701104, "p25": 0.09755748993484303, "median": 0.12157788447802886, "p75": 0.18688279070192948, "p90": 0.36959451362490664, "p95": 0.5758109181711915, "p99": 1.0086391780583652, "p99.9": 31.927171745347625, "max": 35.39897299394943}, "inter_token_latency": {"mean": 0.02015651987743943, "min": 2.378947101533413e-06, "p0.1": 3.1407680362462996e-06, "p1": 1.3055047020316124e-05, "p5": 1.9061448983848092e-05, "p10": 2.4712993763387203e-05, "p25": 3.7224963307380676e-05, "median": 0.0002245799987576902, "p75": 0.040158443531254306, "p90": 0.04447529008612037, "p95": 0.04589221086353064, "p99": 0.06692605456802998, "p99.9": 0.21653309939487594, "max": 31.035865939920768}}, "throughput": {"input_tokens_per_sec": 61791.99466536991, "output_tokens_per_sec": 7625.048271152694, "total_tokens_per_sec": 69417.0429365226, "requests_per_sec": 8.150157484436622}, "prompt_len": {"mean": 7581.693333333334, "min": 7498.0, "p0.1": 7503.243, "p1": 7521.98, "p5": 7536.0, "p10": 7546.9, "p25": 7565.0, "median": 7582.0, "p75": 7600.75, "p90": 7615.0, "p95": 7621.55, "p99": 7636.51, "p99.9": 7645.255, "max": 7649.0}, "output_len": {"mean": 935.5706666666666, "min": 22.0, "p0.1": 22.749, "p1": 32.0, "p5": 275.95000000000033, "p10": 922.6, "p25": 991.0, "median": 997.0, "p75": 1000.0, "p90": 1000.0, "p95": 1000.0, "p99": 1000.0, "p99.9": 1258.2390000000892, "max": 1999.0}}, "failures": {"count": 0, "request_latency": null, "prompt_len": null}}