{"load_summary": {"count": 735, "schedule_delay": {"mean": 0.0008195267912621299, "min": -0.0010416120057925582, "p0.1": -0.001026993160834536, "p1": -0.0004987742635421455, "p5": -7.573066977784038e-05, "p10": 8.851366583257915e-05, "p25": 0.0003961200709454715, "median": 0.000823619426228106, "p75": 0.001213944226037711, "p90": 0.0015483137685805561, "p95": 0.0017830714932642877, "p99": 0.0021602324233390368, "p99.9": 0.003037774241063751, "max": 0.003107102820649743}, "send_duration": 20.624275992042385, "requested_rate": 35.0, "achieved_rate": 35.63761463838005}, "successes": {"count": 735, "latency": {"request_latency": {"mean": 42.618011836559184, "min": 35.59792181197554, "p0.1": 35.783052987554576, "p1": 36.69736136328662, "p5": 37.59894816188607, "p10": 38.28242272979114, "p25": 39.03696792246774, "median": 40.903319522039965, "p75": 42.61500839347718, "p90": 53.03138563905377, "p95": 55.09184806699631, "p99": 63.84460461415814, "p99.9": 67.37868021507424, "max": 67.64597075502388}, "normalized_time_per_output_token": {"mean": 0.09842769192795185, "min": 0.01941205204859072, "p0.1": 0.03137110294621906, "p1": 0.03676557344541885, "p5": 0.03779045145554701, "p10": 0.03854841477459451, "p25": 0.03937667786922897, "median": 0.04188698165398091, "p75": 0.043576788847866255, "p90": 0.05834113441413561, "p95": 0.21019869966118962, "p99": 1.2359601785455898, "p99.9": 3.8556922407743768, "max": 9.864988952263957}, "time_per_output_token": {"mean": 0.021166070703925365, "min": 0.0177045933148153, "p0.1": 0.017786764268564858, "p1": 0.018251984827855748, "p5": 0.018705784954785275, "p10": 0.018986750467759984, "p25": 0.019422324451026568, "median": 0.020360497522285616, "p75": 0.02117481554424607, "p90": 0.026360622404372674, "p95": 0.027217618154251538, "p99": 0.03176676303595546, "p99.9": 0.03358351156159458, "max": 0.03371006466165792}, "time_to_first_token": {"mean": 0.20390805053622874, "min": 0.06372639804612845, "p0.1": 0.06387778255459853, "p1": 0.0725312096811831, "p5": 0.08160308095393702, "p10": 0.08791044601239265, "p25": 0.09660133550642058, "median": 0.11875526804942638, "p75": 0.22319838596740738, "p90": 0.46034477464854723, "p95": 0.638925316708628, "p99": 0.9123143750010048, "p99.9": 1.1430927694791464, "max": 1.145348189980723}, "inter_token_latency": {"mean": 0.021166070703925368, "min": 2.3420434445142746e-06, "p0.1": 3.0030186753720046e-06, "p1": 1.3116048648953438e-05, "p5": 1.924403477460146e-05, "p10": 2.4940003640949726e-05, "p25": 3.867293708026409e-05, "median": 0.0002486939774826169, "p75": 0.04218157147988677, "p90": 0.04505790064577013, "p95": 0.04636724485317245, "p99": 0.05976961002452257, "p99.9": 0.22840970582398765, "max": 38.31525523797609}}, "throughput": {"input_tokens_per_sec": 63627.10144340545, "output_tokens_per_sec": 7852.015604305296, "total_tokens_per_sec": 71479.11704771075, "requests_per_sec": 8.392248016048592}, "prompt_len": {"mean": 7581.651700680272, "min": 7498.0, "p0.1": 7503.138, "p1": 7521.68, "p5": 7536.0, "p10": 7547.4, "p25": 7565.0, "median": 7582.0, "p75": 7600.0, "p90": 7615.0, "p95": 7621.3, "p99": 7636.66, "p99.9": 7645.33, "max": 7649.0}, "output_len": {"mean": 935.6272108843538, "min": 4.0, "p0.1": 24.552, "p1": 33.0, "p5": 232.90000000000015, "p10": 936.2, "p25": 991.0, "median": 997.0, "p75": 1000.0, "p90": 1000.0, "p95": 1000.0, "p99": 1000.0, "p99.9": 1291.1580000000736, "max": 1998.0}}, "failures": {"count": 0, "request_latency": null, "prompt_len": null}}