{"load_summary": {"count": 1518, "schedule_delay": {"mean": 0.0012913430734643068, "min": -0.0016540816286578774, "p0.1": -0.000753731120377779, "p1": -0.00040546775213442745, "p5": -5.970370839349914e-05, "p10": 0.00012112540425732735, "p25": 0.0004570205637719482, "median": 0.0008573379018343985, "p75": 0.0012525057245511562, "p90": 0.0016189656336791812, "p95": 0.0019063578161876648, "p99": 0.0026531965716276315, "p99.9": 0.13743608855957098, "max": 0.15191292436793447}, "send_duration": 31.974537355010398, "requested_rate": 46.0, "achieved_rate": 47.47527644093121}, "successes": {"count": 1518, "latency": {"request_latency": {"mean": 68.1448742553898, "min": 48.496276495978236, "p0.1": 48.617338785806325, "p1": 49.81028845989029, "p5": 51.309357476670996, "p10": 52.749707718146965, "p25": 56.92930139176315, "median": 61.554833473986946, "p75": 78.77639031974832, "p90": 85.88028453866718, "p95": 100.5756712723756, "p99": 123.93686506146682, "p99.9": 124.64444806317519, "max": 124.65296226192731}, "normalized_time_per_output_token": {"mean": 0.142812677568707, "min": 0.025577417015003878, "p0.1": 0.04232745685134628, "p1": 0.04993508496162179, "p5": 0.051596644830182635, "p10": 0.05335392962014046, "p25": 0.057658869356354614, "median": 0.06574340078484114, "p75": 0.08186532057094187, "p90": 0.10096744254332735, "p95": 0.14782586171802023, "p99": 2.3509594489723096, "p99.9": 3.269634364690262, "max": 3.776923332606781}, "time_per_output_token": {"mean": 0.031958087394378124, "min": 0.015468624378284574, "p0.1": 0.015568607149450788, "p1": 0.016607487831850128, "p5": 0.025034986984592444, "p10": 0.025574450745466753, "p25": 0.027735408176631917, "median": 0.029697198563213248, "p75": 0.035339797550349494, "p90": 0.04185764840202474, "p95": 0.04249780017778213, "p99": 0.05027233057209222, "p99.9": 0.05139046075854459, "max": 0.05142614268220734}, "time_to_first_token": {"mean": 4.137857467333212, "min": 0.0622350110206753, "p0.1": 0.06421737110114191, "p1": 0.07381024471484125, "p5": 0.08740771666052752, "p10": 0.09627558084903284, "p25": 0.11505352699896321, "median": 0.14443977747578174, "p75": 0.18806260952260345, "p90": 0.6191985117504369, "p95": 44.494606965268034, "p99": 90.06565014964086, "p99.9": 91.47499353213935, "max": 91.51292213902343}, "inter_token_latency": {"mean": 0.031958087394378124, "min": 2.3529864847660065e-06, "p0.1": 3.306078724563122e-06, "p1": 1.2982212938368322e-05, "p5": 1.8902006559073925e-05, "p10": 2.452696207910776e-05, "p25": 3.7341960705816746e-05, "median": 0.00032894243486225605, "p75": 0.049018260498996824, "p90": 0.061226884729694626, "p95": 0.07002310241805389, "p99": 0.12003513718140321, "p99.9": 0.47527899774385446, "max": 45.443189196055755}}, "throughput": {"input_tokens_per_sec": 74900.1717378395, "output_tokens_per_sec": 9322.90362542898, "total_tokens_per_sec": 84223.07536326848, "requests_per_sec": 9.879038845831156}, "prompt_len": {"mean": 7581.726613965744, "min": 7498.0, "p0.1": 7501.619, "p1": 7521.34, "p5": 7536.0, "p10": 7547.7, "p25": 7565.0, "median": 7582.0, "p75": 7600.0, "p90": 7615.0, "p95": 7621.15, "p99": 7636.83, "p99.9": 7646.415000000001, "max": 7649.0}, "output_len": {"mean": 943.705533596838, "min": 24.0, "p0.1": 26.0, "p1": 33.0, "p5": 500.0500000000003, "p10": 961.0, "p25": 992.0, "median": 997.0, "p75": 1000.0, "p90": 1000.0, "p95": 1000.0, "p99": 1001.0, "p99.9": 1485.6870000001727, "max": 1998.0}}, "failures": {"count": 0, "request_latency": null, "prompt_len": null}}