{"load_summary": {"count": 750, "schedule_delay": {"mean": 0.000842714627739042, "min": -0.0006395613308995962, "p0.1": -0.0006309984256513417, "p1": -0.00028744248091243206, "p5": -4.3280638055875895e-05, "p10": 0.00013735726242884998, "p25": 0.0004379901511128992, "median": 0.0008106367313303053, "p75": 0.0012098131992388517, "p90": 0.001606849813833833, "p95": 0.0017748765472788363, "p99": 0.0022350817779079072, "p99.9": 0.004405612629373189, "max": 0.009083220735192299}, "send_duration": 24.965126718976535, "requested_rate": 30.0, "achieved_rate": 30.041906393766016}, "successes": {"count": 750, "latency": {"request_latency": {"mean": 41.565050041795395, "min": 34.29642030503601, "p0.1": 34.37600931919948, "p1": 35.42051262949943, "p5": 36.511468652862824, "p10": 37.22049724922981, "p25": 38.331143848306965, "median": 39.34691107599065, "p75": 41.59111916474649, "p90": 52.61190251313383, "p95": 54.96981616422417, "p99": 62.91452403594623, "p99.9": 66.37032544243839, "max": 66.5175044570351}, "normalized_time_per_output_token": {"mean": 0.0928388649077405, "min": 0.03436515060624851, "p0.1": 0.03439326062480382, "p1": 0.03564800379396472, "p5": 0.03663829414107688, "p10": 0.03739023412654309, "p25": 0.03854961284321484, "median": 0.04027211468503811, "p75": 0.04221888972345175, "p90": 0.059076705483397475, "p95": 0.18159423080777015, "p99": 1.2807143677754556, "p99.9": 1.6097251995316848, "max": 1.656260031451838}, "time_per_output_token": {"mean": 0.020642158680626563, "min": 0.017062249690653113, "p0.1": 0.017093175644253108, "p1": 0.017621361941558427, "p5": 0.018171920611391376, "p10": 0.018425704546548287, "p25": 0.019003335737505987, "median": 0.019580667409270926, "p75": 0.020647241283229777, "p90": 0.02616701390355014, "p95": 0.027182809120299047, "p99": 0.031194119791972445, "p99.9": 0.033078306812156434, "max": 0.03314128181058634}, "time_to_first_token": {"mean": 0.19896840515142927, "min": 0.06703897705301642, "p0.1": 0.06909538938873447, "p1": 0.07383186912513338, "p5": 0.08025246218312532, "p10": 0.08695315491640941, "p25": 0.09867691627005115, "median": 0.12049243703950197, "p75": 0.19003191668889485, "p90": 0.42865279103862136, "p95": 0.6000276930979452, "p99": 1.077653900198638, "p99.9": 1.3047406719353816, "max": 1.3597406400367618}, "inter_token_latency": {"mean": 0.020642158680626563, "min": 2.4100299924612045e-06, "p0.1": 2.9980437830090523e-06, "p1": 1.2658070772886276e-05, "p5": 1.8839025869965553e-05, "p10": 2.4550012312829494e-05, "p25": 3.787002060562372e-05, "median": 0.00023763551143929362, "p75": 0.04124369550845586, "p90": 0.04491630000993609, "p95": 0.04636422898038291, "p99": 0.07034952875226749, "p99.9": 0.22276689088112028, "max": 38.72992385702673}}, "throughput": {"input_tokens_per_sec": 62232.28848376959, "output_tokens_per_sec": 7649.414416277439, "total_tokens_per_sec": 69881.70290004702, "requests_per_sec": 8.208230766887114}, "prompt_len": {"mean": 7581.693333333334, "min": 7498.0, "p0.1": 7503.243, "p1": 7521.98, "p5": 7536.0, "p10": 7546.9, "p25": 7565.0, "median": 7582.0, "p75": 7600.75, "p90": 7615.0, "p95": 7621.55, "p99": 7636.51, "p99.9": 7645.255, "max": 7649.0}, "output_len": {"mean": 931.92, "min": 27.0, "p0.1": 30.745, "p1": 33.0, "p5": 219.9, "p10": 949.7, "p25": 991.0, "median": 997.0, "p75": 1000.0, "p90": 1000.0, "p95": 1000.0, "p99": 1000.0, "p99.9": 1009.5340000000031, "max": 1035.0}}, "failures": {"count": 0, "request_latency": null, "prompt_len": null}}