{"load_summary": {"count": 1482, "schedule_delay": {"mean": 0.0007984149752859674, "min": -0.0014177076518535614, "p0.1": -0.000751226230408065, "p1": -0.00041563531034626065, "p5": -0.00011078609968535603, "p10": 0.00011582487495616078, "p25": 0.00043920413008891046, "median": 0.0007832168485037982, "p75": 0.0011554877855814993, "p90": 0.0014833643450401727, "p95": 0.0016830689390189947, "p99": 0.002292642879765482, "p99.9": 0.0031283302438678304, "max": 0.003539622644893825}, "send_duration": 25.835868944996037, "requested_rate": 57.0, "achieved_rate": 57.3621116887976}, "successes": {"count": 1482, "latency": {"request_latency": {"mean": 68.76846926858886, "min": 50.03852526191622, "p0.1": 50.08967150195851, "p1": 50.77017262197914, "p5": 51.945744465762985, "p10": 53.579522202082444, "p25": 57.28571846347768, "median": 63.14090299396776, "p75": 77.99282968597254, "p90": 83.08279844413046, "p95": 103.19088353852858, "p99": 127.4972197151673, "p99.9": 127.97954341598205, "max": 127.9905865980545}, "normalized_time_per_output_token": {"mean": 0.14985611206954894, "min": 0.025831235153623868, "p0.1": 0.026501611401223996, "p1": 0.05069487432956695, "p5": 0.052266659987494156, "p10": 0.05416388326633099, "p25": 0.05811251274621445, "median": 0.06567370788200061, "p75": 0.08186926816072508, "p90": 0.10476234821078252, "p95": 0.18020804313756333, "p99": 2.4163375543390395, "p99.9": 4.2242279276814525, "max": 13.23777234723093}, "time_per_output_token": {"mean": 0.03247421518120689, "min": 0.015815504519771532, "p0.1": 0.01586633570775993, "p1": 0.01685928779160327, "p5": 0.02536290435909714, "p10": 0.026194955482989363, "p25": 0.02801884172062426, "median": 0.03010795215617862, "p75": 0.03635653193693258, "p90": 0.041030100874927665, "p95": 0.04139463956871159, "p99": 0.05185541704776632, "p99.9": 0.05219376392294616, "max": 0.052220866177417245}, "time_to_first_token": {"mean": 3.7312335089170663, "min": 0.06145844398997724, "p0.1": 0.06617362891160883, "p1": 0.07653838286641985, "p5": 0.08657969027990475, "p10": 0.09325136318802833, "p25": 0.11108179978327826, "median": 0.14097225747536868, "p75": 0.17941568628884852, "p90": 0.7445890720468019, "p95": 47.18036144945072, "p99": 93.4774036635575, "p99.9": 95.02354221320832, "max": 95.13242398796137}, "inter_token_latency": {"mean": 0.0324742151812069, "min": 2.4029286578297615e-06, "p0.1": 3.4044923959299924e-06, "p1": 1.2964010238647461e-05, "p5": 1.8515979172661903e-05, "p10": 2.4123000912368298e-05, "p25": 3.606398240663111e-05, "median": 0.00030297995544970036, "p75": 0.04833135943044908, "p90": 0.06377575071528553, "p95": 0.07105453706462858, "p99": 0.11468176677008148, "p99.9": 0.6174723237263973, "max": 47.23835614800919}}, "throughput": {"input_tokens_per_sec": 73671.62603034858, "output_tokens_per_sec": 9144.282599945083, "total_tokens_per_sec": 82815.90863029365, "requests_per_sec": 9.717071858004042}, "prompt_len": {"mean": 7581.669365721998, "min": 7498.0, "p0.1": 7501.367, "p1": 7521.0, "p5": 7536.0, "p10": 7547.0, "p25": 7565.0, "median": 7582.0, "p75": 7600.0, "p90": 7615.0, "p95": 7621.0, "p99": 7637.0, "p99.9": 7646.595000000001, "max": 7649.0}, "output_len": {"mean": 941.05330634278, "min": 4.0, "p0.1": 18.481, "p1": 33.0, "p5": 381.04999999999995, "p10": 943.1, "p25": 992.0, "median": 997.0, "p75": 1000.0, "p90": 1000.0, "p95": 1000.0, "p99": 1001.0, "p99.9": 1998.0380000000005, "max": 1999.0}}, "failures": {"count": 0, "request_latency": null, "prompt_len": null}}