{"load_summary": {"count": 1548, "schedule_delay": {"mean": 0.002156691623683802, "min": -0.0009371709311380982, "p0.1": -0.0006524995968211442, "p1": -0.0004229279910214245, "p5": -8.279845933429892e-05, "p10": 0.000133412575814873, "p25": 0.00043203929089941084, "median": 0.0008611388620920479, "p75": 0.0012515271955635399, "p90": 0.0016513797105289995, "p95": 0.0019082098267972454, "p99": 0.043368304918985745, "p99.9": 0.15863323186035272, "max": 0.16041245695669204}, "send_duration": 37.24332414998207, "requested_rate": 43.0, "achieved_rate": 41.56449606286675}, "successes": {"count": 1548, "latency": {"request_latency": {"mean": 66.2725475887694, "min": 46.26703082304448, "p0.1": 46.385871256140526, "p1": 47.03111185627407, "p5": 48.74690008632024, "p10": 51.036454085423614, "p25": 55.868905783543596, "median": 59.66409397899406, "p75": 77.47307542670751, "p90": 82.05872106073657, "p95": 99.50014332916471, "p99": 122.25878788323026, "p99.9": 123.16340657180898, "max": 123.21218752290588}, "normalized_time_per_output_token": {"mean": 0.17612895283205077, "min": 0.038364272080527236, "p0.1": 0.046476373034235255, "p1": 0.04727260490459951, "p5": 0.04936367717594896, "p10": 0.05176426168296742, "p25": 0.056721887437553006, "median": 0.06372383372601167, "p75": 0.08031341675650411, "p90": 0.10173768783066421, "p95": 0.3879817978303879, "p99": 2.5050835958960542, "p99.9": 4.28726293668945, "max": 24.04245733465844}, "time_per_output_token": {"mean": 0.03022546229619039, "min": 0.015637940784596533, "p0.1": 0.015695426244930394, "p1": 0.016687044675143363, "p5": 0.023234584366234587, "p10": 0.02391008805573291, "p25": 0.02634964779235838, "median": 0.0290290652348989, "p75": 0.0331997094987852, "p90": 0.040058413146378785, "p95": 0.040768893362583304, "p99": 0.049858740529898124, "p99.9": 0.05098085947151109, "max": 0.05105588468513556}, "time_to_first_token": {"mean": 5.729783095538304, "min": 0.06292533501982689, "p0.1": 0.06499343337409665, "p1": 0.07370476320036687, "p5": 0.0867016936012078, "p10": 0.09573272065026686, "p25": 0.1149210529983975, "median": 0.14645269548054785, "p75": 0.23575018270639703, "p90": 29.825104681169613, "p95": 41.45007936409674, "p99": 88.49237575766165, "p99.9": 89.23429379725776, "max": 89.41520636097994}, "inter_token_latency": {"mean": 0.03022546229619039, "min": 2.299901098012924e-06, "p0.1": 3.034016117453575e-06, "p1": 1.2546079233288765e-05, "p5": 1.8746010027825832e-05, "p10": 2.4501001462340355e-05, "p25": 3.757490776479244e-05, "median": 0.0003011699882335961, "p75": 0.04920557703007944, "p90": 0.05960407857783142, "p95": 0.06615331780631095, "p99": 0.11996976069058264, "p99.9": 0.395326665813311, "max": 43.97094848693814}}, "throughput": {"input_tokens_per_sec": 75123.19378479492, "output_tokens_per_sec": 9232.547608775953, "total_tokens_per_sec": 84355.74139357086, "requests_per_sec": 9.908481424616333}, "prompt_len": {"mean": 7581.706072351421, "min": 7498.0, "p0.1": 7501.829, "p1": 7521.94, "p5": 7536.0, "p10": 7547.0, "p25": 7565.0, "median": 7582.0, "p75": 7600.0, "p90": 7615.0, "p95": 7621.0, "p99": 7636.53, "p99.9": 7646.265000000001, "max": 7649.0}, "output_len": {"mean": 931.7822997416021, "min": 3.0, "p0.1": 19.0, "p1": 32.0, "p5": 145.05, "p10": 934.7, "p25": 991.0, "median": 997.0, "p75": 1000.0, "p90": 1000.0, "p95": 1000.0, "p99": 1000.0, "p99.9": 1001.4530000000002, "max": 1999.0}}, "failures": {"count": 0, "request_latency": null, "prompt_len": null}}