{"load_summary": {"count": 300, "schedule_delay": {"mean": 0.0008309285140906771, "min": -0.001060740789398551, "p0.1": -0.0008873879365855829, "p1": -0.0004004552774131298, "p5": -5.803605308756232e-05, "p10": 8.487293962389232e-05, "p25": 0.0004996729257982224, "median": 0.0008203485049307346, "p75": 0.0011956195812672377, "p90": 0.001448005402926356, "p95": 0.001773445011349395, "p99": 0.0022184094239491967, "p99.9": 0.0027701434314949453, "max": 0.0027909582713618875}, "send_duration": 19.040618874016218, "requested_rate": 15.0, "achieved_rate": 15.755790396571355}, "successes": {"count": 300, "latency": {"request_latency": {"mean": 29.254164580288343, "min": 26.19542690902017, "p0.1": 26.207427722215535, "p1": 26.444523548356955, "p5": 27.027650451968658, "p10": 27.166578244045375, "p25": 28.507329252548516, "median": 29.47219420853071, "p75": 30.129152607056312, "p90": 30.980238929006738, "p95": 31.01706959104631, "p99": 31.055322149238783, "p99.9": 31.065345872119536, "max": 31.06551679992117}, "normalized_time_per_output_token": {"mean": 0.05968178309801137, "min": 0.013486259306820148, "p0.1": 0.017286300419877953, "p1": 0.026405777472472816, "p5": 0.027045667127182243, "p10": 0.027212915638972674, "p25": 0.0287372520624907, "median": 0.029732539655989966, "p75": 0.030871121572931242, "p90": 0.03130021726767037, "p95": 0.07725049438209887, "p99": 0.9067031617034721, "p99.9": 1.049343831719076, "max": 1.096506197963698}, "time_per_output_token": {"mean": 0.014531290652883729, "min": 0.012974152520733202, "p0.1": 0.012981995244119105, "p1": 0.01310547014036663, "p5": 0.013433933788720846, "p10": 0.013508947539249848, "p25": 0.01407971541215582, "median": 0.014606212118917704, "p75": 0.014968008869827357, "p90": 0.015416764773054701, "p95": 0.015429377546928393, "p99": 0.015452853257007812, "p99.9": 0.015454750929192964, "max": 0.015454776656196295}, "time_to_first_token": {"mean": 0.12206396142796924, "min": 0.059934837045148015, "p0.1": 0.06013365528488066, "p1": 0.06111865933286026, "p5": 0.06848764483002015, "p10": 0.07152710452210158, "p25": 0.07879246995435096, "median": 0.08884763903915882, "p75": 0.16596701546222903, "p90": 0.18191280441824348, "p95": 0.25326498929644015, "p99": 0.363044491941109, "p99.9": 0.4374697473009592, "max": 0.4502797669265419}, "inter_token_latency": {"mean": 0.014531290652883727, "min": 2.3460015654563904e-06, "p0.1": 3.1760428100824356e-06, "p1": 1.4181947335600853e-05, "p5": 2.0282104378566147e-05, "p10": 2.706900704652071e-05, "p25": 4.077400080859661e-05, "median": 0.00022104603704065084, "p75": 0.02758559022913687, "p90": 0.03102643120801076, "p95": 0.03178771906532347, "p99": 0.03489953165175393, "p99.9": 0.11505314478592513, "max": 0.2897422140231356}}, "throughput": {"input_tokens_per_sec": 47450.549302088846, "output_tokens_per_sec": 5904.669408337786, "total_tokens_per_sec": 53355.218710426634, "requests_per_sec": 6.259366863962318}, "prompt_len": {"mean": 7580.7266666666665, "min": 7505.0, "p0.1": 7507.99, "p1": 7523.97, "p5": 7535.0, "p10": 7546.0, "p25": 7565.0, "median": 7581.0, "p75": 7598.0, "p90": 7614.0, "p95": 7620.0, "p99": 7636.02, "p99.9": 7642.206, "max": 7644.0}, "output_len": {"mean": 943.3333333333334, "min": 26.0, "p0.1": 27.794, "p1": 33.0, "p5": 357.6000000000001, "p10": 964.9, "p25": 991.0, "median": 997.0, "p75": 1000.0, "p90": 1000.0, "p95": 1000.0, "p99": 1001.0, "p99.9": 1699.8970000000218, "max": 1998.0}}, "failures": {"count": 0, "request_latency": null, "prompt_len": null}}