{"load_summary": {"count": 760, "schedule_delay": {"mean": 0.0008167599753697255, "min": -0.0005291273118928075, "p0.1": -0.0005251026373589412, "p1": -0.0003821418387815356, "p5": -0.00010849161189980805, "p10": 5.359498318284753e-05, "p25": 0.00043772501521743834, "median": 0.0007992219761945307, "p75": 0.0012014498643111438, "p90": 0.001539925520773977, "p95": 0.0017105201317463069, "p99": 0.0020969406678341324, "p99.9": 0.0028582272608764702, "max": 0.003035778063349426}, "send_duration": 37.02541536593344, "requested_rate": 20.0, "achieved_rate": 20.526440891714216}, "successes": {"count": 760, "latency": {"request_latency": {"mean": 41.50574284014614, "min": 32.16053500608541, "p0.1": 32.23369170903601, "p1": 33.693392130751164, "p5": 35.65934663320077, "p10": 36.363800065475516, "p25": 38.445998619514285, "median": 40.884733083541505, "p75": 43.588366637035506, "p90": 49.034922449523584, "p95": 51.79772958009271, "p99": 53.88997266786056, "p99.9": 57.71272536189439, "max": 58.05751988501288}, "normalized_time_per_output_token": {"mean": 0.15070319747819427, "min": 0.03225692064897157, "p0.1": 0.032261447404679844, "p1": 0.03397532501880676, "p5": 0.03596358196110748, "p10": 0.036625179797379205, "p25": 0.03881901867189726, "median": 0.04125428684312015, "p75": 0.04477165385047326, "p90": 0.05333748069735676, "p95": 0.1506574706879223, "p99": 1.2614098184693645, "p99.9": 18.132674631170474, "max": 41.18446786492132}, "time_per_output_token": {"mean": 0.020525038238446487, "min": 0.01592515992803098, "p0.1": 0.01593023096138933, "p1": 0.016701530983012615, "p5": 0.017579494769005326, "p10": 0.018067547206589808, "p25": 0.019089489155420466, "median": 0.020293843825081266, "p75": 0.021612562923524613, "p90": 0.024004233982789842, "p95": 0.025551140082757808, "p99": 0.02635211293023186, "p99.9": 0.026829088809304062, "max": 0.026829414237846808}, "time_to_first_token": {"mean": 0.37888363952178655, "min": 0.05833440099377185, "p0.1": 0.06075109271379188, "p1": 0.06319959808723069, "p5": 0.07320071126450785, "p10": 0.07746181593975052, "p25": 0.09021712225512601, "median": 0.17424152547027916, "p75": 0.20598881618934684, "p90": 0.286773590114899, "p95": 0.37939090049476354, "p99": 14.290424614998042, "p99.9": 22.6807303934846, "max": 22.795234470046125}, "inter_token_latency": {"mean": 0.020525038238446487, "min": 2.391054295003414e-06, "p0.1": 3.038090653717518e-06, "p1": 1.2794043868780136e-05, "p5": 1.872098073363304e-05, "p10": 2.4562934413552284e-05, "p25": 3.816396929323673e-05, "median": 0.0002308894763700664, "p75": 0.038399474491598085, "p90": 0.043799911334645, "p95": 0.04572452303837054, "p99": 0.12744002053630538, "p99.9": 0.22148390419641528, "max": 13.916692525031976}}, "throughput": {"input_tokens_per_sec": 60920.062502041714, "output_tokens_per_sec": 7504.024130356066, "total_tokens_per_sec": 68424.08663239778, "requests_per_sec": 8.035113409147804}, "prompt_len": {"mean": 7581.730263157895, "min": 7498.0, "p0.1": 7503.313, "p1": 7522.18, "p5": 7536.0, "p10": 7547.9, "p25": 7565.0, "median": 7582.0, "p75": 7600.25, "p90": 7615.0, "p95": 7621.05, "p99": 7636.41, "p99.9": 7645.205000000001, "max": 7649.0}, "output_len": {"mean": 933.9039473684211, "min": 1.0, "p0.1": 3.277, "p1": 32.59, "p5": 270.25000000000006, "p10": 933.6, "p25": 992.0, "median": 997.0, "p75": 1000.0, "p90": 1000.0, "p95": 1000.0, "p99": 1000.0, "p99.9": 1001.0, "max": 1001.0}}, "failures": {"count": 0, "request_latency": null, "prompt_len": null}}