{"load_summary": {"count": 1500, "schedule_delay": {"mean": 0.0008238746126492818, "min": -0.0008391437586396933, "p0.1": -0.000585436693043448, "p1": -0.0004562668944709003, "p5": -0.0001093983300961554, "p10": 9.394153021275997e-05, "p25": 0.00042662795749492943, "median": 0.0008218112634494901, "p75": 0.0012070697557646781, "p90": 0.0015469061676412826, "p95": 0.0017655748699326069, "p99": 0.0021657925343606618, "p99.9": 0.0026687308680266152, "max": 0.0026999819092452526}, "send_duration": 25.34867345006205, "requested_rate": 60.0, "achieved_rate": 59.17469420855742}, "successes": {"count": 1500, "latency": {"request_latency": {"mean": 69.5481578066508, "min": 50.395746330032125, "p0.1": 50.48682192773803, "p1": 51.26022522644722, "p5": 52.58148153776419, "p10": 53.81055744301993, "p25": 57.70651933870977, "median": 64.98792582651367, "p75": 79.00775634957245, "p90": 84.67860552556813, "p95": 103.33345865949522, "p99": 127.4839267257566, "p99.9": 128.20733204161678, "max": 128.23876966699027}, "normalized_time_per_output_token": {"mean": 0.16624030333490092, "min": 0.04245206882627322, "p0.1": 0.05050517436702799, "p1": 0.05140805018403396, "p5": 0.052877702632077216, "p10": 0.054384324782436676, "p25": 0.05864775230296073, "median": 0.06703530545448379, "p75": 0.08328834282746211, "p90": 0.1061203973151945, "p95": 0.44002265001034385, "p99": 2.3800299044079516, "p99.9": 3.2962823238943177, "max": 20.897067558486015}, "time_per_output_token": {"mean": 0.032833158837606985, "min": 0.015905150707621687, "p0.1": 0.016008577936776517, "p1": 0.01702985280124738, "p5": 0.025656220834504563, "p10": 0.026295720447815474, "p25": 0.028117372120444573, "median": 0.030479090651926603, "p75": 0.03700036082935376, "p90": 0.04166321400470956, "p95": 0.04219436189453553, "p99": 0.05162940764818564, "p99.9": 0.052028327552573424, "max": 0.05206336203400792}, "time_to_first_token": {"mean": 3.7943713326067665, "min": 0.062387673067860305, "p0.1": 0.0692378066496458, "p1": 0.07728654967620968, "p5": 0.08707126206136309, "p10": 0.09471675166860223, "p25": 0.11271768403821625, "median": 0.14028851548209786, "p75": 0.18035140648134984, "p90": 0.6751737581565979, "p95": 47.438207093608796, "p99": 92.96659295809339, "p99.9": 94.89234508269921, "max": 94.91676464898046}, "inter_token_latency": {"mean": 0.032833158837606985, "min": 2.359040081501007e-06, "p0.1": 3.5259872674942017e-06, "p1": 1.3070995919406414e-05, "p5": 1.8705963157117367e-05, "p10": 2.4187029339373112e-05, "p25": 3.566301893442869e-05, "median": 0.00027423404389992356, "p75": 0.04888703644974157, "p90": 0.06432969120796769, "p95": 0.07139083762303926, "p99": 0.11528894831309959, "p99.9": 0.6133943310463824, "max": 46.8565403430257}}, "throughput": {"input_tokens_per_sec": 74815.40630887442, "output_tokens_per_sec": 9195.871498120461, "total_tokens_per_sec": 84011.27780699487, "requests_per_sec": 9.8679019342479}, "prompt_len": {"mean": 7581.693333333334, "min": 7498.0, "p0.1": 7501.493, "p1": 7521.0, "p5": 7536.0, "p10": 7546.9, "p25": 7565.0, "median": 7582.0, "p75": 7601.0, "p90": 7615.0, "p95": 7622.0, "p99": 7637.0, "p99.9": 7646.505000000001, "max": 7649.0}, "output_len": {"mean": 931.8973333333333, "min": 4.0, "p0.1": 19.998, "p1": 32.99, "p5": 167.35000000000002, "p10": 933.0, "p25": 991.0, "median": 997.0, "p75": 1000.0, "p90": 1000.0, "p95": 1000.0, "p99": 1000.0, "p99.9": 1001.0, "max": 1997.0}}, "failures": {"count": 0, "request_latency": null, "prompt_len": null}}