{"load_summary": {"count": 1508, "schedule_delay": {"mean": 0.0008244316294494107, "min": -0.0007247263565659523, "p0.1": -0.0005160362899769098, "p1": -0.000350321470759809, "p5": -9.706402197480196e-05, "p10": 5.5081909522414255e-05, "p25": 0.00040548128890804946, "median": 0.0008088476024568081, "p75": 0.001208440080517903, "p90": 0.0015580360777676105, "p95": 0.0018082130816765123, "p99": 0.002202708702534438, "p99.9": 0.0034095515608788384, "max": 0.003951542428694665}, "send_duration": 28.374906226992607, "requested_rate": 52.0, "achieved_rate": 53.14555008345589}, "successes": {"count": 1504, "latency": {"request_latency": {"mean": 68.28710099226528, "min": 49.06278029701207, "p0.1": 49.10388498765288, "p1": 49.788940502586776, "p5": 51.22757416968816, "p10": 52.638892658404075, "p25": 57.09842788928654, "median": 62.40817420097301, "p75": 77.50267181749223, "p90": 86.19530541407876, "p95": 100.92696505407801, "p99": 124.7493320961122, "p99.9": 125.54335438864655, "max": 125.58126857399475}, "normalized_time_per_output_token": {"mean": 0.138640249932259, "min": 0.0, "p0.1": 0.04915673843196147, "p1": 0.04993258372822812, "p5": 0.0515959113982846, "p10": 0.05306147963696873, "p25": 0.05784230431135329, "median": 0.06502594130748185, "p75": 0.08140115495478246, "p90": 0.10302457174351433, "p95": 0.22569170363841234, "p99": 1.978394911105417, "p99.9": 3.4110551853210405, "max": 4.121926306351088}, "time_per_output_token": {"mean": 0.03216826183145426, "min": 0.01555856406847634, "p0.1": 0.015664454038460462, "p1": 0.016832429022946654, "p5": 0.024931174130267422, "p10": 0.025762751435957337, "p25": 0.027778707478396843, "median": 0.030213351595738642, "p75": 0.03616217225512803, "p90": 0.040936586165359466, "p95": 0.04275379459580652, "p99": 0.04990482590732462, "p99.9": 0.05107703290033816, "max": 0.05138746800698407}, "time_to_first_token": {"mean": 3.8614205999042595, "min": 0.06145341298542917, "p0.1": 0.06577470838965382, "p1": 0.07547377671697177, "p5": 0.08518885710509494, "p10": 0.0921548855607398, "p25": 0.10983372828923166, "median": 0.14113464596448466, "p75": 0.18494222627487034, "p90": 0.6539018790004776, "p95": 45.25336388790747, "p99": 90.79504097379628, "p99.9": 92.79713820250753, "max": 92.86935754399747}, "inter_token_latency": {"mean": 0.03216826183145426, "min": 2.4349428713321686e-06, "p0.1": 3.3600954338908195e-06, "p1": 1.302896998822689e-05, "p5": 1.8840905977413058e-05, "p10": 2.438994124531746e-05, "p25": 3.653089515864849e-05, "median": 0.00030662049539387226, "p75": 0.048700485000154004, "p90": 0.06281277583912018, "p95": 0.07099521586787887, "p99": 0.11758621395449224, "p99.9": 0.5396395494940468, "max": 45.17853565700352}}, "throughput": {"input_tokens_per_sec": 75023.82928442257, "output_tokens_per_sec": 9264.848619376315, "total_tokens_per_sec": 84288.67790379889, "requests_per_sec": 9.895249714200684}, "prompt_len": {"mean": 7581.802526595745, "min": 7498.0, "p0.1": 7501.521, "p1": 7521.06, "p5": 7536.0, "p10": 7548.0, "p25": 7565.0, "median": 7582.0, "p75": 7601.0, "p90": 7615.0, "p95": 7621.85, "p99": 7636.97, "p99.9": 7646.485000000001, "max": 7649.0}, "output_len": {"mean": 936.2925531914893, "min": 0.0, "p0.1": 19.503, "p1": 33.0, "p5": 280.7000000000002, "p10": 946.3, "p25": 992.0, "median": 997.0, "p75": 1000.0, "p90": 1000.0, "p95": 1000.0, "p99": 1000.0, "p99.9": 1002.0, "max": 1003.0}}, "failures": {"count": 4, "request_latency": {"mean": 2.0832943982677534, "min": 0.4378079599700868, "p0.1": 0.4431465537173208, "p1": 0.49119389744242653, "p5": 0.7047376473317855, "p10": 0.9716673346934841, "p25": 1.7724563967785798, "median": 2.487480203039013, "p75": 2.7983182045281865, "p90": 2.8715728180250153, "p95": 2.8959910225239582, "p99": 2.9155255861231124, "p99.9": 2.9199208629329223, "max": 2.920409227022901}, "prompt_len": {"mean": 0.0, "min": 0.0, "p0.1": 0.0, "p1": 0.0, "p5": 0.0, "p10": 0.0, "p25": 0.0, "median": 0.0, "p75": 0.0, "p90": 0.0, "p95": 0.0, "p99": 0.0, "p99.9": 0.0, "max": 0.0}}}