{"load_summary": {"count": 1485, "schedule_delay": {"mean": 0.0008352562237957411, "min": -0.0012635323219001293, "p0.1": -0.0007884574932977557, "p1": -0.0003888361481949687, "p5": -7.207749877125025e-05, "p10": 0.00014446964487433434, "p25": 0.0004595040809363127, "median": 0.0008199424482882023, "p75": 0.001190620707347989, "p90": 0.0015449177939444783, "p95": 0.0017994576832279562, "p99": 0.002253302386961878, "p99.9": 0.003088520168326827, "max": 0.0033788279397413135}, "send_duration": 26.787596586043946, "requested_rate": 55.0, "achieved_rate": 55.436104363825955}, "successes": {"count": 1485, "latency": {"request_latency": {"mean": 68.75986592464733, "min": 50.12339644203894, "p0.1": 50.26625000905525, "p1": 51.071236925902774, "p5": 52.07050133622251, "p10": 53.59813987400848, "p25": 57.53035258303862, "median": 63.74285732198041, "p75": 78.28044504206628, "p90": 83.2038741828408, "p95": 103.09763656682334, "p99": 126.67422391277273, "p99.9": 127.59947565285583, "max": 127.62959671101999}, "normalized_time_per_output_token": {"mean": 0.1374371472103375, "min": 0.0502016987639945, "p0.1": 0.05037913016186907, "p1": 0.05143995609159519, "p5": 0.052466503681391004, "p10": 0.054132935899845934, "p25": 0.058151828407758815, "median": 0.06560661052053028, "p75": 0.08174454100988805, "p90": 0.10417650102963671, "p95": 0.24305373560027566, "p99": 2.2908797219748815, "p99.9": 3.1412652222503383, "max": 3.358629541682986}, "time_per_output_token": {"mean": 0.0325224277262215, "min": 0.015634216327822466, "p0.1": 0.0157436748872344, "p1": 0.01682085686641839, "p5": 0.0254984806058812, "p10": 0.02613519555832055, "p25": 0.028031290771657492, "median": 0.030185683246370106, "p75": 0.0365107874303399, "p90": 0.04103263681442633, "p95": 0.04151417681526603, "p99": 0.05186018195266471, "p99.9": 0.05193712179321281, "max": 0.05198828964368503}, "time_to_first_token": {"mean": 3.625904965425782, "min": 0.061622646055184305, "p0.1": 0.06403736303793267, "p1": 0.07432391149457544, "p5": 0.08673782099504024, "p10": 0.09408939103595912, "p25": 0.11387338500935584, "median": 0.14269894594326615, "p75": 0.18273792997933924, "p90": 0.6110454880166805, "p95": 1.2150507489917797, "p99": 92.6927879148908, "p99.9": 94.2791687356094, "max": 94.5018937230343}, "inter_token_latency": {"mean": 0.0325224277262215, "min": 2.383952960371971e-06, "p0.1": 3.330991603434086e-06, "p1": 1.2974953278899193e-05, "p5": 1.851399429142475e-05, "p10": 2.4104025214910507e-05, "p25": 3.628910053521395e-05, "median": 0.0002897260710597038, "p75": 0.04833990789484233, "p90": 0.06350603338796645, "p95": 0.07104498418048025, "p99": 0.11311270584352319, "p99.9": 0.5496014836164578, "max": 47.408180685015395}}, "throughput": {"input_tokens_per_sec": 73914.13053344737, "output_tokens_per_sec": 9133.924022296404, "total_tokens_per_sec": 83048.05455574377, "requests_per_sec": 9.74905316970015}, "prompt_len": {"mean": 7581.672727272728, "min": 7498.0, "p0.1": 7501.388, "p1": 7521.0, "p5": 7536.0, "p10": 7547.0, "p25": 7565.0, "median": 7582.0, "p75": 7600.0, "p90": 7615.0, "p95": 7621.8, "p99": 7637.0, "p99.9": 7646.58, "max": 7649.0}, "output_len": {"mean": 936.9037037037037, "min": 19.0, "p0.1": 27.356, "p1": 33.0, "p5": 313.2, "p10": 940.8, "p25": 991.0, "median": 997.0, "p75": 1000.0, "p90": 1000.0, "p95": 1000.0, "p99": 1000.0, "p99.9": 1001.0, "max": 1002.0}}, "failures": {"count": 0, "request_latency": null, "prompt_len": null}}