{"load_summary": {"count": 200, "schedule_delay": {"mean": 0.0008122799737611785, "min": -0.0003652794985100627, "p0.1": -0.0003611041501862928, "p1": -0.0003357791737653315, "p5": -9.556621080264402e-06, "p10": 0.0001759515842422843, "p25": 0.0004402777412906289, "median": 0.0008243703632615507, "p75": 0.0011747606913559139, "p90": 0.0015146272140555083, "p95": 0.0016780509729869661, "p99": 0.001978517516981809, "p99.9": 0.0021888666199520244, "max": 0.002205669297836721}, "send_duration": 20.736420491011813, "requested_rate": 10.0, "achieved_rate": 9.644866146820751}, "successes": {"count": 200, "latency": {"request_latency": {"mean": 27.41856772918545, "min": 24.900652101030573, "p0.1": 25.009164148750017, "p1": 25.46111877063522, "p5": 25.80715489497525, "p10": 25.879529532499145, "p25": 26.440435598720796, "median": 26.883363511471543, "p75": 27.792473867477383, "p90": 30.584844878991134, "p95": 31.489659752428995, "p99": 31.61841846092255, "p99.9": 31.63823147022887, "max": 31.638505698996596}, "normalized_time_per_output_token": {"mean": 0.05700684564094999, "min": 0.02490065210103057, "p0.1": 0.025009164148750016, "p1": 0.02556235033442199, "p5": 0.025920160282295927, "p10": 0.02621832558549922, "p25": 0.026616267346635306, "median": 0.02726756817504065, "p75": 0.028237051366567, "p90": 0.031550371450878766, "p95": 0.04458717099310779, "p99": 0.8175592470914123, "p99.9": 1.009915284957646, "max": 1.0507382305759865}, "time_per_output_token": {"mean": 0.013593723907539535, "min": 0.012335589956499167, "p0.1": 0.012389500875153748, "p1": 0.0126213621188041, "p5": 0.0127948843540005, "p10": 0.012852608670764694, "p25": 0.013104633511889886, "median": 0.013357415401253677, "p75": 0.013642723314439192, "p90": 0.015093080128264054, "p95": 0.015425817734299008, "p99": 0.01571809211995386, "p99.9": 0.015742562103470886, "max": 0.015746282051440266}, "time_to_first_token": {"mean": 0.16303548765194137, "min": 0.058962389011867344, "p0.1": 0.05952260206954088, "p1": 0.061930760237155484, "p5": 0.06591272435034626, "p10": 0.0690207003732212, "p25": 0.08071491352166049, "median": 0.1482389390002936, "p75": 0.1663091561931651, "p90": 0.2860970918321981, "p95": 0.5257323843659834, "p99": 0.65539192293887, "p99.9": 0.6816178665170447, "max": 0.6826896279817447}, "inter_token_latency": {"mean": 0.013593723907539535, "min": 2.430984750390053e-06, "p0.1": 3.4755996894091367e-06, "p1": 1.5013025840744377e-05, "p5": 2.0941020920872688e-05, "p10": 2.886683214455843e-05, "p25": 4.261371213942766e-05, "median": 0.00023630604846403003, "p75": 0.025979469064623117, "p90": 0.027992464730050414, "p95": 0.030216166289756076, "p99": 0.032766940908040866, "p99.9": 0.11171684757154443, "max": 0.3751004550140351}}, "throughput": {"input_tokens_per_sec": 30874.26411582609, "output_tokens_per_sec": 3857.5523486404354, "total_tokens_per_sec": 34731.81646446652, "requests_per_sec": 4.0721549125308085}, "prompt_len": {"mean": 7581.8, "min": 7515.0, "p0.1": 7516.194, "p1": 7523.97, "p5": 7536.9, "p10": 7549.8, "p25": 7566.0, "median": 7582.5, "p75": 7599.0, "p90": 7613.1, "p95": 7618.1, "p99": 7627.11, "p99.9": 7642.8060000000005, "max": 7644.0}, "output_len": {"mean": 947.3, "min": 26.0, "p0.1": 27.194, "p1": 32.0, "p5": 592.25, "p10": 964.7, "p25": 991.0, "median": 997.0, "p75": 1000.0, "p90": 1000.0, "p95": 1000.0, "p99": 1000.0, "p99.9": 1000.0, "max": 1000.0}}, "failures": {"count": 0, "request_latency": null, "prompt_len": null}}