{"load_summary": {"count": 17084, "schedule_delay": {"mean": 0.0010110514507136932, "min": -0.0016540816286578774, "p0.1": -0.0008353690754156559, "p1": -0.0004061127675231546, "p5": -8.087280439212914e-05, "p10": 0.00012162323109805586, "p25": 0.0004470032290555537, "median": 0.0008318510372191668, "p75": 0.0012202022189740092, "p90": 0.0015755389351397764, "p95": 0.0017997427785303437, "p99": 0.002367897802032528, "p99.9": 0.08515499692818988, "max": 0.16041245695669204}}, "successes": {"count": 17080, "latency": {"request_latency": {"mean": 59.509541755715055, "min": 23.73430118302349, "p0.1": 25.045833677843095, "p1": 26.911716233076294, "p5": 35.69592169995885, "p10": 38.01254266957985, "p25": 45.404751901252894, "median": 57.74558577249991, "p75": 69.66556587122614, "p90": 82.25955245050136, "p95": 97.6253195661993, "p99": 123.9104892601154, "p99.9": 127.72197265120599, "max": 128.23876966699027}, "normalized_time_per_output_token": {"mean": 0.1353078762948666, "min": 0.0, "p0.1": 0.025060812574808435, "p1": 0.02710350784312119, "p5": 0.03604972793272211, "p10": 0.03842463013556553, "p25": 0.04884818282503699, "median": 0.05893763008050155, "p75": 0.07497488537113167, "p90": 0.10063157863369085, "p95": 0.21325919186507797, "p99": 2.1052285897254808, "p99.9": 3.838126669855007, "max": 41.18446786492132}, "time_per_output_token": {"mean": 0.028148992010263697, "min": 0.011762937202864419, "p0.1": 0.012407840746668584, "p1": 0.013357668071808382, "p5": 0.01704710898241077, "p10": 0.018523881682099355, "p25": 0.021201909414283338, "median": 0.028077859729117687, "p75": 0.032914287004531875, "p90": 0.039676946422848705, "p95": 0.041263838336565765, "p99": 0.050062340467919596, "p99.9": 0.051997614963147185, "max": 0.052220866177417245}, "time_to_first_token": {"mean": 3.125676092279522, "min": 0.05833440099377185, "p0.1": 0.06235617570020258, "p1": 0.071068708836101, "p5": 0.08272324389545246, "p10": 0.09014224564889446, "p25": 0.10878382931696251, "median": 0.1447056655306369, "p75": 0.19479272252647206, "p90": 0.6334371022181586, "p95": 27.721989148983265, "p99": 89.87250451126249, "p99.9": 93.88678811980742, "max": 95.13242398796137}, "inter_token_latency": {"mean": 0.0281489920102637, "min": 2.299901098012924e-06, "p0.1": 3.2030511647462845e-06, "p1": 1.296098344027996e-05, "p5": 1.8903054296970367e-05, "p10": 2.4567940272390842e-05, "p25": 3.742601256817579e-05, "median": 0.00027556048007681966, "p75": 0.045004833256825805, "p90": 0.0560938491136767, "p95": 0.06783325026044609, "p99": 0.11463540460797972, "p99.9": 0.41134954908503546, "max": 47.408180685015395}}, "throughput": {"input_tokens_per_sec": 65728.81328954773, "output_tokens_per_sec": 8124.92233600074, "total_tokens_per_sec": 73853.73562554846, "requests_per_sec": 8.669406220985021}, "prompt_len": {"mean": 7581.697248243559, "min": 7498.0, "p0.1": 7498.0, "p1": 7521.0, "p5": 7536.0, "p10": 7547.0, "p25": 7565.0, "median": 7582.0, "p75": 7600.0, "p90": 7615.0, "p95": 7621.0, "p99": 7637.0, "p99.9": 7649.0, "max": 7649.0}, "output_len": {"mean": 937.1947892271663, "min": 0.0, "p0.1": 19.0, "p1": 33.0, "p5": 274.95000000000005, "p10": 944.0, "p25": 992.0, "median": 997.0, "p75": 1000.0, "p90": 1000.0, "p95": 1000.0, "p99": 1000.0, "p99.9": 1996.7630000000063, "max": 1999.0}}, "failures": {"count": 4, "request_latency": {"mean": 2.0832943982677534, "min": 0.4378079599700868, "p0.1": 0.4431465537173208, "p1": 0.49119389744242653, "p5": 0.7047376473317855, "p10": 0.9716673346934841, "p25": 1.7724563967785798, "median": 2.487480203039013, "p75": 2.7983182045281865, "p90": 2.8715728180250153, "p95": 2.8959910225239582, "p99": 2.9155255861231124, "p99.9": 2.9199208629329223, "max": 2.920409227022901}, "prompt_len": {"mean": 0.0, "min": 0.0, "p0.1": 0.0, "p1": 0.0, "p5": 0.0, "p10": 0.0, "p25": 0.0, "median": 0.0, "p75": 0.0, "p90": 0.0, "p95": 0.0, "p99": 0.0, "p99.9": 0.0, "max": 0.0}}}