{"load_summary": {"count": 1485, "schedule_delay": {"mean": 0.0007949247481207354, "min": -0.0011268398957327008, "p0.1": -0.000615414469037205, "p1": -0.0003525212034583092, "p5": -7.596970535814761e-05, "p10": 0.00011229267111048103, "p25": 0.0004094822215847671, "median": 0.0007878206670284271, "p75": 0.0011412421008571982, "p90": 0.0014744700165465476, "p95": 0.0017325972788967189, "p99": 0.0022896352154202805, "p99.9": 0.003899863420752842, "max": 0.004449689411558211}, "send_duration": 26.467585022037383, "requested_rate": 55.0, "achieved_rate": 56.106365532161796}, "successes": {"count": 1266, "latency": {"request_latency": {"mean": 65.43335027742111, "min": 48.4049961650162, "p0.1": 48.58377612072654, "p1": 49.84590115316096, "p5": 51.82067147626367, "p10": 52.95615739299683, "p25": 56.61976006724581, "median": 61.14631431599264, "p75": 72.72313505325292, "p90": 84.26474969147239, "p95": 89.98129718803102, "p99": 90.95218939018086, "p99.9": 99.71213054526511, "max": 99.7670643349993}, "normalized_time_per_output_token": {"mean": 0.15105653050293086, "min": 0.02981143481739419, "p0.1": 0.036872057528297655, "p1": 0.04961624726280975, "p5": 0.05203175506102367, "p10": 0.05337378481798805, "p25": 0.057196260669388016, "median": 0.06435868800597382, "p75": 0.07483408499104041, "p90": 0.09157879625833307, "p95": 0.476139187703229, "p99": 2.104616144825607, "p99.9": 2.7698797906003354, "max": 3.1156171640001333}, "time_per_output_token": {"mean": 0.03255573834348925, "min": 0.024130133260861792, "p0.1": 0.024143191426769448, "p1": 0.02473692289023547, "p5": 0.025719267625068983, "p10": 0.026260085078453746, "p25": 0.028189069923407722, "median": 0.030438544511988082, "p75": 0.036221404967654816, "p90": 0.041987274919287124, "p95": 0.044848088178410905, "p99": 0.045333835754339274, "p99.9": 0.04954606702645219, "max": 0.049661492154913035}, "time_to_first_token": {"mean": 0.23290573220427285, "min": 0.061115393007639796, "p0.1": 0.06420355169510003, "p1": 0.07783268176135608, "p5": 0.08816228226351086, "p10": 0.09511058349744417, "p25": 0.11211273778462783, "median": 0.13562801000080071, "p75": 0.16744640401157085, "p90": 0.21395758498692885, "p95": 0.3917813427542569, "p99": 0.774011421660541, "p99.9": 32.074664797233545, "max": 43.36079000798054}, "inter_token_latency": {"mean": 0.032555738343489245, "min": 2.422020770609379e-06, "p0.1": 3.476249112281948e-06, "p1": 1.412699930369854e-05, "p5": 2.168200444430113e-05, "p10": 2.665299689397216e-05, "p25": 3.7121004424989223e-05, "median": 0.00018640249618329108, "p75": 0.050119683757657185, "p90": 0.06568818999221548, "p95": 0.07095539852161892, "p99": 0.10949618835875305, "p99.9": 0.37049967643281173, "max": 43.24080235901056}}, "throughput": {"input_tokens_per_sec": 29304.9979592633, "output_tokens_per_sec": 3584.652414676075, "total_tokens_per_sec": 32889.650373939374, "requests_per_sec": 3.8659968216016716}, "prompt_len": {"mean": 7580.191943127962, "min": 7498.0, "p0.1": 7498.265, "p1": 7514.3, "p5": 7535.0, "p10": 7545.0, "p25": 7562.0, "median": 7579.0, "p75": 7598.0, "p90": 7617.0, "p95": 7629.0, "p99": 7645.0, "p99.9": 7679.9050000000025, "max": 7686.0}, "output_len": {"mean": 927.2259083728278, "min": 19.0, "p0.1": 23.265, "p1": 33.0, "p5": 125.5, "p10": 900.5, "p25": 991.0, "median": 997.0, "p75": 1000.0, "p90": 1000.0, "p95": 1000.0, "p99": 1000.0, "p99.9": 1998.0, "max": 1999.0}}, "failures": {"count": 219, "request_latency": {"mean": 301.010794906427, "min": 301.0074012980331, "p0.1": 301.00743646512694, "p1": 301.00810498174513, "p5": 301.0086396204948, "p10": 301.0089313076227, "p25": 301.00964409898734, "median": 301.01067674695514, "p75": 301.0115326164814, "p90": 301.0128540698206, "p95": 301.0135261953925, "p99": 301.01501028862896, "p99.9": 301.01914567028973, "max": 301.0197181010153}, "prompt_len": {"mean": 0.0, "min": 0.0, "p0.1": 0.0, "p1": 0.0, "p5": 0.0, "p10": 0.0, "p25": 0.0, "median": 0.0, "p75": 0.0, "p90": 0.0, "p95": 0.0, "p99": 0.0, "p99.9": 0.0, "max": 0.0}}}