{"load_summary": {"count": 1508, "schedule_delay": {"mean": 0.0008138867412938981, "min": -0.0010448896209709346, "p0.1": -0.0005891211034613662, "p1": -0.00034662112477235496, "p5": -8.614901744294911e-05, "p10": 0.00010496714967302979, "p25": 0.00040788084152154624, "median": 0.0007925262034405023, "p75": 0.0011747154785552993, "p90": 0.0015427553618792443, "p95": 0.0017570738913491367, "p99": 0.002329529700218702, "p99.9": 0.002706624587764981, "max": 0.002936098084319383}, "send_duration": 28.830737016978674, "requested_rate": 52.0, "achieved_rate": 52.30528789853432}, "successes": {"count": 1286, "latency": {"request_latency": {"mean": 64.8718683788803, "min": 47.375426476006396, "p0.1": 47.4432952599143, "p1": 48.88626343124779, "p5": 51.035519405515515, "p10": 52.09333385451464, "p25": 56.231900710525224, "median": 61.69244861850166, "p75": 71.79803601624735, "p90": 82.90916893500253, "p95": 89.35411594374455, "p99": 94.29085776636515, "p99.9": 98.58005293257776, "max": 98.94203489797655}, "normalized_time_per_output_token": {"mean": 0.17007251973700463, "min": 0.027031127269908882, "p0.1": 0.031134816174994535, "p1": 0.04901540653908037, "p5": 0.05130630445150018, "p10": 0.05288536084435572, "p25": 0.05687727025172844, "median": 0.0638530889792144, "p75": 0.07322587054402242, "p90": 0.09158855727832302, "p95": 0.40551734481674306, "p99": 2.1792254130474205, "p99.9": 9.713219033713765, "max": 13.517660279001575}, "time_per_output_token": {"mean": 0.031926312154007076, "min": 0.02354549987105837, "p0.1": 0.02355390792164556, "p1": 0.02395991238567524, "p5": 0.02525369944552553, "p10": 0.025743772517739637, "p25": 0.02787140595253764, "median": 0.030598680831335212, "p75": 0.035508767125201235, "p90": 0.04101082718965347, "p95": 0.04287208338068374, "p99": 0.04534143153035673, "p99.9": 0.04550016617551168, "max": 0.04550310177312557}, "time_to_first_token": {"mean": 0.9282675894048981, "min": 0.06755068694474176, "p0.1": 0.0691459543874953, "p1": 0.07512307863798924, "p5": 0.08621430999482982, "p10": 0.0936928404844366, "p25": 0.10845740399963688, "median": 0.13397964800242335, "p75": 0.16401092127489392, "p90": 0.2178800799883902, "p95": 0.4489981410006294, "p99": 41.32057584558498, "p99.9": 42.52482098325651, "max": 42.591843563946895}, "inter_token_latency": {"mean": 0.031926312154007076, "min": 2.4129985831677914e-06, "p0.1": 3.32703348249197e-06, "p1": 1.3989978469908237e-05, "p5": 2.1966989152133465e-05, "p10": 2.6969995815306902e-05, "p25": 3.8206984754651785e-05, "median": 0.00020786700770258904, "p75": 0.049540134001290426, "p90": 0.06399365299148485, "p95": 0.07085660799930338, "p99": 0.11127498437126601, "p99.9": 0.3422020219115162, "max": 42.531784155988134}}, "throughput": {"input_tokens_per_sec": 29554.95966165334, "output_tokens_per_sec": 3618.320321243237, "total_tokens_per_sec": 33173.27998289658, "requests_per_sec": 3.8990095977184938}, "prompt_len": {"mean": 7580.119751166408, "min": 7498.0, "p0.1": 7498.285, "p1": 7513.0, "p5": 7535.0, "p10": 7545.0, "p25": 7562.0, "median": 7579.0, "p75": 7598.0, "p90": 7617.0, "p95": 7629.0, "p99": 7645.0, "p99.9": 7679.445000000003, "max": 7686.0}, "output_len": {"mean": 928.0101088646967, "min": 4.0, "p0.1": 11.415, "p1": 33.0, "p5": 127.5, "p10": 892.0, "p25": 991.0, "median": 997.0, "p75": 1000.0, "p90": 1000.0, "p95": 1000.0, "p99": 1000.0, "p99.9": 1806.905000000097, "max": 1999.0}}, "failures": {"count": 222, "request_latency": {"mean": 301.01094629699185, "min": 301.0067172269919, "p0.1": 301.0068106094391, "p1": 301.0073639870022, "p5": 301.0078955435427, "p10": 301.00842452367067, "p25": 301.00977429549675, "median": 301.01089830801357, "p75": 301.0120582612435, "p90": 301.01325970644245, "p95": 301.0138218481967, "p99": 301.01672843928156, "p99.9": 301.0184500374168, "max": 301.01859759603394}, "prompt_len": {"mean": 0.0, "min": 0.0, "p0.1": 0.0, "p1": 0.0, "p5": 0.0, "p10": 0.0, "p25": 0.0, "median": 0.0, "p75": 0.0, "p90": 0.0, "p95": 0.0, "p99": 0.0, "p99.9": 0.0, "max": 0.0}}}