{"load_summary": {"count": 60, "schedule_delay": {"mean": 0.0010767321325450515, "min": -0.00019061850616708398, "p0.1": -0.00018074087623972445, "p1": -9.184220689348877e-05, "p5": 2.1391196059994404e-05, "p10": 3.130054101347923e-05, "p25": 0.0007264499290613458, "median": 0.0010338639840483665, "p75": 0.0015040740108815953, "p90": 0.001992932934081182, "p95": 0.002287899632938206, "p99": 0.0024525851738872, "p99.9": 0.0025569916030508486, "max": 0.002568592317402363}, "send_duration": 16.751528089051135, "requested_rate": 3.0, "achieved_rate": 3.581762790895252}, "successes": {"count": 60, "latency": {"request_latency": {"mean": 69.51244135509866, "min": 23.51432576897787, "p0.1": 23.52263599538116, "p1": 23.5974280330108, "p5": 24.080166263814316, "p10": 24.505473276006523, "p25": 24.922323902268545, "median": 25.71257475850871, "p75": 127.88243733852869, "p90": 129.15489182431483, "p95": 129.83537875357143, "p99": 130.45101562864264, "p99.9": 130.5346629159468, "max": 130.5439570589806}, "normalized_time_per_output_token": {"mean": 0.18045195866997907, "min": 0.023608760812226775, "p0.1": 0.023614296275781335, "p1": 0.02366411544777237, "p5": 0.024334630656376664, "p10": 0.02448607265392123, "p25": 0.024975869050180198, "median": 0.026127011434083296, "p75": 0.12869278321725142, "p90": 0.13040208751844398, "p95": 0.1332030099061933, "p99": 3.2435915262602655, "p99.9": 3.8488254058811506, "max": 3.916073614727903}, "time_per_output_token": {"mean": 0.03375747164038143, "min": 0.011675325188918903, "p0.1": 0.011677813106460344, "p1": 0.011700204364333323, "p5": 0.0119349985154911, "p10": 0.012148080580160493, "p25": 0.012348605307101945, "median": 0.012737855562467364, "p75": 0.060990341372954573, "p90": 0.06379354739746859, "p95": 0.0642538395695163, "p99": 0.06456142615352874, "p99.9": 0.06489423583108615, "max": 0.06493121468414809}, "time_to_first_token": {"mean": 1.9093844984163297, "min": 0.06567429995629936, "p0.1": 0.06591460807865951, "p1": 0.06807738117990084, "p5": 0.07891744350781664, "p10": 0.08894456078996882, "p25": 0.1408633265091339, "median": 0.166120548004983, "p75": 1.9802256469993154, "p90": 6.94291827597772, "p95": 8.924411140329902, "p99": 9.70341908799368, "p99.9": 9.725056871796609, "max": 9.727461069996934}, "inter_token_latency": {"mean": 0.033757471640381426, "min": 2.9060174711048603e-06, "p0.1": 5.296421179082245e-06, "p1": 1.9334761891514062e-05, "p5": 3.2957992516458035e-05, "p10": 3.887993516400457e-05, "p25": 4.619275568984449e-05, "median": 0.00021230150014162064, "p75": 0.025651460484368727, "p90": 0.1179413505771663, "p95": 0.1190591823484283, "p99": 0.12344415205239784, "p99.9": 0.1325609411956976, "max": 4.530096205009613}}, "throughput": {"input_tokens_per_sec": 3234.3112736123285, "output_tokens_per_sec": 396.7604535125336, "total_tokens_per_sec": 3631.0717271248623, "requests_per_sec": 0.4264407281948986}, "prompt_len": {"mean": 7584.433333333333, "min": 7519.0, "p0.1": 7519.413, "p1": 7523.13, "p5": 7536.7, "p10": 7545.9, "p25": 7564.75, "median": 7580.0, "p75": 7603.25, "p90": 7628.1, "p95": 7645.2, "p99": 7671.84, "p99.9": 7684.584, "max": 7686.0}, "output_len": {"mean": 930.4, "min": 33.0, "p0.1": 33.767, "p1": 40.67, "p5": 262.5, "p10": 964.2, "p25": 993.25, "median": 998.5, "p75": 1000.0, "p90": 1000.0, "p95": 1000.0, "p99": 1000.41, "p99.9": 1000.941, "max": 1001.0}}, "failures": {"count": 0, "request_latency": null, "prompt_len": null}}