{"load_summary": {"count": 1520, "schedule_delay": {"mean": 0.0008309950391106357, "min": -0.0006833017687313259, "p0.1": -0.0006290172148146666, "p1": -0.0003488018835196272, "p5": -5.991493817418813e-05, "p10": 0.00010340537410229446, "p25": 0.0004345294728409499, "median": 0.0008147780317813158, "p75": 0.0012062489986419678, "p90": 0.001570080552482978, "p95": 0.001796753201051615, "p99": 0.0022014236287213854, "p99.9": 0.0028751706084003932, "max": 0.0031440596212632954}, "send_duration": 36.323826655047014, "requested_rate": 40.0, "achieved_rate": 41.84581141284583}, "successes": {"count": 1293, "latency": {"request_latency": {"mean": 62.140321404151045, "min": 44.95864237297792, "p0.1": 45.01270630075294, "p1": 46.428559618648144, "p5": 48.49332459220896, "p10": 49.934675234975295, "p25": 55.02202837495133, "median": 59.201057599973865, "p75": 67.41187119099777, "p90": 79.61284717841772, "p95": 86.58199010401731, "p99": 88.90451639408478, "p99.9": 92.9147680726878, "max": 93.05757869500667}, "normalized_time_per_output_token": {"mean": 0.18926565077788057, "min": 0.02664396490537481, "p0.1": 0.03708210271758825, "p1": 0.047035572006200066, "p5": 0.04877863813849317, "p10": 0.05068285421187381, "p25": 0.05601711959397653, "median": 0.06026173173094867, "p75": 0.06965324649697868, "p90": 0.08812766647456013, "p95": 0.3210870753181617, "p99": 2.0543036262521173, "p99.9": 9.47912519943692, "max": 56.60797750699567}, "time_per_output_token": {"mean": 0.030117003436524067, "min": 0.022001368447271144, "p0.1": 0.022001910939755644, "p1": 0.02246312167975695, "p5": 0.023960563577722055, "p10": 0.024415176383098414, "p25": 0.02689344449125152, "median": 0.029132359466263684, "p75": 0.03305505422489794, "p90": 0.038025853191018345, "p95": 0.03980436913512259, "p99": 0.04383803946084284, "p99.9": 0.04431582221287226, "max": 0.04434142390056385}, "time_to_first_token": {"mean": 1.8171353465932394, "min": 0.06343989900778979, "p0.1": 0.0681696430875454, "p1": 0.07679938952438534, "p5": 0.08759239960927517, "p10": 0.09468794018030166, "p25": 0.1101830709958449, "median": 0.13775363797321916, "p75": 0.17110901500564069, "p90": 0.24785178340971467, "p95": 0.7449225626303806, "p99": 38.79544510454172, "p99.9": 39.79685133141605, "max": 39.87831750197802}, "inter_token_latency": {"mean": 0.030117003436524067, "min": 2.4289474822580814e-06, "p0.1": 3.3589894883334637e-06, "p1": 1.3776007108390331e-05, "p5": 2.1509011276066303e-05, "p10": 2.6548979803919792e-05, "p25": 3.7769030313938856e-05, "median": 0.00021005503367632627, "p75": 0.04991912201512605, "p90": 0.0614362713880837, "p95": 0.06936215357854962, "p99": 0.11077904022997245, "p99.9": 0.28578820880339617, "max": 38.66366752999602}}, "throughput": {"input_tokens_per_sec": 29057.354182265815, "output_tokens_per_sec": 3581.8255876281387, "total_tokens_per_sec": 32639.17976989395, "requests_per_sec": 3.833337597216258}, "prompt_len": {"mean": 7580.170920340294, "min": 7498.0, "p0.1": 7498.292, "p1": 7513.0, "p5": 7535.0, "p10": 7545.2, "p25": 7562.0, "median": 7579.0, "p75": 7598.0, "p90": 7617.8, "p95": 7629.0, "p99": 7645.0, "p99.9": 7679.2840000000015, "max": 7686.0}, "output_len": {"mean": 934.3882443928848, "min": 1.0, "p0.1": 8.088000000000001, "p1": 32.0, "p5": 188.60000000000008, "p10": 939.0, "p25": 992.0, "median": 997.0, "p75": 1000.0, "p90": 1000.0, "p95": 1000.0, "p99": 1000.0, "p99.9": 1703.9200000000828, "max": 1997.0}}, "failures": {"count": 227, "request_latency": {"mean": 301.0112389804783, "min": 301.0075307310326, "p0.1": 301.0075692048131, "p1": 301.00797422658883, "p5": 301.00868650363407, "p10": 301.00897321739467, "p25": 301.010031019483, "median": 301.0111593499896, "p75": 301.0122317945061, "p90": 301.013334493211, "p95": 301.014126437268, "p99": 301.01664538535755, "p99.9": 301.02679068989715, "max": 301.02917714300565}, "prompt_len": {"mean": 0.0, "min": 0.0, "p0.1": 0.0, "p1": 0.0, "p5": 0.0, "p10": 0.0, "p25": 0.0, "median": 0.0, "p75": 0.0, "p90": 0.0, "p95": 0.0, "p99": 0.0, "p99.9": 0.0, "max": 0.0}}}