{"load_summary": {"count": 748, "schedule_delay": {"mean": 0.0008749606594864159, "min": -0.0006168708787299693, "p0.1": -0.000572032623225823, "p1": -0.00032731169485487047, "p5": 3.155312442686409e-05, "p10": 0.00017567541799508036, "p25": 0.0005147674964973703, "median": 0.0008490268955938518, "p75": 0.0012376998347463086, "p90": 0.0015430085593834521, "p95": 0.0017387385247275232, "p99": 0.0022146260662702826, "p99.9": 0.003077816033677673, "max": 0.0032439585775136948}, "send_duration": 35.59245448495494, "requested_rate": 22.0, "achieved_rate": 21.015690286720247}, "successes": {"count": 638, "latency": {"request_latency": {"mean": 37.770370080683264, "min": 30.397373407962732, "p0.1": 30.403174014694407, "p1": 30.977729468803155, "p5": 33.38015584005916, "p10": 33.84262510590488, "p25": 35.52043158651213, "median": 37.62395293902955, "p75": 39.2307164765225, "p90": 41.978747724409914, "p95": 44.37203669327137, "p99": 44.87826398615085, "p99.9": 45.02506300615543, "max": 45.02706212300109}, "normalized_time_per_output_token": {"mean": 0.07654903653418009, "min": 0.01862979625801524, "p0.1": 0.026125742902531793, "p1": 0.030977729468803155, "p5": 0.03346143541366118, "p10": 0.03414666393584533, "p25": 0.036006412525531155, "median": 0.037872414421786134, "p75": 0.0411268695997278, "p90": 0.04489152132629288, "p95": 0.08026658628452298, "p99": 1.1570442661694786, "p99.9": 1.3523097293612112, "max": 1.4929840231593698}, "time_per_output_token": {"mean": 0.0187688783432663, "min": 0.015094290960518208, "p0.1": 0.015111518349520821, "p1": 0.015392432992224642, "p5": 0.01659056205650501, "p10": 0.016824317648520472, "p25": 0.017614597381812976, "median": 0.018708037961031085, "p75": 0.019514724403047697, "p90": 0.02086223505993503, "p95": 0.021956572759335265, "p99": 0.022311482645271843, "p99.9": 0.022384808392068935, "max": 0.022389822308837935}, "time_to_first_token": {"mean": 0.1506618661222086, "min": 0.06478604301810265, "p0.1": 0.06622400234290399, "p1": 0.07075311058200896, "p5": 0.08202537042088806, "p10": 0.08759198657353409, "p25": 0.10135385049215984, "median": 0.1198755695077125, "p75": 0.15818155353190377, "p90": 0.23338806091342135, "p95": 0.32604999064642465, "p99": 0.6434061457385541, "p99.9": 0.7666598880167009, "max": 0.7734532210160978}, "inter_token_latency": {"mean": 0.0187688783432663, "min": 2.3539760150015354e-06, "p0.1": 2.902001142501831e-06, "p1": 1.365338044706732e-05, "p5": 2.238101151306182e-05, "p10": 2.8492999263107777e-05, "p25": 4.1437975596636534e-05, "median": 0.0001908564881887287, "p75": 0.036323661013739184, "p90": 0.042987262312090026, "p95": 0.045165836747037245, "p99": 0.05775956755853209, "p99.9": 0.12122047949390263, "max": 2.2467607890139334}}, "throughput": {"input_tokens_per_sec": 14367.808581279054, "output_tokens_per_sec": 1782.6391451113661, "total_tokens_per_sec": 16150.447726390421, "requests_per_sec": 1.8954606467748039}, "prompt_len": {"mean": 7580.114420062696, "min": 7498.0, "p0.1": 7498.637, "p1": 7513.74, "p5": 7535.0, "p10": 7545.0, "p25": 7562.0, "median": 7579.0, "p75": 7598.0, "p90": 7617.3, "p95": 7629.0, "p99": 7645.0, "p99.9": 7671.349000000001, "max": 7686.0}, "output_len": {"mean": 940.4780564263323, "min": 25.0, "p0.1": 25.637, "p1": 33.0, "p5": 460.05000000000007, "p10": 924.5, "p25": 992.0, "median": 998.0, "p75": 1000.0, "p90": 1000.0, "p95": 1000.0, "p99": 1000.0, "p99.9": 1364.096000000056, "max": 1996.0}}, "failures": {"count": 110, "request_latency": {"mean": 301.011301768859, "min": 301.00831870303955, "p0.1": 301.0083363010903, "p1": 301.0084913166414, "p5": 301.00902319657035, "p10": 301.0095395391516, "p25": 301.01036563076195, "median": 301.01134031498805, "p75": 301.01211415202124, "p90": 301.01315270987106, "p95": 301.0136744186166, "p99": 301.0142124188616, "p99.9": 301.0147138763562, "max": 301.0147748779855}, "prompt_len": {"mean": 0.0, "min": 0.0, "p0.1": 0.0, "p1": 0.0, "p5": 0.0, "p10": 0.0, "p25": 0.0, "median": 0.0, "p75": 0.0, "p90": 0.0, "p95": 0.0, "p99": 0.0, "p99.9": 0.0, "max": 0.0}}}