{"load_summary": {"count": 1470, "schedule_delay": {"mean": 0.0008539313048545626, "min": -0.0010021822527050972, "p0.1": -0.000660165305249393, "p1": -0.0003521801752503961, "p5": -3.686235868372015e-06, "p10": 0.00018106890493072575, "p25": 0.0004934474563924596, "median": 0.0008072870841715485, "p75": 0.001199141886900179, "p90": 0.0015517190098762513, "p95": 0.0017327290435787289, "p99": 0.0024396203609649073, "p99.9": 0.00371681139140866, "max": 0.004344536981079727}, "send_duration": 28.745758324977942, "requested_rate": 49.0, "achieved_rate": 51.137979502272465}, "successes": {"count": 1255, "latency": {"request_latency": {"mean": 63.61646884710229, "min": 47.049896927026566, "p0.1": 47.62998675953737, "p1": 48.481055076776535, "p5": 50.559491706307746, "p10": 51.76560231440235, "p25": 55.79354972401052, "median": 59.572575799014885, "p75": 70.32717538098223, "p90": 81.39620643078815, "p95": 87.71659820389468, "p99": 89.36779192103539, "p99.9": 95.79131970815256, "max": 95.83492080698488}, "normalized_time_per_output_token": {"mean": 0.17849892978090973, "min": 0.025918369157128158, "p0.1": 0.028660698727841164, "p1": 0.048320337655518714, "p5": 0.050699893657038864, "p10": 0.05204611789304685, "p25": 0.056371154144774865, "median": 0.060620443520583156, "p75": 0.07223524228078942, "p90": 0.0892743367840739, "p95": 0.3791907828344555, "p99": 1.9927263106462954, "p99.9": 16.389097478605976, "max": 19.596771807332214}, "time_per_output_token": {"mean": 0.03143135817349758, "min": 0.022864459435773622, "p0.1": 0.02286644794765704, "p1": 0.024063151387504415, "p5": 0.02505930774982601, "p10": 0.025587337638874226, "p25": 0.027668534904044226, "median": 0.029596031599205458, "p75": 0.0347891721029519, "p90": 0.04045588241128864, "p95": 0.043281433697457586, "p99": 0.04444949434601121, "p99.9": 0.04460037597978232, "max": 0.04466204667515212}, "time_to_first_token": {"mean": 0.664830222785189, "min": 0.0628454890102148, "p0.1": 0.0651833202408161, "p1": 0.074052284124773, "p5": 0.0886683312128298, "p10": 0.09562977198511362, "p25": 0.11080073899938725, "median": 0.13606206001713872, "p75": 0.16438104200642556, "p90": 0.22457867300836468, "p95": 0.4780142582079853, "p99": 41.57003022376797, "p99.9": 42.58833252836056, "max": 42.72531201399397}, "inter_token_latency": {"mean": 0.03143135817349758, "min": 2.4239998310804367e-06, "p0.1": 3.403998794965446e-06, "p1": 1.4114018995314837e-05, "p5": 2.1899695275351417e-05, "p10": 2.698303433135152e-05, "p25": 3.8305006455630064e-05, "median": 0.00021654798183590174, "p75": 0.049839701008750126, "p90": 0.06350548659684137, "p95": 0.06992400577873922, "p99": 0.10749978931271462, "p99.9": 0.3764914738111187, "max": 42.65061232104199}}, "throughput": {"input_tokens_per_sec": 28897.345039951055, "output_tokens_per_sec": 3564.6462167663894, "total_tokens_per_sec": 32461.991256717443, "requests_per_sec": 3.812202441784826}, "prompt_len": {"mean": 7580.223107569721, "min": 7498.0, "p0.1": 7498.254, "p1": 7514.08, "p5": 7535.0, "p10": 7545.0, "p25": 7562.0, "median": 7579.0, "p75": 7598.0, "p90": 7617.6, "p95": 7629.0, "p99": 7645.0, "p99.9": 7680.158000000002, "max": 7686.0}, "output_len": {"mean": 935.0621513944224, "min": 3.0, "p0.1": 3.508, "p1": 33.0, "p5": 150.10000000000008, "p10": 932.4, "p25": 992.0, "median": 998.0, "p75": 1000.0, "p90": 1000.0, "p95": 1000.0, "p99": 1000.0, "p99.9": 1997.4920000000002, "max": 1999.0}}, "failures": {"count": 215, "request_latency": {"mean": 301.0114157967949, "min": 301.00821176799946, "p0.1": 301.00831391405393, "p1": 301.00874201000784, "p5": 301.0093432649155, "p10": 301.00957717858256, "p25": 301.0103468445013, "median": 301.0112649810035, "p75": 301.0121225404728, "p90": 301.0134315144154, "p95": 301.0140618238074, "p99": 301.01611167730533, "p99.9": 301.0183355682103, "max": 301.01885614695493}, "prompt_len": {"mean": 0.0, "min": 0.0, "p0.1": 0.0, "p1": 0.0, "p5": 0.0, "p10": 0.0, "p25": 0.0, "median": 0.0, "p75": 0.0, "p90": 0.0, "p95": 0.0, "p99": 0.0, "p99.9": 0.0, "max": 0.0}}}