{"load_summary": {"count": 750, "schedule_delay": {"mean": 0.0008780252467064808, "min": -0.0006321815308183432, "p0.1": -0.0005562309137894773, "p1": -0.0003307441220385954, "p5": -7.35851004719734e-05, "p10": 0.00012154923169873656, "p25": 0.0004755687259603292, "median": 0.0008607386844232678, "p75": 0.0012861263239756227, "p90": 0.0016015108791179956, "p95": 0.0017998789495322852, "p99": 0.0024424901104066507, "p99.9": 0.0038059356063604843, "max": 0.00421094975899905}, "send_duration": 24.751467044989113, "requested_rate": 30.0, "achieved_rate": 30.301234211159056}, "successes": {"count": 640, "latency": {"request_latency": {"mean": 40.10482618327269, "min": 33.87526280601742, "p0.1": 33.88067588619766, "p1": 34.236360032479276, "p5": 35.92266201123421, "p10": 36.59830009749858, "p25": 37.75683310326713, "median": 39.22779549547704, "p75": 42.021323505512555, "p90": 45.82381956920144, "p95": 47.49926096119452, "p99": 48.166750034525755, "p99.9": 50.49020817947932, "max": 51.38871642999584}, "normalized_time_per_output_token": {"mean": 0.09110744974248242, "min": 0.019833979524534057, "p0.1": 0.028806359541401923, "p1": 0.03429004375773478, "p5": 0.0361496780632271, "p10": 0.03676636375016188, "p25": 0.03822888383081278, "median": 0.03973256461085112, "p75": 0.043300172706978626, "p90": 0.048234823481224834, "p95": 0.1422363493059547, "p99": 1.4163346728982134, "p99.9": 1.7114557263912156, "max": 1.882964634217585}, "time_per_output_token": {"mean": 0.019933838950256938, "min": 0.01684766038430218, "p0.1": 0.01684790860115897, "p1": 0.01701836314475883, "p5": 0.017866405864937467, "p10": 0.018188714225420906, "p25": 0.018726257838949704, "median": 0.01951396340954998, "p75": 0.02091678884219994, "p90": 0.022732045847825056, "p95": 0.02362438567800126, "p99": 0.023895253464254366, "p99.9": 0.025148079602730744, "max": 0.025599577093449444}, "time_to_first_token": {"mean": 0.15411969600127123, "min": 0.0673606509808451, "p0.1": 0.06973014607623917, "p1": 0.07640702815144323, "p5": 0.08256157811265438, "p10": 0.08777673501172104, "p25": 0.09938074374804273, "median": 0.11551523953676224, "p75": 0.1538091277179774, "p90": 0.25662374522653414, "p95": 0.41368968550523255, "p99": 0.7583164679363839, "p99.9": 0.9134419581870324, "max": 0.918876810988877}, "inter_token_latency": {"mean": 0.01993383895025694, "min": 2.4189939722418785e-06, "p0.1": 2.9520015232264996e-06, "p1": 1.3773992541246117e-05, "p5": 2.2175908088684086e-05, "p10": 2.8131005819886923e-05, "p25": 4.088896093890071e-05, "median": 0.0002161814772989601, "p75": 0.041298489973996766, "p90": 0.04470366180175916, "p95": 0.046345131154521366, "p99": 0.05074323370237871, "p99.9": 0.14948396177444387, "max": 11.59591300599277}}, "throughput": {"input_tokens_per_sec": 14894.515234595281, "output_tokens_per_sec": 1838.3099465997354, "total_tokens_per_sec": 16732.825181195018, "requests_per_sec": 1.9649411960214624}, "prompt_len": {"mean": 7580.1328125, "min": 7498.0, "p0.1": 7498.639, "p1": 7513.78, "p5": 7535.0, "p10": 7545.0, "p25": 7562.0, "median": 7579.0, "p75": 7598.0, "p90": 7617.1, "p95": 7629.0, "p99": 7645.0, "p99.9": 7671.303000000003, "max": 7686.0}, "output_len": {"mean": 935.5546875, "min": 23.0, "p0.1": 23.639, "p1": 32.0, "p5": 279.2000000000001, "p10": 946.8, "p25": 991.0, "median": 998.0, "p75": 1000.0, "p90": 1000.0, "p95": 1000.0, "p99": 1000.0, "p99.9": 1377.5310000001007, "max": 1998.0}}, "failures": {"count": 110, "request_latency": {"mean": 301.0118863241805, "min": 301.0085190400132, "p0.1": 301.0085563649872, "p1": 301.0088632020296, "p5": 301.0095469474269, "p10": 301.0099535942136, "p25": 301.0106757829926, "median": 301.0116136755096, "p75": 301.0127623707376, "p90": 301.0136352965143, "p95": 301.01480796872056, "p99": 301.01597904508526, "p99.9": 301.02508772296426, "max": 301.0261996719637}, "prompt_len": {"mean": 0.0, "min": 0.0, "p0.1": 0.0, "p1": 0.0, "p5": 0.0, "p10": 0.0, "p25": 0.0, "median": 0.0, "p75": 0.0, "p90": 0.0, "p95": 0.0, "p99": 0.0, "p99.9": 0.0, "max": 0.0}}}