{
    "load_summary": {
        "count": 1482,
        "schedule_delay": {
            "mean": 0.0008294368811204965,
            "min": -0.0007351911626756191,
            "p0.1": -0.0005347664309083484,
            "p1": -0.00034906484186649324,
            "p5": -7.768677023705095e-05,
            "p10": 9.318887605331838e-05,
            "p25": 0.0004504141252255067,
            "median": 0.0008063700806815177,
            "p75": 0.0011850407463498414,
            "p90": 0.0015553763718344276,
            "p95": 0.001754447288112715,
            "p99": 0.0023164312494918715,
            "p99.9": 0.0033074724483304167,
            "max": 0.005363060801755637
        },
        "send_duration": 25.961752786010038,
        "requested_rate": 57.0,
        "achieved_rate": 57.08397318992278
    },
    "successes": {
        "count": 1264,
        "latency": {
            "request_latency": {
                "mean": 65.4332866768641,
                "min": 48.38881371298339,
                "p0.1": 48.400134328759684,
                "p1": 49.415595042655475,
                "p5": 51.70501916850626,
                "p10": 52.948969661287265,
                "p25": 56.62473450525431,
                "median": 61.4901099455019,
                "p75": 72.31311362049018,
                "p90": 84.48609914631234,
                "p95": 88.57006850595062,
                "p99": 90.99312643115758,
                "p99.9": 99.55704018328585,
                "max": 99.63110206701094
            },
            "normalized_time_per_output_token": {
                "mean": 0.1693906169512684,
                "min": 0.029967752159734032,
                "p0.1": 0.03846863011561843,
                "p1": 0.04928832687645161,
                "p5": 0.051947660713886686,
                "p10": 0.05345197982992037,
                "p25": 0.05729335234592621,
                "median": 0.06425910417354982,
                "p75": 0.07595421247100922,
                "p90": 0.09321112519376118,
                "p95": 0.629628448817537,
                "p99": 2.16092828849611,
                "p99.9": 2.9379160484872795,
                "max": 15.634569049507263
            },
            "time_per_output_token": {
                "mean": 0.032486422077983974,
                "min": 0.024038929641695933,
                "p0.1": 0.024048205480468883,
                "p1": 0.02462140596307576,
                "p5": 0.025679564530619592,
                "p10": 0.02618411231410121,
                "p25": 0.02813412465305313,
                "median": 0.030581599113947155,
                "p75": 0.03601683637794065,
                "p90": 0.04199020228881472,
                "p95": 0.04408672561588372,
                "p99": 0.04534114484408044,
                "p99.9": 0.04926363104243545,
                "max": 0.049348740279372
            },
            "time_to_first_token": {
                "mean": 0.37101529715893106,
                "min": 0.06632911099586636,
                "p0.1": 0.06763494867604458,
                "p1": 0.0787583991419524,
                "p5": 0.08771674936288036,
                "p10": 0.09456885202089325,
                "p25": 0.10977531176467892,
                "median": 0.13546474851318635,
                "p75": 0.16616063249239232,
                "p90": 0.20827530951355583,
                "p95": 0.3814435254142152,
                "p99": 0.9240000317676457,
                "p99.9": 43.93365930871783,
                "max": 43.982914295978844
            },
            "inter_token_latency": {
                "mean": 0.03248642207798397,
                "min": 2.4030450731515884e-06,
                "p0.1": 3.4142559743486343e-06,
                "p1": 1.4255987480282784e-05,
                "p5": 2.1877000108361244e-05,
                "p10": 2.693000715225935e-05,
                "p25": 3.7511985283344984e-05,
                "median": 0.00019140148651786149,
                "p75": 0.05015096926945262,
                "p90": 0.06576346001820639,
                "p95": 0.07082189415232279,
                "p99": 0.11118953782133778,
                "p99.9": 0.3708098540984279,
                "max": 43.80735001695575
            }
        },
        "throughput": {
            "input_tokens_per_sec": 29303.0143010393,
            "output_tokens_per_sec": 3560.080497370857,
            "total_tokens_per_sec": 32863.09479841016,
            "requests_per_sec": 3.865746677499571
        },
        "prompt_len": {
            "mean": 7580.169303797468,
            "min": 7498.0,
            "p0.1": 7498.263,
            "p1": 7514.26,
            "p5": 7535.0,
            "p10": 7545.0,
            "p25": 7562.0,
            "median": 7579.0,
            "p75": 7598.0,
            "p90": 7617.0,
            "p95": 7629.0,
            "p99": 7645.0,
            "p99.9": 7679.951000000002,
            "max": 7686.0
        },
        "output_len": {
            "mean": 920.929588607595,
            "min": 4.0,
            "p0.1": 23.263,
            "p1": 33.0,
            "p5": 122.45000000000002,
            "p10": 820.9000000000001,
            "p25": 991.0,
            "median": 997.0,
            "p75": 1000.0,
            "p90": 1000.0,
            "p95": 1000.0,
            "p99": 1000.0,
            "p99.9": 1995.9480000000003,
            "max": 1998.0
        }
    },
    "failures": {
        "count": 218,
        "request_latency": {
            "mean": 301.0114169942758,
            "min": 301.00792923604604,
            "p0.1": 301.0079299360848,
            "p1": 301.0082556993223,
            "p5": 301.0090419299173,
            "p10": 301.009455705923,
            "p25": 301.01033238798846,
            "median": 301.01131961797364,
            "p75": 301.01223239750834,
            "p90": 301.01330233492774,
            "p95": 301.0144826125237,
            "p99": 301.0161687008239,
            "p99.9": 301.01824890649317,
            "max": 301.01825732999714
        },
        "prompt_len": {
            "mean": 0.0,
            "min": 0.0,
            "p0.1": 0.0,
            "p1": 0.0,
            "p5": 0.0,
            "p10": 0.0,
            "p25": 0.0,
            "median": 0.0,
            "p75": 0.0,
            "p90": 0.0,
            "p95": 0.0,
            "p99": 0.0,
            "p99.9": 0.0,
            "max": 0.0
        }
    }
}