{"load_summary": {"count": 1518, "schedule_delay": {"mean": 0.0009120649635366609, "min": -0.0008047075243666768, "p0.1": -0.000698572565743234, "p1": -0.0003657954145455733, "p5": -4.529071447905151e-05, "p10": 0.00014492317568510772, "p25": 0.0004795444256160408, "median": 0.0008416113851126283, "p75": 0.0012122560729039833, "p90": 0.0015246680472046136, "p95": 0.001753318289411254, "p99": 0.0021790854359278427, "p99.9": 0.01519185194641237, "max": 0.07217131555080414}, "send_duration": 32.7391908140271, "requested_rate": 46.0, "achieved_rate": 46.366448353073324}, "successes": {"count": 1292, "latency": {"request_latency": {"mean": 63.707769274544056, "min": 46.84814103198005, "p0.1": 47.01180980937334, "p1": 48.301303625111466, "p5": 50.06480661653914, "p10": 51.24559128122055, "p25": 55.76546948500618, "median": 60.610778153990395, "p75": 69.42415237077512, "p90": 81.56308100766618, "p95": 88.62469970581296, "p99": 90.60303928677278, "p99.9": 95.5865749539482, "max": 96.5628093109699}, "normalized_time_per_output_token": {"mean": 0.1345342940257431, "min": 0.0271353610315355, "p0.1": 0.03133775202687906, "p1": 0.048396525878750735, "p5": 0.050304155057136084, "p10": 0.05169223833942473, "p25": 0.056458474618858584, "median": 0.06157194939129329, "p75": 0.07176250910150703, "p90": 0.09011896765891317, "p95": 0.24472522723215837, "p99": 2.02742350907532, "p99.9": 2.7218871204642134, "max": 4.907176424390248}, "time_per_output_token": {"mean": 0.03119310687256435, "min": 0.02191911311642705, "p0.1": 0.022437256531872833, "p1": 0.02380491762866451, "p5": 0.02448940791910881, "p10": 0.025261729990298194, "p25": 0.0275289251654069, "median": 0.02991639975787849, "p75": 0.0342530208896848, "p90": 0.039922797710133615, "p95": 0.04148576022943336, "p99": 0.044926219252055685, "p99.9": 0.045106504958958966, "max": 0.045152636262375735}, "time_to_first_token": {"mean": 1.230605257449925, "min": 0.0632800180464983, "p0.1": 0.06459530092345085, "p1": 0.07454806698136963, "p5": 0.08743141684390139, "p10": 0.09470566557138227, "p25": 0.10974005599564407, "median": 0.13837597600650042, "p75": 0.1703454067610437, "p90": 0.24334230981185107, "p95": 0.5395807151391641, "p99": 40.330335588387676, "p99.9": 41.14731814953546, "max": 41.29261234001024}, "inter_token_latency": {"mean": 0.031193106872564352, "min": 2.401997335255146e-06, "p0.1": 3.275283786933869e-06, "p1": 1.4115908998064697e-05, "p5": 2.200802555307746e-05, "p10": 2.7293048333376646e-05, "p25": 3.88959888368845e-05, "median": 0.00021423501311801374, "p75": 0.04981698353367392, "p90": 0.06187120550894177, "p95": 0.06975213682453613, "p99": 0.11235672129143465, "p99.9": 0.3379463913380218, "max": 41.40520922397263}}, "throughput": {"input_tokens_per_sec": 29344.076540263326, "output_tokens_per_sec": 3623.730575019996, "total_tokens_per_sec": 32967.80711528332, "requests_per_sec": 3.8711581020387733}, "prompt_len": {"mean": 7580.1803405572755, "min": 7498.0, "p0.1": 7498.291, "p1": 7513.0, "p5": 7535.0, "p10": 7545.1, "p25": 7562.0, "median": 7579.0, "p75": 7598.0, "p90": 7617.9, "p95": 7629.0, "p99": 7645.0, "p99.9": 7679.307000000002, "max": 7686.0}, "output_len": {"mean": 936.0843653250774, "min": 18.0, "p0.1": 25.291, "p1": 33.0, "p5": 278.1499999999999, "p10": 921.0, "p25": 991.0, "median": 997.0, "p75": 1000.0, "p90": 1000.0, "p95": 1000.0, "p99": 1000.0, "p99.9": 1998.709, "max": 1999.0}}, "failures": {"count": 226, "request_latency": {"mean": 301.01225237922915, "min": 301.0079731679871, "p0.1": 301.00803429261, "p1": 301.0084588055033, "p5": 301.0089919890015, "p10": 301.0093655984674, "p25": 301.01052125749993, "median": 301.0116347450239, "p75": 301.0124743004999, "p90": 301.0133528629958, "p95": 301.01442043477437, "p99": 301.01730028449674, "p99.9": 301.1282947756146, "max": 301.15944562398363}, "prompt_len": {"mean": 0.0, "min": 0.0, "p0.1": 0.0, "p1": 0.0, "p5": 0.0, "p10": 0.0, "p25": 0.0, "median": 0.0, "p75": 0.0, "p90": 0.0, "p95": 0.0, "p99": 0.0, "p99.9": 0.0, "max": 0.0}}}