{"load_summary": {"count": 300, "schedule_delay": {"mean": 0.0008866138311956699, "min": -0.000332387862727046, "p0.1": -0.0003098505400121212, "p1": -0.00016730902425479143, "p5": 2.6253957184962928e-05, "p10": 0.00021639053593389693, "p25": 0.0004887651448370889, "median": 0.0009007059270516038, "p75": 0.0012442223523976281, "p90": 0.0015201819536741824, "p95": 0.0016957386484136806, "p99": 0.0019879411160945893, "p99.9": 0.0022493929538177394, "max": 0.0023443964892067015}, "send_duration": 17.510753264010418, "requested_rate": 15.0, "achieved_rate": 17.132329801972904}, "successes": {"count": 300, "latency": {"request_latency": {"mean": 63.10764151433037, "min": 26.611828292021528, "p0.1": 26.624951283317177, "p1": 26.865695623867214, "p5": 27.302199251230924, "p10": 27.511193181114503, "p25": 28.12151955200534, "median": 28.89441062149126, "p75": 30.40256090175535, "p90": 204.31458619070472, "p95": 205.60430927005072, "p99": 206.34087969031708, "p99.9": 206.35876808830204, "max": 206.35942870099097}, "normalized_time_per_output_token": {"mean": 0.1413449576167595, "min": 0.026840310199550514, "p0.1": 0.02685749907512213, "p1": 0.027196890821696726, "p5": 0.0273906158131667, "p10": 0.027660626470492704, "p25": 0.0283232220139671, "median": 0.029192946286850457, "p75": 0.05885499495998924, "p90": 0.2063163281616442, "p95": 0.23372039053570912, "p99": 0.9579497077567202, "p99.9": 7.107594211275457, "max": 7.576243088507908}, "time_per_output_token": {"mean": 0.03127924599549665, "min": 0.013158243724614146, "p0.1": 0.013171794319450572, "p1": 0.013308525233016838, "p5": 0.013564910953918851, "p10": 0.01363846988700887, "p25": 0.013963768890939188, "median": 0.014352125840088555, "p75": 0.01512548379896875, "p90": 0.10199059281124222, "p95": 0.10264286496566694, "p99": 0.10294438873171813, "p99.9": 0.10295209721699664, "max": 0.10295454899249049}, "time_to_first_token": {"mean": 0.46182923619887634, "min": 0.062453957041725516, "p0.1": 0.06290273182140663, "p1": 0.0652244565449655, "p5": 0.0713296712609008, "p10": 0.07570480832946487, "p25": 0.08198439925035927, "median": 0.10006799147231504, "p75": 0.17798053020669613, "p90": 0.3697659589292016, "p95": 1.1252013155288552, "p99": 8.050026202735605, "p99.9": 9.422383026509722, "max": 9.454665068013128}, "inter_token_latency": {"mean": 0.03127924599549665, "min": 2.4129985831677914e-06, "p0.1": 3.4671760513447226e-06, "p1": 1.56289798906073e-05, "p5": 2.2853026166558266e-05, "p10": 2.9588892357423904e-05, "p25": 4.055100725963712e-05, "median": 0.0001666935277171433, "p75": 0.027936041020439006, "p90": 0.10313610616140026, "p95": 0.19939091660489794, "p99": 0.21065895612235194, "p99.9": 0.22015631146542736, "max": 4.897077697969507}}, "throughput": {"input_tokens_per_sec": 10478.091736880006, "output_tokens_per_sec": 1288.3757805192067, "total_tokens_per_sec": 11766.467517399211, "requests_per_sec": 1.3817646471370422}, "prompt_len": {"mean": 7583.123333333333, "min": 7513.0, "p0.1": 7513.897, "p1": 7517.99, "p5": 7533.85, "p10": 7546.0, "p25": 7563.75, "median": 7584.0, "p75": 7601.25, "p90": 7621.0, "p95": 7633.1, "p99": 7649.13, "p99.9": 7679.1230000000005, "max": 7686.0}, "output_len": {"mean": 932.4133333333333, "min": 4.0, "p0.1": 12.372, "p1": 32.0, "p5": 297.25, "p10": 955.7, "p25": 991.0, "median": 997.0, "p75": 1000.0, "p90": 1000.0, "p95": 1000.0, "p99": 1000.0, "p99.9": 1000.701, "max": 1001.0}}, "failures": {"count": 0, "request_latency": null, "prompt_len": null}}