{"load_summary": {"count": 1548, "schedule_delay": {"mean": 0.0013801599205988976, "min": -0.00048399216029793024, "p0.1": -0.000463176122342702, "p1": -0.00023612801043782384, "p5": 3.3227418316528205e-05, "p10": 0.00018972341786138713, "p25": 0.0005307093961164355, "median": 0.0009653369779698551, "p75": 0.001448883005650714, "p90": 0.0019619680941104886, "p95": 0.0022656997636659065, "p99": 0.0030494757951237254, "p99.9": 0.11045084216055753, "max": 0.11518574849469587}, "send_duration": 36.37704846897395, "requested_rate": 43.0, "achieved_rate": 42.55430457257388}, "successes": {"count": 1305, "latency": {"request_latency": {"mean": 62.62948190597657, "min": 44.51437089702813, "p0.1": 45.081075760546604, "p1": 46.36703216227237, "p5": 48.66844836199889, "p10": 49.829529887193345, "p25": 54.97338933305582, "median": 58.96795893198578, "p75": 67.92590728204232, "p90": 80.04976708899486, "p95": 88.89317324921721, "p99": 94.54268347199076, "p99.9": 98.73029363610273, "max": 99.02048741601175}, "normalized_time_per_output_token": {"mean": 0.17810965770604834, "min": 0.024822642929949148, "p0.1": 0.030805519974513723, "p1": 0.04652703949402261, "p5": 0.048891857885413996, "p10": 0.0505386275008088, "p25": 0.056111819492472466, "median": 0.060384738909965284, "p75": 0.07009674390571738, "p90": 0.09148496620664087, "p95": 0.43914787120577525, "p99": 2.066430757076908, "p99.9": 14.881953580580422, "max": 16.596920330349047}, "time_per_output_token": {"mean": 0.030364459387518587, "min": 0.0219536202613612, "p0.1": 0.021961709533087573, "p1": 0.022924615400170777, "p5": 0.024038905791687205, "p10": 0.02465815837440923, "p25": 0.026945850109945154, "median": 0.029042491156437752, "p75": 0.03344891425687005, "p90": 0.03828974151054164, "p95": 0.039990039700644554, "p99": 0.045390230667397335, "p99.9": 0.045756299193325765, "max": 0.04577530719841812}, "time_to_first_token": {"mean": 1.811822914387103, "min": 0.060939113958738744, "p0.1": 0.0651169579513371, "p1": 0.07152413544245065, "p5": 0.08679885579040274, "p10": 0.09472215260611846, "p25": 0.11069338099332526, "median": 0.13818088796688244, "p75": 0.1726136190118268, "p90": 0.3244340647826906, "p95": 0.7713375544291916, "p99": 37.5985445611598, "p99.9": 39.25803666219721, "max": 39.4609625620069}, "inter_token_latency": {"mean": 0.03036445938751859, "min": 2.3650354705750942e-06, "p0.1": 3.168310970067978e-06, "p1": 1.3798999134451151e-05, "p5": 2.1791027393192053e-05, "p10": 2.6845023967325687e-05, "p25": 3.76940006390214e-05, "median": 0.00019211694598197937, "p75": 0.04996777098858729, "p90": 0.06091836382402107, "p95": 0.06882534581236541, "p99": 0.11104741540038957, "p99.9": 0.32433384759398937, "max": 39.25858025799971}}, "throughput": {"input_tokens_per_sec": 29319.61643834944, "output_tokens_per_sec": 3602.439354519221, "total_tokens_per_sec": 32922.05579286866, "requests_per_sec": 3.8679337331777637}, "prompt_len": {"mean": 7580.175478927203, "min": 7498.0, "p0.1": 7498.304, "p1": 7513.08, "p5": 7535.0, "p10": 7545.0, "p25": 7562.0, "median": 7579.0, "p75": 7598.0, "p90": 7617.6, "p95": 7629.0, "p99": 7645.0, "p99.9": 7686.0, "max": 7686.0}, "output_len": {"mean": 931.360153256705, "min": 3.0, "p0.1": 3.608, "p1": 32.0, "p5": 125.4, "p10": 938.6, "p25": 992.0, "median": 997.0, "p75": 1000.0, "p90": 1000.0, "p95": 1000.0, "p99": 1000.0, "p99.9": 1997.0880000000004, "max": 1999.0}}, "failures": {"count": 243, "request_latency": {"mean": 301.01304829926227, "min": 301.00772632297594, "p0.1": 301.00779617676557, "p1": 301.00814015224574, "p5": 301.0088008722814, "p10": 301.00931472616503, "p25": 301.0101402349828, "median": 301.0108407189837, "p75": 301.0120437674923, "p90": 301.01360026880866, "p95": 301.0151826225745, "p99": 301.099755953264, "p99.9": 301.15837236804373, "max": 301.1586195190321}, "prompt_len": {"mean": 0.0, "min": 0.0, "p0.1": 0.0, "p1": 0.0, "p5": 0.0, "p10": 0.0, "p25": 0.0, "median": 0.0, "p75": 0.0, "p90": 0.0, "p95": 0.0, "p99": 0.0, "p99.9": 0.0, "max": 0.0}}}