{
    "load_summary": {
        "count": 1500,
        "schedule_delay": {
            "mean": 0.0007957810637308284,
            "min": -0.0013932646834291518,
            "p0.1": -0.0007291976231499574,
            "p1": -0.00037740439001936464,
            "p5": -7.296187977772206e-05,
            "p10": 8.081938140094281e-05,
            "p25": 0.00041106133721768856,
            "median": 0.0007670070335734636,
            "p75": 0.0011798116465797648,
            "p90": 0.0015102573495823892,
            "p95": 0.0017397411196725442,
            "p99": 0.002088118637329899,
            "p99.9": 0.0032727522107307227,
            "max": 0.003565679129678756
        },
        "send_duration": 24.86519100703299,
        "requested_rate": 60.0,
        "achieved_rate": 60.32529569452062
    },
    "successes": {
        "count": 1280,
        "latency": {
            "request_latency": {
                "mean": 66.81430764767697,
                "min": 49.55658374901395,
                "p0.1": 49.6524908126152,
                "p1": 50.733255192220675,
                "p5": 52.43045743340044,
                "p10": 53.75452349759289,
                "p25": 57.353320315276505,
                "median": 62.27423572950647,
                "p75": 74.18042910275108,
                "p90": 86.09742089657811,
                "p95": 91.84313059302512,
                "p99": 101.07923455275247,
                "p99.9": 103.0613678908384,
                "max": 103.30989199201576
            },
            "normalized_time_per_output_token": {
                "mean": 0.1596599148145777,
                "min": 0.03633943357030391,
                "p0.1": 0.049575058746492554,
                "p1": 0.05089695924711705,
                "p5": 0.052791379438418086,
                "p10": 0.05421608959991539,
                "p25": 0.05800217101172829,
                "median": 0.06590223670550022,
                "p75": 0.07654766818999453,
                "p90": 0.09365495387749279,
                "p95": 0.3934283668081649,
                "p99": 2.054921045100482,
                "p99.9": 3.1453412680493833,
                "max": 13.696723061992088
            },
            "time_per_output_token": {
                "mean": 0.033246799309490635,
                "min": 0.024666718468259692,
                "p0.1": 0.024703820939999448,
                "p1": 0.025279466213792203,
                "p5": 0.026015102500601826,
                "p10": 0.026697888781184162,
                "p25": 0.028568609343214913,
                "median": 0.03091850836030806,
                "p75": 0.036955845190526235,
                "p90": 0.04290228107077154,
                "p95": 0.0456881842226285,
                "p99": 0.04792709879559275,
                "p99.9": 0.05103487024175168,
                "max": 0.051260768978992406
            },
            "time_to_first_token": {
                "mean": 0.22983971125800054,
                "min": 0.06010928796604276,
                "p0.1": 0.06568743070936761,
                "p1": 0.07716917318291962,
                "p5": 0.0862724533129949,
                "p10": 0.09472201610333286,
                "p25": 0.11069806749583222,
                "median": 0.13440317352069542,
                "p75": 0.16292148425418418,
                "p90": 0.20270964780356737,
                "p95": 0.3698281580203911,
                "p99": 0.7967486763349735,
                "p99.9": 32.17601858488435,
                "max": 44.371259489969816
            },
            "inter_token_latency": {
                "mean": 0.033246799309490635,
                "min": 2.4239998310804367e-06,
                "p0.1": 3.4549739211797714e-06,
                "p1": 1.412699930369854e-05,
                "p5": 2.1687010303139687e-05,
                "p10": 2.6648049242794514e-05,
                "p25": 3.743398701772094e-05,
                "median": 0.0002007025177590549,
                "p75": 0.05007628200110048,
                "p90": 0.06683641802519562,
                "p95": 0.07123406764876562,
                "p99": 0.11382151241938115,
                "p99.9": 0.39138526526864115,
                "max": 44.14550469699316
            }
        },
        "throughput": {
            "input_tokens_per_sec": 29778.918326638166,
            "output_tokens_per_sec": 3653.9397601519554,
            "total_tokens_per_sec": 33432.85808679012,
            "requests_per_sec": 3.9285483596713915
        },
        "prompt_len": {
            "mean": 7580.1328125,
            "min": 7498.0,
            "p0.1": 7498.279,
            "p1": 7513.0,
            "p5": 7535.0,
            "p10": 7545.0,
            "p25": 7562.0,
            "median": 7579.0,
            "p75": 7598.0,
            "p90": 7617.1,
            "p95": 7629.0,
            "p99": 7645.0,
            "p99.9": 7679.583000000005,
            "max": 7686.0
        },
        "output_len": {
            "mean": 930.09921875,
            "min": 4.0,
            "p0.1": 19.953,
            "p1": 33.0,
            "p5": 167.8,
            "p10": 933.8,
            "p25": 991.0,
            "median": 997.0,
            "p75": 1000.0,
            "p90": 1000.0,
            "p95": 1000.0,
            "p99": 1000.0,
            "p99.9": 1001.0,
            "max": 1999.0
        }
    },
    "failures": {
        "count": 220,
        "request_latency": {
            "mean": 301.011519493283,
            "min": 301.00814729195554,
            "p0.1": 301.0081684248006,
            "p1": 301.00842072908824,
            "p5": 301.0089580603584,
            "p10": 301.009442499408,
            "p25": 301.0106668562512,
            "median": 301.01133262200165,
            "p75": 301.01228870500927,
            "p90": 301.0133562227071,
            "p95": 301.01465925821105,
            "p99": 301.0159072662692,
            "p99.9": 301.0189557213045,
            "max": 301.019070120994
        },
        "prompt_len": {
            "mean": 0.0,
            "min": 0.0,
            "p0.1": 0.0,
            "p1": 0.0,
            "p5": 0.0,
            "p10": 0.0,
            "p25": 0.0,
            "median": 0.0,
            "p75": 0.0,
            "p90": 0.0,
            "p95": 0.0,
            "p99": 0.0,
            "p99.9": 0.0,
            "max": 0.0
        }
    }
}