{"load_summary": {"count": 735, "schedule_delay": {"mean": 0.0008466815174443229, "min": -0.0005477276863530278, "p0.1": -0.0005428221535403281, "p1": -0.00028315612231381236, "p5": 1.2225296813994648e-05, "p10": 0.00017916011856868865, "p25": 0.00047133100451901555, "median": 0.0008380200597457588, "p75": 0.0012115960125811398, "p90": 0.0015165608259849253, "p95": 0.001754262315807864, "p99": 0.0023402231000363817, "p99.9": 0.002632776115788176, "max": 0.0029110449831932783}, "send_duration": 21.38857889198698, "requested_rate": 35.0, "achieved_rate": 34.36413441546416}, "successes": {"count": 626, "latency": {"request_latency": {"mean": 40.478693268379565, "min": 34.579251640010625, "p0.1": 34.72934066374728, "p1": 35.37497512172558, "p5": 36.377746684258454, "p10": 37.12096486100927, "p25": 38.330425670254044, "median": 39.70980261202203, "p75": 43.28501431447512, "p90": 44.645737592480145, "p95": 46.27115620773111, "p99": 47.317898389999755, "p99.9": 47.59842420909268, "max": 47.88627404096769}, "normalized_time_per_output_token": {"mean": 0.09027016896316199, "min": 0.02185952322772803, "p0.1": 0.02980935348540465, "p1": 0.035614097620085626, "p5": 0.03652818129472112, "p10": 0.03720175807832904, "p25": 0.03878917773796464, "median": 0.04032340557151474, "p75": 0.044127487061480675, "p90": 0.047503002186663264, "p95": 0.2754612671247924, "p99": 1.2295384723377565, "p99.9": 1.8760103444556684, "max": 2.623797680112249}, "time_per_output_token": {"mean": 0.020121879421848822, "min": 0.017202444958034205, "p0.1": 0.017275304746892935, "p1": 0.017596745260623235, "p5": 0.018099286886542266, "p10": 0.018466104178409347, "p25": 0.019075156539983547, "median": 0.019759208393054083, "p75": 0.02153066320675609, "p90": 0.02213104647500308, "p95": 0.023001780675418478, "p99": 0.023360333586210452, "p99.9": 0.023642177708279578, "max": 0.023840831795605883}, "time_to_first_token": {"mean": 0.1566693510497755, "min": 0.07041232998017222, "p0.1": 0.07176005684596021, "p1": 0.07725008747365791, "p5": 0.08404514774156269, "p10": 0.08870163999381475, "p25": 0.09703966673987452, "median": 0.11337824602378532, "p75": 0.1518644152674824, "p90": 0.27651868751854636, "p95": 0.4425400489999447, "p99": 0.6835457819979638, "p99.9": 0.7726436966549971, "max": 0.7819845760241151}, "inter_token_latency": {"mean": 0.020121879421848822, "min": 2.4070031940937042e-06, "p0.1": 3.0590235837735236e-06, "p1": 1.4255987480282784e-05, "p5": 2.225796924903989e-05, "p10": 2.7668022084981203e-05, "p25": 3.9157981518656015e-05, "median": 0.00019119051285088062, "p75": 0.04165084526175633, "p90": 0.04472001251997426, "p95": 0.045860339276259765, "p99": 0.049089530992205255, "p99.9": 0.1254690737550957, "max": 9.684287299984135}}, "throughput": {"input_tokens_per_sec": 14720.010393681234, "output_tokens_per_sec": 1806.3788523161286, "total_tokens_per_sec": 16526.38924599736, "requests_per_sec": 1.941889217452202}, "prompt_len": {"mean": 7580.2523961661345, "min": 7498.0, "p0.1": 7503.0, "p1": 7515.5, "p5": 7535.25, "p10": 7545.5, "p25": 7562.0, "median": 7579.0, "p75": 7598.0, "p90": 7616.5, "p95": 7628.75, "p99": 7645.0, "p99.9": 7671.625000000003, "max": 7686.0}, "output_len": {"mean": 930.2172523961661, "min": 18.0, "p0.1": 23.625, "p1": 33.0, "p5": 147.5, "p10": 905.5, "p25": 992.0, "median": 997.0, "p75": 1000.0, "p90": 1000.0, "p95": 1000.0, "p99": 1000.0, "p99.9": 1374.8750000001132, "max": 1998.0}}, "failures": {"count": 109, "request_latency": {"mean": 301.01119916963364, "min": 301.0084420379717, "p0.1": 301.00845067624584, "p1": 301.0085298677557, "p5": 301.00894793119517, "p10": 301.0092277075746, "p25": 301.0101751810289, "median": 301.01112385402666, "p75": 301.011991552019, "p90": 301.01305076578865, "p95": 301.01365621442676, "p99": 301.0152816240536, "p99.9": 301.01591900967315, "max": 301.01599192403955}, "prompt_len": {"mean": 0.0, "min": 0.0, "p0.1": 0.0, "p1": 0.0, "p5": 0.0, "p10": 0.0, "p25": 0.0, "median": 0.0, "p75": 0.0, "p90": 0.0, "p95": 0.0, "p99": 0.0, "p99.9": 0.0, "max": 0.0}}}