{"load_summary": {"count": 760, "schedule_delay": {"mean": 0.0008631393500285125, "min": -0.0005945458542555571, "p0.1": -0.0005180590128293261, "p1": -0.00031296408793423324, "p5": 5.982432048767815e-06, "p10": 0.00016155806952156126, "p25": 0.0004922650259686634, "median": 0.0008479854732286185, "p75": 0.0012215874303365126, "p90": 0.0015408148989081384, "p95": 0.0017787235090509054, "p99": 0.00212153882777784, "p99.9": 0.0031128350301878544, "max": 0.003127467760350555}, "send_duration": 38.13406288495753, "requested_rate": 20.0, "achieved_rate": 19.92968864326785}, "successes": {"count": 647, "latency": {"request_latency": {"mean": 40.28373090365622, "min": 31.069464518979657, "p0.1": 31.259461007947568, "p1": 32.189781410516005, "p5": 34.88925348917255, "p10": 36.038402571389454, "p25": 38.13145758549217, "median": 40.45631433202652, "p75": 42.54164199749357, "p90": 44.53735340218991, "p95": 45.321152492106194, "p99": 45.89951723233913, "p99.9": 45.982195390175214, "max": 45.997513306036126}, "normalized_time_per_output_token": {"mean": 0.09738356845384558, "min": 0.021410727919416374, "p0.1": 0.027710665566382985, "p1": 0.03285863493077993, "p5": 0.03514629590012602, "p10": 0.0362358002231922, "p25": 0.038438941028651356, "median": 0.041184113757975864, "p75": 0.04343693050401684, "p90": 0.04598430777111789, "p95": 0.12553424640529928, "p99": 1.2874649985247906, "p99.9": 3.8956749727647315, "max": 8.42286395598785}, "time_per_output_token": {"mean": 0.020018045111732413, "min": 0.015436178287355065, "p0.1": 0.015501781713257931, "p1": 0.015951918461344913, "p5": 0.01732117246112624, "p10": 0.017872161609787395, "p25": 0.018933349477745866, "median": 0.020095898062460822, "p75": 0.021151085201407557, "p90": 0.02215365724488469, "p95": 0.02252005104337754, "p99": 0.022816779233063446, "p99.9": 0.02285798116095168, "max": 0.02286718435233984}, "time_to_first_token": {"mean": 0.16810856698065782, "min": 0.058688730001449585, "p0.1": 0.06008078182314057, "p1": 0.06666808502515778, "p5": 0.07633468542480841, "p10": 0.0813724804087542, "p25": 0.09255374950589612, "median": 0.1777536779991351, "p75": 0.20344962901435792, "p90": 0.26031361039495093, "p95": 0.30838162997388235, "p99": 0.4110643875715319, "p99.9": 0.47028125202073723, "max": 0.4712492940016091}, "inter_token_latency": {"mean": 0.02001804511173241, "min": 2.3390166461467743e-06, "p0.1": 2.9170187190175056e-06, "p1": 1.396198058500886e-05, "p5": 2.2293010260909796e-05, "p10": 2.803996903821826e-05, "p25": 3.92880174331367e-05, "median": 0.0001704330206848681, "p75": 0.03782617798424326, "p90": 0.0431258482276462, "p95": 0.04483892227872274, "p99": 0.1231266684178263, "p99.9": 0.20642438388068712, "max": 0.31602190900593996}}, "throughput": {"input_tokens_per_sec": 14460.947390598694, "output_tokens_per_sec": 1791.424766942151, "total_tokens_per_sec": 16252.372157540845, "requests_per_sec": 1.9077378010010184}, "prompt_len": {"mean": 7580.154559505409, "min": 7498.0, "p0.1": 7498.646, "p1": 7513.92, "p5": 7535.0, "p10": 7545.6, "p25": 7562.0, "median": 7579.0, "p75": 7598.0, "p90": 7616.4, "p95": 7628.7, "p99": 7645.0, "p99.9": 7671.142000000001, "max": 7686.0}, "output_len": {"mean": 939.0309119010819, "min": 4.0, "p0.1": 22.088, "p1": 33.0, "p5": 307.20000000000033, "p10": 938.2, "p25": 992.5, "median": 998.0, "p75": 1000.0, "p90": 1000.0, "p95": 1000.0, "p99": 1000.0, "p99.9": 1353.2920000000418, "max": 1998.0}}, "failures": {"count": 113, "request_latency": {"mean": 301.0110849311165, "min": 301.0086066770018, "p0.1": 301.00860892215604, "p1": 301.00864056046123, "p5": 301.0090445286129, "p10": 301.00948410357813, "p25": 301.01006319199223, "median": 301.01107522600796, "p75": 301.0118628750206, "p90": 301.0128179190215, "p95": 301.0137139465893, "p99": 301.0144424951635, "p99.9": 301.0151021694001, "max": 301.0151779890293}, "prompt_len": {"mean": 0.0, "min": 0.0, "p0.1": 0.0, "p1": 0.0, "p5": 0.0, "p10": 0.0, "p25": 0.0, "median": 0.0, "p75": 0.0, "p90": 0.0, "p95": 0.0, "p99": 0.0, "p99.9": 0.0, "max": 0.0}}}