{"load_summary": {"count": 750, "schedule_delay": {"mean": 0.0008838831667477886, "min": -0.0005919723771512508, "p0.1": -0.0005662482166080736, "p1": -0.00036089626373723147, "p5": -3.432753728702663e-05, "p10": 0.00016799237346276644, "p25": 0.0005022189725423232, "median": 0.0008691646216902882, "p75": 0.0012594347645062953, "p90": 0.0015913838986307386, "p95": 0.001813074218807742, "p99": 0.0022578628489281975, "p99.9": 0.0027808494122001023, "max": 0.003290924127213657}, "send_duration": 28.306324245000724, "requested_rate": 25.0, "achieved_rate": 26.495845716614372}, "successes": {"count": 640, "latency": {"request_latency": {"mean": 39.125053943479635, "min": 32.95235641300678, "p0.1": 33.028661611394895, "p1": 33.274102499380824, "p5": 34.59241939062777, "p10": 35.53416017838172, "p25": 36.78848419597489, "median": 38.60662821450387, "p75": 41.10289566703432, "p90": 43.80870816394454, "p95": 46.019361686566846, "p99": 46.53640344915795, "p99.9": 46.78328171829467, "max": 46.8089439960313}, "normalized_time_per_output_token": {"mean": 0.11830555844504935, "min": 0.018362886278284807, "p0.1": 0.018880999374336564, "p1": 0.03321532587741676, "p5": 0.03462357668729599, "p10": 0.03561669009307938, "p25": 0.037213809888990104, "median": 0.039036525837846815, "p75": 0.042427179128124035, "p90": 0.04642670054159243, "p95": 0.07112069088206018, "p99": 1.3315404119080774, "p99.9": 8.63976460795249, "max": 19.339880400482798}, "time_per_output_token": {"mean": 0.01944639482667405, "min": 0.016392045690630817, "p0.1": 0.016416377267274542, "p1": 0.01652665859362759, "p5": 0.017211220101747457, "p10": 0.017659468421181813, "p25": 0.018225399487898444, "median": 0.019209687944532122, "p75": 0.020449796065986358, "p90": 0.021772599055828328, "p95": 0.022858445644318447, "p99": 0.02313902854123987, "p99.9": 0.023264087948047074, "max": 0.023270966623694975}, "time_to_first_token": {"mean": 0.1494145879433745, "min": 0.06618959701154381, "p0.1": 0.06856559005740565, "p1": 0.07686993805051316, "p5": 0.08461130466894247, "p10": 0.08975436970940791, "p25": 0.10062483100045938, "median": 0.11669037901447155, "p75": 0.15563204974750988, "p90": 0.2329845833999572, "p95": 0.34472695236618156, "p99": 0.5847229544335281, "p99.9": 0.8624164154953936, "max": 0.8811619150219485}, "inter_token_latency": {"mean": 0.019446394826674054, "min": 2.407992724329233e-06, "p0.1": 2.900022082030773e-06, "p1": 1.349899685010314e-05, "p5": 2.1806976292282343e-05, "p10": 2.7753994800150394e-05, "p25": 4.064402310177684e-05, "median": 0.00022434152197092772, "p75": 0.04002880501502659, "p90": 0.04407846820540726, "p95": 0.04602094055444468, "p99": 0.051262124599306895, "p99.9": 0.12302866560086846, "max": 7.1314488999778405}}, "throughput": {"input_tokens_per_sec": 14734.566035376383, "output_tokens_per_sec": 1844.1757622477437, "total_tokens_per_sec": 16578.741797624127, "requests_per_sec": 1.943840088273702}, "prompt_len": {"mean": 7580.1328125, "min": 7498.0, "p0.1": 7498.639, "p1": 7513.78, "p5": 7535.0, "p10": 7545.0, "p25": 7562.0, "median": 7579.0, "p75": 7598.0, "p90": 7617.1, "p95": 7629.0, "p99": 7645.0, "p99.9": 7671.303000000003, "max": 7686.0}, "output_len": {"mean": 948.728125, "min": 2.0, "p0.1": 9.668, "p1": 32.0, "p5": 512.85, "p10": 965.0, "p25": 991.0, "median": 998.0, "p75": 1000.0, "p90": 1000.0, "p95": 1000.0, "p99": 1001.0, "p99.9": 1999.0, "max": 1999.0}}, "failures": {"count": 110, "request_latency": {"mean": 301.01155162359146, "min": 301.00785151601303, "p0.1": 301.00785297050794, "p1": 301.0078891362419, "p5": 301.0083694022498, "p10": 301.00881200720903, "p25": 301.01013751099526, "median": 301.0115196419647, "p75": 301.0127639222774, "p90": 301.01425560411883, "p95": 301.0148489547631, "p99": 301.01649808475224, "p99.9": 301.02048941276706, "max": 301.0209687940078}, "prompt_len": {"mean": 0.0, "min": 0.0, "p0.1": 0.0, "p1": 0.0, "p5": 0.0, "p10": 0.0, "p25": 0.0, "median": 0.0, "p75": 0.0, "p90": 0.0, "p95": 0.0, "p99": 0.0, "p99.9": 0.0, "max": 0.0}}}