{"load_summary": {"count": 17084, "schedule_delay": {"mean": 0.0009027720283879315, "min": -0.0013932646834291518, "p0.1": -0.0006143270271131768, "p1": -0.00034466177748981863, "p5": -4.130585002712905e-05, "p10": 0.00013928345288150015, "p25": 0.0004683231672970578, "median": 0.0008392773743253201, "p75": 0.0012279992370167747, "p90": 0.0015881917555816472, "p95": 0.0018313126871362323, "p99": 0.002456817746860893, "p99.9": 0.004305215941742194, "max": 0.11518574849469587}}, "successes": {"count": 14632, "latency": {"request_latency": {"mean": 57.855158569915375, "min": 23.51432576897787, "p0.1": 24.901711444366256, "p1": 27.242051115185024, "p5": 35.22971107683261, "p10": 37.53578632395947, "p25": 44.092214009244344, "median": 56.885352358513046, "p75": 67.3357557302661, "p90": 79.78143248333362, "p95": 87.8126921883493, "p99": 99.54835522793825, "p99.9": 205.610034848253, "max": 206.35942870099097}, "normalized_time_per_output_token": {"mean": 0.14774611172313873, "min": 0.018362886278284807, "p0.1": 0.02454229408014944, "p1": 0.027432297931370038, "p5": 0.03556472924303682, "p10": 0.037966470723574446, "p25": 0.045962595829664624, "median": 0.05833372014143527, "p75": 0.07080824738654028, "p90": 0.09062573812444558, "p95": 0.3412657865659448, "p99": 2.0112122406536344, "p99.9": 9.457355135427685, "max": 56.60797750699567}, "time_per_output_token": {"mean": 0.02851762693396156, "min": 0.011675325188918903, "p0.1": 0.012343378929539756, "p1": 0.013515254291903594, "p5": 0.017498918927279533, "p10": 0.01864832468686157, "p25": 0.021816411640806374, "median": 0.028213651939527365, "p75": 0.0331257558934341, "p90": 0.038263892657966515, "p95": 0.042418113975390435, "p99": 0.049262657818989655, "p99.9": 0.10264286884691243, "max": 0.10295454899249049}, "time_to_first_token": {"mean": 0.7323796709114369, "min": 0.058688730001449585, "p0.1": 0.06395828845840879, "p1": 0.07263050540408585, "p5": 0.08446188899106347, "p10": 0.09181580258300528, "p25": 0.10753584949998185, "median": 0.13651860700338148, "p75": 0.17478544275218155, "p90": 0.28116052147815934, "p95": 0.5572953348600999, "p99": 36.30361068005738, "p99.9": 42.47286306462855, "max": 44.371259489969816}, "inter_token_latency": {"mean": 0.028517626933961558, "min": 2.3390166461467743e-06, "p0.1": 3.174995072185993e-06, "p1": 1.4060002285987139e-05, "p5": 2.1965010091662407e-05, "p10": 2.7254049200564623e-05, "p25": 3.869301872327924e-05, "median": 0.00020007399143651128, "p75": 0.045357898488873616, "p90": 0.05886382791795768, "p95": 0.06912065240612718, "p99": 0.12113164641370557, "p99.9": 0.29158099283249034, "max": 44.14550469699316}}, "throughput": {"input_tokens_per_sec": 21192.431915101104, "output_tokens_per_sec": 2607.12060401225, "total_tokens_per_sec": 23799.552519113353, "requests_per_sec": 2.7957309877027963}, "prompt_len": {"mean": 7580.282941498086, "min": 7498.0, "p0.1": 7498.0, "p1": 7513.0, "p5": 7535.0, "p10": 7545.0, "p25": 7562.0, "median": 7579.0, "p75": 7599.0, "p90": 7618.0, "p95": 7629.0, "p99": 7645.0, "p99.9": 7686.0, "max": 7686.0}, "output_len": {"mean": 932.5362903225806, "min": 1.0, "p0.1": 4.631, "p1": 33.0, "p5": 163.10000000000014, "p10": 923.0, "p25": 991.0, "median": 997.0, "p75": 1000.0, "p90": 1000.0, "p95": 1000.0, "p99": 1000.0, "p99.9": 1998.0, "max": 1999.0}}, "failures": {"count": 2452, "request_latency": {"mean": 301.01159975670095, "min": 301.0067172269919, "p0.1": 301.00737075822155, "p1": 301.0079789513955, "p5": 301.00875011918254, "p10": 301.0092325088743, "p25": 301.0101689652656, "median": 301.0112290290126, "p75": 301.01224647826166, "p90": 301.0135488414031, "p95": 301.0144771262887, "p99": 301.01790688183627, "p99.9": 301.15616412207953, "max": 301.15944562398363}, "prompt_len": {"mean": 0.0, "min": 0.0, "p0.1": 0.0, "p1": 0.0, "p5": 0.0, "p10": 0.0, "p25": 0.0, "median": 0.0, "p75": 0.0, "p90": 0.0, "p95": 0.0, "p99": 0.0, "p99.9": 0.0, "max": 0.0}}}