{"load_summary": {"count": 1800, "schedule_delay": {"mean": 0.000650955149936231, "min": -0.0011067187297157943, "p0.1": -0.0008766435630386696, "p1": -0.0005526655964786187, "p5": -0.00027314908802509306, "p10": -5.276413867250084e-05, "p25": 0.0002678289311006665, "median": 0.0006164033839013427, "p75": 0.0010051724239019677, "p90": 0.0013266996596939863, "p95": 0.0015087851235875858, "p99": 0.0018818786827614529, "p99.9": 0.008250913424359197, "max": 0.011482028407044709}, "send_duration": 59.96163586399052, "requested_rate": 30.0, "achieved_rate": 30.019194340909827}, "successes": {"count": 1800, "latency": {"request_latency": {"mean": 4.684380436939699, "min": 0.7692111430224031, "p0.1": 0.8870125203615171, "p1": 1.0390151141339448, "p5": 1.2887810477986932, "p10": 1.576454143243609, "p25": 2.2417656492762035, "median": 3.706564397987677, "p75": 6.566158221001388, "p90": 9.832124596484938, "p95": 10.692538134034839, "p99": 12.784924159334041, "p99.9": 13.370515043388826, "max": 13.479585716035217}, "normalized_time_per_output_token": {"mean": 0.15213697269114826, "min": 0.027248536936953786, "p0.1": 0.028658188317947718, "p1": 0.03369983751537098, "p5": 0.04187756857145653, "p10": 0.051075765400403934, "p25": 0.0727992684753131, "median": 0.12027168087097967, "p75": 0.2128075647980891, "p90": 0.31850838608320775, "p95": 0.3500407930535842, "p99": 0.41532349882874586, "p99.9": 0.43258314192609093, "max": 0.4475915181059723}, "time_per_output_token": {"mean": 0.06643677960447242, "min": 0.011583688064298082, "p0.1": 0.011845798405947261, "p1": 0.013276880818575006, "p5": 0.01705920890043114, "p10": 0.020266459280467265, "p25": 0.029439362911591983, "median": 0.04917967543541078, "p75": 0.09338276836300088, "p90": 0.14324636929527662, "p95": 0.1606131092171116, "p99": 0.18383155682371105, "p99.9": 0.19786385908710485, "max": 0.19916259398451075}, "time_to_first_token": {"mean": 0.5591291438601265, "min": 0.04320196801563725, "p0.1": 0.04562849738396471, "p1": 0.057975831421208567, "p5": 0.09200855414092075, "p10": 0.136025747313397, "p25": 0.2174238422740018, "median": 0.4414384669798892, "p75": 0.7613292340101907, "p90": 1.1763989387196492, "p95": 1.453848952919361, "p99": 1.9969265743752476, "p99.9": 2.2710230868823174, "max": 2.352896739030257}, "inter_token_latency": {"mean": 0.0664367796044724, "min": 9.62201738730073e-06, "p0.1": 1.1959986295551062e-05, "p1": 1.4236021670512855e-05, "p5": 1.8039904534816743e-05, "p10": 2.3754016729071738e-05, "p25": 3.903399920091033e-05, "median": 8.875099592842162e-05, "p75": 0.03067582428047899, "p90": 0.25101468939101335, "p95": 0.437259215931408, "p99": 0.5802151321672135, "p99.9": 0.6334081157035544, "max": 0.8700963039882481}}, "throughput": {"input_tokens_per_sec": 42628.63462396972, "output_tokens_per_sec": 905.8013287754427, "total_tokens_per_sec": 43534.43595274517, "requests_per_sec": 29.416031749793365}, "prompt_len": {"mean": 1449.1633333333334, "min": 3.0, "p0.1": 11.0, "p1": 41.99, "p5": 205.85000000000002, "p10": 313.0, "p25": 727.75, "median": 1719.5, "p75": 2022.25, "p90": 2216.2000000000003, "p95": 2351.05, "p99": 2832.979999999999, "p99.9": 6480.486000000072, "max": 12406.0}, "output_len": {"mean": 30.79277777777778, "min": 22.0, "p0.1": 24.598, "p1": 27.0, "p5": 28.0, "p10": 31.0, "p25": 31.0, "median": 31.0, "p75": 31.0, "p90": 31.0, "p95": 31.0, "p99": 31.0, "p99.9": 31.0, "max": 31.0}}, "failures": {"count": 0, "request_latency": null, "prompt_len": null}}