{"load_summary": {"count": 480, "schedule_delay": {"mean": 0.0007622892033396055, "min": -0.0007930532447062433, "p0.1": -0.0006855657463311218, "p1": -0.0003941248211776838, "p5": -0.00013219520333223044, "p10": 1.9301334396004753e-05, "p25": 0.00031223302357830107, "median": 0.0007178332889452577, "p75": 0.0011244110646657646, "p90": 0.0014407115988433364, "p95": 0.0016565296449698496, "p99": 0.002004504890646784, "p99.9": 0.009387570745021615, "max": 0.015897413075435907}, "send_duration": 59.76569308200851, "requested_rate": 8.0, "achieved_rate": 8.031363400092422}, "successes": {"count": 480, "latency": {"request_latency": {"mean": 1.0429969164644717, "min": 0.7465809540008195, "p0.1": 0.7467479616615456, "p1": 0.7560022052715066, "p5": 0.7871380769938696, "p10": 0.8213779772922862, "p25": 0.8916670230100863, "median": 1.010493524488993, "p75": 1.1705750905239256, "p90": 1.3007510730880312, "p95": 1.3969172879384126, "p99": 1.6071949244901766, "p99.9": 1.6835442798284357, "max": 1.6890793940401636}, "normalized_time_per_output_token": {"mean": 0.034039971666793546, "min": 0.024083256580671595, "p0.1": 0.024088643924565986, "p1": 0.024584192560794162, "p5": 0.02546306793735693, "p10": 0.027035816892373166, "p25": 0.02907878981486353, "median": 0.03272981928931849, "p75": 0.03808504049224974, "p90": 0.043061804831483065, "p95": 0.046414836107980945, "p99": 0.052570674749196404, "p99.9": 0.055771712887622574, "max": 0.056953381819766946}, "time_per_output_token": {"mean": 0.01419003538011302, "min": 0.010812146354451655, "p0.1": 0.010892020709565728, "p1": 0.011061209325318134, "p5": 0.011192646874828386, "p10": 0.011347131174425745, "p25": 0.011792907576994865, "median": 0.01353168293538939, "p75": 0.015617419955238038, "p90": 0.017937128362527508, "p95": 0.019203154516834454, "p99": 0.022248489271122704, "p99.9": 0.025828922423593297, "max": 0.0261912876768263}, "time_to_first_token": {"mean": 0.1577040366802976, "min": 0.04526436002925038, "p0.1": 0.04580273157823831, "p1": 0.0482692655804567, "p5": 0.05305420425720513, "p10": 0.06171787982457318, "p25": 0.09601232127170078, "median": 0.1592327815014869, "p75": 0.1907272125245072, "p90": 0.2517792153230403, "p95": 0.2941359889984596, "p99": 0.3651669122808375, "p99.9": 0.8574727735157947, "max": 0.8622428380185738}, "inter_token_latency": {"mean": 0.01419003538011302, "min": 1.2700969818979502e-05, "p0.1": 1.4665388211142272e-05, "p1": 1.599998155143112e-05, "p5": 2.8085606754757463e-05, "p10": 3.729271120391786e-05, "p25": 4.4958258513361216e-05, "median": 7.385152275674045e-05, "p75": 0.02448156451282557, "p90": 0.025583661824930458, "p95": 0.02645306034537498, "p99": 0.14651549095055086, "p99.9": 0.18163970745524383, "max": 0.5823166809859686}}, "throughput": {"input_tokens_per_sec": 11553.440082024743, "output_tokens_per_sec": 243.22649412943267, "total_tokens_per_sec": 11796.666576154177, "requests_per_sec": 7.924838255642661}, "prompt_len": {"mean": 1457.8770833333333, "min": 11.0, "p0.1": 12.916, "p1": 40.69, "p5": 170.70000000000002, "p10": 281.30000000000007, "p25": 749.5, "median": 1688.5, "p75": 2057.25, "p90": 2239.4, "p95": 2378.0, "p99": 2854.4299999999985, "p99.9": 7529.71700000048, "max": 10728.0}, "output_len": {"mean": 30.691666666666666, "min": 22.0, "p0.1": 22.958, "p1": 25.0, "p5": 28.0, "p10": 31.0, "p25": 31.0, "median": 31.0, "p75": 31.0, "p90": 31.0, "p95": 31.0, "p99": 31.0, "p99.9": 31.0, "max": 31.0}}, "failures": {"count": 0, "request_latency": null, "prompt_len": null}}