{"load_summary": {"count": 300, "schedule_delay": {"mean": 0.0006998377221558864, "min": -0.0009519197046756744, "p0.1": -0.0008577407228876837, "p1": -0.0005354573484510183, "p5": -0.0002406377578154206, "p10": -8.213904220610826e-06, "p25": 0.0003422734735067934, "median": 0.0006845792813692242, "p75": 0.0010530652216402814, "p90": 0.001380768208764494, "p95": 0.00161832231679, "p99": 0.0019821220246376467, "p99.9": 0.0034831862667925127, "max": 0.0040338083053939044}, "send_duration": 59.91292288003024, "requested_rate": 5.0, "achieved_rate": 5.007266973115644}, "successes": {"count": 300, "latency": {"request_latency": {"mean": 0.9921168816892896, "min": 0.7413922130363062, "p0.1": 0.7415617822050117, "p1": 0.7509840571635868, "p5": 0.7648751015978632, "p10": 0.7882062038930598, "p25": 0.8662206922163023, "median": 0.943563628999982, "p75": 1.0462974002584815, "p90": 1.1588017018220855, "p95": 1.2898731358029183, "p99": 2.4322471550031315, "p99.9": 2.9115764182627344, "max": 2.945952854002826}, "normalized_time_per_output_token": {"mean": 0.032206830904768974, "min": 0.023915877839880844, "p0.1": 0.023921347813064892, "p1": 0.024225292166567318, "p5": 0.024673390374124624, "p10": 0.025608738034873478, "p25": 0.0280356452825682, "median": 0.030563414823489204, "p75": 0.03427616442739588, "p90": 0.03811153414539032, "p95": 0.0419738012652341, "p99": 0.0784595856452623, "p99.9": 0.09392181994395916, "max": 0.09503073722589761}, "time_per_output_token": {"mean": 0.013147629042558487, "min": 0.010730144934871445, "p0.1": 0.010749305573752106, "p1": 0.010873068369213387, "p5": 0.011092864188192894, "p10": 0.011222075064471291, "p25": 0.011437582793962887, "median": 0.012623816258236466, "p75": 0.013929275512289736, "p90": 0.015685278548663785, "p95": 0.017122777149685842, "p99": 0.022040119294176673, "p99.9": 0.035902648831472074, "max": 0.04107614467765445}, "time_to_first_token": {"mean": 0.1710742946572524, "min": 0.04637617897242308, "p0.1": 0.04671795093163382, "p1": 0.0494396939931903, "p5": 0.05535261162731331, "p10": 0.06426868056878447, "p25": 0.10533441098232288, "median": 0.15841580598498695, "p75": 0.18512541201198474, "p90": 0.21462623541010553, "p95": 0.2575872299959885, "p99": 1.23317272146756, "p99.9": 1.977301798049769, "max": 1.9901766600087285}, "inter_token_latency": {"mean": 0.013147629042558487, "min": 1.305801561102271e-05, "p0.1": 1.4578780916053802e-05, "p1": 1.6111006843857467e-05, "p5": 3.3182173501700164e-05, "p10": 3.9180630119517444e-05, "p25": 4.678448021877557e-05, "median": 7.734852260909975e-05, "p75": 0.02426566400390584, "p90": 0.025196064030751586, "p95": 0.025903002489940263, "p99": 0.1123383534199002, "p99.9": 0.18261601285392046, "max": 0.6909090559929609}}, "throughput": {"input_tokens_per_sec": 7571.818779846847, "output_tokens_per_sec": 152.06746874686175, "total_tokens_per_sec": 7723.886248593709, "requests_per_sec": 4.932984496546121}, "prompt_len": {"mean": 1534.9366666666667, "min": 11.0, "p0.1": 13.392, "p1": 62.7, "p5": 227.9, "p10": 357.00000000000006, "p25": 830.75, "median": 1750.0, "p75": 2068.25, "p90": 2242.2000000000003, "p95": 2372.1, "p99": 2654.6999999999994, "p99.9": 15624.772000000401, "max": 21118.0}, "output_len": {"mean": 30.826666666666668, "min": 22.0, "p0.1": 22.897, "p1": 27.97, "p5": 30.0, "p10": 31.0, "p25": 31.0, "median": 31.0, "p75": 31.0, "p90": 31.0, "p95": 31.0, "p99": 31.0, "p99.9": 31.0, "max": 31.0}}, "failures": {"count": 0, "request_latency": null, "prompt_len": null}}