{"load_summary": {"count": 1200, "schedule_delay": {"mean": 0.0006883511853811797, "min": -0.000895302277058363, "p0.1": -0.0008129119186778553, "p1": -0.0004684689053101465, "p5": -0.00018813483766280114, "p10": -3.839689306914805e-05, "p25": 0.0002953153307316825, "median": 0.00068536406615749, "p75": 0.0010755083785625175, "p90": 0.0013976006070151941, "p95": 0.0015823101857677098, "p99": 0.0018404750316403803, "p99.9": 0.0031858103203705602, "max": 0.0039290732820518315}, "send_duration": 59.92957992799347, "requested_rate": 20.0, "achieved_rate": 20.023500939633195}, "successes": {"count": 1200, "latency": {"request_latency": {"mean": 1.803800081844917, "min": 0.7574334529927, "p0.1": 0.7662450624947669, "p1": 0.8373624305479461, "p5": 0.928059512283653, "p10": 1.0197214454005006, "p25": 1.2184339542582165, "median": 1.569294290500693, "p75": 2.088221724756295, "p90": 2.8770471984869803, "p95": 3.5544680696068096, "p99": 5.717827442779671, "p99.9": 6.426020715925904, "max": 6.430516658001579}, "normalized_time_per_output_token": {"mean": 0.05901873216302481, "min": 0.024433337193312903, "p0.1": 0.024717582661121514, "p1": 0.027011691307998263, "p5": 0.030165108365021766, "p10": 0.03330091127915488, "p25": 0.039781546442686846, "median": 0.051290637565455356, "p75": 0.06831739077554835, "p90": 0.09302832216171714, "p95": 0.11488394613242556, "p99": 0.18492895615165075, "p99.9": 0.21882421590488926, "max": 0.24239700803998857}, "time_per_output_token": {"mean": 0.02468703895846697, "min": 0.01124992238774505, "p0.1": 0.011289777616457638, "p1": 0.011572917020436555, "p5": 0.012695809781331675, "p10": 0.013838240084981907, "p25": 0.01629678490726585, "median": 0.02154652213756626, "p75": 0.02909885813278379, "p90": 0.03883152715749137, "p95": 0.04762208306816428, "p99": 0.07196259818268902, "p99.9": 0.09958222362724832, "max": 0.10078238890292274}, "time_to_first_token": {"mean": 0.2673836123177413, "min": 0.037840721022803336, "p0.1": 0.041518984756490684, "p1": 0.049311589177814315, "p5": 0.0668940993025899, "p10": 0.08225347491097637, "p25": 0.14190950426564086, "median": 0.19712687048013322, "p75": 0.32986011549655814, "p90": 0.5250383123988287, "p95": 0.7020595498324838, "p99": 1.0210511006700105, "p99.9": 1.325159428050981, "max": 1.4053887919872068}, "inter_token_latency": {"mean": 0.024687038958466974, "min": 1.014897134155035e-05, "p0.1": 1.3239401276223362e-05, "p1": 1.541698758956045e-05, "p5": 1.945492986124009e-05, "p10": 3.059662412852049e-05, "p25": 4.094248288311064e-05, "median": 7.624799036420882e-05, "p75": 0.025560279507772066, "p90": 0.03057144819758835, "p95": 0.14146630378963893, "p99": 0.2979062763665568, "p99.9": 0.5836214713272064, "max": 0.5947083599749021}}, "throughput": {"input_tokens_per_sec": 28664.50454941784, "output_tokens_per_sec": 606.0299983120174, "total_tokens_per_sec": 29270.534547729858, "requests_per_sec": 19.752186375534272}, "prompt_len": {"mean": 1451.2066666666667, "min": 7.0, "p0.1": 11.0, "p1": 47.99, "p5": 218.95, "p10": 338.8, "p25": 733.75, "median": 1713.0, "p75": 2038.0, "p90": 2232.0, "p95": 2358.05, "p99": 2566.22, "p99.9": 5454.798000000221, "max": 10309.0}, "output_len": {"mean": 30.68166666666667, "min": 16.0, "p0.1": 19.0, "p1": 24.0, "p5": 28.0, "p10": 31.0, "p25": 31.0, "median": 31.0, "p75": 31.0, "p90": 31.0, "p95": 31.0, "p99": 31.0, "p99.9": 31.0, "max": 31.0}}, "failures": {"count": 0, "request_latency": null, "prompt_len": null}}