{"load_summary": {"count": 1500, "schedule_delay": {"mean": 0.0006582230899172525, "min": -0.0014581294963136315, "p0.1": -0.0011784424833604134, "p1": -0.0004968356998870149, "p5": -0.00023054779740050432, "p10": -3.040431765839453e-05, "p25": 0.00029061413079034537, "median": 0.0006558437598869205, "p75": 0.0010080478386953473, "p90": 0.0013534367375541484, "p95": 0.0014977921440731733, "p99": 0.001953251315280795, "p99.9": 0.004067139435908775, "max": 0.008376356621738523}, "send_duration": 59.97635499504395, "requested_rate": 25.0, "achieved_rate": 25.009855969472472}, "successes": {"count": 1500, "latency": {"request_latency": {"mean": 2.1755835507846593, "min": 0.8150669609894976, "p0.1": 0.8201691630115966, "p1": 0.8791494342579972, "p5": 1.0779275368753587, "p10": 1.2288970006920863, "p25": 1.4972016389801865, "median": 1.9266167064779438, "p75": 2.502287230992806, "p90": 3.4300881300237984, "p95": 4.043925794959068, "p99": 6.812506467179046, "p99.9": 7.552976729756694, "max": 7.65498758998001}, "normalized_time_per_output_token": {"mean": 0.07227948098518434, "min": 0.0264336489678, "p0.1": 0.02650469735536101, "p1": 0.028975166630285282, "p5": 0.034958689703395766, "p10": 0.0401611250511656, "p25": 0.04914795034272987, "median": 0.06293242180240899, "p75": 0.08295496501593716, "p90": 0.11781257823487977, "p95": 0.1423724453641625, "p99": 0.2212663539065679, "p99.9": 0.2436444106373127, "max": 0.24693508354774227}, "time_per_output_token": {"mean": 0.029982414000205102, "min": 0.011402867338244593, "p0.1": 0.011457564504153374, "p1": 0.01203672244716736, "p5": 0.014207280363752357, "p10": 0.01620943985321754, "p25": 0.019965252496354703, "median": 0.02617342710483729, "p75": 0.034574141959667265, "p90": 0.04709541427906635, "p95": 0.05801644115375481, "p99": 0.10067760991545642, "p99.9": 0.11838818690685025, "max": 0.12041923233904996}, "time_to_first_token": {"mean": 0.31091216988912007, "min": 0.04203486698679626, "p0.1": 0.04540065514884191, "p1": 0.05234713298617862, "p5": 0.06969597004062962, "p10": 0.09240602090139874, "p25": 0.15974593398277648, "median": 0.22777967300498858, "p75": 0.4045889629924204, "p90": 0.6258353361277842, "p95": 0.7713277249567906, "p99": 1.2070890334184505, "p99.9": 1.6445815899389626, "max": 1.6638603790197521}, "inter_token_latency": {"mean": 0.0299824140002051, "min": 1.0718009434640408e-05, "p0.1": 1.2916033098008483e-05, "p1": 1.5173970605246722e-05, "p5": 1.90899649169296e-05, "p10": 2.7415883960202336e-05, "p25": 4.067449481226504e-05, "median": 7.996350177563727e-05, "p75": 0.026077612754306756, "p90": 0.06689086309634151, "p95": 0.1576209250517423, "p99": 0.36044262812647476, "p99.9": 0.5828146308048164, "max": 0.6379201089730486}}, "throughput": {"input_tokens_per_sec": 34069.01688175619, "output_tokens_per_sec": 747.223671185778, "total_tokens_per_sec": 34816.24055294197, "requests_per_sec": 24.565719256096678}, "prompt_len": {"mean": 1386.852, "min": 11.0, "p0.1": 11.998000000000001, "p1": 60.97, "p5": 205.95, "p10": 309.8, "p25": 672.75, "median": 1561.0, "p75": 2007.25, "p90": 2185.2000000000003, "p95": 2325.6499999999996, "p99": 2735.05, "p99.9": 4526.480000000098, "max": 8158.0}, "output_len": {"mean": 30.417333333333332, "min": 16.0, "p0.1": 19.499, "p1": 20.0, "p5": 28.0, "p10": 31.0, "p25": 31.0, "median": 31.0, "p75": 31.0, "p90": 31.0, "p95": 31.0, "p99": 31.0, "p99.9": 31.0, "max": 31.0}}, "failures": {"count": 0, "request_latency": null, "prompt_len": null}}