{"load_summary": {"count": 900, "schedule_delay": {"mean": 0.0007126228969880483, "min": -0.0010081107611767948, "p0.1": -0.0007413670052192174, "p1": -0.0004897043062373996, "p5": -0.00016680621192790567, "p10": 1.1134415399283175e-05, "p25": 0.0002953011717181653, "median": 0.0006683180399704725, "p75": 0.0010936395265161991, "p90": 0.0014272265078034251, "p95": 0.0015869469731114797, "p99": 0.0019396532495738936, "p99.9": 0.006759218399821124, "max": 0.012662490596994758}, "send_duration": 59.98058170301374, "requested_rate": 15.0, "achieved_rate": 15.00485614588128}, "successes": {"count": 900, "latency": {"request_latency": {"mean": 1.4834323626049122, "min": 0.735469747975003, "p0.1": 0.7657064280963386, "p1": 0.7906029261439107, "p5": 0.8673706765141106, "p10": 0.9262817507958971, "p25": 1.0600777304789517, "median": 1.345105053478619, "p75": 1.7023079799837433, "p90": 2.183285271114437, "p95": 2.6927108587988187, "p99": 3.7904777839034796, "p99.9": 4.428771363671466, "max": 4.4609508700086735}, "normalized_time_per_output_token": {"mean": 0.0481638614543193, "min": 0.023724830579838804, "p0.1": 0.024700207357946407, "p1": 0.025674864768722817, "p5": 0.028326677836875824, "p10": 0.03000983854121108, "p25": 0.03433678412591576, "median": 0.04367607783886694, "p75": 0.05513274100010148, "p90": 0.07075665523898937, "p95": 0.08686164060641349, "p99": 0.12227347690011224, "p99.9": 0.1442656007365871, "max": 0.14750520303302134}, "time_per_output_token": {"mean": 0.019936640754246737, "min": 0.011033558403141797, "p0.1": 0.011106183015537681, "p1": 0.01121323102174492, "p5": 0.011678229440933078, "p10": 0.012384107930401731, "p25": 0.014155311096645517, "median": 0.017862253193837413, "p75": 0.02294294058458857, "p90": 0.028691819303240926, "p95": 0.03475405849570844, "p99": 0.054561537437088366, "p99.9": 0.06540215772983458, "max": 0.06795454008087906}, "time_to_first_token": {"mean": 0.2415065228937116, "min": 0.03735664900159463, "p0.1": 0.03923206367582316, "p1": 0.048157047032727864, "p5": 0.06016781664511654, "p10": 0.07511816000333056, "p25": 0.1293871682137251, "median": 0.18493997599580325, "p75": 0.29862253375176806, "p90": 0.4439852222742047, "p95": 0.5851340843219076, "p99": 1.0604352302884217, "p99.9": 1.7365551567795623, "max": 1.9641684609814547}, "inter_token_latency": {"mean": 0.019936640754246737, "min": 1.1486001312732697e-05, "p0.1": 1.3705568853765726e-05, "p1": 1.5696044429205357e-05, "p5": 2.2830767557024958e-05, "p10": 3.505171625874937e-05, "p25": 4.193252243567258e-05, "median": 7.24055280443281e-05, "p75": 0.025106801505899057, "p90": 0.026692506100516766, "p95": 0.08392992629960644, "p99": 0.20264314088737603, "p99.9": 0.5166639250535529, "max": 0.6991362469852902}}, "throughput": {"input_tokens_per_sec": 22695.98335403598, "output_tokens_per_sec": 455.0428283475139, "total_tokens_per_sec": 23151.026182383495, "requests_per_sec": 14.77411780349071}, "prompt_len": {"mean": 1536.1988888888889, "min": 11.0, "p0.1": 11.0, "p1": 42.99, "p5": 161.0, "p10": 307.70000000000005, "p25": 781.75, "median": 1830.5, "p75": 2090.5, "p90": 2298.1, "p95": 2453.2, "p99": 3104.1899999999996, "p99.9": 7898.550000001415, "max": 19181.0}, "output_len": {"mean": 30.8, "min": 19.0, "p0.1": 23.495, "p1": 25.990000000000002, "p5": 29.0, "p10": 31.0, "p25": 31.0, "median": 31.0, "p75": 31.0, "p90": 31.0, "p95": 31.0, "p99": 31.0, "p99.9": 31.0, "max": 31.0}}, "failures": {"count": 0, "request_latency": null, "prompt_len": null}}