{"load_summary": {"count": 120, "schedule_delay": {"mean": 0.0009655118944162192, "min": -0.0004900415078736842, "p0.1": -0.0004862330217147246, "p1": -0.00043327686085831374, "p5": -0.00012822239950764923, "p10": 9.549804963171483e-05, "p25": 0.00043814597302116454, "median": 0.0007687169127166271, "p75": 0.0012371549382805824, "p90": 0.0016850501589942728, "p95": 0.0019132910761982202, "p99": 0.002222705265739933, "p99.9": 0.01619329698936804, "max": 0.018078894296195358}, "send_duration": 59.44522584101651, "requested_rate": 2.0, "achieved_rate": 2.0186650534549977}, "successes": {"count": 120, "latency": {"request_latency": {"mean": 0.8689696030846487, "min": 0.7275689680245705, "p0.1": 0.7287568908780231, "p1": 0.7376244160026545, "p5": 0.7474387048889184, "p10": 0.7652311423618812, "p25": 0.8014278272457886, "median": 0.8595514859771356, "p75": 0.9042312637466239, "p90": 0.9861892467888539, "p95": 1.0608129672938957, "p99": 1.1532987718179357, "p99.9": 1.176232733041281, "max": 1.1774788370239548}, "normalized_time_per_output_token": {"mean": 0.028285285267046472, "min": 0.023469966710470015, "p0.1": 0.023508286802516872, "p1": 0.02379433600008563, "p5": 0.02434513981974188, "p10": 0.02469703266772652, "p25": 0.026060333298969895, "median": 0.027750381257294888, "p75": 0.029324500298131287, "p90": 0.03401653477415112, "p95": 0.03456811589251096, "p99": 0.03791900836246749, "p99.9": 0.03813542801234557, "max": 0.038155991606929875}, "time_per_output_token": {"mean": 0.011787910367008887, "min": 0.01089873095136887, "p0.1": 0.010902310039473496, "p1": 0.010929643012632075, "p5": 0.011022572306964937, "p10": 0.011078412798721524, "p25": 0.011209138531534511, "median": 0.011410883597319855, "p75": 0.01184992314571695, "p90": 0.01331576550634758, "p95": 0.013732677135117081, "p99": 0.015216936631608877, "p99.9": 0.016051453105997374, "max": 0.01614258182235062}, "time_to_first_token": {"mean": 0.13273741154310603, "min": 0.047190851997584105, "p0.1": 0.04721163427981082, "p1": 0.04756868794851471, "p5": 0.051932096018572335, "p10": 0.05870819070842117, "p25": 0.08606304549903143, "median": 0.13812684602453373, "p75": 0.1663286970142508, "p90": 0.1963433429133147, "p95": 0.21881122200284153, "p99": 0.24759921711403876, "p99.9": 0.32151013612013896, "max": 0.3314637470175512}, "inter_token_latency": {"mean": 0.011787910367008887, "min": 1.4375022146850824e-05, "p0.1": 1.5085118357092141e-05, "p1": 1.6640107496641576e-05, "p5": 3.853766247630119e-05, "p10": 4.442327190190554e-05, "p25": 4.8937727115117013e-05, "median": 7.841951446607709e-05, "p75": 0.024037126466282643, "p90": 0.024915333685930817, "p95": 0.025472048687515778, "p99": 0.027222054595476945, "p99.9": 0.15361384210019902, "max": 0.18639023503055796}}, "throughput": {"input_tokens_per_sec": 2791.5215397689, "output_tokens_per_sec": 60.99455973530862, "total_tokens_per_sec": 2852.5160995042083, "requests_per_sec": 1.9830255129333607}, "prompt_len": {"mean": 1407.7083333333333, "min": 65.0, "p0.1": 68.689, "p1": 96.19, "p5": 231.25, "p10": 368.9, "p25": 716.0, "median": 1609.0, "p75": 1978.5, "p90": 2217.5000000000005, "p95": 2509.9, "p99": 2800.8000000000006, "p99.9": 2859.286, "max": 2860.0}, "output_len": {"mean": 30.758333333333333, "min": 26.0, "p0.1": 26.119, "p1": 27.19, "p5": 28.0, "p10": 31.0, "p25": 31.0, "median": 31.0, "p75": 31.0, "p90": 31.0, "p95": 31.0, "p99": 31.0, "p99.9": 31.0, "max": 31.0}}, "failures": {"count": 0, "request_latency": null, "prompt_len": null}}