{"load_summary": {"count": 9525, "schedule_delay": {"mean": 0.0007364596037885903, "min": -0.0014581294963136315, "p0.1": -0.0009747304166667163, "p1": -0.0005168588901869952, "p5": -0.00022894726134836668, "p10": -3.696439089253537e-05, "p25": 0.0002839685184881091, "median": 0.0006591000710614026, "p75": 0.0010429222020320594, "p90": 0.0013873280491679908, "p95": 0.001577678706962615, "p99": 0.002024375731125476, "p99.9": 0.008344236180186272, "max": 0.45247209805529565}}, "successes": {"count": 9524, "latency": {"request_latency": {"mean": 5.9786767276291055, "min": 0.7275689680245705, "p0.1": 0.7467582295493339, "p1": 0.7795016617310466, "p5": 0.8768894575507147, "p10": 0.9607850786298513, "p25": 1.2418106542754686, "median": 2.1329347935097758, "p75": 8.383943552238634, "p90": 18.927833830303282, "p95": 20.55094336186594, "p99": 25.13942541016616, "p99.9": 26.372617456364864, "max": 26.992357358976733}, "normalized_time_per_output_token": {"mean": 0.19487877839325757, "min": 0.023469966710470015, "p0.1": 0.024094354390089716, "p1": 0.02532238998662515, "p5": 0.028469695315617435, "p10": 0.031193455925864737, "p25": 0.040644956596811575, "median": 0.0695948913710327, "p75": 0.2713028434906766, "p90": 0.613073263744328, "p95": 0.6664797328512049, "p99": 0.8164811931844734, "p99.9": 0.9326033538392493, "max": 1.1717269553737424}, "time_per_output_token": {"mean": 0.07929151361434958, "min": 0.010730144934871445, "p0.1": 0.010931107670431131, "p1": 0.011173792514225258, "p5": 0.011631760804917693, "p10": 0.01297280018559597, "p25": 0.016600217060664772, "median": 0.02849363450772099, "p75": 0.1070313187747454, "p90": 0.27363233669377457, "p95": 0.2760160807195315, "p99": 0.2782085807911672, "p99.9": 0.28120099835703904, "max": 0.28159737590261014}, "time_to_first_token": {"mean": 1.0564429432526807, "min": 0.03735664900159463, "p0.1": 0.04368060609989334, "p1": 0.051363664779928514, "p5": 0.0709556163259549, "p10": 0.09460265521192923, "p25": 0.16629112722876016, "median": 0.2986463904962875, "p75": 0.9841952642454999, "p90": 3.092508450010797, "p95": 4.85778230327415, "p99": 9.2721390127542, "p99.9": 10.016013020469117, "max": 10.291946424986236}, "inter_token_latency": {"mean": 0.07929151361434958, "min": 9.333016350865364e-06, "p0.1": 1.1801984976045787e-05, "p1": 1.4354998711496592e-05, "p5": 1.8803015700541435e-05, "p10": 2.5572022423148155e-05, "p25": 4.033598816022277e-05, "median": 8.253948180936277e-05, "p75": 0.02665618047467433, "p90": 0.4357785261177929, "p95": 0.585805365908891, "p99": 0.5954723610065412, "p99.9": 0.6371413562824624, "max": 0.9897967510041781}}, "throughput": {"input_tokens_per_sec": 19940.853174667085, "output_tokens_per_sec": 426.2864987444342, "total_tokens_per_sec": 20367.13967341152, "requests_per_sec": 13.882315617930935}, "prompt_len": {"mean": 1436.4212515749684, "min": 3.0, "p0.1": 11.0, "p1": 44.0, "p5": 202.0, "p10": 318.0, "p25": 711.75, "median": 1652.0, "p75": 2030.0, "p90": 2220.0, "p95": 2359.0, "p99": 2765.0, "p99.9": 7400.1730000011175, "max": 22278.0}, "output_len": {"mean": 30.707160856782863, "min": 16.0, "p0.1": 20.0, "p1": 25.0, "p5": 28.0, "p10": 31.0, "p25": 31.0, "median": 31.0, "p75": 31.0, "p90": 31.0, "p95": 31.0, "p99": 31.0, "p99.9": 31.0, "max": 31.0}}, "failures": {"count": 1, "request_latency": {"mean": 0.7428920849924907, "min": 0.7428920849924907, "p0.1": 0.7428920849924907, "p1": 0.7428920849924907, "p5": 0.7428920849924907, "p10": 0.7428920849924907, "p25": 0.7428920849924907, "median": 0.7428920849924907, "p75": 0.7428920849924907, "p90": 0.7428920849924907, "p95": 0.7428920849924907, "p99": 0.7428920849924907, "p99.9": 0.7428920849924907, "max": 0.7428920849924907}, "prompt_len": {"mean": 161289.0, "min": 161289.0, "p0.1": 161289.0, "p1": 161289.0, "p5": 161289.0, "p10": 161289.0, "p25": 161289.0, "median": 161289.0, "p75": 161289.0, "p90": 161289.0, "p95": 161289.0, "p99": 161289.0, "p99.9": 161289.0, "max": 161289.0}}}