{"load_summary": {"count": 1800, "schedule_delay": {"mean": 0.0009667292850079118, "min": -0.0009272118913941085, "p0.1": -0.0006174881507176906, "p1": -0.00031707292248029257, "p5": 1.0121567174792299e-05, "p10": 0.00017119834083132446, "p25": 0.0005175022961338982, "median": 0.0008857194043230265, "p75": 0.0012642887741094455, "p90": 0.001580540341092274, "p95": 0.001803512594779022, "p99": 0.0021170442283619194, "p99.9": 0.002486363398260562, "max": 0.1405541830463335}, "send_duration": 59.99968179297866, "requested_rate": 30.0, "achieved_rate": 30.00015910435447}, "successes": {"count": 1800, "latency": {"request_latency": {"mean": 100.58414847093482, "min": 62.1409732309985, "p0.1": 62.50503936671221, "p1": 67.52544539744208, "p5": 72.99354019692109, "p10": 78.76981560108834, "p25": 90.89946837227035, "median": 98.11327623348916, "p75": 116.24443416147551, "p90": 120.69608819102288, "p95": 125.14155641494143, "p99": 127.43371525023016, "p99.9": 128.16356670512968, "max": 128.30643254797906}, "normalized_time_per_output_token": {"mean": 0.10510562468629245, "min": 0.06253468174404099, "p0.1": 0.0626414958010734, "p1": 0.06838137894986354, "p5": 0.07502664669516064, "p10": 0.08023340493304282, "p25": 0.09317910248494564, "median": 0.10123635495939003, "p75": 0.11851008328877372, "p90": 0.12735945661608128, "p95": 0.1358411860627172, "p99": 0.15477515196747704, "p99.9": 0.23933463163169613, "max": 0.4641550890095955}, "time_per_output_token": {"mean": 0.04852940416317775, "min": 0.030859735558713103, "p0.1": 0.030880274110156446, "p1": 0.031412456879827265, "p5": 0.03395536194142627, "p10": 0.03535165264995988, "p25": 0.04301982363268825, "median": 0.048315240301585446, "p75": 0.05725419686233858, "p90": 0.05990784838281654, "p95": 0.0623827057695274, "p99": 0.0635575345194668, "p99.9": 0.06389447438756794, "max": 0.06394821548626048}, "time_to_first_token": {"mean": 3.422507299309105, "min": 0.07091495598433539, "p0.1": 0.07150441300251986, "p1": 0.07900578725559171, "p5": 0.09266561928670854, "p10": 0.10577089097932912, "p25": 0.1347617817518767, "median": 0.19019449752522632, "p75": 0.2544231017236598, "p90": 0.3371800548746251, "p95": 48.332485209417065, "p99": 50.334694637494394, "p99.9": 51.83263660160062, "max": 51.926109305000864}, "inter_token_latency": {"mean": 0.04852940416317775, "min": 2.207991201430559e-06, "p0.1": 5.56781783234328e-06, "p1": 1.252198126167059e-05, "p5": 1.712300581857562e-05, "p10": 2.171494998037815e-05, "p25": 3.085198113694787e-05, "median": 0.00022607253049500287, "p75": 0.07571745623135939, "p90": 0.10367277672048658, "p95": 0.1269181390933226, "p99": 0.16547903748694723, "p99.9": 0.36497476953692987, "max": 51.59933415596606}}, "throughput": {"input_tokens_per_sec": 95207.07907304581, "output_tokens_per_sec": 9775.128069777857, "total_tokens_per_sec": 104982.20714282367, "requests_per_sec": 10.129893835037254}, "prompt_len": {"mean": 9398.625555555556, "min": 9338.0, "p0.1": 9338.0, "p1": 9350.0, "p5": 9365.0, "p10": 9371.0, "p25": 9385.0, "median": 9397.0, "p75": 9413.0, "p90": 9427.0, "p95": 9434.0, "p99": 9464.0, "p99.9": 9470.0, "max": 9470.0}, "output_len": {"mean": 964.9783333333334, "min": 209.0, "p0.1": 463.881, "p1": 745.98, "p5": 805.95, "p10": 867.0, "p25": 967.75, "median": 1000.0, "p75": 1001.0, "p90": 1001.0, "p95": 1001.0, "p99": 1002.0, "p99.9": 1030.0050000000012, "max": 1045.0}}, "failures": {"count": 0, "request_latency": null, "prompt_len": null}}