{"load_summary": {"count": 1200, "schedule_delay": {"mean": 0.0010243038534342001, "min": -0.0010865131625905633, "p0.1": -0.0007662398342508823, "p1": -0.00035001790907699613, "p5": -2.438383817207068e-05, "p10": 0.0001570276217535138, "p25": 0.0005019324016757309, "median": 0.0009083782497327775, "p75": 0.001296535338042304, "p90": 0.0015961141907610001, "p95": 0.0017847248993348329, "p99": 0.002075988096185028, "p99.9": 0.04334305321739815, "max": 0.051703989040106535}, "send_duration": 59.91164650901919, "requested_rate": 20.0, "achieved_rate": 20.02949459616921}, "successes": {"count": 1200, "latency": {"request_latency": {"mean": 66.20347507188005, "min": 39.1900527360267, "p0.1": 39.218104451385386, "p1": 41.5657274919207, "p5": 45.772594500973355, "p10": 53.81089689396904, "p25": 61.554027165984735, "median": 66.89036057400517, "p75": 72.37323587425635, "p90": 77.98045471357182, "p95": 80.68034457344038, "p99": 81.21654335591768, "p99.9": 81.26193151098548, "max": 81.28654644603375}, "normalized_time_per_output_token": {"mean": 0.06907866403071675, "min": 0.03915090183419251, "p0.1": 0.03923045057762721, "p1": 0.0428017205341602, "p5": 0.04753433422414728, "p10": 0.0553035294917132, "p25": 0.06272171346938131, "median": 0.06994123362236424, "p75": 0.07511356598953511, "p90": 0.0811543940729258, "p95": 0.08492268539106912, "p99": 0.09827832343727748, "p99.9": 0.12294812329183001, "max": 0.2782966677759797}, "time_per_output_token": {"mean": 0.03298037125371289, "min": 0.019514486301345457, "p0.1": 0.019532850810592483, "p1": 0.02069471948698262, "p5": 0.0228014657592489, "p10": 0.02681122838470004, "p25": 0.030662060492390557, "median": 0.03332171124312608, "p75": 0.0360675518069742, "p90": 0.0388686820963581, "p95": 0.040226755165671264, "p99": 0.040471669054868084, "p99.9": 0.04049958035294547, "max": 0.04050436474962685}, "time_to_first_token": {"mean": 0.15567516934936673, "min": 0.0684044329682365, "p0.1": 0.0709471321630408, "p1": 0.07482809952925891, "p5": 0.08822944046696649, "p10": 0.09645153190358542, "p25": 0.11539206847373862, "median": 0.1482867040031124, "p75": 0.1860138917400036, "p90": 0.21770013633649798, "p95": 0.23465508585504719, "p99": 0.30803729929262763, "p99.9": 0.5911487849951422, "max": 0.6045386340119876}, "inter_token_latency": {"mean": 0.03298037125371289, "min": 2.1519954316318035e-06, "p0.1": 4.677784803789109e-06, "p1": 1.2447009794414043e-05, "p5": 1.7112004570662975e-05, "p10": 2.1618965547531843e-05, "p25": 3.077997826039791e-05, "median": 0.00018722101231105626, "p75": 0.06816644599894062, "p90": 0.07896431456319988, "p95": 0.08977400599105749, "p99": 0.10768758817168403, "p99.9": 0.1715085642684142, "max": 7.9816655539907515}}, "throughput": {"input_tokens_per_sec": 84950.03934991153, "output_tokens_per_sec": 8726.46951064459, "total_tokens_per_sec": 93676.50886055613, "requests_per_sec": 9.038828838221429}, "prompt_len": {"mean": 9398.345833333333, "min": 9338.0, "p0.1": 9338.0, "p1": 9350.0, "p5": 9365.0, "p10": 9371.0, "p25": 9384.75, "median": 9397.0, "p75": 9413.0, "p90": 9427.0, "p95": 9434.0, "p99": 9464.0, "p99.9": 9470.0, "max": 9470.0}, "output_len": {"mean": 965.4425, "min": 241.0, "p0.1": 515.194, "p1": 729.0, "p5": 802.0, "p10": 861.9, "p25": 972.0, "median": 1000.0, "p75": 1001.0, "p90": 1001.0, "p95": 1001.0, "p99": 1002.0, "p99.9": 1032.2290000000046, "max": 1090.0}}, "failures": {"count": 0, "request_latency": null, "prompt_len": null}}