{"load_summary": {"count": 900, "schedule_delay": {"mean": 0.0011562553982043431, "min": -0.0004683713777922094, "p0.1": -0.0003906511371023953, "p1": -0.00015871889714617283, "p5": 4.633465723600239e-05, "p10": 0.00021933330572210255, "p25": 0.0005708043026970699, "median": 0.0009072123211808503, "p75": 0.0012847926846006885, "p90": 0.0016114049882162364, "p95": 0.0018011020874837411, "p99": 0.0022543772833887488, "p99.9": 0.052059033354628685, "max": 0.05833874153904617}, "send_duration": 59.98882394202519, "requested_rate": 15.0, "achieved_rate": 15.002794535025126}, "successes": {"count": 900, "latency": {"request_latency": {"mean": 50.28583559368608, "min": 35.64928118104581, "p0.1": 35.764379175606244, "p1": 37.0182821900968, "p5": 39.42936378027953, "p10": 42.76202695021057, "p25": 46.9191767579905, "median": 51.41889452098985, "p75": 54.58031131773896, "p90": 55.825076457404066, "p95": 57.80127511793107, "p99": 58.52385961525899, "p99.9": 58.55791283396434, "max": 58.55932771699736}, "normalized_time_per_output_token": {"mean": 0.05298891970740142, "min": 0.035613667513532274, "p0.1": 0.0358601479077524, "p1": 0.037832796997802155, "p5": 0.040051808107916156, "p10": 0.04355758106030209, "p25": 0.048292795205750735, "median": 0.05275569380116995, "p75": 0.0560692389564158, "p90": 0.06038323412427649, "p95": 0.06470809002846459, "p99": 0.07350620388216045, "p99.9": 0.14620813030205737, "max": 0.2704740473703938}, "time_per_output_token": {"mean": 0.02503670428172337, "min": 0.017751662023471382, "p0.1": 0.017801673378655788, "p1": 0.01843722678647966, "p5": 0.01963626280810114, "p10": 0.02125804095522562, "p25": 0.023335757625432905, "median": 0.025600919940274212, "p75": 0.027172966075471258, "p90": 0.027814032537403627, "p95": 0.02878206018941709, "p99": 0.02916114543289782, "p99.9": 0.029165757652934013, "max": 0.02916606523985879}, "time_to_first_token": {"mean": 0.1329579899674152, "min": 0.06588342104805633, "p0.1": 0.06890841487550642, "p1": 0.07562068958417513, "p5": 0.08596845101856161, "p10": 0.0918692271108739, "p25": 0.10709234203386586, "median": 0.13317715251469053, "p75": 0.1548317817505449, "p90": 0.17448779428377748, "p95": 0.1855396219965769, "p99": 0.22306672326056287, "p99.9": 0.2875424084354463, "max": 0.4110746079823002}, "inter_token_latency": {"mean": 0.02503670428172337, "min": 2.1360465325415134e-06, "p0.1": 3.891897096764296e-06, "p1": 1.2193049769848585e-05, "p5": 1.6812991816550493e-05, "p10": 2.1374021889641882e-05, "p25": 3.153202123939991e-05, "median": 0.0001912949956022203, "p75": 0.052971503959270194, "p90": 0.05808095644460991, "p95": 0.06175434377801137, "p99": 0.0756677330553066, "p99.9": 0.11007246062503344, "max": 0.3309479379677214}}, "throughput": {"input_tokens_per_sec": 79524.31841746216, "output_tokens_per_sec": 8126.523617589647, "total_tokens_per_sec": 87650.8420350518, "requests_per_sec": 8.461554153431342}, "prompt_len": {"mean": 9398.31111111111, "min": 9338.0, "p0.1": 9338.0, "p1": 9350.0, "p5": 9365.95, "p10": 9371.0, "p25": 9384.0, "median": 9397.0, "p75": 9412.0, "p90": 9427.0, "p95": 9434.0, "p99": 9464.0, "p99.9": 9470.0, "max": 9470.0}, "output_len": {"mean": 960.4055555555556, "min": 208.0, "p0.1": 361.729, "p1": 719.52, "p5": 797.0, "p10": 855.0, "p25": 958.75, "median": 1000.0, "p75": 1001.0, "p90": 1001.0, "p95": 1001.0, "p99": 1002.0, "p99.9": 1031.1000000000113, "max": 1121.0}}, "failures": {"count": 0, "request_latency": null, "prompt_len": null}}