{"load_summary": {"count": 120, "schedule_delay": {"mean": 0.0010306120462094744, "min": -0.0003388121840544045, "p0.1": -0.00030653408874059096, "p1": -6.240485527087003e-05, "p5": 0.00011688607628457248, "p10": 0.0003172710479702801, "p25": 0.0005610011576209217, "median": 0.0010860258771572262, "p75": 0.0014650796074420214, "p90": 0.0017876596248243004, "p95": 0.001980986594571732, "p99": 0.0020651217916747558, "p99.9": 0.0021481538348016344, "max": 0.0021586183574981987}, "send_duration": 59.73497516103089, "requested_rate": 2.0, "achieved_rate": 2.008873355626404}, "successes": {"count": 120, "latency": {"request_latency": {"mean": 25.62406744432665, "min": 24.29928838601336, "p0.1": 24.304892948408437, "p1": 24.38004553650564, "p5": 24.609853571231362, "p10": 24.732722936593927, "p25": 24.930405934501323, "median": 25.53015432652319, "p75": 26.39233799923386, "p90": 26.541990356944734, "p95": 26.571740762435365, "p99": 26.605644168513827, "p99.9": 26.61264774922497, "max": 26.613306944957003}, "normalized_time_per_output_token": {"mean": 0.026832580510806607, "min": 0.02429928838601336, "p0.1": 0.024325316452096568, "p1": 0.02452201103815292, "p5": 0.024749424404485132, "p10": 0.024859265642563723, "p25": 0.025218176575234542, "median": 0.026277036365506205, "p75": 0.02699258963456963, "p90": 0.030526963948018935, "p95": 0.031921809905358894, "p99": 0.033903115252288306, "p99.9": 0.034819922920874165, "max": 0.03491775574335693}, "time_per_output_token": {"mean": 0.01273448725379871, "min": 0.012078952277864635, "p0.1": 0.01208083711339541, "p1": 0.012112022849870136, "p5": 0.012222447304704018, "p10": 0.012299708327390082, "p25": 0.01239098573527029, "median": 0.012682122250618962, "p75": 0.013117382735619776, "p90": 0.013190204587621686, "p95": 0.013203946284577786, "p99": 0.013224997966375057, "p99.9": 0.013227101016765445, "max": 0.013227362588225077}, "time_to_first_token": {"mean": 0.09005803154383708, "min": 0.06700063601601869, "p0.1": 0.0671926972513902, "p1": 0.06898751962464303, "p5": 0.0724968535505468, "p10": 0.07593180063995533, "p25": 0.08296525149489753, "median": 0.08966617999249138, "p75": 0.09759391627449077, "p90": 0.10255746091715992, "p95": 0.1054024534940254, "p99": 0.1169268324202858, "p99.9": 0.11926731529948305, "max": 0.11952881398610771}, "inter_token_latency": {"mean": 0.012734487253798709, "min": 2.3559550754725933e-06, "p0.1": 4.2076125973835586e-06, "p1": 1.5093154506757856e-05, "p5": 1.9789033103734255e-05, "p10": 3.0633993446826935e-05, "p25": 4.057702608406544e-05, "median": 0.0001385654613841325, "p75": 0.025347290487843566, "p90": 0.026577799813821912, "p95": 0.027104780144873074, "p99": 0.028480396607774308, "p99.9": 0.0347198264758925, "max": 0.5537440319894813}}, "throughput": {"input_tokens_per_sec": 13276.901319953808, "output_tokens_per_sec": 1356.1368597289031, "total_tokens_per_sec": 14633.038179682711, "requests_per_sec": 1.4125076873516276}, "prompt_len": {"mean": 9399.525, "min": 9348.0, "p0.1": 9348.714, "p1": 9355.9, "p5": 9368.0, "p10": 9373.9, "p25": 9386.0, "median": 9397.0, "p75": 9413.0, "p90": 9426.1, "p95": 9434.0, "p99": 9457.43, "p99.9": 9468.572, "max": 9470.0}, "output_len": {"mean": 960.0916666666667, "min": 758.0, "p0.1": 758.238, "p1": 760.76, "p5": 808.95, "p10": 846.5, "p25": 947.0, "median": 996.5, "p75": 1001.0, "p90": 1001.0, "p95": 1001.0, "p99": 1001.0, "p99.9": 1001.0, "max": 1001.0}}, "failures": {"count": 0, "request_latency": null, "prompt_len": null}}