{"load_summary": {"count": 1500, "schedule_delay": {"mean": 0.0009157109732817238, "min": -0.0011888475273735821, "p0.1": -0.0008348947602207773, "p1": -0.0003332595236133784, "p5": -5.332914006430653e-05, "p10": 0.0001528953027445823, "p25": 0.00047303382598329335, "median": 0.0008619401196483523, "p75": 0.0012345083960099146, "p90": 0.0015424969722516836, "p95": 0.0017534270416945219, "p99": 0.002048666612827219, "p99.9": 0.01107962499023757, "max": 0.07985495758475736}, "send_duration": 59.95443240099121, "requested_rate": 25.0, "achieved_rate": 25.019000930033005}, "successes": {"count": 1500, "latency": {"request_latency": {"mean": 84.78189062699893, "min": 49.3747371089994, "p0.1": 49.50588088127825, "p1": 56.00477666479186, "p5": 61.6804959069239, "p10": 68.71294427819085, "p25": 77.61955492122797, "median": 88.36303230602061, "p75": 92.03154623421142, "p90": 96.87120289031881, "p95": 101.52050846631755, "p99": 105.07856791355297, "p99.9": 105.37975783796632, "max": 105.41630396898836}, "normalized_time_per_output_token": {"mean": 0.0888572654119199, "min": 0.04946307321077913, "p0.1": 0.049741599975726046, "p1": 0.056088844131243557, "p5": 0.06473959441420382, "p10": 0.07051794463395877, "p25": 0.07977432833140502, "median": 0.09015959904992722, "p75": 0.09596640139141774, "p90": 0.10484597118526741, "p95": 0.11171392367906911, "p99": 0.12410278247716505, "p99.9": 0.19721954188584334, "max": 0.5300494903213601}, "time_per_output_token": {"mean": 0.04170931287879401, "min": 0.024611267494764978, "p0.1": 0.024665289784569718, "p1": 0.026373097372699127, "p5": 0.029126112542229705, "p10": 0.03328448934344119, "p25": 0.03824129743053249, "median": 0.04371903096601171, "p75": 0.04569649877761065, "p90": 0.04772298419995276, "p95": 0.05032058346123153, "p99": 0.052388257969938824, "p99.9": 0.052511277899295224, "max": 0.05254243724137151}, "time_to_first_token": {"mean": 1.267327469898155, "min": 0.06875995500013232, "p0.1": 0.07082652399380458, "p1": 0.07730199723038822, "p5": 0.09064179554407019, "p10": 0.10057881138054654, "p25": 0.1256776882801205, "median": 0.16784866800298914, "p75": 0.22258011100348085, "p90": 0.2745573578460608, "p95": 0.30740141301066615, "p99": 47.15587586460926, "p99.9": 48.90485814570172, "max": 48.996590923983604}, "inter_token_latency": {"mean": 0.04170931287879401, "min": 2.166023477911949e-06, "p0.1": 4.986999556422234e-06, "p1": 1.2457952834665775e-05, "p5": 1.7111015040427446e-05, "p10": 2.158700954169035e-05, "p25": 3.062200266867876e-05, "median": 0.00020481599494814873, "p75": 0.07454768524621613, "p90": 0.096274657221511, "p95": 0.11097468090592881, "p99": 0.15758869523124303, "p99.9": 0.300314601640916, "max": 48.73541167395888}}, "throughput": {"input_tokens_per_sec": 89304.11145949565, "output_tokens_per_sec": 9150.261457635728, "total_tokens_per_sec": 98454.37291713138, "requests_per_sec": 9.502000165079878}, "prompt_len": {"mean": 9398.454, "min": 9338.0, "p0.1": 9338.0, "p1": 9350.0, "p5": 9365.0, "p10": 9369.0, "p25": 9384.0, "median": 9397.0, "p75": 9413.0, "p90": 9427.0, "p95": 9434.0, "p99": 9464.0, "p99.9": 9470.0, "max": 9470.0}, "output_len": {"mean": 962.9826666666667, "min": 193.0, "p0.1": 431.822, "p1": 739.97, "p5": 790.0, "p10": 857.0, "p25": 966.0, "median": 1000.0, "p75": 1001.0, "p90": 1001.0, "p95": 1001.0, "p99": 1002.0, "p99.9": 1018.0020000000004, "max": 1049.0}}, "failures": {"count": 0, "request_latency": null, "prompt_len": null}}