{"load_summary": {"count": 2400, "schedule_delay": {"mean": 0.0014110370816342766, "min": -0.0007595795323140919, "p0.1": -0.0007137489532469772, "p1": -0.0003433538961689919, "p5": -5.743676156271248e-05, "p10": 0.00018680344219319523, "p25": 0.0004894747980870306, "median": 0.0008907773590181023, "p75": 0.0012292833562241867, "p90": 0.001567572628846392, "p95": 0.0017799096007365723, "p99": 0.0026954263891093354, "p99.9": 0.12165312086936543, "max": 0.13528628466883674}, "send_duration": 59.99764597899048, "requested_rate": 40.0, "achieved_rate": 40.001569408913376}, "successes": {"count": 1850, "latency": {"request_latency": {"mean": 152.5464433054121, "min": 61.490433158003725, "p0.1": 61.669170135018184, "p1": 64.30441568416776, "p5": 70.69294743314967, "p10": 75.9284322305175, "p25": 93.46733501749986, "median": 153.73968793952372, "p75": 184.24545731152466, "p90": 245.69763518691767, "p95": 255.11616669183712, "p99": 267.841249473152, "p99.9": 295.9952057880119, "max": 299.23341987800086}, "normalized_time_per_output_token": {"mean": 0.1600291131291467, "min": 0.061490433158003725, "p0.1": 0.061901000223050305, "p1": 0.06572467307640915, "p5": 0.07228425633901144, "p10": 0.07801152888028894, "p25": 0.09871765995295956, "median": 0.15767291257145402, "p75": 0.2041606696046372, "p90": 0.25392763827289283, "p95": 0.26606172214723955, "p99": 0.31874615663779726, "p99.9": 0.5388512407682724, "max": 1.2245860265751254}, "time_per_output_token": {"mean": 0.05708945529684459, "min": 0.025245508748113175, "p0.1": 0.02530123932633376, "p1": 0.025442657010875985, "p5": 0.02666121875489203, "p10": 0.03372967008795442, "p25": 0.04085912455398472, "median": 0.051663904102940486, "p75": 0.07605620467842508, "p90": 0.08680432140760565, "p95": 0.08989799739592082, "p99": 0.0931820066285168, "p99.9": 0.09644673548460364, "max": 0.09682206482557149}, "time_to_first_token": {"mean": 38.25743567757236, "min": 0.07012602797476575, "p0.1": 0.0738559059991967, "p1": 0.08166907932201867, "p5": 0.099217243201565, "p10": 0.11488766051479615, "p25": 0.16547585825901479, "median": 0.3328188525047153, "p75": 61.77912686901982, "p90": 162.2948554814735, "p95": 164.60279697681835, "p99": 166.54894931653283, "p99.9": 166.90085813792342, "max": 166.96290899295127}, "inter_token_latency": {"mean": 0.05708945529684458, "min": 2.0599691197276115e-06, "p0.1": 4.697998519986868e-06, "p1": 1.3086013495922089e-05, "p5": 1.7644953913986683e-05, "p10": 2.2149004507809877e-05, "p25": 3.199197817593813e-05, "median": 0.00021630499395541847, "p75": 0.06043226928159129, "p90": 0.10001891638385137, "p95": 0.13139033516345072, "p99": 0.20380936201778208, "p99.9": 0.658435762515184, "max": 108.47117683303077}}, "throughput": {"input_tokens_per_sec": 48251.118056184365, "output_tokens_per_sec": 4952.261653395075, "total_tokens_per_sec": 53203.379709579436, "requests_per_sec": 5.133835709788127}, "prompt_len": {"mean": 9398.648648648648, "min": 9338.0, "p0.1": 9338.0, "p1": 9357.0, "p5": 9366.0, "p10": 9371.0, "p25": 9384.0, "median": 9397.0, "p75": 9412.75, "p90": 9426.0, "p95": 9434.0, "p99": 9466.04, "p99.9": 9470.0, "max": 9470.0}, "output_len": {"mean": 964.6318918918919, "min": 131.0, "p0.1": 208.49, "p1": 730.98, "p5": 801.45, "p10": 868.8, "p25": 969.25, "median": 1000.0, "p75": 1001.0, "p90": 1001.0, "p95": 1001.0, "p99": 1002.0, "p99.9": 1069.211000000018, "max": 1372.0}}, "failures": {"count": 550, "request_latency": {"mean": 210.2469407466256, "min": 0.012519057025201619, "p0.1": 0.013867111161351205, "p1": 0.0565134801552631, "p5": 0.059083414718043056, "p10": 0.060703204723540696, "p25": 3.011514689264004, "median": 300.3106575209822, "p75": 300.6195679564844, "p90": 300.8259685150755, "p95": 300.9306699886016, "p99": 300.98863295534215, "p99.9": 300.99592690641595, "max": 300.9973268239992}, "prompt_len": {"mean": 2648.489090909091, "min": 0.0, "p0.1": 0.0, "p1": 0.0, "p5": 0.0, "p10": 0.0, "p25": 0.0, "median": 0.0, "p75": 9372.75, "p90": 9407.2, "p95": 9424.0, "p99": 9436.59, "p99.9": 9448.0, "max": 9448.0}}}