{"load_summary": {"count": 600, "schedule_delay": {"mean": 0.0010675567845464685, "min": -0.0005837507778778672, "p0.1": -0.0004665396015625447, "p1": -0.00019375474425032733, "p5": 2.49819131568075e-06, "p10": 0.00019760526483878497, "p25": 0.0005305052909534425, "median": 0.0009350072068627924, "p75": 0.0012975981226190925, "p90": 0.0016015846689697356, "p95": 0.0017800736794015377, "p99": 0.002161332702962681, "p99.9": 0.03282443285954825, "max": 0.04841585096437484}, "send_duration": 59.92916903697187, "requested_rate": 10.0, "achieved_rate": 10.011819113157474}, "successes": {"count": 600, "latency": {"request_latency": {"mean": 39.04576340539303, "min": 30.454179622000083, "p0.1": 30.47150707411271, "p1": 30.74091445776634, "p5": 32.15287914795044, "p10": 34.02701517880778, "p25": 37.03364325824077, "median": 39.969591725996, "p75": 41.73735104924708, "p90": 42.564849991508524, "p95": 43.16819080943242, "p99": 43.415561450719835, "p99.9": 43.45211774072767, "max": 43.45800959097687}, "normalized_time_per_output_token": {"mean": 0.04053904486751562, "min": 0.030454179622000085, "p0.1": 0.030477935460034352, "p1": 0.030932004652688628, "p5": 0.0325443385539685, "p10": 0.03425623061687431, "p25": 0.03743981083116651, "median": 0.040912835191816446, "p75": 0.0427673924195924, "p90": 0.046183928110677015, "p95": 0.04973173336474891, "p99": 0.054574071463626805, "p99.9": 0.06415322163270507, "max": 0.07352601600790759}, "time_per_output_token": {"mean": 0.019427749714811218, "min": 0.015156839395813209, "p0.1": 0.015160820512651888, "p1": 0.015291982324503798, "p5": 0.016000575356035975, "p10": 0.016926011911292362, "p25": 0.018428707459130146, "median": 0.01989680626110217, "p75": 0.020776859676049534, "p90": 0.02118059800884422, "p95": 0.021474641939283463, "p99": 0.021600661651540974, "p99.9": 0.021614494504872506, "max": 0.021617301171900343}, "time_to_first_token": {"mean": 0.11587386099767173, "min": 0.0649538379511796, "p0.1": 0.06659288886684225, "p1": 0.07261324714752845, "p5": 0.08022370859689545, "p10": 0.08702234574593604, "p25": 0.09795968349499162, "median": 0.11223573950701393, "p75": 0.1306621137628099, "p90": 0.14138266713125633, "p95": 0.15247252269764427, "p99": 0.18219466211216054, "p99.9": 0.42090624816593586, "max": 0.43006204400444403}, "inter_token_latency": {"mean": 0.019427749714811218, "min": 2.1180021576583385e-06, "p0.1": 3.5612008650787173e-06, "p1": 1.2413016520440578e-05, "p5": 1.7163984011858702e-05, "p10": 2.16140178963542e-05, "p25": 3.372602805029601e-05, "median": 0.0001957769854925573, "p75": 0.04071331176965032, "p90": 0.04251520539401099, "p95": 0.04382851604314055, "p99": 0.055154925683164054, "p99.9": 0.08834665022004659, "max": 0.33259224897483364}}, "throughput": {"input_tokens_per_sec": 58760.64490666966, "output_tokens_per_sec": 6056.157590371381, "total_tokens_per_sec": 64816.80249704104, "requests_per_sec": 6.251893970773}, "prompt_len": {"mean": 9398.855, "min": 9338.0, "p0.1": 9338.0, "p1": 9350.0, "p5": 9366.0, "p10": 9371.9, "p25": 9385.0, "median": 9397.0, "p75": 9413.0, "p90": 9427.0, "p95": 9434.0, "p99": 9464.0, "p99.9": 9470.0, "max": 9470.0}, "output_len": {"mean": 968.6916666666667, "min": 509.0, "p0.1": 636.587, "p1": 750.97, "p5": 817.7, "p10": 867.0, "p25": 975.0, "median": 1000.0, "p75": 1001.0, "p90": 1001.0, "p95": 1001.0, "p99": 1002.0, "p99.9": 1033.4760000000051, "max": 1079.0}}, "failures": {"count": 0, "request_latency": null, "prompt_len": null}}