{"load_summary": {"count": 4200, "schedule_delay": {"mean": 0.0009063014065586252, "min": -0.0009034580434672534, "p0.1": -0.0005267333933734335, "p1": -0.0003113524569198489, "p5": -1.1458279914222653e-05, "p10": 0.00017815124592743815, "p25": 0.00050453090807423, "median": 0.0008836210472509265, "p75": 0.001252462636330165, "p90": 0.0015700367919635027, "p95": 0.0017359936842694876, "p99": 0.0020702937792520986, "p99.9": 0.003342633739579635, "max": 0.053650092566385865}, "send_duration": 59.99914767395239, "requested_rate": 70.0, "achieved_rate": 70.00099439451468}, "successes": {"count": 2462, "latency": {"request_latency": {"mean": 172.3006870553918, "min": 46.26340528903529, "p0.1": 46.679288641970835, "p1": 50.28167395442666, "p5": 80.14965594337555, "p10": 99.1358995956718, "p25": 123.44498238476808, "median": 154.30407146399375, "p75": 237.0482369980018, "p90": 265.64142511963144, "p95": 281.9643248343898, "p99": 296.72799852513356, "p99.9": 299.47902201016154, "max": 299.95581330603454}, "normalized_time_per_output_token": {"mean": 0.18126064850067164, "min": 0.04647539482013761, "p0.1": 0.0468502397960268, "p1": 0.05046133970269865, "p5": 0.081941987485066, "p10": 0.10154551407260068, "p25": 0.1262098791144855, "median": 0.16159521575842534, "p75": 0.24284956035690478, "p90": 0.27927612542297686, "p95": 0.295409710989477, "p99": 0.33238663226338083, "p99.9": 0.4124307251460182, "max": 3.5621374982089713}, "time_per_output_token": {"mean": 0.07790522601520093, "min": 0.02309478544008645, "p0.1": 0.02322115573536514, "p1": 0.024671424864878687, "p5": 0.03846159734820977, "p10": 0.04616260795611661, "p25": 0.058464925606697936, "median": 0.07585324003348191, "p75": 0.08880610782845955, "p90": 0.1209941162960633, "p95": 0.12714435805000734, "p99": 0.14594122643908292, "p99.9": 0.14917694193440506, "max": 0.14956793835930488}, "time_to_first_token": {"mean": 16.358558603436165, "min": 0.07522594399051741, "p0.1": 0.08195674652524758, "p1": 0.09316440662310925, "p5": 0.11999231479130686, "p10": 0.1436873874044977, "p25": 0.1999718042643508, "median": 0.3062789610121399, "p75": 0.5463167647394584, "p90": 93.13506731400267, "p95": 98.4027124858956, "p99": 167.22086500207485, "p99.9": 168.26069596910622, "max": 168.3796474900446}, "inter_token_latency": {"mean": 0.07790684539243717, "min": 2.186046913266182e-06, "p0.1": 5.446288618259132e-06, "p1": 1.324701588600874e-05, "p5": 1.7904967535287142e-05, "p10": 2.257997402921319e-05, "p25": 3.212899900972843e-05, "median": 0.00023075749049894512, "p75": 0.08644480723887682, "p90": 0.1453562646871432, "p95": 0.16944093631173002, "p99": 0.2716878585494122, "p99.9": 0.7361638473005738, "max": 140.82807735103415}}, "throughput": {"input_tokens_per_sec": 64212.70979369146, "output_tokens_per_sec": 6582.36145729376, "total_tokens_per_sec": 70795.07125098522, "requests_per_sec": 6.832629404941282}, "prompt_len": {"mean": 9397.950040617385, "min": 9338.0, "p0.1": 9338.0, "p1": 9350.0, "p5": 9366.0, "p10": 9369.0, "p25": 9384.0, "median": 9396.0, "p75": 9412.0, "p90": 9426.0, "p95": 9434.0, "p99": 9464.0, "p99.9": 9470.0, "max": 9470.0}, "output_len": {"mean": 963.3716490658002, "min": 43.0, "p0.1": 509.844, "p1": 741.22, "p5": 800.0, "p10": 857.1, "p25": 967.0, "median": 1000.0, "p75": 1001.0, "p90": 1001.0, "p95": 1001.0, "p99": 1002.0, "p99.9": 1134.241000000004, "max": 1247.0}}, "failures": {"count": 1738, "request_latency": {"mean": 300.50593420477253, "min": 300.00362844596384, "p0.1": 300.0053920742997, "p1": 300.0159895919706, "p5": 300.05146785745166, "p10": 300.1019858510932, "p25": 300.23902773800364, "median": 300.51692372601246, "p75": 300.7646227660007, "p90": 300.9022296633804, "p95": 300.95826059989923, "p99": 300.9919834705052, "p99.9": 301.00091040135374, "max": 301.00096216704696}, "prompt_len": {"mean": 0.0, "min": 0.0, "p0.1": 0.0, "p1": 0.0, "p5": 0.0, "p10": 0.0, "p25": 0.0, "median": 0.0, "p75": 0.0, "p90": 0.0, "p95": 0.0, "p99": 0.0, "p99.9": 0.0, "max": 0.0}}}