{"load_summary": {"count": 300, "schedule_delay": {"mean": 0.0011131672978323575, "min": -0.00034606014378368855, "p0.1": -0.00032386757869971915, "p1": -0.0001139709400013089, "p5": 0.00015405722078867262, "p10": 0.000296967092435807, "p25": 0.0005621138989226893, "median": 0.0009317059884779155, "p75": 0.001283274032175541, "p90": 0.001648399769328535, "p95": 0.0017736614798195664, "p99": 0.0021755762014072366, "p99.9": 0.032258973795920964, "max": 0.037082744180224836}, "send_duration": 59.721700498019345, "requested_rate": 5.0, "achieved_rate": 5.023299696731667}, "successes": {"count": 300, "latency": {"request_latency": {"mean": 30.50878736539744, "min": 26.51081253698794, "p0.1": 26.525977469549865, "p1": 26.861158334292703, "p5": 27.617870234293513, "p10": 27.97344050942338, "p25": 29.035817894982756, "median": 30.840249646484153, "p75": 31.96188072800578, "p90": 32.65451119448407, "p95": 32.77443039988284, "p99": 32.87753415723913, "p99.9": 32.931313835319834, "max": 32.93672846100526}, "normalized_time_per_output_token": {"mean": 0.03185335674790896, "min": 0.026834873756236555, "p0.1": 0.026851417874289955, "p1": 0.026960022844930744, "p5": 0.02775921873953203, "p10": 0.02844134991934, "p25": 0.02967782951750119, "median": 0.031328383789221315, "p75": 0.03270173751087493, "p90": 0.034482638492417964, "p95": 0.038733629525821184, "p99": 0.04300626986472682, "p99.9": 0.06810792081572338, "max": 0.07141050438094639}, "time_per_output_token": {"mean": 0.01516497619474731, "min": 0.013175957605212708, "p0.1": 0.013184687920015837, "p1": 0.013344369296860151, "p5": 0.013697643995019798, "p10": 0.013909136298008898, "p25": 0.014432332169295448, "median": 0.015330785619678964, "p75": 0.015882234637940435, "p90": 0.01623794892157925, "p95": 0.016289944017908644, "p99": 0.016353696672778657, "p99.9": 0.01637834497171354, "max": 0.01637884245377089}, "time_to_first_token": {"mean": 0.1101137564201296, "min": 0.06672078603878617, "p0.1": 0.06732067959744018, "p1": 0.07081815143174026, "p5": 0.07483604864683002, "p10": 0.07915414006565698, "p25": 0.08899354074674193, "median": 0.09879572250065394, "p75": 0.11108189300284721, "p90": 0.12214788578567096, "p95": 0.17807389174413404, "p99": 0.31814746502612146, "p99.9": 0.8782194747179196, "max": 0.9221468250034377}, "inter_token_latency": {"mean": 0.015164976194747309, "min": 2.134998794645071e-06, "p0.1": 3.894881112501025e-06, "p1": 1.3992015738040209e-05, "p5": 1.9282926223240794e-05, "p10": 2.5272020138800144e-05, "p25": 3.9071994251571596e-05, "median": 0.0001691934885457158, "p75": 0.030832225005724467, "p90": 0.03210796809871681, "p95": 0.032594296734896486, "p99": 0.03575850457244088, "p99.9": 0.10503116496518511, "max": 0.5834045690135099}}, "throughput": {"input_tokens_per_sec": 31763.614653883797, "output_tokens_per_sec": 3264.3699655872992, "total_tokens_per_sec": 35027.98461947109, "requests_per_sec": 3.3794398939772234}, "prompt_len": {"mean": 9399.076666666666, "min": 9338.0, "p0.1": 9340.99, "p1": 9353.96, "p5": 9366.95, "p10": 9372.0, "p25": 9386.0, "median": 9397.0, "p75": 9413.0, "p90": 9427.0, "p95": 9434.05, "p99": 9458.06, "p99.9": 9469.402, "max": 9470.0}, "output_len": {"mean": 965.95, "min": 441.0, "p0.1": 467.312, "p1": 671.93, "p5": 806.8, "p10": 868.7, "p25": 977.0, "median": 1000.0, "p75": 1001.0, "p90": 1001.0, "p95": 1001.0, "p99": 1002.0, "p99.9": 1003.701, "max": 1004.0}}, "failures": {"count": 0, "request_latency": null, "prompt_len": null}}