{"load_summary": {"count": 22725, "schedule_delay": {"mean": 0.0010201540942369408, "min": -0.0016060714260675013, "p0.1": -0.0006413109826389701, "p1": -0.0003025245596654713, "p5": 2.4999608285725193e-06, "p10": 0.00019902191124856474, "p25": 0.0005282071651890874, "median": 0.0009143506176769733, "p75": 0.0012901698937639594, "p90": 0.0016355239087715745, "p95": 0.001843670615926385, "p99": 0.002325448107440024, "p99.9": 0.04645894137606964, "max": 0.1405541830463335}}, "successes": {"count": 15663, "latency": {"request_latency": {"mean": 124.29505786912026, "min": 24.29928838601336, "p0.1": 24.784373453104635, "p1": 28.184897595570657, "p5": 35.409230224101336, "p10": 41.76189929598477, "p25": 70.87128556353855, "median": 102.22178751596948, "p75": 168.2634964605095, "p90": 243.61680379719473, "p95": 262.4865130438993, "p99": 293.2970884621725, "p99.9": 299.4203930750077, "max": 300.0242092979606}, "normalized_time_per_output_token": {"mean": 0.13021614882344562, "min": 0.02429928838601336, "p0.1": 0.02489068878025049, "p1": 0.029090674244113796, "p5": 0.0362207225584539, "p10": 0.043345880369781764, "p25": 0.07257766029478108, "median": 0.10914479396402506, "p75": 0.1744551704210575, "p90": 0.25117396347504645, "p95": 0.27502892851463256, "p99": 0.31826665197049886, "p99.9": 0.39113702929211186, "max": 3.5621374982089713}, "time_per_output_token": {"mean": 0.05557518040509898, "min": 0.012078952277864635, "p0.1": 0.012307841762564371, "p1": 0.014022290583384963, "p5": 0.01756775809119098, "p10": 0.020624818920233715, "p25": 0.033884703186643744, "median": 0.04819354053424054, "p75": 0.07482176481584168, "p90": 0.09502405423778876, "p95": 0.12024866620285855, "p99": 0.14092053525117412, "p99.9": 0.1490435806363214, "max": 0.14969875981360078}, "time_to_first_token": {"mean": 13.035390471155049, "min": 0.0649538379511796, "p0.1": 0.07074947795132175, "p1": 0.07744256600970402, "p5": 0.09068262588116341, "p10": 0.1012654904043302, "p25": 0.13129237649263814, "median": 0.20167036697966978, "p75": 0.3575500724837184, "p90": 59.88902235561986, "p95": 103.27596067661652, "p99": 165.54514764426273, "p99.9": 199.41991916107943, "max": 200.26087858201936}, "inter_token_latency": {"mean": 0.055575579597249306, "min": 2.0479783415794373e-06, "p0.1": 4.704996361397207e-06, "p1": 1.2920994777232409e-05, "p5": 1.7615966498851776e-05, "p10": 2.219300949946046e-05, "p25": 3.2172014471143484e-05, "median": 0.00022024597274139524, "p75": 0.06895216752309352, "p90": 0.10781350978650153, "p95": 0.1447989076783415, "p99": 0.23410262234625437, "p99.9": 0.6304176609672222, "max": 168.73345055698883}}, "throughput": {"input_tokens_per_sec": 57110.22592128401, "output_tokens_per_sec": 5859.054436978765, "total_tokens_per_sec": 62969.28035826277, "requests_per_sec": 6.0765682688404405}, "prompt_len": {"mean": 9398.43401647194, "min": 9338.0, "p0.1": 9338.0, "p1": 9350.0, "p5": 9366.0, "p10": 9371.0, "p25": 9384.0, "median": 9397.0, "p75": 9412.0, "p90": 9427.0, "p95": 9434.0, "p99": 9464.0, "p99.9": 9470.0, "max": 9470.0}, "output_len": {"mean": 964.204494668965, "min": 43.0, "p0.1": 334.55, "p1": 741.0, "p5": 802.0, "p10": 861.0, "p25": 968.0, "median": 1000.0, "p75": 1001.0, "p90": 1001.0, "p95": 1001.0, "p99": 1002.0, "p99.9": 1039.0140000000047, "max": 1372.0}}, "failures": {"count": 7062, "request_latency": {"mean": 283.3968299682861, "min": 0.012519057025201619, "p0.1": 0.057248662002501075, "p1": 0.06135812346008606, "p5": 174.56127412395435, "p10": 197.07344275357318, "p25": 300.1645735222264, "median": 300.44040363898966, "p75": 300.7238356404705, "p90": 300.8895279425371, "p95": 300.9480428525887, "p99": 300.9921582784498, "p99.9": 301.0008755017451, "max": 301.02822356298566}, "prompt_len": {"mean": 206.2686207873124, "min": 0.0, "p0.1": 0.0, "p1": 0.0, "p5": 0.0, "p10": 0.0, "p25": 0.0, "median": 0.0, "p75": 0.0, "p90": 0.0, "p95": 0.0, "p99": 9398.0, "p99.9": 9432.0, "max": 9448.0}}}