{"load_summary": {"count": 735, "schedule_delay": {"mean": 0.0007205416692332143, "min": -0.0007360717281699181, "p0.1": -0.0007022722661495209, "p1": -0.0005794566264376044, "p5": -0.000200429349206388, "p10": -1.4580716378986811e-05, "p25": 0.0003444867325015366, "median": 0.0007091363659128547, "p75": 0.0010742296581156552, "p90": 0.0014169682748615743, "p95": 0.0016310814535245297, "p99": 0.0020838667382486165, "p99.9": 0.00288405743101619, "max": 0.0035812142305076122}, "send_duration": 21.356303457985632, "requested_rate": 35.0, "achieved_rate": 34.41606837278602}, "successes": {"count": 735, "latency": {"request_latency": {"mean": 41.43898506439212, "min": 36.25678717496339, "p0.1": 36.26359302628576, "p1": 36.537350670543965, "p5": 37.5425000596093, "p10": 38.13673662783113, "p25": 39.41263166553108, "median": 41.214207172975875, "p75": 42.864935904042795, "p90": 45.673294608551075, "p95": 47.643612683727405, "p99": 48.76324993357295, "p99.9": 51.34801489001259, "max": 51.64973007701337}, "normalized_time_per_output_token": {"mean": 0.09919474318430742, "min": 0.019218471564824004, "p0.1": 0.03180467290106077, "p1": 0.036577311179342216, "p5": 0.03778810823100557, "p10": 0.038422702652987445, "p25": 0.039698986254679006, "median": 0.04159498004645474, "p75": 0.04363719082936594, "p90": 0.0487731523343595, "p95": 0.08395280384262013, "p99": 1.3045826301989416, "p99.9": 5.944461368873378, "max": 7.11896645349528}, "time_per_output_token": {"mean": 0.020599654362988138, "min": 0.01803454073411978, "p0.1": 0.01804394919194094, "p1": 0.018180179748521732, "p5": 0.01862648494449374, "p10": 0.018969924029717776, "p25": 0.01959511485408181, "median": 0.02050934052475305, "p75": 0.021278530213647222, "p90": 0.02274096439281169, "p95": 0.023685543808167096, "p99": 0.024198402767781745, "p99.9": 0.025585199250104985, "max": 0.025725258484264945}, "time_to_first_token": {"mean": 0.17046878773079185, "min": 0.07012985192704946, "p0.1": 0.07321193490130827, "p1": 0.07844342739786953, "p5": 0.08509510790463537, "p10": 0.09034130098298192, "p25": 0.10241465753642842, "median": 0.12269488908350468, "p75": 0.16891844605561346, "p90": 0.3129306465620176, "p95": 0.43090710177784725, "p99": 0.7816351578547619, "p99.9": 1.101972566216726, "max": 1.1741858159657568}, "inter_token_latency": {"mean": 0.020599654362988138, "min": 2.1189916878938675e-06, "p0.1": 3.1959498301148415e-06, "p1": 1.1930009350180626e-05, "p5": 1.759465085342526e-05, "p10": 2.194510307163e-05, "p25": 3.023503813892603e-05, "median": 0.0001306389458477497, "p75": 0.042231308994814754, "p90": 0.04517594056669623, "p95": 0.04641234590671957, "p99": 0.05128289060899987, "p99.9": 0.1768929616990509, "max": 17.958275184966624}}, "throughput": {"input_tokens_per_sec": 76361.5823616995, "output_tokens_per_sec": 9473.742386987917, "total_tokens_per_sec": 85835.32474868742, "requests_per_sec": 10.073069462736095}, "prompt_len": {"mean": 7580.765986394558, "min": 7501.0, "p0.1": 7506.138, "p1": 7516.68, "p5": 7535.7, "p10": 7545.0, "p25": 7561.0, "median": 7580.0, "p75": 7599.0, "p90": 7616.0, "p95": 7634.0, "p99": 7661.98, "p99.9": 7667.798000000001, "max": 7670.0}, "output_len": {"mean": 940.5020408163265, "min": 6.0, "p0.1": 6.734, "p1": 33.0, "p5": 466.6000000000001, "p10": 955.0, "p25": 991.0, "median": 997.0, "p75": 1000.0, "p90": 1000.0, "p95": 1000.0, "p99": 1000.66, "p99.9": 1268.1380000000759, "max": 1997.0}}, "failures": {"count": 0, "request_latency": null, "prompt_len": null}}