{"load_summary": {"count": 300, "schedule_delay": {"mean": 0.0014482153110050907, "min": -0.0006658859783783555, "p0.1": -0.0006347923522116617, "p1": -0.0004448947787750512, "p5": 7.63719843234867e-05, "p10": 0.00032626186730340124, "p25": 0.000713858607923612, "median": 0.0011266708024777472, "p75": 0.0017476687207818031, "p90": 0.0029802257078699814, "p95": 0.004144961555721238, "p99": 0.006598752737045286, "p99.9": 0.0074975837430684015, "max": 0.0076570139499381185}, "send_duration": 19.319556116010062, "requested_rate": 15.0, "achieved_rate": 15.528307079032258}, "successes": {"count": 300, "latency": {"request_latency": {"mean": 29.667435904705588, "min": 26.338429852039553, "p0.1": 26.38223474416742, "p1": 26.684787319819442, "p5": 27.167684315057706, "p10": 27.492769048095216, "p25": 28.973981371265836, "median": 29.991452857968397, "p75": 30.683262360282242, "p90": 31.166555740241893, "p95": 31.39225003865431, "p99": 31.49951823892421, "p99.9": 31.51814759978175, "max": 31.522436462924816}, "normalized_time_per_output_token": {"mean": 0.05113006421714561, "min": 0.026338429852039554, "p0.1": 0.02638223474416742, "p1": 0.026684787319819443, "p5": 0.027286535012250535, "p10": 0.02768688248145029, "p25": 0.02925185372918606, "median": 0.030181904572462934, "p75": 0.031169637876790758, "p90": 0.03169657767255818, "p95": 0.0405598093735481, "p99": 0.7907972618200821, "p99.9": 1.5574301768913483, "max": 1.8320078407619695}, "time_per_output_token": {"mean": 0.01470777155548844, "min": 0.013021831374861178, "p0.1": 0.013043755319583215, "p1": 0.013203944394189022, "p5": 0.013466757658912313, "p10": 0.013640738827466588, "p25": 0.01437528924574947, "median": 0.01487404341654813, "p75": 0.0151962316634143, "p90": 0.015478222818956987, "p95": 0.015586702834796984, "p99": 0.015641344077553535, "p99.9": 0.01564996381034062, "max": 0.01565031244330851}, "time_to_first_token": {"mean": 0.133172693879654, "min": 0.0626880619674921, "p0.1": 0.06276524942263495, "p1": 0.06560158970300108, "p5": 0.07230610550614074, "p10": 0.07888424308039248, "p25": 0.08379952251561917, "median": 0.09542513795895502, "p75": 0.17424726200988516, "p90": 0.20944718429818762, "p95": 0.2911135636677501, "p99": 0.4426825169241056, "p99.9": 0.4599724282084499, "max": 0.4610629209782928}, "inter_token_latency": {"mean": 0.014707771555488441, "min": 2.3120082914829254e-06, "p0.1": 2.6229536160826683e-06, "p1": 1.0231033666059375e-05, "p5": 1.9598053768277168e-05, "p10": 2.6277871802449228e-05, "p25": 4.304302274249494e-05, "median": 0.0005330514977686107, "p75": 0.027871947531821206, "p90": 0.03274073789361864, "p95": 0.034972509462386364, "p99": 0.039562462083995345, "p99.9": 0.13005652566941558, "max": 0.30521614709869027}}, "throughput": {"input_tokens_per_sec": 46254.383899535045, "output_tokens_per_sec": 5809.330734132273, "total_tokens_per_sec": 52063.71463366732, "requests_per_sec": 6.102003144975796}, "prompt_len": {"mean": 7580.196666666667, "min": 7508.0, "p0.1": 7508.897, "p1": 7515.96, "p5": 7534.0, "p10": 7543.0, "p25": 7560.0, "median": 7580.0, "p75": 7601.0, "p90": 7619.0, "p95": 7630.0, "p99": 7651.05, "p99.9": 7669.103, "max": 7670.0}, "output_len": {"mean": 952.0366666666666, "min": 17.0, "p0.1": 22.083, "p1": 35.980000000000004, "p5": 737.85, "p10": 956.7, "p25": 993.0, "median": 997.0, "p75": 1000.0, "p90": 1000.0, "p95": 1000.0, "p99": 1001.0, "p99.9": 1012.9170000000004, "max": 1018.0}}, "failures": {"count": 0, "request_latency": null, "prompt_len": null}}