{"load_summary": {"count": 1500, "schedule_delay": {"mean": 0.0007054719796093802, "min": -0.0010203320998698473, "p0.1": -0.0007707202837336809, "p1": -0.0004931515362113715, "p5": -0.00020620895666070282, "p10": -2.8189434669911837e-05, "p25": 0.00031024753116071224, "median": 0.0006749187596142292, "p75": 0.0010912430880125612, "p90": 0.0014436368015594786, "p95": 0.0016555034788325422, "p99": 0.0021989838476292787, "p99.9": 0.002649456973071228, "max": 0.004233106621541083}, "send_duration": 25.14735969202593, "requested_rate": 60.0, "achieved_rate": 59.64840915190157}, "successes": {"count": 1500, "latency": {"request_latency": {"mean": 68.91249586234575, "min": 49.310833411989734, "p0.1": 49.383068899727895, "p1": 50.53151196307154, "p5": 52.47800122894114, "p10": 53.80497690035263, "p25": 57.61837602427113, "median": 67.683084445016, "p75": 81.50681220172555, "p90": 85.19602392414818, "p95": 92.1612439817225, "p99": 102.88487430721172, "p99.9": 105.07558282785678, "max": 105.12560469203163}, "normalized_time_per_output_token": {"mean": 0.17757053462475525, "min": 0.026697625483987988, "p0.1": 0.03943670785737353, "p1": 0.05064815990514205, "p5": 0.052854076209675985, "p10": 0.0544930651840277, "p25": 0.05847513632205362, "median": 0.07123614282003837, "p75": 0.08351794672415194, "p90": 0.09355709590194748, "p95": 0.3174262859982575, "p99": 2.4616899284189864, "p99.9": 12.469461812994288, "max": 26.21987580502173}, "time_per_output_token": {"mean": 0.03428024588823561, "min": 0.024520127463265266, "p0.1": 0.024534511608882342, "p1": 0.025091349413796007, "p5": 0.026020752187019616, "p10": 0.026736495438285976, "p25": 0.028701870033997105, "median": 0.03363175194751567, "p75": 0.0406124791376548, "p90": 0.042445429159781674, "p95": 0.04580768548768827, "p99": 0.04824452884092719, "p99.9": 0.05232389006497408, "max": 0.052375175121441846}, "time_to_first_token": {"mean": 0.26846752198622564, "min": 0.06746163708157837, "p0.1": 0.07212319265119732, "p1": 0.08012820796109736, "p5": 0.08938601959962397, "p10": 0.09743441094178706, "p25": 0.1139423567801714, "median": 0.13955383049324155, "p75": 0.1703597475134302, "p90": 0.2626944549032487, "p95": 0.49029794838279434, "p99": 1.0020760812808294, "p99.9": 43.8918281175386, "max": 43.93939656903967}, "inter_token_latency": {"mean": 0.03428024588823561, "min": 2.2070016711950302e-06, "p0.1": 3.656546003185213e-06, "p1": 1.2382972054183485e-05, "p5": 1.8422957509756088e-05, "p10": 2.2845924831926823e-05, "p25": 3.1384057365357876e-05, "median": 0.0001525679836049676, "p75": 0.04877534825936891, "p90": 0.06364445223007352, "p95": 0.07098787597496993, "p99": 0.11617107449565048, "p99.9": 0.5895340847315966, "max": 43.74846425000578}}, "throughput": {"input_tokens_per_sec": 87376.32203143809, "output_tokens_per_sec": 10747.033251218627, "total_tokens_per_sec": 98123.35528265672, "requests_per_sec": 11.526130517412616}, "prompt_len": {"mean": 7580.716, "min": 7501.0, "p0.1": 7504.493, "p1": 7516.0, "p5": 7535.0, "p10": 7544.9, "p25": 7561.0, "median": 7580.0, "p75": 7599.0, "p90": 7616.0, "p95": 7634.0, "p99": 7663.0, "p99.9": 7668.503000000001, "max": 7670.0}, "output_len": {"mean": 932.406, "min": 2.0, "p0.1": 10.487000000000002, "p1": 33.0, "p5": 218.6500000000001, "p10": 915.9, "p25": 991.0, "median": 997.0, "p75": 1000.0, "p90": 1000.0, "p95": 1000.0, "p99": 1000.01, "p99.9": 1503.9900000002017, "max": 1998.0}}, "failures": {"count": 0, "request_latency": null, "prompt_len": null}}