{"load_summary": {"count": 760, "schedule_delay": {"mean": 0.0023706159343036184, "min": -0.0005525527521967888, "p0.1": -0.000534155477071181, "p1": -0.0002904316526837647, "p5": 0.00017016229103319346, "p10": 0.0003886897582560778, "p25": 0.0008083548163995147, "median": 0.0013819902669638395, "p75": 0.002536185027565807, "p90": 0.005597871483769268, "p95": 0.006933056330308318, "p99": 0.010384023574879386, "p99.9": 0.04383102039935912, "max": 0.14413725608028471}, "send_duration": 39.40371396508999, "requested_rate": 20.0, "achieved_rate": 19.287522000421777}, "successes": {"count": 760, "latency": {"request_latency": {"mean": 40.81394048714076, "min": 32.96723768406082, "p0.1": 32.99609254373086, "p1": 33.63103483128128, "p5": 35.53442157946993, "p10": 36.51065735011362, "p25": 38.58609587626415, "median": 41.04486308200285, "p75": 42.987564027978806, "p90": 44.60919876015978, "p95": 45.291693653096445, "p99": 46.75306235621334, "p99.9": 46.91854454916216, "max": 47.00456516596023}, "normalized_time_per_output_token": {"mean": 0.1483312942076769, "min": 0.022213655102030355, "p0.1": 0.022352923295250387, "p1": 0.03374803766518423, "p5": 0.03565784577333294, "p10": 0.03694436188578209, "p25": 0.0390885128340587, "median": 0.041849780265550154, "p75": 0.044286702594184685, "p90": 0.0522401342605732, "p95": 0.9997096014006512, "p99": 1.32732758365863, "p99.9": 13.337778203395978, "max": 20.221930702973623}, "time_per_output_token": {"mean": 0.02024981266979757, "min": 0.016380232011981733, "p0.1": 0.01639299346133473, "p1": 0.01667893470773452, "p5": 0.01753688900941994, "p10": 0.01811593523887133, "p25": 0.019148479962159112, "median": 0.02036073307746087, "p75": 0.02136314843429254, "p90": 0.022142242307353278, "p95": 0.022458424397813124, "p99": 0.023234790528644814, "p99.9": 0.023298402444190718, "max": 0.02332712002545372}, "time_to_first_token": {"mean": 0.17816653609349342, "min": 0.06109195598401129, "p0.1": 0.06348267088585999, "p1": 0.0712830101675354, "p5": 0.07963722225395031, "p10": 0.08499336659442633, "p25": 0.10100906350999139, "median": 0.1869593010051176, "p75": 0.21640003527863882, "p90": 0.2883788699982688, "p95": 0.32505709254182874, "p99": 0.45567448182729997, "p99.9": 0.5610718992293132, "max": 0.5754113500006497}, "inter_token_latency": {"mean": 0.02024981266979757, "min": 2.2939639165997505e-06, "p0.1": 2.5830231606960297e-06, "p1": 4.299101419746876e-06, "p5": 1.699104905128479e-05, "p10": 2.3431028239428997e-05, "p25": 3.753768396563828e-05, "median": 0.00017924746498465538, "p75": 0.03895274570095353, "p90": 0.0424261060426943, "p95": 0.0469095730339177, "p99": 0.1331745912367478, "p99.9": 0.2218203975067018, "max": 0.5126125250244513}}, "throughput": {"input_tokens_per_sec": 75652.6015881513, "output_tokens_per_sec": 9133.433845540907, "total_tokens_per_sec": 84786.0354336922, "requests_per_sec": 9.979527035735106}, "prompt_len": {"mean": 7580.780263157894, "min": 7501.0, "p0.1": 7506.313, "p1": 7517.18, "p5": 7535.0, "p10": 7545.0, "p25": 7561.0, "median": 7580.0, "p75": 7599.0, "p90": 7616.0, "p95": 7634.0, "p99": 7661.23, "p99.9": 7667.723, "max": 7670.0}, "output_len": {"mean": 915.2171052631579, "min": 2.0, "p0.1": 3.518, "p1": 33.0, "p5": 39.95, "p10": 797.6, "p25": 990.0, "median": 997.0, "p75": 1000.0, "p90": 1000.0, "p95": 1000.0, "p99": 1001.0, "p99.9": 1998.241, "max": 1999.0}}, "failures": {"count": 0, "request_latency": null, "prompt_len": null}}