{"load_summary": {"count": 200, "schedule_delay": {"mean": 0.0013986227905843406, "min": -0.00025962607469409704, "p0.1": -0.0002457181622739881, "p1": -0.00016108458978123964, "p5": 6.66385400108993e-05, "p10": 0.00030260436469689014, "p25": 0.0006467947096098214, "median": 0.0010506659746170044, "p75": 0.0017635082767810673, "p90": 0.003005310031585395, "p95": 0.0041339387069456255, "p99": 0.004965849638683715, "p99.9": 0.007870045778690882, "max": 0.008415144868195057}, "send_duration": 19.864652282907628, "requested_rate": 10.0, "achieved_rate": 10.068134954070569}, "successes": {"count": 200, "latency": {"request_latency": {"mean": 27.628459978865575, "min": 25.41533617908135, "p0.1": 25.429039482429275, "p1": 25.612573563084005, "p5": 25.99780129576102, "p10": 26.277677110594233, "p25": 26.75534121549572, "median": 27.322784131974913, "p75": 28.523159208736615, "p90": 29.215633297688328, "p95": 29.233412126544863, "p99": 29.402382788137764, "p99.9": 29.430645483446774, "max": 29.433222025982104}, "normalized_time_per_output_token": {"mean": 0.03867019191659849, "min": 0.025613870296045206, "p0.1": 0.025623147339325397, "p1": 0.025663810354243217, "p5": 0.026061483493086096, "p10": 0.026528860575776633, "p25": 0.026960724647603063, "median": 0.02792827428252271, "p75": 0.02893221441545569, "p90": 0.0296473476825009, "p95": 0.0433508129636342, "p99": 0.22733135227896126, "p99.9": 0.7948565886576937, "max": 0.8956294051240548}, "time_per_output_token": {"mean": 0.01368135701792729, "min": 0.012568967818547374, "p0.1": 0.012577620642185889, "p1": 0.01265123932743501, "p5": 0.012833769272231888, "p10": 0.012994667511330504, "p25": 0.0132525450677169, "median": 0.013516096382787956, "p75": 0.014133979481716371, "p90": 0.014498033038944867, "p95": 0.014508979942838451, "p99": 0.014589227929401016, "p99.9": 0.014601468672186821, "max": 0.014602746650193078}, "time_to_first_token": {"mean": 0.15741107958136127, "min": 0.06088000407908112, "p0.1": 0.06122264762176201, "p1": 0.06367418219801038, "p5": 0.06936311065801419, "p10": 0.07899782173335552, "p25": 0.09762178230448626, "median": 0.16268376348307356, "p75": 0.17850687823374756, "p90": 0.22800935159903019, "p95": 0.2848859900259413, "p99": 0.3785278179403394, "p99.9": 0.42679784663219567, "max": 0.43845880206208676}, "inter_token_latency": {"mean": 0.013681357017927291, "min": 2.2940803319215775e-06, "p0.1": 2.743094228208065e-06, "p1": 1.3197994558140636e-05, "p5": 2.1005980670452118e-05, "p10": 2.8914900030940772e-05, "p25": 4.5172986574471e-05, "median": 0.0007909904234111309, "p75": 0.02609543176367879, "p90": 0.02929163097869605, "p95": 0.03170856653014198, "p99": 0.03609784085652793, "p99.9": 0.11764173369808172, "max": 0.292505017016083}}, "throughput": {"input_tokens_per_sec": 32718.264851140884, "output_tokens_per_sec": 4095.7768261353863, "total_tokens_per_sec": 36814.04167727627, "requests_per_sec": 4.315909805779152}, "prompt_len": {"mean": 7580.85, "min": 7516.0, "p0.1": 7516.398, "p1": 7521.96, "p5": 7534.95, "p10": 7542.9, "p25": 7559.0, "median": 7580.5, "p75": 7602.5, "p90": 7616.3, "p95": 7631.3, "p99": 7656.11, "p99.9": 7669.403, "max": 7670.0}, "output_len": {"mean": 948.995, "min": 32.0, "p0.1": 40.557, "p1": 124.5, "p5": 629.6500000000002, "p10": 970.9, "p25": 991.0, "median": 997.0, "p75": 1000.0, "p90": 1000.0, "p95": 1000.0, "p99": 1000.01, "p99.9": 1001.0, "max": 1001.0}}, "failures": {"count": 0, "request_latency": null, "prompt_len": null}}