{"load_summary": {"count": 60, "schedule_delay": {"mean": 0.001334717982293417, "min": 5.557551048696041e-06, "p0.1": 1.2152654235251248e-05, "p1": 7.150858291424811e-05, "p5": 0.00022581192315556108, "p10": 0.00043282954720780253, "p25": 0.0007840139733161777, "median": 0.0012714977492578328, "p75": 0.0015968378575053066, "p90": 0.0022294973256066445, "p95": 0.0024243173422291873, "p99": 0.005563651117263348, "p99.9": 0.007828204650315498, "max": 0.008079821709543467}, "send_duration": 20.78228332498111, "requested_rate": 3.0, "achieved_rate": 2.887074488484029}, "successes": {"count": 60, "latency": {"request_latency": {"mean": 26.115743645917004, "min": 23.29747563402634, "p0.1": 23.358840849153115, "p1": 23.911127785294084, "p5": 24.40122475201497, "p10": 24.480159843491855, "p25": 25.099380866478896, "median": 25.448414737009443, "p75": 27.670392727013677, "p90": 28.30875795292668, "p95": 28.543672451592283, "p99": 28.684600421751384, "p99.9": 28.71306755160331, "max": 28.7162305660313}, "normalized_time_per_output_token": {"mean": 0.04455568794447973, "min": 0.02329747563402634, "p0.1": 0.02336163835905364, "p1": 0.023939102884299353, "p5": 0.02440399773529498, "p10": 0.024599082989281103, "p25": 0.02523377656582619, "median": 0.02572031934836011, "p75": 0.02817074451250422, "p90": 0.03455264388661231, "p95": 0.08431931019899165, "p99": 0.4334558698125955, "p99.9": 0.7056959695035885, "max": 0.7359448694692486}, "time_per_output_token": {"mean": 0.012929320801578896, "min": 0.011530358079953054, "p0.1": 0.011560731475411073, "p1": 0.01183409203453325, "p5": 0.012066587947718244, "p10": 0.0121192293984095, "p25": 0.01241761706186808, "median": 0.012591777907328159, "p75": 0.013709913644432227, "p90": 0.014031181468967877, "p95": 0.014142800562329468, "p99": 0.014223013165021043, "p99.9": 0.014241404878116141, "max": 0.014243448401793375}, "time_to_first_token": {"mean": 0.16285949394029256, "min": 0.13594677695073187, "p0.1": 0.1360419705627719, "p1": 0.13689871307113208, "p5": 0.1389933409402147, "p10": 0.141932551888749, "p25": 0.14849501446587965, "median": 0.15862807800294831, "p75": 0.1717065662087407, "p90": 0.1746521423687227, "p95": 0.202877705375431, "p99": 0.2592206248268485, "p99.9": 0.2646036320151762, "max": 0.2652017439249903}, "inter_token_latency": {"mean": 0.012929320801578896, "min": 2.4311011657118797e-06, "p0.1": 3.810219233855605e-06, "p1": 1.6353045357391238e-05, "p5": 2.5188468862324962e-05, "p10": 3.8958038203418255e-05, "p25": 4.885750240646303e-05, "median": 0.001289474021177739, "p75": 0.025147512031253427, "p90": 0.027283482719212774, "p95": 0.02872170517221093, "p99": 0.03229920672019944, "p99.9": 0.10268755914585272, "max": 0.3730533130001277}}, "throughput": {"input_tokens_per_sec": 9803.476025496993, "output_tokens_per_sec": 1199.496701683669, "total_tokens_per_sec": 11002.972727180662, "requests_per_sec": 1.2931184796072326}, "prompt_len": {"mean": 7581.266666666666, "min": 7516.0, "p0.1": 7516.118, "p1": 7517.18, "p5": 7541.75, "p10": 7544.0, "p25": 7562.75, "median": 7582.5, "p75": 7599.5, "p90": 7612.1, "p95": 7614.85, "p99": 7653.43, "p99.9": 7665.643, "max": 7667.0}, "output_len": {"mean": 927.6, "min": 34.0, "p0.1": 39.369, "p1": 87.69, "p5": 300.85, "p10": 819.1, "p25": 993.75, "median": 998.0, "p75": 1000.0, "p90": 1000.0, "p95": 1000.0, "p99": 1000.0, "p99.9": 1000.0, "max": 1000.0}}, "failures": {"count": 0, "request_latency": null, "prompt_len": null}}