{"load_summary": {"count": 750, "schedule_delay": {"mean": 0.002088775487616658, "min": -0.0003047371283173561, "p0.1": -0.0002561423532897606, "p1": -0.00011834470904432236, "p5": 0.0002063573163468391, "p10": 0.000433104345574975, "p25": 0.0007996494823601097, "median": 0.0013520768843591213, "p75": 0.0021264433744363487, "p90": 0.0037144805071875455, "p95": 0.0051331710594240566, "p99": 0.008762382457498458, "p99.9": 0.10553623814462305, "max": 0.15146133955568075}, "send_duration": 52.760312833008356, "requested_rate": 15.0, "achieved_rate": 14.215230345085798}, "successes": {"count": 750, "latency": {"request_latency": {"mean": 42.79965402853101, "min": 31.69930196099449, "p0.1": 31.85319781729486, "p1": 33.37041796077392, "p5": 34.9263337219425, "p10": 36.20881381910294, "p25": 39.607850989705184, "median": 43.192519231990445, "p75": 46.25526388094295, "p90": 48.62164608987514, "p95": 49.66438368410454, "p99": 50.925871767541395, "p99.9": 51.11699149462441, "max": 51.11952605005354}, "normalized_time_per_output_token": {"mean": 0.08536858554318932, "min": 0.01902316125161506, "p0.1": 0.020194071253138747, "p1": 0.03332264723552317, "p5": 0.03513918467608779, "p10": 0.03648639487853203, "p25": 0.0400521120310622, "median": 0.04377831349947031, "p75": 0.0477562703169533, "p90": 0.05062873186661371, "p95": 0.09041778707488454, "p99": 1.3263222631953249, "p99.9": 1.5119640020171574, "max": 1.5396785571232834}, "time_per_output_token": {"mean": 0.020977403529091766, "min": 0.015697233949502606, "p0.1": 0.01574238731044527, "p1": 0.016470904995193138, "p5": 0.017297288896112206, "p10": 0.017897327208723026, "p25": 0.01961158163918146, "median": 0.02126967938030897, "p75": 0.022460464895943756, "p90": 0.023515726022223574, "p95": 0.024101159135362007, "p99": 0.024665111049849503, "p99.9": 0.02502519137165972, "max": 0.025192380335339267}, "time_to_first_token": {"mean": 0.7090655719709272, "min": 0.14879129000473768, "p0.1": 0.1508026276306482, "p1": 0.16145365225151181, "p5": 0.17252781450515614, "p10": 0.1790688939159736, "p25": 0.19604539347346872, "median": 0.2260591484955512, "p75": 0.6836828109517228, "p90": 2.0556573354406282, "p95": 2.790029767906524, "p99": 4.825228371516567, "p99.9": 6.780142428874892, "max": 7.102075301925652}, "inter_token_latency": {"mean": 0.020977403529091766, "min": 2.276967279613018e-06, "p0.1": 2.5460030883550644e-06, "p1": 4.254505038261413e-06, "p5": 1.7276965081691742e-05, "p10": 2.3917993530631065e-05, "p25": 3.878193092532456e-05, "median": 0.00018746795831248164, "p75": 0.03777786248247139, "p90": 0.04245625424664468, "p95": 0.04739745186525397, "p99": 0.1347950364847202, "p99.9": 0.5298518892914357, "max": 2.460327483015135}}, "throughput": {"input_tokens_per_sec": 64312.88799278405, "output_tokens_per_sec": 7995.299507886702, "total_tokens_per_sec": 72308.18750067076, "requests_per_sec": 8.483748499849362}, "prompt_len": {"mean": 7580.716, "min": 7501.0, "p0.1": 7506.243, "p1": 7516.98, "p5": 7535.0, "p10": 7544.9, "p25": 7561.0, "median": 7580.0, "p75": 7599.0, "p90": 7616.0, "p95": 7633.1, "p99": 7661.53, "p99.9": 7667.753000000001, "max": 7670.0}, "output_len": {"mean": 942.4253333333334, "min": 32.0, "p0.1": 32.749, "p1": 33.49, "p5": 441.70000000000005, "p10": 939.7, "p25": 991.0, "median": 997.0, "p75": 1000.0, "p90": 1000.0, "p95": 1000.0, "p99": 1000.51, "p99.9": 1999.0, "max": 1999.0}}, "failures": {"count": 0, "request_latency": null, "prompt_len": null}}