{"load_summary": {"count": 1485, "schedule_delay": {"mean": 0.0007203543595562027, "min": -0.001225639134645462, "p0.1": -0.0010875234180130065, "p1": -0.0005048095062375068, "p5": -0.00021114323753863571, "p10": -1.2486707419156829e-07, "p25": 0.00034280866384506226, "median": 0.0007028813706710935, "p75": 0.0010870954720303416, "p90": 0.0014413667842745781, "p95": 0.001660549035295844, "p99": 0.0023429209832102073, "p99.9": 0.00325933059630916, "max": 0.003509547794237733}, "send_duration": 26.363416742067784, "requested_rate": 55.0, "achieved_rate": 56.32805544625798}, "successes": {"count": 1485, "latency": {"request_latency": {"mean": 67.94594618229756, "min": 49.378023590077646, "p0.1": 49.622923111319075, "p1": 50.8134744079737, "p5": 52.247758681001145, "p10": 53.64890320482664, "p25": 57.224085267982446, "median": 66.57593871396966, "p75": 80.07623124297243, "p90": 83.79568361325656, "p95": 90.66077830346767, "p99": 92.88182276814739, "p99.9": 102.05917697129867, "max": 102.21658850600943}, "normalized_time_per_output_token": {"mean": 0.14483823067573803, "min": 0.025272989339682517, "p0.1": 0.03348456127580983, "p1": 0.050722339207437225, "p5": 0.05256936666066039, "p10": 0.054006909637385976, "p25": 0.058047721053014985, "median": 0.06932398844308671, "p75": 0.0819301539619919, "p90": 0.09201928763922769, "p95": 0.2397872474818668, "p99": 2.201431706463779, "p99.9": 2.775940909780337, "max": 12.103748874505982}, "time_per_output_token": {"mean": 0.03369782468009458, "min": 0.024621171439808888, "p0.1": 0.024738328950637406, "p1": 0.025243172231497992, "p5": 0.025920782147928596, "p10": 0.02661012172892593, "p25": 0.028494142198891865, "median": 0.032749589838574865, "p75": 0.039798105258898604, "p90": 0.041725764476772356, "p95": 0.04490168970457554, "p99": 0.0458669794381767, "p99.9": 0.04974795982264787, "max": 0.049921613954031364}, "time_to_first_token": {"mean": 0.4680342273364119, "min": 0.06093661894556135, "p0.1": 0.06293237425712869, "p1": 0.08111493115313351, "p5": 0.09366262860130518, "p10": 0.10009190863929689, "p25": 0.11764742608647794, "median": 0.14255325903650373, "p75": 0.17335786193143576, "p90": 0.31064360891468834, "p95": 0.5546435105614363, "p99": 1.1365195091255011, "p99.9": 42.29463290866884, "max": 42.444922249997035}, "inter_token_latency": {"mean": 0.03369782468009458, "min": 2.1120067685842514e-06, "p0.1": 3.6440324038267136e-06, "p1": 1.2374017387628555e-05, "p5": 1.8420047126710415e-05, "p10": 2.278899773955345e-05, "p25": 3.13029158860445e-05, "median": 0.0001596570946276188, "p75": 0.04843159194570035, "p90": 0.062285069213248806, "p95": 0.0701004459755495, "p99": 0.11194316899869611, "p99.9": 0.6130815491075648, "max": 42.06350890803151}}, "throughput": {"input_tokens_per_sec": 87641.34439222052, "output_tokens_per_sec": 10852.987026309362, "total_tokens_per_sec": 98494.33141852988, "requests_per_sec": 11.56105285611664}, "prompt_len": {"mean": 7580.740740740741, "min": 7501.0, "p0.1": 7504.388, "p1": 7516.0, "p5": 7535.0, "p10": 7545.0, "p25": 7561.0, "median": 7580.0, "p75": 7599.0, "p90": 7616.0, "p95": 7634.0, "p99": 7663.0, "p99.9": 7668.548000000001, "max": 7670.0}, "output_len": {"mean": 938.7542087542088, "min": 6.0, "p0.1": 29.936, "p1": 33.0, "p5": 277.40000000000003, "p10": 943.0, "p25": 990.0, "median": 997.0, "p75": 1000.0, "p90": 1000.0, "p95": 1000.0, "p99": 1000.0, "p99.9": 1999.0, "max": 1999.0}}, "failures": {"count": 0, "request_latency": null, "prompt_len": null}}