{"load_summary": {"count": 748, "schedule_delay": {"mean": 0.0014766494830370568, "min": -0.0005843965336680412, "p0.1": -0.0005581831561867148, "p1": -0.0003066680254414678, "p5": 3.661857917904854e-05, "p10": 0.00020832489244639873, "p25": 0.0005898310337215662, "median": 0.0010729074710980058, "p75": 0.0017322626372333616, "p90": 0.003341496025677775, "p95": 0.004628629318904126, "p99": 0.008626259191660206, "p99.9": 0.009611318196402872, "max": 0.009780724998563528}, "send_duration": 34.29936399694998, "requested_rate": 22.0, "achieved_rate": 21.807984546492314}, "successes": {"count": 748, "latency": {"request_latency": {"mean": 39.032866750636984, "min": 32.14589897694532, "p0.1": 32.215247539925386, "p1": 33.26145834024413, "p5": 34.89935943869641, "p10": 35.72550878027687, "p25": 37.1394867564959, "median": 38.75928181299241, "p75": 40.223145842930535, "p90": 42.902565228578176, "p95": 46.464968910947206, "p99": 47.60137243840261, "p99.9": 47.915025633939194, "max": 47.92452539806254}, "normalized_time_per_output_token": {"mean": 0.07642211389120036, "min": 0.022337884316360718, "p0.1": 0.029664471267817412, "p1": 0.03331442598979749, "p5": 0.03501930359327527, "p10": 0.03602123953701244, "p25": 0.037332301321241226, "median": 0.039242586399952414, "p75": 0.040823202931799, "p90": 0.0467556108448769, "p95": 0.06969516432577866, "p99": 1.17744970730527, "p99.9": 1.4513728371748473, "max": 2.008612671530021}, "time_per_output_token": {"mean": 0.01939401918953529, "min": 0.0159838276666597, "p0.1": 0.01602022209986921, "p1": 0.01653323862107244, "p5": 0.01735601116887011, "p10": 0.017715820327066287, "p25": 0.01845641893592476, "median": 0.019237062188887225, "p75": 0.01999799936122239, "p90": 0.021361373654229972, "p95": 0.023095059997101, "p99": 0.02363440145818651, "p99.9": 0.02382507915407258, "max": 0.02383901942430575}, "time_to_first_token": {"mean": 0.17300190592998949, "min": 0.06287330307532102, "p0.1": 0.06393874015659094, "p1": 0.06871366978855803, "p5": 0.0942575082241092, "p10": 0.10129560347413644, "p25": 0.11617501871660352, "median": 0.14054687094176188, "p75": 0.18339331744937226, "p90": 0.2747329195844942, "p95": 0.3669526725949253, "p99": 0.616801491548536, "p99.9": 0.9689515289323186, "max": 0.9950769179267809}, "inter_token_latency": {"mean": 0.01939401918953529, "min": 2.1900050342082977e-06, "p0.1": 3.053923137485981e-06, "p1": 1.2435950338840485e-05, "p5": 1.925008837133646e-05, "p10": 2.4197041057050228e-05, "p25": 3.455893602222204e-05, "median": 0.00025178748182952404, "p75": 0.03920613674563356, "p90": 0.043544657516758886, "p95": 0.04593682329868897, "p99": 0.06380067306687125, "p99.9": 0.13673428245832894, "max": 7.667875371989794}}, "throughput": {"input_tokens_per_sec": 72885.12610622366, "output_tokens_per_sec": 9118.05561663502, "total_tokens_per_sec": 82003.18172285867, "requests_per_sec": 9.614405739688229}, "prompt_len": {"mean": 7580.82486631016, "min": 7501.0, "p0.1": 7506.229, "p1": 7516.94, "p5": 7535.35, "p10": 7545.0, "p25": 7561.0, "median": 7580.0, "p75": 7599.0, "p90": 7616.0, "p95": 7633.3, "p99": 7661.59, "p99.9": 7667.759, "max": 7670.0}, "output_len": {"mean": 948.3743315508021, "min": 19.0, "p0.1": 28.711, "p1": 33.0, "p5": 545.1, "p10": 969.0, "p25": 993.0, "median": 998.0, "p75": 1000.0, "p90": 1000.0, "p95": 1000.0, "p99": 1000.53, "p99.9": 1253.2410000000427, "max": 1998.0}}, "failures": {"count": 0, "request_latency": null, "prompt_len": null}}