{"load_summary": {"count": 1470, "schedule_delay": {"mean": 0.0006963392428984093, "min": -0.0013494687154889107, "p0.1": -0.0008797350645763799, "p1": -0.0005196084780618548, "p5": -0.00022502432693727312, "p10": -1.3667647726833812e-05, "p25": 0.00032308840309269726, "median": 0.0006770806503482163, "p75": 0.0010558321082498878, "p90": 0.0014142033061943949, "p95": 0.0016359676490537822, "p99": 0.0020898848806973546, "p99.9": 0.0024973348098574224, "max": 0.0026813941076397896}, "send_duration": 29.83725860400591, "requested_rate": 49.0, "achieved_rate": 49.26726075976161}, "successes": {"count": 1470, "latency": {"request_latency": {"mean": 65.70978873457196, "min": 47.817116859019734, "p0.1": 48.04551526010013, "p1": 49.350992436057425, "p5": 50.8305755296722, "p10": 52.412393295846414, "p25": 56.095799763454124, "median": 63.56506917544175, "p75": 76.87473516218597, "p90": 79.82879042734858, "p95": 88.4439363355923, "p99": 90.27221417682013, "p99.9": 96.99859219376782, "max": 98.16262212197762}, "normalized_time_per_output_token": {"mean": 0.16141494737128345, "min": 0.02918356937968245, "p0.1": 0.03246277362061, "p1": 0.04949712290916023, "p5": 0.05127035790256545, "p10": 0.05287103415405256, "p25": 0.056973496261515266, "median": 0.06697754974203418, "p75": 0.07877796277325963, "p90": 0.08994548775959993, "p95": 0.26597705693783646, "p99": 2.083033416113998, "p99.9": 5.406678371305999, "max": 30.06648376164958}, "time_per_output_token": {"mean": 0.032453650497632866, "min": 0.0238413588310974, "p0.1": 0.02394498056335625, "p1": 0.024326360478199836, "p5": 0.025154048344492728, "p10": 0.02586085902220839, "p25": 0.027829477012592963, "median": 0.030897582082186306, "p75": 0.03789721884618587, "p90": 0.039622490732094694, "p95": 0.04231295424162061, "p99": 0.04495081143036751, "p99.9": 0.04502877581988365, "max": 0.04504168853824628}, "time_to_first_token": {"mean": 0.7215986096954328, "min": 0.061348309041932225, "p0.1": 0.06173017713881564, "p1": 0.07651813397766091, "p5": 0.08992324600694701, "p10": 0.09842025293037296, "p25": 0.11457972001517192, "median": 0.14031075104139745, "p75": 0.17098428029567003, "p90": 0.32035974586615407, "p95": 0.5558775214187335, "p99": 37.50643121769303, "p99.9": 39.62868586506661, "max": 39.814337324001826}, "inter_token_latency": {"mean": 0.03245365049763286, "min": 2.1460000425577164e-06, "p0.1": 3.7100398913025856e-06, "p1": 1.2270989827811718e-05, "p5": 1.812400296330452e-05, "p10": 2.253800630569458e-05, "p25": 3.105195355601609e-05, "median": 0.0001546430867165327, "p75": 0.04728761423029937, "p90": 0.05972283713053912, "p95": 0.0684496928588487, "p99": 0.10822179320617603, "p99.9": 0.49732977718790417, "max": 39.49016251205467}}, "throughput": {"input_tokens_per_sec": 87098.42915580148, "output_tokens_per_sec": 10763.596586129275, "total_tokens_per_sec": 97862.02574193076, "requests_per_sec": 11.489456690474643}, "prompt_len": {"mean": 7580.7265306122445, "min": 7501.0, "p0.1": 7504.283, "p1": 7516.0, "p5": 7535.0, "p10": 7544.0, "p25": 7561.0, "median": 7580.0, "p75": 7599.0, "p90": 7616.0, "p95": 7634.0, "p99": 7663.0, "p99.9": 7668.593000000001, "max": 7670.0}, "output_len": {"mean": 936.8238095238095, "min": 3.0, "p0.1": 16.035, "p1": 33.0, "p5": 261.20000000000005, "p10": 925.7, "p25": 990.0, "median": 997.0, "p75": 1000.0, "p90": 1000.0, "p95": 1000.0, "p99": 1000.0, "p99.9": 1998.0620000000004, "max": 1999.0}}, "failures": {"count": 0, "request_latency": null, "prompt_len": null}}