{"load_summary": {"count": 1508, "schedule_delay": {"mean": 0.0006873751881647242, "min": -0.0011626245686784387, "p0.1": -0.0007169802874559537, "p1": -0.000490266828564927, "p5": -0.00021182887721806759, "p10": -1.691984944045542e-05, "p25": 0.0002956730895675719, "median": 0.0006589569384232163, "p75": 0.0010673406068235636, "p90": 0.001431037310976535, "p95": 0.001624422601889819, "p99": 0.0020216154353693136, "p99.9": 0.002889097454957758, "max": 0.004562414833344519}, "send_duration": 28.893953535007313, "requested_rate": 52.0, "achieved_rate": 52.1908501781502}, "successes": {"count": 1508, "latency": {"request_latency": {"mean": 66.82974672503344, "min": 47.82594059605617, "p0.1": 47.84210974319757, "p1": 48.4903529965796, "p5": 50.24451037904946, "p10": 51.73111484190449, "p25": 56.16668692577514, "median": 64.20416254294105, "p75": 79.72473710248596, "p90": 82.9285046367324, "p95": 90.20422122548915, "p99": 99.18674083833471, "p99.9": 101.460026356032, "max": 101.53751680604182}, "normalized_time_per_output_token": {"mean": 0.14249234913132094, "min": 0.0254368003821881, "p0.1": 0.04445753794557867, "p1": 0.04858212721101241, "p5": 0.0506700512199049, "p10": 0.052188270885419816, "p25": 0.057006858229515185, "median": 0.06848805896895747, "p75": 0.08139545894498587, "p90": 0.09103979775148793, "p95": 0.11993386483994387, "p99": 2.3151488738856387, "p99.9": 8.29985841738277, "max": 15.354323381604626}, "time_per_output_token": {"mean": 0.033013733831190724, "min": 0.023764593904532644, "p0.1": 0.02376486304198732, "p1": 0.024106983046361205, "p5": 0.024844575922244226, "p10": 0.025563041558247183, "p25": 0.027950615539126027, "median": 0.03125726068390651, "p75": 0.03887177579720022, "p90": 0.041230544561911414, "p95": 0.04297492018706666, "p99": 0.04575375337536023, "p99.9": 0.04583291624347935, "max": 0.045865832903093824}, "time_to_first_token": {"mean": 0.7207772898403138, "min": 0.06286552594974637, "p0.1": 0.07104334282677155, "p1": 0.07748808537144214, "p5": 0.08734435106744058, "p10": 0.09454917015973478, "p25": 0.10913851522491314, "median": 0.13685823598643765, "p75": 0.17146108220913447, "p90": 0.27210344130871816, "p95": 0.4721200952713843, "p99": 39.346532814516685, "p99.9": 40.790609444057395, "max": 41.03643472294789}, "inter_token_latency": {"mean": 0.03301373383119072, "min": 2.0549632608890533e-06, "p0.1": 3.70608177036047e-06, "p1": 1.2335083447396755e-05, "p5": 1.8390337936580187e-05, "p10": 2.2677937522530556e-05, "p25": 3.112596459686756e-05, "median": 0.00015904702013358474, "p75": 0.0484651840524748, "p90": 0.06079871953697876, "p95": 0.0697262813046109, "p99": 0.11372744801221436, "p99.9": 0.43021749865102177, "max": 41.232429238036275}}, "throughput": {"input_tokens_per_sec": 87706.60974787103, "output_tokens_per_sec": 10940.007650362782, "total_tokens_per_sec": 98646.61739823381, "requests_per_sec": 11.569615702771426}, "prompt_len": {"mean": 7580.771220159151, "min": 7501.0, "p0.1": 7504.549, "p1": 7516.14, "p5": 7535.0, "p10": 7545.0, "p25": 7561.0, "median": 7580.0, "p75": 7599.0, "p90": 7616.0, "p95": 7634.0, "p99": 7662.79, "p99.9": 7668.479, "max": 7670.0}, "output_len": {"mean": 945.580901856764, "min": 5.0, "p0.1": 16.647000000000002, "p1": 33.0, "p5": 519.45, "p10": 948.0, "p25": 992.0, "median": 997.0, "p75": 1000.0, "p90": 1000.0, "p95": 1000.0, "p99": 1000.0, "p99.9": 1492.5350000001647, "max": 1999.0}}, "failures": {"count": 0, "request_latency": null, "prompt_len": null}}