{"load_summary": {"count": 1548, "schedule_delay": {"mean": 0.0012364712883255057, "min": -0.0011277005542069674, "p0.1": -0.0009193946266314015, "p1": -0.0005098884482868016, "p5": -0.00021179409231990575, "p10": -2.708428073674438e-05, "p25": 0.0003120440524071455, "median": 0.0006841315189376473, "p75": 0.001053133950335905, "p90": 0.001433914224617183, "p95": 0.0016531749337445932, "p99": 0.0023050818382762306, "p99.9": 0.13515427698032065, "max": 0.1397266072453931}, "send_duration": 35.990324216894805, "requested_rate": 43.0, "achieved_rate": 43.01156029245572}, "successes": {"count": 1548, "latency": {"request_latency": {"mean": 65.3990312960316, "min": 45.88627459493, "p0.1": 46.06804986457736, "p1": 47.485597191244594, "p5": 49.01983632323099, "p10": 50.71500396188348, "p25": 55.356448719481705, "median": 63.407682356017176, "p75": 77.34328297706088, "p90": 81.78076621036743, "p95": 88.81385098121827, "p99": 95.3769889765058, "p99.9": 97.87358892717992, "max": 97.91956869291607}, "normalized_time_per_output_token": {"mean": 0.1578507227395426, "min": 0.028046014854354453, "p0.1": 0.04381674011200734, "p1": 0.047554800996499544, "p5": 0.04944822030802339, "p10": 0.05127263783561083, "p25": 0.05618606339896537, "median": 0.06572497713954759, "p75": 0.07964746802102309, "p90": 0.09119888422156218, "p95": 0.29028410548674205, "p99": 2.118312854508689, "p99.9": 8.426264768211297, "max": 21.279839274977956}, "time_per_output_token": {"mean": 0.031376739270613005, "min": 0.019667780675717266, "p0.1": 0.021124465385867715, "p1": 0.021926337235948366, "p5": 0.023347140757982776, "p10": 0.0244348751131919, "p25": 0.026749080488630367, "median": 0.029226828091711538, "p75": 0.03561343417574732, "p90": 0.0398078018025591, "p95": 0.041785562969726756, "p99": 0.04542002309263551, "p99.9": 0.04549156833464233, "max": 0.04550449466566671}, "time_to_first_token": {"mean": 2.5655614464084717, "min": 0.06013782601803541, "p0.1": 0.06062239672301803, "p1": 0.07184714771923609, "p5": 0.0893680837645661, "p10": 0.0975071120657958, "p25": 0.11545002576895058, "median": 0.14618677349062636, "p75": 0.1827924700337462, "p90": 0.5388276733923701, "p95": 32.8353819689888, "p99": 36.271553564238125, "p99.9": 38.23418807418541, "max": 38.29822996107396}, "inter_token_latency": {"mean": 0.031376739270613005, "min": 2.03610397875309e-06, "p0.1": 3.495020791888237e-06, "p1": 1.2121978215873241e-05, "p5": 1.8168939277529716e-05, "p10": 2.2527994588017464e-05, "p25": 3.098498564213514e-05, "median": 0.0001495745382271707, "p75": 0.048500099044758826, "p90": 0.05831056796014309, "p95": 0.06623911260394379, "p99": 0.11325881354627193, "p99.9": 0.427643393377309, "max": 38.2734877980547}}, "throughput": {"input_tokens_per_sec": 87913.65131824919, "output_tokens_per_sec": 10829.581385519927, "total_tokens_per_sec": 98743.23270376911, "requests_per_sec": 11.596902260197393}, "prompt_len": {"mean": 7580.787467700258, "min": 7501.0, "p0.1": 7504.829, "p1": 7516.0, "p5": 7535.0, "p10": 7544.0, "p25": 7561.0, "median": 7580.0, "p75": 7599.0, "p90": 7616.0, "p95": 7633.299999999999, "p99": 7663.0, "p99.9": 7668.359, "max": 7670.0}, "output_len": {"mean": 933.8339793281654, "min": 3.0, "p0.1": 11.564, "p1": 33.0, "p5": 226.90000000000012, "p10": 934.0, "p25": 990.0, "median": 997.0, "p75": 1000.0, "p90": 1000.0, "p95": 1000.0, "p99": 1000.0, "p99.9": 1452.188000000201, "max": 1998.0}}, "failures": {"count": 0, "request_latency": null, "prompt_len": null}}