{"load_summary": {"count": 1482, "schedule_delay": {"mean": 0.0007150466860222973, "min": -0.0011076171649619937, "p0.1": -0.0008564524126704783, "p1": -0.00050582465948537, "p5": -0.00022299629636108876, "p10": -5.599774885922686e-06, "p25": 0.0003307265869807452, "median": 0.0006947161164134741, "p75": 0.0010986170964315534, "p90": 0.0014325883821584286, "p95": 0.0016542045515961945, "p99": 0.00204560480429791, "p99.9": 0.0027533450664487423, "max": 0.003425651928409934}, "send_duration": 26.065694177057594, "requested_rate": 57.0, "achieved_rate": 56.856341133029225}, "successes": {"count": 1482, "latency": {"request_latency": {"mean": 67.63067907802913, "min": 48.55850518599618, "p0.1": 48.67530159343895, "p1": 49.59572968022199, "p5": 51.6877039512794, "p10": 53.136472204921304, "p25": 56.693025715998374, "median": 65.43750017846469, "p75": 79.87928448448656, "p90": 83.34627760795411, "p95": 90.54397346939076, "p99": 94.91782416547203, "p99.9": 102.51382103125148, "max": 102.63585647195578}, "normalized_time_per_output_token": {"mean": 0.15402095543600294, "min": 0.04071597589037238, "p0.1": 0.048675301593438955, "p1": 0.049810928841142646, "p5": 0.05211237119731407, "p10": 0.05389199834872872, "p25": 0.05751686336778221, "median": 0.06910257837981858, "p75": 0.08207019186526304, "p90": 0.09154218568167416, "p95": 0.3045257034550771, "p99": 2.233848436401381, "p99.9": 6.807583443473728, "max": 15.336542491009459}, "time_per_output_token": {"mean": 0.033587361804321626, "min": 0.02416349703649423, "p0.1": 0.024185978759881464, "p1": 0.02467237024486513, "p5": 0.02567116606615259, "p10": 0.02629874282529222, "p25": 0.028211895184440033, "median": 0.03233254717189124, "p75": 0.0397311567061627, "p90": 0.04149854361361334, "p95": 0.04487219178176281, "p99": 0.045747306459894714, "p99.9": 0.05026064970585908, "max": 0.050534376549231506}, "time_to_first_token": {"mean": 0.3744761159330262, "min": 0.06932403100654483, "p0.1": 0.07075218683481216, "p1": 0.07898418094264344, "p5": 0.09103317320696078, "p10": 0.09761679549701512, "p25": 0.1139566038036719, "median": 0.13895939599024132, "p75": 0.170499204978114, "p90": 0.2477505667018705, "p95": 0.5188847481913401, "p99": 1.0349915731011428, "p99.9": 41.912959182968955, "max": 42.028985429904424}, "inter_token_latency": {"mean": 0.03358736180432162, "min": 2.096989192068577e-06, "p0.1": 3.7940313341096043e-06, "p1": 1.2309988960623741e-05, "p5": 1.8275930779054763e-05, "p10": 2.2570020519196987e-05, "p25": 3.105495125055313e-05, "median": 0.00016100745415315032, "p75": 0.04837942004087381, "p90": 0.06258640402229503, "p95": 0.07049643617356195, "p99": 0.1154185619251801, "p99.9": 0.5408764762843502, "max": 41.671063142013736}}, "throughput": {"input_tokens_per_sec": 87303.16132166178, "output_tokens_per_sec": 10785.619402635706, "total_tokens_per_sec": 98088.78072429748, "requests_per_sec": 11.516480760248479}, "prompt_len": {"mean": 7580.715249662618, "min": 7501.0, "p0.1": 7504.367, "p1": 7516.0, "p5": 7535.0, "p10": 7545.0, "p25": 7561.0, "median": 7580.0, "p75": 7599.0, "p90": 7616.0, "p95": 7634.0, "p99": 7663.0, "p99.9": 7668.557000000001, "max": 7670.0}, "output_len": {"mean": 936.5377867746289, "min": 5.0, "p0.1": 11.772000000000002, "p1": 33.0, "p5": 178.7499999999999, "p10": 945.1, "p25": 992.0, "median": 997.0, "p75": 1000.0, "p90": 1000.0, "p95": 1000.0, "p99": 1000.0, "p99.9": 1002.0380000000005, "max": 1998.0}}, "failures": {"count": 0, "request_latency": null, "prompt_len": null}}