{"load_summary": {"count": 750, "schedule_delay": {"mean": 0.000692540096739928, "min": -0.0008248444646596909, "p0.1": -0.0007136530420975759, "p1": -0.00043802245636470616, "p5": -9.150792029686271e-05, "p10": 6.237402558326724e-05, "p25": 0.0003622999647632241, "median": 0.0007054450106807053, "p75": 0.0010206805600319058, "p90": 0.001311905705370009, "p95": 0.0015545049274805932, "p99": 0.0018354638956952836, "p99.9": 0.0019478730864357216, "max": 0.001958851469680667}, "send_duration": 28.073299853946082, "requested_rate": 25.0, "achieved_rate": 26.715776339152995}, "successes": {"count": 750, "latency": {"request_latency": {"mean": 40.14318721330057, "min": 34.34641292504966, "p0.1": 34.441447281647356, "p1": 35.17409494405962, "p5": 36.275032715854465, "p10": 37.08215207393514, "p25": 38.13668658226379, "median": 39.6997115444392, "p75": 41.00078634748934, "p90": 44.931441977899524, "p95": 47.66251816698932, "p99": 48.65572927138186, "p99.9": 49.67800382894293, "max": 49.948618629947305}, "normalized_time_per_output_token": {"mean": 0.07899112536504495, "min": 0.018697197930961886, "p0.1": 0.0193052559897254, "p1": 0.03509114840223542, "p5": 0.036353521108450096, "p10": 0.03727881023560946, "p25": 0.03845157546757236, "median": 0.04036022715318065, "p75": 0.04176992416007631, "p90": 0.048753353118754, "p95": 0.1633236062702623, "p99": 1.2054353553148085, "p99.9": 1.472796886168553, "max": 1.4838972083314068}, "time_per_output_token": {"mean": 0.019952336195775737, "min": 0.017077402670696462, "p0.1": 0.01712739665839874, "p1": 0.017502539466211532, "p5": 0.017993834058493856, "p10": 0.018389411106886484, "p25": 0.018977350999248275, "median": 0.019735738449531706, "p75": 0.020398680785760355, "p90": 0.02237683651271974, "p95": 0.02369992679903872, "p99": 0.024200910891509563, "p99.9": 0.02473068994041265, "max": 0.024872136285362383}, "time_to_first_token": {"mean": 0.1693801583237946, "min": 0.07117074204143137, "p0.1": 0.07158490382949821, "p1": 0.07717340274364687, "p5": 0.08525058801751584, "p10": 0.09136139024049043, "p25": 0.103666260256432, "median": 0.1265107459621504, "p75": 0.1705057417275384, "p90": 0.2899157369742172, "p95": 0.412321585859172, "p99": 0.7595215923699999, "p99.9": 1.0602922736851048, "max": 1.0724316469859332}, "inter_token_latency": {"mean": 0.019952336195775737, "min": 2.1299347281455994e-06, "p0.1": 3.117951564490795e-06, "p1": 1.1923955753445625e-05, "p5": 1.7388025298714638e-05, "p10": 2.2032996639609337e-05, "p25": 3.062502946704626e-05, "median": 0.00012773647904396057, "p75": 0.040984608785947785, "p90": 0.04473921492462978, "p95": 0.04639681392582133, "p99": 0.054272111039608745, "p99.9": 0.13276787066378257, "max": 17.16416732792277}}, "throughput": {"input_tokens_per_sec": 73085.1432210132, "output_tokens_per_sec": 9056.02007847585, "total_tokens_per_sec": 82141.16329948905, "requests_per_sec": 9.64092880158196}, "prompt_len": {"mean": 7580.716, "min": 7501.0, "p0.1": 7506.243, "p1": 7516.98, "p5": 7535.0, "p10": 7544.9, "p25": 7561.0, "median": 7580.0, "p75": 7599.0, "p90": 7616.0, "p95": 7633.1, "p99": 7661.53, "p99.9": 7667.753000000001, "max": 7670.0}, "output_len": {"mean": 939.3306666666666, "min": 26.0, "p0.1": 30.494, "p1": 33.0, "p5": 258.70000000000005, "p10": 940.7, "p25": 992.0, "median": 997.0, "p75": 1000.0, "p90": 1000.0, "p95": 1000.0, "p99": 1000.51, "p99.9": 1999.0, "max": 1999.0}}, "failures": {"count": 0, "request_latency": null, "prompt_len": null}}