{"load_summary": {"count": 1520, "schedule_delay": {"mean": 0.0007187806072914483, "min": -0.001169506344012916, "p0.1": -0.0008415470607578754, "p1": -0.0004550793848466128, "p5": -0.00012864519958384333, "p10": 3.802777500823142e-05, "p25": 0.0003441557055339217, "median": 0.0007016582530923188, "p75": 0.0010592984035611153, "p90": 0.0014094195561483503, "p95": 0.0016202522732783108, "p99": 0.002056226447457447, "p99.9": 0.0030694003381068263, "max": 0.003771033720113337}, "send_duration": 38.29052936309017, "requested_rate": 40.0, "achieved_rate": 39.69650002972252}, "successes": {"count": 1520, "latency": {"request_latency": {"mean": 63.83943451691272, "min": 44.993473154027015, "p0.1": 45.06305999645218, "p1": 46.354041884791805, "p5": 48.462324152264046, "p10": 50.214179744001015, "p25": 55.03906645195093, "median": 61.02787321252981, "p75": 74.15501047644648, "p90": 78.47834546940867, "p95": 85.83745290436198, "p99": 89.798627664569, "p99.9": 93.52171320475337, "max": 93.59121794404928}, "normalized_time_per_output_token": {"mean": 0.1522731799591899, "min": 0.032056902117527306, "p0.1": 0.03843721234962426, "p1": 0.046276919651742916, "p5": 0.04869732595558982, "p10": 0.05073854960039887, "p25": 0.05611924232443562, "median": 0.064122161463216, "p75": 0.0768848477702567, "p90": 0.08856243329748976, "p95": 0.4719075063122825, "p99": 2.0745425044364287, "p99.9": 6.225213734748547, "max": 13.449418972246349}, "time_per_output_token": {"mean": 0.03012834520206148, "min": 0.01939439666563359, "p0.1": 0.019395437581172594, "p1": 0.020688294708104068, "p5": 0.022036104076086423, "p10": 0.02331194228860715, "p25": 0.02584420026798706, "median": 0.0288434316581783, "p75": 0.03369683599821688, "p90": 0.03874386750805219, "p95": 0.03946952351439593, "p99": 0.04405991869891455, "p99.9": 0.0441902838208591, "max": 0.044211895259884726}, "time_to_first_token": {"mean": 3.503525133694041, "min": 0.06923568295314908, "p0.1": 0.07222229261428584, "p1": 0.0792580119590275, "p5": 0.08866175222792663, "p10": 0.09597033357713372, "p25": 0.11457009732839651, "median": 0.14457860251422971, "p75": 0.183956391265383, "p90": 24.275394350499887, "p95": 31.919006372574945, "p99": 35.48381347334245, "p99.9": 37.174410516428644, "max": 37.26863928500097}, "inter_token_latency": {"mean": 0.03012834520206148, "min": 2.1149171516299248e-06, "p0.1": 3.6935266107320788e-06, "p1": 1.2091011740267277e-05, "p5": 1.810002140700817e-05, "p10": 2.2458028979599476e-05, "p25": 3.083993215113878e-05, "median": 0.0001558514777570963, "p75": 0.04807371200877242, "p90": 0.05782269606133924, "p95": 0.06488786702975628, "p99": 0.11325312489992943, "p99.9": 0.37497927333635783, "max": 37.298109372961335}}, "throughput": {"input_tokens_per_sec": 87393.30144865002, "output_tokens_per_sec": 10702.754495828465, "total_tokens_per_sec": 98096.05594447849, "requests_per_sec": 11.528318629245131}, "prompt_len": {"mean": 7580.75, "min": 7501.0, "p0.1": 7504.633, "p1": 7516.38, "p5": 7535.0, "p10": 7545.0, "p25": 7561.0, "median": 7580.0, "p75": 7599.0, "p90": 7616.0, "p95": 7634.0, "p99": 7662.43, "p99.9": 7668.443000000001, "max": 7670.0}, "output_len": {"mean": 928.3881578947369, "min": 4.0, "p0.1": 14.861000000000002, "p1": 33.0, "p5": 129.0, "p10": 908.0, "p25": 991.0, "median": 997.0, "p75": 1000.0, "p90": 1000.0, "p95": 1000.0, "p99": 1001.0, "p99.9": 1999.0, "max": 1999.0}}, "failures": {"count": 0, "request_latency": null, "prompt_len": null}}