{"load_summary": {"count": 1518, "schedule_delay": {"mean": 0.0007839949295564023, "min": -0.0008154883980751038, "p0.1": -0.0007027583841700106, "p1": -0.0004967946349643171, "p5": -0.00015260881045833227, "p10": 3.873336827382446e-05, "p25": 0.0003541492042131722, "median": 0.0007007456151768565, "p75": 0.001093959785066545, "p90": 0.0014186944696120917, "p95": 0.0016515580122359094, "p99": 0.002249425278278058, "p99.9": 0.0033407096668379766, "max": 0.08284731372259557}, "send_duration": 32.2882873499766, "requested_rate": 46.0, "achieved_rate": 47.01395225910303}, "successes": {"count": 1518, "latency": {"request_latency": {"mean": 65.81577154297176, "min": 46.81553676899057, "p0.1": 47.11935632523184, "p1": 48.18736707416712, "p5": 49.628470686182844, "p10": 51.539412154746245, "p25": 55.687163991708076, "median": 63.838148106995504, "p75": 78.32829300270532, "p90": 81.37675166003173, "p95": 88.88491224211757, "p99": 96.12143746073006, "p99.9": 99.1968488670563, "max": 99.24547713401262}, "normalized_time_per_output_token": {"mean": 0.16258318947041225, "min": 0.028115210039590093, "p0.1": 0.04399910200614436, "p1": 0.04850357737930197, "p5": 0.05023370060615557, "p10": 0.05202248885759683, "p25": 0.056627936823938525, "median": 0.06610604026800694, "p75": 0.08013151422606142, "p90": 0.09034471958769719, "p95": 0.3122883623150323, "p99": 2.3232129125589727, "p99.9": 4.494899390347611, "max": 13.551224913351083}, "time_per_output_token": {"mean": 0.032248332776237655, "min": 0.02205882587159208, "p0.1": 0.022071042733206966, "p1": 0.02358468507943295, "p5": 0.02448056742612299, "p10": 0.025317362962227346, "p25": 0.02752953246563393, "median": 0.030798181495245273, "p75": 0.03811571528409156, "p90": 0.04038294771905995, "p95": 0.0408651847499631, "p99": 0.04500781353991788, "p99.9": 0.045099108556012416, "max": 0.04512577938530985}, "time_to_first_token": {"mean": 1.2387470842140624, "min": 0.05989270191639662, "p0.1": 0.06204468779684976, "p1": 0.07027220063842833, "p5": 0.08955880600260571, "p10": 0.09632040718570352, "p25": 0.11373121425276622, "median": 0.14505802455823869, "p75": 0.17776846801280044, "p90": 0.3460586582077667, "p95": 0.6102259041857904, "p99": 36.49493287601508, "p99.9": 38.41577411519344, "max": 38.878138073021546}, "inter_token_latency": {"mean": 0.032248332776237655, "min": 2.105953171849251e-06, "p0.1": 3.756023943424225e-06, "p1": 1.2225937098264694e-05, "p5": 1.8152990378439426e-05, "p10": 2.2555934265255928e-05, "p25": 3.106601070612669e-05, "median": 0.00016119994688779116, "p75": 0.048576926259556785, "p90": 0.05901512918062509, "p95": 0.0682345529377926, "p99": 0.11426501063746411, "p99.9": 0.4196240545273871, "max": 38.78375630499795}}, "throughput": {"input_tokens_per_sec": 87568.34666430327, "output_tokens_per_sec": 10770.270093077006, "total_tokens_per_sec": 98338.61675738028, "requests_per_sec": 11.551437989529688}, "prompt_len": {"mean": 7580.731225296443, "min": 7501.0, "p0.1": 7504.619, "p1": 7516.34, "p5": 7535.0, "p10": 7545.0, "p25": 7561.0, "median": 7580.0, "p75": 7599.0, "p90": 7616.0, "p95": 7634.0, "p99": 7662.49, "p99.9": 7668.4490000000005, "max": 7670.0}, "output_len": {"mean": 932.3748353096179, "min": 6.0, "p0.1": 13.0, "p1": 33.0, "p5": 183.2000000000001, "p10": 923.7, "p25": 991.0, "median": 997.0, "p75": 1000.0, "p90": 1000.0, "p95": 1000.0, "p99": 1000.8299999999999, "p99.9": 1483.6190000001734, "max": 1999.0}}, "failures": {"count": 0, "request_latency": null, "prompt_len": null}}