{"load_summary": {"count": 17084, "schedule_delay": {"mean": 0.0009535061007977126, "min": -0.0013494687154889107, "p0.1": -0.0008146461783908308, "p1": -0.000485500170616433, "p5": -0.00016258930554613468, "p10": 3.6670221015811006e-05, "p25": 0.0003709282318595797, "median": 0.0007565519772469997, "p75": 0.0011743539071176201, "p90": 0.0016316841589286925, "p95": 0.00205025731702335, "p99": 0.0052435088332276406, "p99.9": 0.011005678990739443, "max": 0.15146133955568075}}, "successes": {"count": 17084, "latency": {"request_latency": {"mean": 58.53089689285122, "min": 23.29747563402634, "p0.1": 25.175596871361254, "p1": 27.35329800712876, "p5": 36.21560529596754, "p10": 38.57906658615684, "p25": 44.0371180010261, "median": 57.02897040749667, "p75": 71.35554031244828, "p90": 81.50069572802167, "p95": 84.57896144319672, "p99": 92.7924455598113, "p99.9": 102.54686121697222, "max": 105.12560469203163}, "normalized_time_per_output_token": {"mean": 0.13755299233958324, "min": 0.018697197930961886, "p0.1": 0.02455976990137446, "p1": 0.027531775100318484, "p5": 0.03648849832324422, "p10": 0.039009860127696694, "p25": 0.04633267488886749, "median": 0.05832671636373114, "p75": 0.0768553005940048, "p90": 0.08944621261916941, "p95": 0.23233982600706737, "p99": 2.0334536781324655, "p99.9": 6.986154570631351, "max": 30.06648376164958}, "time_per_output_token": {"mean": 0.028747742978209086, "min": 0.011530358079953054, "p0.1": 0.012464845346653533, "p1": 0.013566095659971588, "p5": 0.01796217689019007, "p10": 0.019151488893861087, "p25": 0.021652326096697053, "median": 0.028198202391320756, "p75": 0.034773780956388105, "p90": 0.04042823996678435, "p95": 0.04174625045905678, "p99": 0.045664701760824614, "p99.9": 0.05009010636133249, "max": 0.052375175121441846}, "time_to_first_token": {"mean": 0.9503559813509767, "min": 0.05989270191639662, "p0.1": 0.06270105752814562, "p1": 0.07554551360663027, "p5": 0.08729471660917625, "p10": 0.095029055851046, "p25": 0.11195629427675158, "median": 0.1437775050289929, "p75": 0.18399121571565047, "p90": 0.35270652921171863, "p95": 0.6876540881348772, "p99": 34.28530848865628, "p99.9": 41.77538565810966, "max": 43.93939656903967}, "inter_token_latency": {"mean": 0.028747742978209086, "min": 2.03610397875309e-06, "p0.1": 2.9961420223116863e-06, "p1": 1.19450269266963e-05, "p5": 1.8185004591941833e-05, "p10": 2.2747903130948544e-05, "p25": 3.174401354044676e-05, "median": 0.00017572706565260887, "p75": 0.04523905602400191, "p90": 0.05498242449248209, "p95": 0.06634452514699656, "p99": 0.11190765331033653, "p99.9": 0.37894435639646845, "max": 43.74846425000578}}, "throughput": {"input_tokens_per_sec": 76379.54057093237, "output_tokens_per_sec": 9435.86284054454, "total_tokens_per_sec": 85815.40341147692, "requests_per_sec": 10.075474408929777}, "prompt_len": {"mean": 7580.738878482791, "min": 7501.0, "p0.1": 7501.0, "p1": 7516.0, "p5": 7535.0, "p10": 7544.0, "p25": 7561.0, "median": 7580.0, "p75": 7599.0, "p90": 7616.0, "p95": 7634.0, "p99": 7663.0, "p99.9": 7670.0, "max": 7670.0}, "output_len": {"mean": 936.5179700304378, "min": 2.0, "p0.1": 7.166000000000004, "p1": 33.0, "p5": 240.1500000000001, "p10": 934.0, "p25": 991.0, "median": 997.0, "p75": 1000.0, "p90": 1000.0, "p95": 1000.0, "p99": 1000.1699999999983, "p99.9": 1998.0, "max": 1999.0}}, "failures": {"count": 0, "request_latency": null, "prompt_len": null}}