{"load_summary": {"count": 735, "schedule_delay": {"mean": 0.000800025332592377, "min": -0.0007900684140622616, "p0.1": -0.000685300694545731, "p1": -0.0004049111600033939, "p5": -0.00012060034787282346, "p10": 7.096934132277967e-05, "p25": 0.0004044133238494396, "median": 0.000812594429589808, "p75": 0.001187274174299091, "p90": 0.0014818151947110893, "p95": 0.0016379673150368032, "p99": 0.0021688629733398546, "p99.9": 0.0025194563008844907, "max": 0.002570559154264629}, "send_duration": 20.72166633408051, "requested_rate": 35.0, "achieved_rate": 35.47012041165629}, "successes": {"count": 735, "latency": {"request_latency": {"mean": 41.87895581962804, "min": 36.82225631305482, "p0.1": 36.96617964659468, "p1": 37.34472306175157, "p5": 37.981109323736746, "p10": 38.56780686278362, "p25": 39.387305707496125, "median": 40.271965142921545, "p75": 44.944076944491826, "p90": 47.888081603380854, "p95": 48.367558890092184, "p99": 51.109770271021404, "p99.9": 52.23969663515132, "max": 52.57517713599373}, "normalized_time_per_output_token": {"mean": 0.07206048561049527, "min": 0.01898341378123892, "p0.1": 0.02171823294702269, "p1": 0.03752868229442954, "p5": 0.03819490793645248, "p10": 0.038674158278577946, "p25": 0.039648601017345485, "median": 0.04096106637699995, "p75": 0.04650825433319243, "p90": 0.049352999747114636, "p95": 0.07736830305250274, "p99": 1.2202502308110705, "p99.9": 1.5905117879628758, "max": 1.9137265175443396}, "time_per_output_token": {"mean": 0.02078997212658532, "min": 0.01833210327138455, "p0.1": 0.018399981625194753, "p1": 0.018583786418947246, "p5": 0.018834357096147825, "p10": 0.019094060478871154, "p25": 0.01952891682957307, "median": 0.020052082109453993, "p75": 0.022384127356293054, "p90": 0.023661729167990465, "p95": 0.023879363564325254, "p99": 0.025449462431893246, "p99.9": 0.02602637595552692, "max": 0.026177785011473345}, "time_to_first_token": {"mean": 0.22159712903445497, "min": 0.0728951640194282, "p0.1": 0.07317802268615924, "p1": 0.07669093562755734, "p5": 0.08393270695814863, "p10": 0.08759868398774415, "p25": 0.09871936845593154, "median": 0.12247682095039636, "p75": 0.20492181548615918, "p90": 0.5379248555283994, "p95": 0.8399415893247342, "p99": 1.2018337782891455, "p99.9": 1.4984879417177444, "max": 1.646921262028627}, "inter_token_latency": {"mean": 0.02078997212658532, "min": 2.7579953894019127e-06, "p0.1": 3.4480744507163763e-06, "p1": 1.3365992344915867e-05, "p5": 1.975707709789276e-05, "p10": 2.4975044652819633e-05, "p25": 3.539689350873232e-05, "median": 0.00013526296243071556, "p75": 0.04256135696778074, "p90": 0.04490857040509581, "p95": 0.04659912115894258, "p99": 0.05130513954674818, "p99.9": 0.2143079988975097, "max": 19.416264093015343}}, "throughput": {"input_tokens_per_sec": 76179.78819597539, "output_tokens_per_sec": 9541.686432413631, "total_tokens_per_sec": 85721.47462838901, "requests_per_sec": 10.04730510051979}, "prompt_len": {"mean": 7582.11156462585, "min": 7506.0, "p0.1": 7508.202, "p1": 7516.04, "p5": 7538.7, "p10": 7547.0, "p25": 7563.0, "median": 7581.0, "p75": 7599.0, "p90": 7619.0, "p95": 7632.0, "p99": 7656.32, "p99.9": 7671.3200000000015, "max": 7686.0}, "output_len": {"mean": 949.6761904761905, "min": 22.0, "p0.1": 29.34, "p1": 33.34, "p5": 510.0, "p10": 949.0, "p25": 991.0, "median": 997.0, "p75": 1000.0, "p90": 1000.0, "p95": 1000.0, "p99": 1000.66, "p99.9": 1998.266, "max": 1999.0}}, "failures": {"count": 0, "request_latency": null, "prompt_len": null}}