{"load_summary": {"count": 200, "schedule_delay": {"mean": 0.00083735458960291, "min": -0.00038068497087806463, "p0.1": -0.0003783215325092897, "p1": -0.00022252412163652479, "p5": -5.5505620548501566e-05, "p10": 9.914700640365485e-05, "p25": 0.000491070473799482, "median": 0.0008626012713648379, "p75": 0.0012172873539384454, "p90": 0.0014958226936869323, "p95": 0.0016408730589319018, "p99": 0.002249503054190427, "p99.9": 0.002323632028535941, "max": 0.0023369144182652235}, "send_duration": 22.73167893406935, "requested_rate": 10.0, "achieved_rate": 8.798294247427885}, "successes": {"count": 200, "latency": {"request_latency": {"mean": 27.462980188343792, "min": 25.207743391976692, "p0.1": 25.23873219355836, "p1": 25.386654797863446, "p5": 25.83875328776194, "p10": 26.12322327250149, "p25": 26.426662346260855, "median": 27.340085080009885, "p75": 28.442766916181426, "p90": 29.457828452135438, "p95": 29.55173740183818, "p99": 29.77664722063928, "p99.9": 29.869748243912124, "max": 29.882369297905825}, "normalized_time_per_output_token": {"mean": 0.07998442677633358, "min": 0.025207743391976692, "p0.1": 0.025243393373548053, "p1": 0.025425013493500882, "p5": 0.025999739624827354, "p10": 0.026232987884324013, "p25": 0.026702253540517716, "median": 0.02763390695968859, "p75": 0.029329892768496013, "p90": 0.0299874045855356, "p95": 0.17473706280522303, "p99": 0.8643237992825169, "p99.9": 4.374569391037428, "max": 5.244324203999713}, "time_per_output_token": {"mean": 0.013610554137227608, "min": 0.012489262896509416, "p0.1": 0.012497649306682512, "p1": 0.012577438004833736, "p5": 0.012807865084786813, "p10": 0.012914744753483405, "p25": 0.013082172784704492, "median": 0.013492970315828873, "p75": 0.014067151810816685, "p90": 0.01462392088205929, "p95": 0.014663594382845199, "p99": 0.01477474865899107, "p99.9": 0.014824407707312671, "max": 0.014831183370780376}, "time_to_first_token": {"mean": 0.17499479753198102, "min": 0.06081866298336536, "p0.1": 0.06091568722622469, "p1": 0.061929367543198166, "p5": 0.06624134372104891, "p10": 0.06923026073491201, "p25": 0.0907258780207485, "median": 0.16207479644799605, "p75": 0.17757585700019263, "p90": 0.3048022409901022, "p95": 0.39783990051364515, "p99": 0.6241803568718021, "p99.9": 0.7140467735149445, "max": 0.7297764769755304}, "inter_token_latency": {"mean": 0.013610554137227612, "min": 2.812943421304226e-06, "p0.1": 3.982565249316394e-06, "p1": 1.4560064300894737e-05, "p5": 2.061400446109474e-05, "p10": 2.7035013772547245e-05, "p25": 4.064606036990881e-05, "median": 0.00013236398808658123, "p75": 0.02600239054299891, "p90": 0.027794941619504247, "p95": 0.029176443361211567, "p99": 0.031080533341737465, "p99.9": 0.11359028380189563, "max": 0.47231251292396337}}, "throughput": {"input_tokens_per_sec": 31005.928804015726, "output_tokens_per_sec": 3803.97573625646, "total_tokens_per_sec": 34809.90454027219, "requests_per_sec": 4.088757710814704}, "prompt_len": {"mean": 7583.215, "min": 7506.0, "p0.1": 7509.383, "p1": 7524.98, "p5": 7542.95, "p10": 7550.9, "p25": 7564.0, "median": 7584.5, "p75": 7599.25, "p90": 7616.1, "p95": 7634.15, "p99": 7654.01, "p99.9": 7659.8060000000005, "max": 7661.0}, "output_len": {"mean": 930.35, "min": 5.0, "p0.1": 10.572, "p1": 33.0, "p5": 168.70000000000005, "p10": 916.9, "p25": 993.0, "median": 997.0, "p75": 1000.0, "p90": 1000.0, "p95": 1000.0, "p99": 1000.01, "p99.9": 1001.0, "max": 1001.0}}, "failures": {"count": 0, "request_latency": null, "prompt_len": null}}