{"load_summary": {"count": 1518, "schedule_delay": {"mean": 0.0010377386426436562, "min": -0.000676396768540144, "p0.1": -0.0005669870015699417, "p1": -0.00031775850686244667, "p5": -3.010241780430072e-05, "p10": 0.0001387199852615595, "p25": 0.0004436266899574548, "median": 0.0007887184037826955, "p75": 0.0011590099020395428, "p90": 0.0015073733869940043, "p95": 0.0016965411487035451, "p99": 0.002140059227822348, "p99.9": 0.11662298936303894, "max": 0.12807514262385666}, "send_duration": 34.31551220093388, "requested_rate": 46.0, "achieved_rate": 44.23655375188275}, "successes": {"count": 1518, "latency": {"request_latency": {"mean": 66.37398808870641, "min": 47.24161298503168, "p0.1": 47.63360101282538, "p1": 48.6429827242461, "p5": 50.477434549405004, "p10": 51.93173924919684, "p25": 55.99275907300762, "median": 63.34788722143276, "p75": 77.52175674098544, "p90": 88.6708556411555, "p95": 90.52767888318046, "p99": 96.86463119027671, "p99.9": 97.1829618665213, "max": 97.30695574602578}, "normalized_time_per_output_token": {"mean": 0.16918711691526075, "min": 0.029567294283185327, "p0.1": 0.03392302228192238, "p1": 0.04882232717151731, "p5": 0.05089620246668897, "p10": 0.05259995496128686, "p25": 0.056819650667115466, "median": 0.06696958682296099, "p75": 0.07989709893036862, "p90": 0.09369443684542635, "p95": 0.25582261296686115, "p99": 2.4935902552562426, "p99.9": 8.036705332218983, "max": 17.944353973004034}, "time_per_output_token": {"mean": 0.03179401179934453, "min": 0.022428029417251142, "p0.1": 0.022777888514794703, "p1": 0.023120453349861625, "p5": 0.02447554409520634, "p10": 0.025067755188517178, "p25": 0.027146133712622852, "median": 0.029745513071207846, "p75": 0.0344950555979691, "p90": 0.0401882942798822, "p95": 0.04468854514473613, "p99": 0.04634214294247801, "p99.9": 0.046895195049741926, "max": 0.04693886651627269}, "time_to_first_token": {"mean": 2.6964437299361546, "min": 0.059101552003994584, "p0.1": 0.06171865489520133, "p1": 0.07135691629722714, "p5": 0.08690331541001797, "p10": 0.09562349211191759, "p25": 0.11508159374352545, "median": 0.14374617900466546, "p75": 0.183192964293994, "p90": 0.6597346922382705, "p95": 34.520015959988775, "p99": 40.157956106588244, "p99.9": 43.12264785669059, "max": 43.30274490499869}, "inter_token_latency": {"mean": 0.03179401179934453, "min": 2.8100330382585526e-06, "p0.1": 3.859051503241062e-06, "p1": 1.352198887616396e-05, "p5": 2.028199378401041e-05, "p10": 2.5212997570633888e-05, "p25": 3.516604192554951e-05, "median": 0.0001645869924686849, "p75": 0.049018291785614565, "p90": 0.060073404735885565, "p95": 0.06815411302377469, "p99": 0.11499835405615187, "p99.9": 0.5246934731610837, "max": 43.336451065028086}}, "throughput": {"input_tokens_per_sec": 88009.99268897001, "output_tokens_per_sec": 10870.635350855715, "total_tokens_per_sec": 98880.62803982574, "requests_per_sec": 11.607815766644654}, "prompt_len": {"mean": 7581.959815546772, "min": 7506.0, "p0.1": 7507.551, "p1": 7515.02, "p5": 7538.85, "p10": 7547.0, "p25": 7563.0, "median": 7581.0, "p75": 7599.0, "p90": 7619.0, "p95": 7632.0, "p99": 7656.66, "p99.9": 7675.6600000000035, "max": 7686.0}, "output_len": {"mean": 936.4927536231884, "min": 5.0, "p0.1": 9.619, "p1": 32.0, "p5": 273.70000000000005, "p10": 930.7, "p25": 991.0, "median": 997.0, "p75": 1000.0, "p90": 1000.0, "p95": 1000.0, "p99": 1000.0, "p99.9": 1999.0, "max": 1999.0}}, "failures": {"count": 0, "request_latency": null, "prompt_len": null}}