{"load_summary": {"count": 1470, "schedule_delay": {"mean": 0.0008273495336658746, "min": -0.0006718764780089259, "p0.1": -0.0005266234274022281, "p1": -0.00034167579840868714, "p5": -6.488884682767093e-05, "p10": 0.00011325138621032242, "p25": 0.0004514486063271761, "median": 0.0008152594091370702, "p75": 0.0011873893381562084, "p90": 0.0015531988232396544, "p95": 0.0017809889803174883, "p99": 0.002206078271847218, "p99.9": 0.0028007076918147703, "max": 0.0037472287658602}, "send_duration": 29.546588576049544, "requested_rate": 49.0, "achieved_rate": 49.75193654646078}, "successes": {"count": 1470, "latency": {"request_latency": {"mean": 66.26441366474087, "min": 48.815203215926886, "p0.1": 48.971072685257184, "p1": 49.908941920878135, "p5": 50.87195530719473, "p10": 52.46127118677832, "p25": 56.29513156772009, "median": 63.52362547401572, "p75": 74.87404161476297, "p90": 88.38496160319774, "p95": 90.1566734533466, "p99": 97.33382285303668, "p99.9": 98.38470562530915, "max": 98.46531062794384}, "normalized_time_per_output_token": {"mean": 0.1292056244307921, "min": 0.027828974472935645, "p0.1": 0.03997185574102395, "p1": 0.05010444647487134, "p5": 0.05138774680483621, "p10": 0.05313640687119248, "p25": 0.05722403719704016, "median": 0.06597763143502422, "p75": 0.0781584520050212, "p90": 0.09087848137638385, "p95": 0.1561752053824387, "p99": 1.8935584878007161, "p99.9": 2.6048416999792736, "max": 2.7947140641489945}, "time_per_output_token": {"mean": 0.032420495635570895, "min": 0.023158599884060306, "p0.1": 0.0231735145772313, "p1": 0.024207694856705365, "p5": 0.025047018743316312, "p10": 0.025792762586418286, "p25": 0.027842217336564945, "median": 0.030334977071709242, "p75": 0.03560240038191266, "p90": 0.042079667195214436, "p95": 0.044801572391852694, "p99": 0.04525012269285673, "p99.9": 0.04585086577430898, "max": 0.045905870008470864}, "time_to_first_token": {"mean": 1.3346769094356292, "min": 0.059587243013083935, "p0.1": 0.0630035876785405, "p1": 0.07353744412423112, "p5": 0.08838638488668948, "p10": 0.0966961041209288, "p25": 0.11387314717285335, "median": 0.14185758453095332, "p75": 0.1800864507094957, "p90": 0.573970004671719, "p95": 1.058752736187307, "p99": 41.0756097382307, "p99.9": 42.650789465923566, "max": 43.123180481023155}, "inter_token_latency": {"mean": 0.032420495635570895, "min": 2.752058207988739e-06, "p0.1": 3.856956027448177e-06, "p1": 1.353801810182631e-05, "p5": 2.0122039131820202e-05, "p10": 2.5106011889874935e-05, "p25": 3.489700611680746e-05, "median": 0.00015126855578273535, "p75": 0.04826158902142197, "p90": 0.06104385539656505, "p95": 0.07024839133373462, "p99": 0.1113238553341944, "p99.9": 0.5841935012016037, "max": 42.9406630579615}}, "throughput": {"input_tokens_per_sec": 87181.75276076072, "output_tokens_per_sec": 10851.25954590543, "total_tokens_per_sec": 98033.01230666615, "requests_per_sec": 11.498533093492801}, "prompt_len": {"mean": 7581.989115646258, "min": 7506.0, "p0.1": 7507.407, "p1": 7514.0, "p5": 7538.45, "p10": 7547.0, "p25": 7563.0, "median": 7581.0, "p75": 7599.0, "p90": 7619.0, "p95": 7632.0, "p99": 7655.0, "p99.9": 7676.6200000000035, "max": 7686.0}, "output_len": {"mean": 943.7081632653061, "min": 23.0, "p0.1": 28.469, "p1": 33.0, "p5": 469.00000000000006, "p10": 940.9, "p25": 991.0, "median": 997.0, "p75": 1000.0, "p90": 1000.0, "p95": 1000.0, "p99": 1000.0, "p99.9": 1997.5310000000002, "max": 1999.0}}, "failures": {"count": 0, "request_latency": null, "prompt_len": null}}