{"load_summary": {"count": 60, "schedule_delay": {"mean": 0.0009270039154216647, "min": -0.0001960286172106862, "p0.1": -0.0001952220007078722, "p1": -0.00018796245218254625, "p5": 0.00018541956087574364, "p10": 0.00026313692796975374, "p25": 0.0005647471407428384, "median": 0.0008914134232327342, "p75": 0.0012979443126823753, "p90": 0.001540965645108372, "p95": 0.0016025627381168301, "p99": 0.0018209480098448688, "p99.9": 0.0019012680894229575, "max": 0.0019101925427094102}, "send_duration": 20.41826621000655, "requested_rate": 3.0, "achieved_rate": 2.9385452899323696}, "successes": {"count": 60, "latency": {"request_latency": {"mean": 25.73291884275192, "min": 23.56615621794481, "p0.1": 23.577533698182787, "p1": 23.679931020324585, "p5": 23.990986952191452, "p10": 24.360352569667157, "p25": 24.797843192034634, "median": 25.990732073027175, "p75": 26.589356797456276, "p90": 27.01852546291193, "p95": 27.2516253219801, "p99": 27.40730800301302, "p99.9": 27.437563831297215, "max": 27.44092558999546}, "normalized_time_per_output_token": {"mean": 0.05773781649664305, "min": 0.02356615621794481, "p0.1": 0.023581751694262316, "p1": 0.023722110981119874, "p5": 0.0241758499288924, "p10": 0.024474590117401728, "p25": 0.024947628500609047, "median": 0.02631618399380814, "p75": 0.02700227702810085, "p90": 0.027694005513095636, "p95": 0.08117912131372275, "p99": 0.8479544413609021, "p99.9": 1.0068322557160434, "max": 1.0244853461999446}, "time_per_output_token": {"mean": 0.012746776432783626, "min": 0.011673946326867543, "p0.1": 0.011679785866046446, "p1": 0.011732341718656577, "p5": 0.011896776594529939, "p10": 0.012075304267361345, "p25": 0.012300097534692134, "median": 0.012877385963037469, "p75": 0.013180387616563618, "p90": 0.013398744715615057, "p95": 0.013510968816925775, "p99": 0.013595314266176188, "p99.9": 0.013611257518098148, "max": 0.01361302899053392}, "time_to_first_token": {"mean": 0.17536850354323785, "min": 0.1328414099989459, "p0.1": 0.1328516203048639, "p1": 0.13294351305812596, "p5": 0.13605284323566594, "p10": 0.13675599752459675, "p25": 0.14422480724169873, "median": 0.15235827752621844, "p75": 0.1676796257670503, "p90": 0.23589001726359132, "p95": 0.34906935648759824, "p99": 0.39678590637049627, "p99.9": 0.4134829220682153, "max": 0.41533814603462815}, "inter_token_latency": {"mean": 0.012746776432783626, "min": 3.2080570235848427e-06, "p0.1": 5.050614359788597e-06, "p1": 1.671834266744554e-05, "p5": 2.510590711608529e-05, "p10": 3.379001282155514e-05, "p25": 4.433305002748966e-05, "median": 0.0001628330210223794, "p75": 0.02511555646196939, "p90": 0.026119531237054617, "p95": 0.026580064237350598, "p99": 0.02824864871799946, "p99.9": 0.10489590026531379, "max": 0.36995873507112265}}, "throughput": {"input_tokens_per_sec": 9754.145591666558, "output_tokens_per_sec": 1191.2142403982168, "total_tokens_per_sec": 10945.359832064774, "requests_per_sec": 1.2867558632440905}, "prompt_len": {"mean": 7580.416666666667, "min": 7523.0, "p0.1": 7523.649, "p1": 7529.49, "p5": 7542.95, "p10": 7549.6, "p25": 7564.75, "median": 7579.5, "p75": 7594.25, "p90": 7617.2, "p95": 7637.0, "p99": 7639.82, "p99.9": 7640.882, "max": 7641.0}, "output_len": {"mean": 925.75, "min": 25.0, "p0.1": 25.59, "p1": 30.9, "p5": 315.90000000000003, "p10": 943.5, "p25": 990.0, "median": 997.0, "p75": 1000.0, "p90": 1000.0, "p95": 1000.0, "p99": 1000.41, "p99.9": 1000.941, "max": 1001.0}}, "failures": {"count": 0, "request_latency": null, "prompt_len": null}}