{"load_summary": {"count": 750, "schedule_delay": {"mean": 0.0007870698684516053, "min": -0.0014721071347594261, "p0.1": -0.001268853842979297, "p1": -0.0005027710308786481, "p5": -0.00016022152849473053, "p10": 2.70474003627897e-05, "p25": 0.000410897599067539, "median": 0.0007806772482581437, "p75": 0.001175923680420965, "p90": 0.0015314784715883434, "p95": 0.0017148426210042088, "p99": 0.002006173636764288, "p99.9": 0.0021353050990728754, "max": 0.0022109803976491094}, "send_duration": 24.820343798026443, "requested_rate": 30.0, "achieved_rate": 30.21714792119984}, "successes": {"count": 750, "latency": {"request_latency": {"mean": 41.72885355438789, "min": 35.8070249829907, "p0.1": 35.919021839985504, "p1": 36.44219827239867, "p5": 37.08196392034297, "p10": 37.62764276895905, "p25": 39.09198441953049, "median": 40.06089561805129, "p75": 45.040883905254304, "p90": 48.01418940799776, "p95": 48.51871360180085, "p99": 50.681567034192845, "p99.9": 53.07569177735543, "max": 53.42996993905399}, "normalized_time_per_output_token": {"mean": 0.11379121196425565, "min": 0.03595655349700246, "p0.1": 0.03600644473887441, "p1": 0.03655643891097791, "p5": 0.03737767617732911, "p10": 0.03801546859026737, "p25": 0.03937747103429865, "median": 0.041265913993462036, "p75": 0.04708248860100866, "p90": 0.050423603707373844, "p95": 0.3022681431203139, "p99": 1.4209176274096618, "p99.9": 5.633653251755774, "max": 13.357947929296643}, "time_per_output_token": {"mean": 0.02072060342598365, "min": 0.017790327289386995, "p0.1": 0.017856025137128247, "p1": 0.018111301034575852, "p5": 0.018371870629539457, "p10": 0.018653896431797472, "p25": 0.019391602679670765, "median": 0.019929939087207797, "p75": 0.022378963665156598, "p90": 0.023813002601080668, "p95": 0.02407709698679497, "p99": 0.025248807439447792, "p99.9": 0.026442365495826143, "max": 0.02662201735983672}, "time_to_first_token": {"mean": 0.21054152532356482, "min": 0.06785455299541354, "p0.1": 0.07081020361627452, "p1": 0.07625552442972548, "p5": 0.0820457030495163, "p10": 0.08725728556746618, "p25": 0.10008275840664282, "median": 0.12192026554839686, "p75": 0.18637247395236045, "p90": 0.4313653059885837, "p95": 0.7267537046514914, "p99": 1.1375213733315463, "p99.9": 1.6233639228915588, "max": 1.644832431920804}, "inter_token_latency": {"mean": 0.020720603425983652, "min": 2.771965228021145e-06, "p0.1": 3.471970558166504e-06, "p1": 1.3346541672945022e-05, "p5": 1.9742990843951702e-05, "p10": 2.4962006136775017e-05, "p25": 3.5482022212818265e-05, "median": 0.00013812753604725003, "p75": 0.04210390552179888, "p90": 0.045466344885062425, "p95": 0.04755690494785085, "p99": 0.05420557605568324, "p99.9": 0.2095880790877878, "max": 21.437561255064793}}, "throughput": {"input_tokens_per_sec": 72841.66846831182, "output_tokens_per_sec": 8907.785906199417, "total_tokens_per_sec": 81749.45437451125, "requests_per_sec": 9.607175470914713}, "prompt_len": {"mean": 7582.006666666667, "min": 7506.0, "p0.1": 7508.247, "p1": 7516.94, "p5": 7538.45, "p10": 7547.0, "p25": 7563.0, "median": 7581.0, "p75": 7599.0, "p90": 7619.0, "p95": 7632.0, "p99": 7656.02, "p99.9": 7671.020000000002, "max": 7686.0}, "output_len": {"mean": 927.2013333333333, "min": 3.0, "p0.1": 10.49, "p1": 32.0, "p5": 127.0, "p10": 896.7, "p25": 990.0, "median": 997.0, "p75": 1000.0, "p90": 1000.0, "p95": 1000.0, "p99": 1000.0, "p99.9": 1001.0, "max": 1001.0}}, "failures": {"count": 0, "request_latency": null, "prompt_len": null}}