{"load_summary": {"count": 1500, "schedule_delay": {"mean": 0.0008906045147838692, "min": -0.0006161258788779378, "p0.1": -0.0005580635969527066, "p1": -0.00032200462883338334, "p5": -3.4489075187593694e-05, "p10": 0.00015097428113222122, "p25": 0.00047024484956637025, "median": 0.0008616698905825615, "p75": 0.0012455285177566111, "p90": 0.0016468708752654495, "p95": 0.0019233862811233846, "p99": 0.002547400254989043, "p99.9": 0.0031261091872584216, "max": 0.003257199772633612}, "send_duration": 25.456656942958944, "requested_rate": 60.0, "achieved_rate": 58.92368363061455}, "successes": {"count": 1500, "latency": {"request_latency": {"mean": 69.34327599707983, "min": 50.58347189100459, "p0.1": 50.68286058465822, "p1": 51.50343081450672, "p5": 52.50504147455213, "p10": 53.937456325243694, "p25": 57.69056739998632, "median": 66.38473519700347, "p75": 78.88440532999812, "p90": 91.90317812204594, "p95": 94.08206970444299, "p99": 104.97850917819655, "p99.9": 105.44340165614477, "max": 105.46290256897919}, "normalized_time_per_output_token": {"mean": 0.16194739939897518, "min": 0.03659544207170651, "p0.1": 0.04653852135000223, "p1": 0.051531342101455664, "p5": 0.05282854149239357, "p10": 0.054525555962359064, "p25": 0.05853495683977065, "median": 0.07008879066284249, "p75": 0.0833645806697785, "p90": 0.09499175056001057, "p95": 0.23578184857626064, "p99": 2.3768460301026657, "p99.9": 3.8970930993765185, "max": 23.123773041685734}, "time_per_output_token": {"mean": 0.03446422493847412, "min": 0.025184937834058764, "p0.1": 0.025234712158470285, "p1": 0.02543463963288595, "p5": 0.025976477971556236, "p10": 0.026811580999481163, "p25": 0.02868234229677039, "median": 0.03297039447852626, "p75": 0.039190625485845204, "p90": 0.045776200912054345, "p95": 0.04688436109338189, "p99": 0.052094790082522505, "p99.9": 0.05256329458970184, "max": 0.052576316541225104}, "time_to_first_token": {"mean": 0.3234520439491607, "min": 0.06739346997346729, "p0.1": 0.07110099354374688, "p1": 0.07679834588663653, "p5": 0.08850695427972824, "p10": 0.09477631292538717, "p25": 0.11430280655622482, "median": 0.1428707645391114, "p75": 0.17638893431285396, "p90": 0.36403881537262356, "p95": 0.6787861021119167, "p99": 1.193031531975139, "p99.9": 45.52367642624494, "max": 46.69911824108567}, "inter_token_latency": {"mean": 0.03446422493847412, "min": 2.7919886633753777e-06, "p0.1": 3.8460129871964455e-06, "p1": 1.3571931049227715e-05, "p5": 2.0253006368875504e-05, "p10": 2.529192715883255e-05, "p25": 3.573705907911062e-05, "median": 0.00017335801385343075, "p75": 0.04869678974500857, "p90": 0.06491871591424571, "p95": 0.07166438217391259, "p99": 0.11536228698212642, "p99.9": 0.6165571563490706, "max": 46.659012275980785}}, "throughput": {"input_tokens_per_sec": 87028.98263208535, "output_tokens_per_sec": 10772.354282772036, "total_tokens_per_sec": 97801.33691485738, "requests_per_sec": 11.4783574399502}, "prompt_len": {"mean": 7582.006666666667, "min": 7506.0, "p0.1": 7507.497, "p1": 7514.0, "p5": 7538.0, "p10": 7547.0, "p25": 7563.0, "median": 7581.0, "p75": 7599.0, "p90": 7619.0, "p95": 7632.0, "p99": 7657.0, "p99.9": 7676.020000000004, "max": 7686.0}, "output_len": {"mean": 938.4926666666667, "min": 3.0, "p0.1": 23.0, "p1": 33.0, "p5": 303.30000000000007, "p10": 931.9, "p25": 991.0, "median": 997.0, "p75": 1000.0, "p90": 1000.0, "p95": 1000.0, "p99": 1000.0, "p99.9": 1995.5030000000006, "max": 1999.0}}, "failures": {"count": 0, "request_latency": null, "prompt_len": null}}