{"load_summary": {"count": 1520, "schedule_delay": {"mean": 0.0008169716300663392, "min": -0.0011881428072229028, "p0.1": -0.0010070451487554238, "p1": -0.00042772190063260495, "p5": -7.18840747140348e-05, "p10": 0.00011848470894619823, "p25": 0.0004371184331830591, "median": 0.0008240376482717693, "p75": 0.0011648655636236072, "p90": 0.0014877881156280636, "p95": 0.0016867900791112328, "p99": 0.0021069731889292597, "p99.9": 0.0027678486200748437, "max": 0.020465976442210376}, "send_duration": 36.86221030692104, "requested_rate": 40.0, "achieved_rate": 41.23464077016058}, "successes": {"count": 1520, "latency": {"request_latency": {"mean": 65.09998842158046, "min": 46.63919544394594, "p0.1": 46.852841709243364, "p1": 47.79253168716212, "p5": 49.0135847561527, "p10": 50.67170308796922, "p25": 55.411670867033536, "median": 62.11213620053604, "p75": 74.7078485955135, "p90": 86.21010982679437, "p95": 89.11514354448882, "p99": 94.34951486189617, "p99.9": 95.08055189752602, "max": 95.165905890055}, "normalized_time_per_output_token": {"mean": 0.1311228572042652, "min": 0.02633724047173501, "p0.1": 0.04227121616365564, "p1": 0.047825539340111425, "p5": 0.04942575822703131, "p10": 0.05131669924040713, "p25": 0.05644479214528667, "median": 0.0649524176069931, "p75": 0.0777417801321764, "p90": 0.09117848567740294, "p95": 0.1915368915145893, "p99": 2.1474720174254225, "p99.9": 2.850316434683603, "max": 3.081586082168887}, "time_per_output_token": {"mean": 0.030898188734757418, "min": 0.02124929946023684, "p0.1": 0.02126266474142982, "p1": 0.023370328302157628, "p5": 0.023751027954825275, "p10": 0.024555489011232213, "p25": 0.026465445437555506, "median": 0.029364729328561566, "p75": 0.03370276097539472, "p90": 0.039361624184804836, "p95": 0.04297804179904656, "p99": 0.04544319181667833, "p99.9": 0.046134034981741234, "max": 0.04622059880863123}, "time_to_first_token": {"mean": 3.216298831908544, "min": 0.06629538303241134, "p0.1": 0.0716947949625319, "p1": 0.07712142534321174, "p5": 0.08869610588881187, "p10": 0.09628462669206783, "p25": 0.11510351693141274, "median": 0.14786490704864264, "p75": 0.19517843375797383, "p90": 1.1416431677294903, "p95": 32.55693294589873, "p99": 38.80232298213988, "p99.9": 40.508186292755894, "max": 40.60499871498905}, "inter_token_latency": {"mean": 0.030898188734757418, "min": 2.7329660952091217e-06, "p0.1": 3.968016244471073e-06, "p1": 1.3445038348436356e-05, "p5": 1.9873958081007004e-05, "p10": 2.480205148458481e-05, "p25": 3.4179072827100754e-05, "median": 0.000145984988193959, "p75": 0.04907558119157329, "p90": 0.05928277958882973, "p95": 0.06731772518833166, "p99": 0.11212074017268607, "p99.9": 0.4789893579666973, "max": 40.18161193898413}}, "throughput": {"input_tokens_per_sec": 87977.018869688, "output_tokens_per_sec": 10898.346340209064, "total_tokens_per_sec": 98875.36520989708, "requests_per_sec": 11.603446565205937}, "prompt_len": {"mean": 7581.97302631579, "min": 7506.0, "p0.1": 7507.557, "p1": 7515.14, "p5": 7538.95, "p10": 7547.0, "p25": 7563.0, "median": 7581.0, "p75": 7599.0, "p90": 7619.0, "p95": 7632.0, "p99": 7656.62, "p99.9": 7675.620000000004, "max": 7686.0}, "output_len": {"mean": 939.233552631579, "min": 22.0, "p0.1": 22.519, "p1": 33.0, "p5": 287.45000000000005, "p10": 937.5, "p25": 991.0, "median": 997.0, "p75": 1000.0, "p90": 1000.0, "p95": 1000.0, "p99": 1000.0, "p99.9": 1155.1100000000688, "max": 1997.0}}, "failures": {"count": 0, "request_latency": null, "prompt_len": null}}