{"load_summary": {"count": 750, "schedule_delay": {"mean": 0.0008028927387980124, "min": -0.000548290554434061, "p0.1": -0.0005466467528603971, "p1": -0.00043757704668678343, "p5": -0.00017824899405241012, "p10": 3.386947792023421e-05, "p25": 0.000442985852714628, "median": 0.0008330274722538888, "p75": 0.0011855866468977183, "p90": 0.0014971035998314621, "p95": 0.0016478549339808523, "p99": 0.0020114653417840594, "p99.9": 0.0025904889884405214, "max": 0.0029052607715129852}, "send_duration": 31.994502373971045, "requested_rate": 25.0, "achieved_rate": 23.44152727345303}, "successes": {"count": 750, "latency": {"request_latency": {"mean": 39.56399617329488, "min": 33.27625991997775, "p0.1": 33.41687104420829, "p1": 34.04533834880102, "p5": 34.756847061577716, "p10": 35.171908307273405, "p25": 37.02177177401609, "median": 38.14547509100521, "p75": 41.81788652949035, "p90": 45.84632065895712, "p95": 46.57534873497789, "p99": 47.543229257622734, "p99.9": 47.802788975564184, "max": 47.804474632954225}, "normalized_time_per_output_token": {"mean": 0.08530478344067546, "min": 0.018654237691540145, "p0.1": 0.01985313205827965, "p1": 0.034112531142433206, "p5": 0.034940372249772846, "p10": 0.03555118313049059, "p25": 0.03731948815419562, "median": 0.03901259611184692, "p75": 0.04443231389316743, "p90": 0.04751324949323816, "p95": 0.10614855479185652, "p99": 1.2163949479535963, "p99.9": 2.9399209951404384, "max": 6.0881218841532245}, "time_per_output_token": {"mean": 0.019649194941822767, "min": 0.01654776721936313, "p0.1": 0.016610373575444058, "p1": 0.016881708965283876, "p5": 0.017203454111131077, "p10": 0.01747675580005727, "p25": 0.018365881976866182, "median": 0.018986109812834256, "p75": 0.020799927789486243, "p90": 0.022786061226358654, "p95": 0.023135659465371262, "p99": 0.02364083074247183, "p99.9": 0.02378335144468069, "max": 0.023783949696154487}, "time_to_first_token": {"mean": 0.18914647174238539, "min": 0.06626575300469995, "p0.1": 0.06782496497838292, "p1": 0.07624655708204955, "p5": 0.08447168970596977, "p10": 0.08972583676222712, "p25": 0.10083216775092296, "median": 0.1262026665499434, "p75": 0.18969027674756944, "p90": 0.37042723767226565, "p95": 0.5485553618462288, "p99": 0.9804756717011329, "p99.9": 1.1166067833458073, "max": 1.1168263339204714}, "inter_token_latency": {"mean": 0.019649194941822767, "min": 2.810964360833168e-06, "p0.1": 3.437977284193039e-06, "p1": 1.3489974662661552e-05, "p5": 1.99789647012949e-05, "p10": 2.524896990507841e-05, "p25": 3.63299623131752e-05, "median": 0.00013746850891038775, "p75": 0.03943093804991804, "p90": 0.04410622814903036, "p95": 0.04673267064499669, "p99": 0.061395541153615354, "p99.9": 0.19694610525843392, "max": 14.642936538089998}}, "throughput": {"input_tokens_per_sec": 71389.45281102601, "output_tokens_per_sec": 8863.570579979203, "total_tokens_per_sec": 80253.02339100522, "requests_per_sec": 9.415640997109739}, "prompt_len": {"mean": 7582.006666666667, "min": 7506.0, "p0.1": 7508.247, "p1": 7516.94, "p5": 7538.45, "p10": 7547.0, "p25": 7563.0, "median": 7581.0, "p75": 7599.0, "p90": 7619.0, "p95": 7632.0, "p99": 7656.02, "p99.9": 7671.020000000002, "max": 7686.0}, "output_len": {"mean": 941.3666666666667, "min": 6.0, "p0.1": 17.235, "p1": 32.0, "p5": 376.05000000000024, "p10": 950.0, "p25": 991.0, "median": 998.0, "p75": 1000.0, "p90": 1000.0, "p95": 1000.0, "p99": 1000.0, "p99.9": 1997.2510000000002, "max": 1998.0}}, "failures": {"count": 0, "request_latency": null, "prompt_len": null}}