{"load_summary": {"count": 750, "schedule_delay": {"mean": 0.0010288869991588096, "min": -0.0007345610065385699, "p0.1": -0.0007298594480380416, "p1": -0.0002818618749734014, "p5": 0.00011385635589249434, "p10": 0.0002753389067947865, "p25": 0.000573610479477793, "median": 0.0009667740087024868, "p75": 0.0013961516960989684, "p90": 0.0018096388434059919, "p95": 0.0021528996643610295, "p99": 0.003126475859899073, "p99.9": 0.0052628060128772905, "max": 0.005492972326464951}, "send_duration": 49.84597376198508, "requested_rate": 15.0, "achieved_rate": 15.046350655747162}, "successes": {"count": 750, "latency": {"request_latency": {"mean": 43.401731583525425, "min": 31.68517436995171, "p0.1": 31.764018780804122, "p1": 32.484335982890336, "p5": 34.258396123663985, "p10": 36.02121710304637, "p25": 39.956197392806644, "median": 43.0379392944742, "p75": 47.15676403397811, "p90": 50.57254695093725, "p95": 51.93476552931243, "p99": 54.42928838936729, "p99.9": 54.56521134546575, "max": 54.63193528098054}, "normalized_time_per_output_token": {"mean": 0.09671653181917585, "min": 0.017613409906977497, "p0.1": 0.028153161489745185, "p1": 0.03263482379997919, "p5": 0.034538472281640205, "p10": 0.03659830316904875, "p25": 0.04032310235057957, "median": 0.04382696710885733, "p75": 0.04919001454807585, "p90": 0.055942057736308164, "p95": 0.2749962350057259, "p99": 1.4229756408510361, "p99.9": 1.587359727602601, "max": 1.619811607999369}, "time_per_output_token": {"mean": 0.021172140509470076, "min": 0.015702918032486773, "p0.1": 0.0157261459332836, "p1": 0.015987399829386233, "p5": 0.016916743627849916, "p10": 0.01783587501815654, "p25": 0.019799363211804148, "median": 0.021262019612461745, "p75": 0.0228599674888971, "p90": 0.02392732293898545, "p95": 0.024806428246726832, "p99": 0.026172774491468858, "p99.9": 0.02659034540161011, "max": 0.026666701088942445}, "time_to_first_token": {"mean": 0.9775512154481063, "min": 0.14933458098676056, "p0.1": 0.15000860014534556, "p1": 0.16101651205448433, "p5": 0.16817288989550433, "p10": 0.17365494722034783, "p25": 0.18539352028165013, "median": 0.21347363805398345, "p75": 1.0092744002176914, "p90": 3.012121812347323, "p95": 4.937122134002853, "p99": 7.076137067388044, "p99.9": 8.288501059373514, "max": 8.480419252067804}, "inter_token_latency": {"mean": 0.021172140509470076, "min": 2.7669593691825867e-06, "p0.1": 3.2139942049980164e-06, "p1": 1.2953998520970345e-05, "p5": 1.970096491277218e-05, "p10": 2.5051063857972622e-05, "p25": 3.65300802513957e-05, "median": 0.00013224605936557055, "p75": 0.03639901167480275, "p90": 0.043590110715012995, "p95": 0.04687174509163015, "p99": 0.12960791207500733, "p99.9": 0.5329382869665353, "max": 7.766382222063839}}, "throughput": {"input_tokens_per_sec": 61723.2110952201, "output_tokens_per_sec": 7534.306361168069, "total_tokens_per_sec": 69257.51745638817, "requests_per_sec": 8.140748723761796}, "prompt_len": {"mean": 7582.006666666667, "min": 7506.0, "p0.1": 7508.247, "p1": 7516.94, "p5": 7538.45, "p10": 7547.0, "p25": 7563.0, "median": 7581.0, "p75": 7599.0, "p90": 7619.0, "p95": 7632.0, "p99": 7656.02, "p99.9": 7671.020000000002, "max": 7686.0}, "output_len": {"mean": 925.5053333333333, "min": 26.0, "p0.1": 30.494, "p1": 33.0, "p5": 171.25, "p10": 876.3000000000001, "p25": 990.0, "median": 997.0, "p75": 1000.0, "p90": 1000.0, "p95": 1000.0, "p99": 1000.0, "p99.9": 1252.9960000000897, "max": 1999.0}}, "failures": {"count": 0, "request_latency": null, "prompt_len": null}}