{"load_summary": {"count": 1485, "schedule_delay": {"mean": 0.0008483091105082973, "min": -0.0005971260834485292, "p0.1": -0.00048755227588117124, "p1": -0.00030593964271247387, "p5": -1.5736510977148977e-05, "p10": 0.00015241634100675585, "p25": 0.0004623342538252473, "median": 0.0008325108792632818, "p75": 0.0012036048574373126, "p90": 0.0015302637359127405, "p95": 0.0017648605396971106, "p99": 0.0022445523925125606, "p99.9": 0.0028894866183400356, "max": 0.003102731774561107}, "send_duration": 26.17641028703656, "requested_rate": 55.0, "achieved_rate": 56.7304677653002}, "successes": {"count": 1485, "latency": {"request_latency": {"mean": 69.0141480454442, "min": 51.03178240393754, "p0.1": 51.15760189129319, "p1": 51.812188881840555, "p5": 53.068827326013704, "p10": 54.42538271201774, "p25": 57.90099315799307, "median": 66.69184796907939, "p75": 77.59345663501881, "p90": 92.32276280864608, "p95": 94.01017808264587, "p99": 103.41784988330211, "p99.9": 104.11602906249837, "max": 104.15263655094896}, "normalized_time_per_output_token": {"mean": 0.17430249479055576, "min": 0.030881293469984493, "p0.1": 0.043437150535949216, "p1": 0.05218533212003271, "p5": 0.05342448271824978, "p10": 0.055027004020351176, "p25": 0.058960040360745154, "median": 0.07093698451509511, "p75": 0.08116158026525074, "p90": 0.0959705537755508, "p95": 0.2456141080033964, "p99": 2.397295887754507, "p99.9": 9.359022241674857, "max": 29.540861441462766}, "time_per_output_token": {"mean": 0.03417820542317773, "min": 0.025443269099960145, "p0.1": 0.025444037841303207, "p1": 0.025685058539986483, "p5": 0.026209329098645973, "p10": 0.02698441170646331, "p25": 0.028831993510747892, "median": 0.032921906095987157, "p75": 0.03801423326988278, "p90": 0.04573083693853467, "p95": 0.04650072551904659, "p99": 0.05044549268294549, "p99.9": 0.051629469200015786, "max": 0.05165948771769465}, "time_to_first_token": {"mean": 0.5670570894298912, "min": 0.06248461292125285, "p0.1": 0.06333382282173261, "p1": 0.07688427266664803, "p5": 0.08847327318508177, "p10": 0.09775051856413483, "p25": 0.11514983198139817, "median": 0.14276343898382038, "p75": 0.17879132903181016, "p90": 0.48023694066796496, "p95": 0.7761880920501425, "p99": 1.7021812921995323, "p99.9": 44.04605337074353, "max": 44.18574925791472}, "inter_token_latency": {"mean": 0.03417820542317774, "min": 2.7619535103440285e-06, "p0.1": 3.939960151910782e-06, "p1": 1.3835029676556587e-05, "p5": 2.0914943888783455e-05, "p10": 2.559192944318056e-05, "p25": 3.5727047361433506e-05, "median": 0.00016268203034996986, "p75": 0.048266177996993065, "p90": 0.06393340316135437, "p95": 0.07124448958784342, "p99": 0.10835220303852126, "p99.9": 0.6222503132326533, "max": 44.02602212794591}}, "throughput": {"input_tokens_per_sec": 86391.76970270272, "output_tokens_per_sec": 10637.782088005866, "total_tokens_per_sec": 97029.55179070857, "requests_per_sec": 11.39423663434009}, "prompt_len": {"mean": 7582.0585858585855, "min": 7506.0, "p0.1": 7507.452, "p1": 7514.0, "p5": 7538.2, "p10": 7547.0, "p25": 7563.0, "median": 7581.0, "p75": 7599.0, "p90": 7619.0, "p95": 7632.0, "p99": 7657.0, "p99.9": 7676.3200000000015, "max": 7686.0}, "output_len": {"mean": 933.6107744107744, "min": 2.0, "p0.1": 13.712, "p1": 32.0, "p5": 257.2, "p10": 916.6, "p25": 990.0, "median": 997.0, "p75": 1000.0, "p90": 1000.0, "p95": 1000.0, "p99": 1000.0, "p99.9": 1516.420000000076, "max": 1999.0}}, "failures": {"count": 0, "request_latency": null, "prompt_len": null}}