{"load_summary": {"count": 1482, "schedule_delay": {"mean": 0.0008179037408323835, "min": -0.0005200951127335429, "p0.1": -0.0005164986187592149, "p1": -0.0003135100309737027, "p5": -3.653998719528318e-05, "p10": 0.00011018571676686405, "p25": 0.00042803847463801503, "median": 0.0008029144955798984, "p75": 0.001184626220492646, "p90": 0.0014966460294090211, "p95": 0.0016914616280701014, "p99": 0.0021492210030555734, "p99.9": 0.002962329019210335, "max": 0.0032932161120697856}, "send_duration": 25.47645860898774, "requested_rate": 57.0, "achieved_rate": 58.17135037273866}, "successes": {"count": 1482, "latency": {"request_latency": {"mean": 68.73469826194547, "min": 50.69434644293506, "p0.1": 50.83087351823586, "p1": 51.64696850050008, "p5": 52.61792332080076, "p10": 53.916107111878226, "p25": 57.730540226970334, "median": 66.26249205548083, "p75": 76.96476499349228, "p90": 91.7287420219509, "p95": 93.04067366525415, "p99": 102.96111167436582, "p99.9": 104.11220498192648, "max": 104.20836410694756}, "normalized_time_per_output_token": {"mean": 0.20157284613482393, "min": 0.05069434644293506, "p0.1": 0.050926134002549125, "p1": 0.05201359312303477, "p5": 0.05304591485076235, "p10": 0.05464776561740058, "p25": 0.058639584212534415, "median": 0.06988180630135717, "p75": 0.08146201151081328, "p90": 0.09415511749484687, "p95": 0.33032967268994984, "p99": 2.392031572104195, "p99.9": 14.660334962616655, "max": 51.9926935529802}, "time_per_output_token": {"mean": 0.03414632950573129, "min": 0.02523799673914779, "p0.1": 0.025275470063363007, "p1": 0.025518884387464545, "p5": 0.02596918778093557, "p10": 0.026765929584680912, "p25": 0.02868651417603864, "median": 0.03288096089053598, "p75": 0.03809095643349804, "p90": 0.0456570027444662, "p95": 0.04636892294242705, "p99": 0.05107529299325896, "p99.9": 0.051885308223125565, "max": 0.05193546690903874}, "time_to_first_token": {"mean": 0.35171427025813823, "min": 0.07006701407954097, "p0.1": 0.07262590949342121, "p1": 0.07719630736624822, "p5": 0.0881888460891787, "p10": 0.09518417022190988, "p25": 0.11381641949992627, "median": 0.1405580905266106, "p75": 0.1763506837305613, "p90": 0.4184256859356539, "p95": 0.6801904884632685, "p99": 1.3056903664930772, "p99.9": 43.43860193426972, "max": 44.57482090301346}, "inter_token_latency": {"mean": 0.03414632950573129, "min": 2.7320347726345062e-06, "p0.1": 3.908993676304817e-06, "p1": 1.381896436214447e-05, "p5": 2.087303437292576e-05, "p10": 2.5584944523870945e-05, "p25": 3.560609184205532e-05, "median": 0.00016252044588327408, "p75": 0.04799855448072776, "p90": 0.06425175613258034, "p95": 0.0713356087973807, "p99": 0.1121228416240774, "p99.9": 0.6179279305918666, "max": 44.46736776898615}}, "throughput": {"input_tokens_per_sec": 86770.27673724745, "output_tokens_per_sec": 10705.566813580936, "total_tokens_per_sec": 97475.84355082839, "requests_per_sec": 11.444221008122753}, "prompt_len": {"mean": 7582.016869095816, "min": 7506.0, "p0.1": 7507.443, "p1": 7514.0, "p5": 7538.05, "p10": 7547.0, "p25": 7563.0, "median": 7581.0, "p75": 7599.0, "p90": 7619.0, "p95": 7632.0, "p99": 7655.38, "p99.9": 7676.380000000005, "max": 7686.0}, "output_len": {"mean": 935.4561403508771, "min": 2.0, "p0.1": 12.139000000000001, "p1": 32.0, "p5": 181.44999999999982, "p10": 944.0, "p25": 992.0, "median": 997.0, "p75": 1000.0, "p90": 1000.0, "p95": 1000.0, "p99": 1000.0, "p99.9": 1001.0, "max": 1002.0}}, "failures": {"count": 0, "request_latency": null, "prompt_len": null}}