{"load_summary": {"count": 1508, "schedule_delay": {"mean": 0.0008139933136153462, "min": -0.0010868936078622937, "p0.1": -0.0009574725880520419, "p1": -0.0004452382843010128, "p5": -7.244002772495149e-05, "p10": 0.0001579294563271106, "p25": 0.0004328230570536107, "median": 0.0007882822537794709, "p75": 0.0011748464894481003, "p90": 0.0015453421976417304, "p95": 0.0017433052184060212, "p99": 0.0020926355954725296, "p99.9": 0.002567751127877273, "max": 0.003602000419050455}, "send_duration": 28.747730760951526, "requested_rate": 52.0, "achieved_rate": 52.4563142927559}, "successes": {"count": 1508, "latency": {"request_latency": {"mean": 68.0799935590106, "min": 48.95020954392385, "p0.1": 48.977175302823305, "p1": 49.93147760389722, "p5": 51.18066993947723, "p10": 52.76096466156887, "p25": 56.84728368354263, "median": 64.83101354847895, "p75": 77.76776906850864, "p90": 90.93580393065932, "p95": 93.15504526754957, "p99": 102.5740048579115, "p99.9": 103.13892930236494, "max": 103.17929555103183}, "normalized_time_per_output_token": {"mean": 0.16306754067649062, "min": 0.04238634757154116, "p0.1": 0.04903453365848582, "p1": 0.05001176563965439, "p5": 0.05161226507071406, "p10": 0.05344002945930112, "p25": 0.058073765119499555, "median": 0.06893629690971148, "p75": 0.08283633125508577, "p90": 0.09858708708329537, "p95": 0.4190869318873532, "p99": 2.418652660962056, "p99.9": 3.423883821303977, "max": 14.612403016013559}, "time_per_output_token": {"mean": 0.0333544713501901, "min": 0.0243018210129831, "p0.1": 0.024345212021531344, "p1": 0.024589828647428664, "p5": 0.025322260730568254, "p10": 0.026222305871878585, "p25": 0.028284025413301498, "median": 0.0311075170944584, "p75": 0.03671402718529102, "p90": 0.043392754456019964, "p95": 0.04598476706891086, "p99": 0.04677960987714213, "p99.9": 0.04740288103402517, "max": 0.049954534341780835}, "time_to_first_token": {"mean": 1.2816435206842527, "min": 0.06527388899121433, "p0.1": 0.06721107400231995, "p1": 0.07545604201499373, "p5": 0.08762735428754241, "p10": 0.09502683650935069, "p25": 0.11072438475093804, "median": 0.139155296550598, "p75": 0.17768820401397534, "p90": 0.42857891637831924, "p95": 0.8360319203580713, "p99": 42.713080203282885, "p99.9": 43.357276389373375, "max": 43.47444889100734}, "inter_token_latency": {"mean": 0.0333544713501901, "min": 2.761022187769413e-06, "p0.1": 4.00003045797348e-06, "p1": 1.369912177324295e-05, "p5": 2.0475941710174084e-05, "p10": 2.5311019271612167e-05, "p25": 3.524299245327711e-05, "median": 0.00015724246622994542, "p75": 0.048797795781865716, "p90": 0.06284233453916387, "p95": 0.0712973551126197, "p99": 0.11674529319629104, "p99.9": 0.488763552154544, "max": 43.640824695001356}}, "throughput": {"input_tokens_per_sec": 86993.63509267647, "output_tokens_per_sec": 10666.150934353142, "total_tokens_per_sec": 97659.78602702961, "requests_per_sec": 11.473773737496586}, "prompt_len": {"mean": 7581.954907161804, "min": 7506.0, "p0.1": 7507.521, "p1": 7514.42, "p5": 7538.35, "p10": 7547.0, "p25": 7563.0, "median": 7581.0, "p75": 7599.0, "p90": 7619.0, "p95": 7632.0, "p99": 7656.860000000001, "p99.9": 7675.860000000003, "max": 7686.0}, "output_len": {"mean": 929.6114058355438, "min": 4.0, "p0.1": 18.521, "p1": 33.0, "p5": 180.10000000000005, "p10": 891.4000000000001, "p25": 990.0, "median": 997.0, "p75": 1000.0, "p90": 1000.0, "p95": 1000.0, "p99": 1000.0, "p99.9": 1019.748000000006, "max": 1993.0}}, "failures": {"count": 0, "request_latency": null, "prompt_len": null}}