{"load_summary": {"count": 17084, "schedule_delay": {"mean": 0.0009619443294484482, "min": -0.0014721071347594261, "p0.1": -0.0007490748728159815, "p1": -0.0003688713698647916, "p5": -6.970933172851797e-05, "p10": 0.00012515058042481542, "p25": 0.00044482474913820624, "median": 0.0008183789905160666, "p75": 0.0011953168141189963, "p90": 0.0015358504955656827, "p95": 0.001750502065988257, "p99": 0.0022464261017739713, "p99.9": 0.043758396620630025, "max": 0.13449870236217976}}, "successes": {"count": 17084, "latency": {"request_latency": {"mean": 59.22422233838715, "min": 23.56615621794481, "p0.1": 24.84694046030473, "p1": 27.47829512605909, "p5": 35.69368255388108, "p10": 38.15974342816044, "p25": 45.877497647568816, "median": 57.647988719982095, "p75": 71.35634875879623, "p90": 83.68040561258094, "p95": 91.26919757283757, "p99": 97.10831023233476, "p99.9": 104.78481446903835, "max": 105.46290256897919}, "normalized_time_per_output_token": {"mean": 0.1418670381596726, "min": 0.017613409906977497, "p0.1": 0.024604291911975766, "p1": 0.027745299031148307, "p5": 0.036178671808381024, "p10": 0.03871718006026339, "p25": 0.04760246915600146, "median": 0.05898284931126509, "p75": 0.07509811130461158, "p90": 0.09321973347419905, "p95": 0.21681283962665637, "p99": 2.1606658490057775, "p99.9": 3.6905909341611043, "max": 51.9926935529802}, "time_per_output_token": {"mean": 0.02894239889445848, "min": 0.011673946326867543, "p0.1": 0.01232021803727674, "p1": 0.013608668014967535, "p5": 0.0177157901061258, "p10": 0.018969747521632958, "p25": 0.022593982423426348, "median": 0.02840796533235135, "p75": 0.03450413243155398, "p90": 0.04036531073308533, "p95": 0.0448163139512881, "p99": 0.04690765822377776, "p99.9": 0.051945198558500286, "max": 0.052576316541225104}, "time_to_first_token": {"mean": 1.2539631988431221, "min": 0.0580898430198431, "p0.1": 0.06201834293419961, "p1": 0.07238876537419855, "p5": 0.08466726014157758, "p10": 0.09237871025688946, "p25": 0.110436186514562, "median": 0.14431272499496117, "p75": 0.18967569299275056, "p90": 0.5349055049475283, "p95": 1.1038483024807615, "p99": 38.563380261128664, "p99.9": 43.29262849683746, "max": 46.69911824108567}, "inter_token_latency": {"mean": 0.028942398894458484, "min": 2.7320347726345062e-06, "p0.1": 3.6890851333737373e-06, "p1": 1.355004496872425e-05, "p5": 2.0181993022561073e-05, "p10": 2.520496491342783e-05, "p25": 3.544101491570473e-05, "median": 0.00014913250925019383, "p75": 0.04544426908250898, "p90": 0.05620991697069257, "p95": 0.06783572904532774, "p99": 0.11161871241754857, "p99.9": 0.4499442361311778, "max": 46.659012275980785}}, "throughput": {"input_tokens_per_sec": 75784.24965793823, "output_tokens_per_sec": 9354.885349268985, "total_tokens_per_sec": 85139.13500720721, "requests_per_sec": 9.995258835514113}, "prompt_len": {"mean": 7582.0197260594705, "min": 7506.0, "p0.1": 7506.0, "p1": 7514.0, "p5": 7539.0, "p10": 7547.0, "p25": 7563.0, "median": 7581.0, "p75": 7599.0, "p90": 7619.0, "p95": 7632.0, "p99": 7657.0, "p99.9": 7686.0, "max": 7686.0}, "output_len": {"mean": 935.9322758136268, "min": 1.0, "p0.1": 20.083000000000002, "p1": 33.0, "p5": 256.1500000000001, "p10": 927.0, "p25": 991.0, "median": 997.0, "p75": 1000.0, "p90": 1000.0, "p95": 1000.0, "p99": 1000.0, "p99.9": 1997.0, "max": 1999.0}}, "failures": {"count": 0, "request_latency": null, "prompt_len": null}}