{"load_summary": {"count": 1470, "schedule_delay": {"mean": 0.0009362155974677885, "min": -0.0009741924586705863, "p0.1": -0.0008913454312132671, "p1": -0.0003529933752724901, "p5": -4.525959957391019e-06, "p10": 0.00019321448635309935, "p25": 0.0005147830088390037, "median": 0.0009324589336756617, "p75": 0.0013072107394691557, "p90": 0.0016866150777786974, "p95": 0.0019158222712576385, "p99": 0.002535681303706951, "p99.9": 0.004396130929526547, "max": 0.005092433071695268}, "send_duration": 30.29799255100079, "requested_rate": 49.0, "achieved_rate": 48.518065925507784}, "successes": {"count": 1263, "latency": {"request_latency": {"mean": 63.579205863609104, "min": 47.66485078400001, "p0.1": 47.88178608051117, "p1": 48.81148118737736, "p5": 49.85197706494364, "p10": 51.648458699602635, "p25": 55.876944158488186, "median": 60.56971017300384, "p75": 69.62618867351557, "p90": 79.78762168058893, "p95": 81.04567902605632, "p99": 81.57556373623898, "p99.9": 81.78823502683174, "max": 82.43924693000736}, "normalized_time_per_output_token": {"mean": 0.152542575901224, "min": 0.0, "p0.1": 0.012488190905408003, "p1": 0.04886357938462168, "p5": 0.050583858281585216, "p10": 0.052269516315767976, "p25": 0.056730531036697944, "median": 0.06348263761420586, "p75": 0.07576601328499966, "p90": 0.08163618694642631, "p95": 0.20929021715436277, "p99": 2.090214069785098, "p99.9": 2.437138438322176, "max": 23.015175677331474}, "time_per_output_token": {"mean": 0.031648643608696875, "min": 0.023755534026976107, "p0.1": 0.023850019155518685, "p1": 0.02413047861763514, "p5": 0.024722410292049444, "p10": 0.02560978030104298, "p25": 0.027817382225877898, "median": 0.030173519165427338, "p75": 0.03467625309244847, "p90": 0.039762566704745185, "p95": 0.040392165823952705, "p99": 0.04066184395614933, "p99.9": 0.04075495572686488, "max": 0.041081451652185255}, "time_to_first_token": {"mean": 0.18056540348721367, "min": 0.06290804903255776, "p0.1": 0.06387716378842015, "p1": 0.0787159428850282, "p5": 0.08900235479814, "p10": 0.09661565420683474, "p25": 0.11205820547183976, "median": 0.14052276499569416, "p75": 0.1711312025145162, "p90": 0.24815457201329974, "p95": 0.4726144351065154, "p99": 0.9644919290184016, "p99.9": 1.2856492322890587, "max": 1.3781260179821402}, "inter_token_latency": {"mean": 0.031648643608696875, "min": 2.329994458705187e-06, "p0.1": 2.926040906459093e-06, "p1": 1.2753007467836142e-05, "p5": 2.1656975150108337e-05, "p10": 2.728000981733203e-05, "p25": 4.1319988667964935e-05, "median": 0.0002664410276338458, "p75": 0.048595532978652045, "p90": 0.06207332361955196, "p95": 0.07070726919919253, "p99": 0.1101647945225704, "p99.9": 0.38458903009359235, "max": 38.11098164698342}}, "throughput": {"input_tokens_per_sec": 28949.08491135246, "output_tokens_per_sec": 3573.4139642367318, "total_tokens_per_sec": 32522.498875589194, "requests_per_sec": 3.8186414975572998}, "prompt_len": {"mean": 7580.990498812352, "min": 7516.0, "p0.1": 7516.262, "p1": 7523.0, "p5": 7536.0, "p10": 7546.0, "p25": 7563.0, "median": 7581.0, "p75": 7597.5, "p90": 7617.0, "p95": 7629.0, "p99": 7652.279999999999, "p99.9": 7677.642000000001, "max": 7680.0}, "output_len": {"mean": 935.7814726840855, "min": 0.0, "p0.1": 0.786, "p1": 33.0, "p5": 239.4000000000001, "p10": 945.0, "p25": 992.0, "median": 997.0, "p75": 1000.0, "p90": 1000.0, "p95": 1000.0, "p99": 1000.0, "p99.9": 1001.0, "max": 1005.0}}, "failures": {"count": 207, "request_latency": {"mean": 300.5343004656485, "min": 300.0059394169948, "p0.1": 300.00650129023006, "p1": 300.0220401886327, "p5": 300.0552496534074, "p10": 300.08582032822306, "p25": 300.3104417180002, "median": 300.5508819280076, "p75": 300.7678060035105, "p90": 300.8834176728036, "p95": 300.9462437821785, "p99": 300.97624407632276, "p99.9": 300.99427156802955, "max": 300.99432484601857}, "prompt_len": {"mean": 0.0, "min": 0.0, "p0.1": 0.0, "p1": 0.0, "p5": 0.0, "p10": 0.0, "p25": 0.0, "median": 0.0, "p75": 0.0, "p90": 0.0, "p95": 0.0, "p99": 0.0, "p99.9": 0.0, "max": 0.0}}}