{"load_summary": {"count": 750, "schedule_delay": {"mean": 0.0008273377773196747, "min": -0.0009578031022101641, "p0.1": -0.0006723814433207735, "p1": -0.0003291760792490095, "p5": -9.702191746328025e-05, "p10": 0.00011671040556393566, "p25": 0.0004339878505561501, "median": 0.0008402404200751334, "p75": 0.0012123580236220732, "p90": 0.001510540652088821, "p95": 0.0017209798272233452, "p99": 0.002052727816626429, "p99.9": 0.002413841041561706, "max": 0.002613673626910895}, "send_duration": 24.417658351012506, "requested_rate": 30.0, "achieved_rate": 30.715476038630886}, "successes": {"count": 645, "latency": {"request_latency": {"mean": 40.279228419212124, "min": 35.889579834009055, "p0.1": 35.91199305296806, "p1": 36.46039089074125, "p5": 37.06233507480938, "p10": 37.715409587789324, "p25": 38.53457743301988, "median": 39.71131964499364, "p75": 42.115424299030565, "p90": 43.683760259568224, "p95": 43.98034832281992, "p99": 44.35486964168958, "p99.9": 44.45672951360094, "max": 44.48802320403047}, "normalized_time_per_output_token": {"mean": 0.10463203705272311, "min": 0.01954567875601244, "p0.1": 0.020827302138285802, "p1": 0.036454092583318706, "p5": 0.03733805604011661, "p10": 0.03784308702639537, "p25": 0.03898146531701786, "median": 0.04019933023566449, "p75": 0.043100715833818644, "p90": 0.044454049228427814, "p95": 0.07945853802748061, "p99": 1.1883159563574732, "p99.9": 7.849654802658078, "max": 12.621127140339619}, "time_per_output_token": {"mean": 0.02001454592066495, "min": 0.017776677017487624, "p0.1": 0.017777512608941105, "p1": 0.017905423420969853, "p5": 0.018422273041886175, "p10": 0.01870180910374892, "p25": 0.01912315985008582, "median": 0.019764760019996996, "p75": 0.020914999953000342, "p90": 0.02172224439199672, "p95": 0.021835546144123738, "p99": 0.022046536227873434, "p99.9": 0.022102131023792892, "max": 0.022122699029501414}, "time_to_first_token": {"mean": 0.17268600511056004, "min": 0.07110734697198495, "p0.1": 0.0729560687954072, "p1": 0.07783072164049372, "p5": 0.0841655293945223, "p10": 0.09023509242106229, "p25": 0.1002924779895693, "median": 0.11741043004440144, "p75": 0.163079115038272, "p90": 0.33457664038287477, "p95": 0.4987898096325798, "p99": 0.8242165340040809, "p99.9": 1.0719452668784668, "max": 1.0817714530276135}, "inter_token_latency": {"mean": 0.02001454592066495, "min": 2.393033355474472e-06, "p0.1": 3.0460068956017494e-06, "p1": 1.38930045068264e-05, "p5": 2.1525018382817507e-05, "p10": 2.67690047621727e-05, "p25": 3.761699190363288e-05, "median": 0.00016292795771732926, "p75": 0.04195580701343715, "p90": 0.04494365463033319, "p95": 0.04647655320586637, "p99": 0.04957954938756321, "p99.9": 0.11800970223383403, "max": 7.040599942032713}}, "throughput": {"input_tokens_per_sec": 15048.814718744703, "output_tokens_per_sec": 1873.1612016245326, "total_tokens_per_sec": 16921.975920369237, "requests_per_sec": 1.9850633790875123}, "prompt_len": {"mean": 7581.024806201551, "min": 7516.0, "p0.1": 7516.644, "p1": 7524.32, "p5": 7536.0, "p10": 7546.0, "p25": 7563.0, "median": 7581.0, "p75": 7598.0, "p90": 7617.6, "p95": 7629.0, "p99": 7653.36, "p99.9": 7674.204000000001, "max": 7680.0}, "output_len": {"mean": 943.6279069767442, "min": 3.0, "p0.1": 5.5760000000000005, "p1": 33.0, "p5": 519.4, "p10": 942.8, "p25": 992.0, "median": 997.0, "p75": 1000.0, "p90": 1000.0, "p95": 1000.0, "p99": 1000.0, "p99.9": 1996.7120000000002, "max": 1998.0}}, "failures": {"count": 105, "request_latency": {"mean": 300.5041757344163, "min": 300.01004352094606, "p0.1": 300.01061518576137, "p1": 300.0157762035355, "p5": 300.09287219357213, "p10": 300.13221250982025, "p25": 300.2624733740231, "median": 300.4785391869955, "p75": 300.7389057109831, "p90": 300.92600065695586, "p95": 300.9540904934285, "p99": 300.99072980419265, "p99.9": 300.99381853988024, "max": 300.9941592970281}, "prompt_len": {"mean": 0.0, "min": 0.0, "p0.1": 0.0, "p1": 0.0, "p5": 0.0, "p10": 0.0, "p25": 0.0, "median": 0.0, "p75": 0.0, "p90": 0.0, "p95": 0.0, "p99": 0.0, "p99.9": 0.0, "max": 0.0}}}