{"load_summary": {"count": 1508, "schedule_delay": {"mean": 0.000966075077164728, "min": -0.0005031437030993402, "p0.1": -0.00043516099906992166, "p1": -0.00023407733940985053, "p5": 3.1160304206423466e-05, "p10": 0.00021470792125910526, "p25": 0.0005530164780793712, "median": 0.0009441698784939945, "p75": 0.0013092916778987274, "p90": 0.0016858536459039893, "p95": 0.0019547739182598878, "p99": 0.0027054655650863495, "p99.9": 0.004609882314514884, "max": 0.0052727339207194746}, "send_duration": 28.767517769010738, "requested_rate": 52.0, "achieved_rate": 52.420233546339006}, "successes": {"count": 1297, "latency": {"request_latency": {"mean": 65.35723869810067, "min": 48.205348290968686, "p0.1": 48.31314409777243, "p1": 48.96491898660082, "p5": 50.45297907796921, "p10": 52.38159984519007, "p25": 56.58462557301391, "median": 61.86087688698899, "p75": 72.03136667597573, "p90": 82.03522076978116, "p95": 84.07165790079164, "p99": 85.48713705710834, "p99.9": 87.3384234456612, "max": 88.14717956504319}, "normalized_time_per_output_token": {"mean": 0.1514039508198603, "min": 0.0, "p0.1": 0.007369125770243341, "p1": 0.04895178772846237, "p5": 0.05071791177899092, "p10": 0.0528007455467893, "p25": 0.057315090087180366, "median": 0.06636146482932999, "p75": 0.07935911311726622, "p90": 0.08533913245681907, "p95": 0.252928132021777, "p99": 2.13079301614674, "p99.9": 4.577955945000173, "max": 11.516386384598444}, "time_per_output_token": {"mean": 0.0325451304578138, "min": 0.02398595838029792, "p0.1": 0.024039930963316056, "p1": 0.02428143621982494, "p5": 0.025123948583017284, "p10": 0.0259681438874646, "p25": 0.028191137827582834, "median": 0.030824881584231353, "p75": 0.03587313045926535, "p90": 0.04088774961979082, "p95": 0.04191012127107468, "p99": 0.04261944077245525, "p99.9": 0.04354035489744085, "max": 0.04391227290107017}, "time_to_first_token": {"mean": 0.16727533666999528, "min": 0.0633625480113551, "p0.1": 0.06852541775908322, "p1": 0.07950189490802587, "p5": 0.08945747159887105, "p10": 0.0951751101994887, "p25": 0.1115826889872551, "median": 0.13692463701590896, "p75": 0.16916728095384315, "p90": 0.2176946602063255, "p95": 0.4080519698210994, "p99": 0.732852377563249, "p99.9": 1.1845696757817668, "max": 1.1964820710127242}, "inter_token_latency": {"mean": 0.0325451304578138, "min": 2.4189939722418785e-06, "p0.1": 3.002001903951168e-06, "p1": 1.3312033843249083e-05, "p5": 2.232799306511879e-05, "p10": 2.7804984711110592e-05, "p25": 4.164100391790271e-05, "median": 0.0002754980232566595, "p75": 0.048927152005489916, "p90": 0.06339474617270753, "p95": 0.07148400819860397, "p99": 0.10975066501181574, "p99.9": 0.39234608897847195, "max": 39.94457242800854}}, "throughput": {"input_tokens_per_sec": 29846.146747011997, "output_tokens_per_sec": 3685.2223558022615, "total_tokens_per_sec": 33531.36910281426, "requests_per_sec": 3.9369958185417584}, "prompt_len": {"mean": 7580.944487278334, "min": 7516.0, "p0.1": 7516.296, "p1": 7522.92, "p5": 7536.0, "p10": 7546.0, "p25": 7563.0, "median": 7581.0, "p75": 7598.0, "p90": 7618.0, "p95": 7629.0, "p99": 7656.0, "p99.9": 7677.336000000001, "max": 7680.0}, "output_len": {"mean": 936.0493446414804, "min": 0.0, "p0.1": 1.4800000000000002, "p1": 32.0, "p5": 206.79999999999995, "p10": 952.6, "p25": 992.0, "median": 997.0, "p75": 1000.0, "p90": 1000.0, "p95": 1000.0, "p99": 1000.04, "p99.9": 1019.1920000000041, "max": 1997.0}}, "failures": {"count": 211, "request_latency": {"mean": 300.499842131485, "min": 300.01281159505015, "p0.1": 300.01407322338025, "p1": 300.02244678231654, "p5": 300.0614689515205, "p10": 300.1130019110278, "p25": 300.26358808996156, "median": 300.4948881409946, "p75": 300.7096578819619, "p90": 300.88134393497603, "p95": 300.9203735610063, "p99": 300.98033727409785, "p99.9": 300.99183100278606, "max": 300.9922162939911}, "prompt_len": {"mean": 0.0, "min": 0.0, "p0.1": 0.0, "p1": 0.0, "p5": 0.0, "p10": 0.0, "p25": 0.0, "median": 0.0, "p75": 0.0, "p90": 0.0, "p95": 0.0, "p99": 0.0, "p99.9": 0.0, "max": 0.0}}}