{"load_summary": {"count": 1520, "schedule_delay": {"mean": 0.0008174072141149449, "min": -0.0005730194970965385, "p0.1": -0.0005046759310062043, "p1": -0.0003332863003015518, "p5": -7.535480835940689e-05, "p10": 9.795969235710801e-05, "p25": 0.000431022432167083, "median": 0.0008142499718815088, "p75": 0.0011772862926591188, "p90": 0.0015288542082998909, "p95": 0.0017380646924721073, "p99": 0.0020808445767033844, "p99.9": 0.0033281425845925754, "max": 0.004282300127670169}, "send_duration": 36.96085290500196, "requested_rate": 40.0, "achieved_rate": 41.12459211660391}, "successes": {"count": 1302, "latency": {"request_latency": {"mean": 62.54426114041991, "min": 44.39095456205541, "p0.1": 44.6557602777782, "p1": 45.98040296539431, "p5": 47.82810561910155, "p10": 49.87543578967452, "p25": 55.35722875899228, "median": 59.707101249019615, "p75": 68.73412877375085, "p90": 78.52240140301873, "p95": 80.29894340382307, "p99": 81.11622208144574, "p99.9": 81.74046610533381, "max": 82.52992903400445}, "normalized_time_per_output_token": {"mean": 0.1282396025843556, "min": 0.0, "p0.1": 0.03565457303261269, "p1": 0.04605228976925195, "p5": 0.04822264251447547, "p10": 0.050342768971802065, "p25": 0.05640157282369719, "median": 0.062207269380304187, "p75": 0.07537336276755208, "p90": 0.08111236324447951, "p95": 0.258799635113201, "p99": 1.8949247760844232, "p99.9": 2.3724254243295415, "max": 2.388613226616358}, "time_per_output_token": {"mean": 0.030466441049032195, "min": 0.021211795632665544, "p0.1": 0.021312746966730568, "p1": 0.021339158166464287, "p5": 0.023184955781107238, "p10": 0.024206167323384965, "p25": 0.026811850508120245, "median": 0.029326981626701068, "p75": 0.03366906998275661, "p90": 0.03898887549165293, "p95": 0.03934999899368407, "p99": 0.04042748302591489, "p99.9": 0.04048845067902511, "max": 0.040514318127432246}, "time_to_first_token": {"mean": 1.5226835408706694, "min": 0.0682986979954876, "p0.1": 0.06974090914020781, "p1": 0.07897235860757064, "p5": 0.08916078823967837, "p10": 0.09530128519400023, "p25": 0.11147224325395655, "median": 0.1411545664886944, "p75": 0.17563754723232705, "p90": 0.3890314631920777, "p95": 0.8264070502860711, "p99": 33.21580961027124, "p99.9": 34.82788155307912, "max": 34.89205204800237}, "inter_token_latency": {"mean": 0.030466441049032192, "min": 2.383952960371971e-06, "p0.1": 3.2809912227094173e-06, "p1": 1.3804004993289709e-05, "p5": 2.1714952890761196e-05, "p10": 2.6689027436077595e-05, "p25": 3.729300806298852e-05, "median": 0.00018486648332327604, "p75": 0.04993917976389639, "p90": 0.05971798267564736, "p95": 0.06901392114814364, "p99": 0.10917740413395215, "p99.9": 0.3778525073556242, "max": 34.86311189702246}}, "throughput": {"input_tokens_per_sec": 29267.01837575518, "output_tokens_per_sec": 3604.999931642279, "total_tokens_per_sec": 32872.01830739746, "requests_per_sec": 3.8605874237731532}, "prompt_len": {"mean": 7580.9754224270355, "min": 7516.0, "p0.1": 7516.301, "p1": 7523.0, "p5": 7536.0, "p10": 7546.0, "p25": 7563.0, "median": 7581.0, "p75": 7598.0, "p90": 7618.0, "p95": 7629.0, "p99": 7655.9400000000005, "p99.9": 7677.291000000001, "max": 7680.0}, "output_len": {"mean": 933.7956989247311, "min": 0.0, "p0.1": 28.505, "p1": 33.0, "p5": 229.74999999999994, "p10": 928.0, "p25": 992.0, "median": 997.0, "p75": 1000.0, "p90": 1000.0, "p95": 1000.0, "p99": 1000.0, "p99.9": 1001.0, "max": 1998.0}}, "failures": {"count": 218, "request_latency": {"mean": 300.47171776122207, "min": 300.00423884100746, "p0.1": 300.00540537767415, "p1": 300.0098341325432, "p5": 300.0379955971468, "p10": 300.0640134872985, "p25": 300.25658526476764, "median": 300.44138918997487, "p75": 300.71203781152144, "p90": 300.88937310869807, "p95": 300.94317608613636, "p99": 300.99245574835163, "p99.9": 300.994565843326, "max": 300.99497002601856}, "prompt_len": {"mean": 0.0, "min": 0.0, "p0.1": 0.0, "p1": 0.0, "p5": 0.0, "p10": 0.0, "p25": 0.0, "median": 0.0, "p75": 0.0, "p90": 0.0, "p95": 0.0, "p99": 0.0, "p99.9": 0.0, "max": 0.0}}}