{"load_summary": {"count": 1518, "schedule_delay": {"mean": 0.0013626489977871358, "min": -0.0013041382189840078, "p0.1": -0.000599257513473276, "p1": -0.00033163706480991093, "p5": 1.2680611689575032e-05, "p10": 0.00017925288411788646, "p25": 0.0005132916558068246, "median": 0.0009093949920497835, "p75": 0.0013290388160385191, "p90": 0.0016815595619846134, "p95": 0.001903930178377776, "p99": 0.0025773109449073657, "p99.9": 0.15163186781329943, "max": 0.1973428560886532}, "send_duration": 31.603583297983278, "requested_rate": 46.0, "achieved_rate": 48.032528010735675}, "successes": {"count": 1301, "latency": {"request_latency": {"mean": 64.77017923373108, "min": 47.77319791197078, "p0.1": 47.818639658781464, "p1": 48.986900671967305, "p5": 50.31144942896208, "p10": 51.976044606009964, "p25": 56.250325893983245, "median": 61.341498265974224, "p75": 71.14134873996954, "p90": 81.50483035598882, "p95": 84.33945119101554, "p99": 85.49236694799038, "p99.9": 87.15027409446778, "max": 87.82577233301708}, "normalized_time_per_output_token": {"mean": 0.11437914050656664, "min": 0.0, "p0.1": 0.03470326356923885, "p1": 0.04905535175450525, "p5": 0.050748761700000616, "p10": 0.052424808413023126, "p25": 0.05692264846524211, "median": 0.06545798472549444, "p75": 0.07890524570459755, "p90": 0.08518384148839694, "p95": 0.11318754537216685, "p99": 1.7625717760300066, "p99.9": 2.4527726420607503, "max": 2.5411387118199076}, "time_per_output_token": {"mean": 0.03221889535186213, "min": 0.021658690207915242, "p0.1": 0.023592898691213154, "p1": 0.024287484543244895, "p5": 0.02478774012393271, "p10": 0.02570776740179352, "p25": 0.027979409722149372, "median": 0.030536682808103607, "p75": 0.03541608973814552, "p90": 0.04061979587756047, "p95": 0.04203359931583462, "p99": 0.042590636440276074, "p99.9": 0.04342669786717304, "max": 0.04376762683757803}, "time_to_first_token": {"mean": 0.23428065997750988, "min": 0.062158298038411885, "p0.1": 0.06787289550993592, "p1": 0.07646490505430847, "p5": 0.08961781300604343, "p10": 0.09917681297520176, "p25": 0.11353657400468364, "median": 0.13934534299187362, "p75": 0.17178561998298392, "p90": 0.2552041609887965, "p95": 0.4423284799559042, "p99": 1.0246842100168578, "p99.9": 24.947454469279986, "max": 37.29241526097758}, "inter_token_latency": {"mean": 0.03221889535186213, "min": 2.3060129024088383e-06, "p0.1": 3.034312976524234e-06, "p1": 1.3281998690217733e-05, "p5": 2.1839048713445663e-05, "p10": 2.739601768553257e-05, "p25": 4.1022023651748896e-05, "median": 0.00025397504214197397, "p75": 0.049598777026403695, "p90": 0.06181712000397965, "p95": 0.07109938998473808, "p99": 0.11116952396696433, "p99.9": 0.38863050235668695, "max": 39.03992648603162}}, "throughput": {"input_tokens_per_sec": 29708.33125758985, "output_tokens_per_sec": 3697.4490274546497, "total_tokens_per_sec": 33405.7802850445, "requests_per_sec": 3.918799447271884}, "prompt_len": {"mean": 7580.977709454266, "min": 7516.0, "p0.1": 7516.3, "p1": 7523.0, "p5": 7536.0, "p10": 7546.0, "p25": 7563.0, "median": 7581.0, "p75": 7598.0, "p90": 7618.0, "p95": 7629.0, "p99": 7656.0, "p99.9": 7677.3, "max": 7680.0}, "output_len": {"mean": 943.5157571099154, "min": 0.0, "p0.1": 24.9, "p1": 33.0, "p5": 512.0, "p10": 935.0, "p25": 992.0, "median": 998.0, "p75": 1000.0, "p90": 1000.0, "p95": 1000.0, "p99": 1000.0, "p99.9": 1007.9000000000003, "max": 1999.0}}, "failures": {"count": 217, "request_latency": {"mean": 300.5265516745633, "min": 300.0064398859977, "p0.1": 300.0068954531178, "p1": 300.010774162428, "p5": 300.0655671318062, "p10": 300.1251944468124, "p25": 300.25457550102146, "median": 300.57071807800094, "p75": 300.79014674801147, "p90": 300.92548331979197, "p95": 300.9604222540045, "p99": 300.9953137770924, "p99.9": 300.9992143922015, "max": 300.99987991002854}, "prompt_len": {"mean": 0.0, "min": 0.0, "p0.1": 0.0, "p1": 0.0, "p5": 0.0, "p10": 0.0, "p25": 0.0, "median": 0.0, "p75": 0.0, "p90": 0.0, "p95": 0.0, "p99": 0.0, "p99.9": 0.0, "max": 0.0}}}