{"load_summary": {"count": 750, "schedule_delay": {"mean": 0.0008144884426146746, "min": -0.0005354680470190942, "p0.1": -0.0005223786709830165, "p1": -0.0003081661165924743, "p5": -5.25452458532527e-05, "p10": 8.797362097539009e-05, "p25": 0.000411512068239972, "median": 0.0008188042265828699, "p75": 0.0011814369354397058, "p90": 0.0015285893809050322, "p95": 0.0017200229834998025, "p99": 0.002228764466708526, "p99.9": 0.0026484887772239766, "max": 0.0026665698969736695}, "send_duration": 28.50106053997297, "requested_rate": 25.0, "achieved_rate": 26.314810248836842}, "successes": {"count": 645, "latency": {"request_latency": {"mean": 39.25590265138434, "min": 34.43417503096862, "p0.1": 34.48181571150082, "p1": 35.287558136857115, "p5": 35.72902130538132, "p10": 36.56357462021988, "p25": 37.57026665803278, "median": 38.97760775999632, "p75": 40.9658673509839, "p90": 42.627008861186916, "p95": 42.930458630598146, "p99": 43.36486677313922, "p99.9": 43.42546974239592, "max": 43.43174743704731}, "normalized_time_per_output_token": {"mean": 0.09528756798622282, "min": 0.0, "p0.1": 0.02217560871994379, "p1": 0.035241587039157744, "p5": 0.036190294815026836, "p10": 0.03675479606764697, "p25": 0.0381414535670192, "median": 0.039456470799981616, "p75": 0.0421583535069949, "p90": 0.04486843327405411, "p95": 0.21304449106005746, "p99": 1.1552257264005539, "p99.9": 3.266079676205873, "max": 6.258400256667907}, "time_per_output_token": {"mean": 0.019507206760592782, "min": 0.017111681304833173, "p0.1": 0.017130278384102846, "p1": 0.017389721683281678, "p5": 0.017758175386195032, "p10": 0.018138154052463926, "p25": 0.018687200879051895, "median": 0.019400378001499168, "p75": 0.020355415045962562, "p90": 0.021164611780017415, "p95": 0.02129288202760553, "p99": 0.02152579398119942, "p99.9": 0.021576609587458814, "max": 0.021584455444275504}, "time_to_first_token": {"mean": 0.16359365280427024, "min": 0.06990253599360585, "p0.1": 0.07147610747162253, "p1": 0.07704735761042684, "p5": 0.08444529360858724, "p10": 0.08956339398864657, "p25": 0.10016794200055301, "median": 0.11550695303594694, "p75": 0.16183365898905322, "p90": 0.2974823944037781, "p95": 0.4386563069652764, "p99": 0.6962861133273682, "p99.9": 0.884571580348306, "max": 0.8987228460027836}, "inter_token_latency": {"mean": 0.019507206760592782, "min": 2.3649772629141808e-06, "p0.1": 3.006987040862441e-06, "p1": 1.375699881464243e-05, "p5": 2.147001214325428e-05, "p10": 2.6782997883856298e-05, "p25": 3.7646968849003315e-05, "median": 0.00015564000932499766, "p75": 0.04062559100566432, "p90": 0.04448301980737597, "p95": 0.046075315400958064, "p99": 0.04948552732821558, "p99.9": 0.11453210166585757, "max": 3.4497228669933975}}, "throughput": {"input_tokens_per_sec": 14875.102256186718, "output_tokens_per_sec": 1810.1481025162186, "total_tokens_per_sec": 16685.250358702935, "requests_per_sec": 1.9621492656267725}, "prompt_len": {"mean": 7581.024806201551, "min": 7516.0, "p0.1": 7516.644, "p1": 7524.32, "p5": 7536.0, "p10": 7546.0, "p25": 7563.0, "median": 7581.0, "p75": 7598.0, "p90": 7617.6, "p95": 7629.0, "p99": 7653.36, "p99.9": 7674.204000000001, "max": 7680.0}, "output_len": {"mean": 922.5333333333333, "min": 0.0, "p0.1": 3.864, "p1": 32.0, "p5": 166.00000000000006, "p10": 872.0, "p25": 991.0, "median": 997.0, "p75": 1000.0, "p90": 1000.0, "p95": 1000.0, "p99": 1000.0, "p99.9": 1000.0, "max": 1000.0}}, "failures": {"count": 105, "request_latency": {"mean": 300.5007505157918, "min": 300.0079402939882, "p0.1": 300.0085744064301, "p1": 300.01593635540456, "p5": 300.0831701523624, "p10": 300.1214252787642, "p25": 300.2302398610045, "median": 300.51654528902145, "p75": 300.7327382710064, "p90": 300.91436697222525, "p95": 300.94213909060926, "p99": 300.98084967414616, "p99.9": 300.99187989367687, "max": 300.99308158195345}, "prompt_len": {"mean": 0.0, "min": 0.0, "p0.1": 0.0, "p1": 0.0, "p5": 0.0, "p10": 0.0, "p25": 0.0, "median": 0.0, "p75": 0.0, "p90": 0.0, "p95": 0.0, "p99": 0.0, "p99.9": 0.0, "max": 0.0}}}