{"load_summary": {"count": 750, "schedule_delay": {"mean": 0.0013166963159261893, "min": -0.0005633168038912117, "p0.1": -0.0005009555394644849, "p1": -0.00012492743786424399, "p5": 0.00018502021848689764, "p10": 0.00032632391084916893, "p25": 0.000673737216857262, "median": 0.0010726702748797834, "p75": 0.0014694256969960406, "p90": 0.0018943371833302083, "p95": 0.0023414542374666776, "p99": 0.0037031596741871906, "p99.9": 0.06385881859867643, "max": 0.08666614122921601}, "send_duration": 49.047158556990325, "requested_rate": 15.0, "achieved_rate": 15.291405701484987}, "successes": {"count": 645, "latency": {"request_latency": {"mean": 41.79608149282416, "min": 32.6626824940322, "p0.1": 32.66986050386541, "p1": 32.96845101140207, "p5": 34.30394343519583, "p10": 35.42791498460574, "p25": 38.544962608022615, "median": 41.985759528004564, "p75": 45.01608391600894, "p90": 47.33707328262972, "p95": 48.915037967776875, "p99": 51.25576642955421, "p99.9": 51.61498976068177, "max": 51.72544767596992}, "normalized_time_per_output_token": {"mean": 0.08608298952179987, "min": 0.022648400915960168, "p0.1": 0.029097598252238555, "p1": 0.03307606295824505, "p5": 0.034413226081876316, "p10": 0.03555763933321626, "p25": 0.03906911447496557, "median": 0.042464041309023745, "p75": 0.04622920682298718, "p90": 0.05070668621651141, "p95": 0.10537213226085713, "p99": 1.358576818470449, "p99.9": 1.7869007089463773, "max": 2.0015995920839487}, "time_per_output_token": {"mean": 0.02050275981199598, "min": 0.016141292261352334, "p0.1": 0.01614135861717051, "p1": 0.016341800132850377, "p5": 0.01697841521320764, "p10": 0.01754241959751071, "p25": 0.019147486371306543, "median": 0.02069684631135459, "p75": 0.02195419572312492, "p90": 0.022936275676460654, "p95": 0.023535155469464643, "p99": 0.024769274962927277, "p99.9": 0.025458105715583147, "max": 0.02554382572563408}, "time_to_first_token": {"mean": 0.7073902337703594, "min": 0.14651631499873474, "p0.1": 0.14823996942047962, "p1": 0.1581402898603119, "p5": 0.16779416339704767, "p10": 0.17447244141949342, "p25": 0.1870706200134009, "median": 0.2155815219739452, "p75": 0.5729740879614837, "p90": 1.9611671301885514, "p95": 3.127751163591163, "p99": 5.04489450487075, "p99.9": 5.9127450568799595, "max": 6.033406684000511}, "inter_token_latency": {"mean": 0.02050275981199598, "min": 2.3150350898504257e-06, "p0.1": 2.7976317796856163e-06, "p1": 1.3598997611552477e-05, "p5": 2.1990039385855198e-05, "p10": 2.7891015633940697e-05, "p25": 3.9095000829547644e-05, "median": 0.00015539402374997735, "p75": 0.03514271997846663, "p90": 0.04284835120197387, "p95": 0.045958478993270546, "p99": 0.1270499867061153, "p99.9": 0.49308919819141994, "max": 0.5911655409727246}}, "throughput": {"input_tokens_per_sec": 14027.770389944015, "output_tokens_per_sec": 1747.2685839161713, "total_tokens_per_sec": 15775.038973860186, "requests_per_sec": 1.8503791701708712}, "prompt_len": {"mean": 7581.024806201551, "min": 7516.0, "p0.1": 7516.644, "p1": 7524.32, "p5": 7536.0, "p10": 7546.0, "p25": 7563.0, "median": 7581.0, "p75": 7598.0, "p90": 7617.6, "p95": 7629.0, "p99": 7653.36, "p99.9": 7674.204000000001, "max": 7680.0}, "output_len": {"mean": 944.2759689922481, "min": 23.0, "p0.1": 23.644, "p1": 33.0, "p5": 400.00000000000017, "p10": 969.0, "p25": 992.0, "median": 997.0, "p75": 1000.0, "p90": 1000.0, "p95": 1000.0, "p99": 1000.0, "p99.9": 1356.932000000108, "max": 1999.0}}, "failures": {"count": 105, "request_latency": {"mean": 300.51382909258274, "min": 300.0126366869663, "p0.1": 300.01402858813293, "p1": 300.0264725837088, "p5": 300.059183567029, "p10": 300.1175475061988, "p25": 300.29691493697464, "median": 300.59417453501374, "p75": 300.70227286196314, "p90": 300.85428837239743, "p95": 300.8992494386039, "p99": 300.9765273150708, "p99.9": 300.9984621603573, "max": 301.0007291100337}, "prompt_len": {"mean": 0.0, "min": 0.0, "p0.1": 0.0, "p1": 0.0, "p5": 0.0, "p10": 0.0, "p25": 0.0, "median": 0.0, "p75": 0.0, "p90": 0.0, "p95": 0.0, "p99": 0.0, "p99.9": 0.0, "max": 0.0}}}