{"load_summary": {"count": 1485, "schedule_delay": {"mean": 0.0009298870275314484, "min": -0.0009753692429512739, "p0.1": -0.0005187793660443276, "p1": -0.0003755292482674122, "p5": -1.4707178343087412e-05, "p10": 0.0001792273600585759, "p25": 0.000537246058229357, "median": 0.0009201821521855891, "p75": 0.0012889584177173674, "p90": 0.0016536551411263651, "p95": 0.0018737612292170525, "p99": 0.0026395194511860637, "p99.9": 0.0033097972932737397, "max": 0.005471720185596496}, "send_duration": 26.585355179966427, "requested_rate": 55.0, "achieved_rate": 55.85782059135443}, "successes": {"count": 1276, "latency": {"request_latency": {"mean": 66.1553373035659, "min": 49.729627859022, "p0.1": 50.04237675012264, "p1": 50.86085094726877, "p5": 51.96402827526617, "p10": 53.38421990498318, "p25": 57.20986083522439, "median": 63.26623792949249, "p75": 73.24762863152137, "p90": 83.32180785649689, "p95": 84.94328619347652, "p99": 86.15127000324719, "p99.9": 87.66506192419911, "max": 87.691155256005}, "normalized_time_per_output_token": {"mean": 0.11636299431444397, "min": 0.0, "p0.1": 0.027369759750830964, "p1": 0.050885092440228416, "p5": 0.05214364023548842, "p10": 0.053696008007507776, "p25": 0.05782536282406304, "median": 0.06640601920041853, "p75": 0.07860062561722589, "p90": 0.0858319650870454, "p95": 0.11198161682967225, "p99": 1.9726653694451404, "p99.9": 2.6177573739411537, "max": 2.6883047956562223}, "time_per_output_token": {"mean": 0.03293601562629329, "min": 0.02475227314592765, "p0.1": 0.024910473911653717, "p1": 0.025153695764748192, "p5": 0.025698384667402537, "p10": 0.02647419319292221, "p25": 0.028507472608946025, "median": 0.03152971486432135, "p75": 0.036502656200525424, "p90": 0.04152772748623909, "p95": 0.042351824137421945, "p99": 0.04294635413906395, "p99.9": 0.043700587176853524, "max": 0.043715428855064895}, "time_to_first_token": {"mean": 0.18620216435413234, "min": 0.07130884897196665, "p0.1": 0.072123426978942, "p1": 0.08018581925716717, "p5": 0.09122844846569933, "p10": 0.10023537400411442, "p25": 0.11496785124472808, "median": 0.13932364349602722, "p75": 0.16952874374692328, "p90": 0.26684337548795156, "p95": 0.5796446087333607, "p99": 0.9832631390017923, "p99.9": 1.161978793906748, "max": 1.1708309489767998}, "inter_token_latency": {"mean": 0.032936015626293294, "min": 2.401007805019617e-06, "p0.1": 3.0780211091041565e-06, "p1": 1.3631011825054884e-05, "p5": 2.2175023332238197e-05, "p10": 2.7710979338735342e-05, "p25": 4.1099730879068375e-05, "median": 0.000252066005486995, "p75": 0.0491099579812726, "p90": 0.06505763501627371, "p95": 0.07149205698806327, "p99": 0.1089937477663625, "p99.9": 0.5124856414157009, "max": 39.502667519962415}}, "throughput": {"input_tokens_per_sec": 29571.31531734434, "output_tokens_per_sec": 3703.5169861217796, "total_tokens_per_sec": 33274.83230346612, "requests_per_sec": 3.9007397320572608}, "prompt_len": {"mean": 7580.9506269592475, "min": 7516.0, "p0.1": 7516.275, "p1": 7523.0, "p5": 7536.0, "p10": 7546.0, "p25": 7563.0, "median": 7581.0, "p75": 7598.0, "p90": 7617.0, "p95": 7629.0, "p99": 7651.5, "p99.9": 7677.5250000000015, "max": 7680.0}, "output_len": {"mean": 949.4396551724138, "min": 0.0, "p0.1": 29.0, "p1": 33.0, "p5": 542.25, "p10": 958.0, "p25": 992.0, "median": 998.0, "p75": 1000.0, "p90": 1000.0, "p95": 1000.0, "p99": 1000.0, "p99.9": 1997.0, "max": 1998.0}}, "failures": {"count": 209, "request_latency": {"mean": 300.50781158214596, "min": 300.00424798898166, "p0.1": 300.00725330297695, "p1": 300.0253519814066, "p5": 300.0783147390117, "p10": 300.12141427618917, "p25": 300.24747341597686, "median": 300.5168570029782, "p75": 300.75819990597665, "p90": 300.91810406120493, "p95": 300.9679868073901, "p99": 300.99306084865236, "p99.9": 300.998068456152, "max": 300.9981237539905}, "prompt_len": {"mean": 0.0, "min": 0.0, "p0.1": 0.0, "p1": 0.0, "p5": 0.0, "p10": 0.0, "p25": 0.0, "median": 0.0, "p75": 0.0, "p90": 0.0, "p95": 0.0, "p99": 0.0, "p99.9": 0.0, "max": 0.0}}}