{"load_summary": {"count": 735, "schedule_delay": {"mean": 0.0008372765167483262, "min": -0.0006341987755149603, "p0.1": -0.0005894001671113073, "p1": -0.0004046970652416348, "p5": -6.765127764083444e-05, "p10": 9.998320601880553e-05, "p25": 0.00043542246567085385, "median": 0.0008204667246900499, "p75": 0.0012048663047607988, "p90": 0.0015170433092862368, "p95": 0.001762453996343538, "p99": 0.0023700896778609593, "p99.9": 0.003382158819236848, "max": 0.003918093512766063}, "send_duration": 20.839917814009823, "requested_rate": 35.0, "achieved_rate": 35.26885310007747}, "successes": {"count": 631, "latency": {"request_latency": {"mean": 40.85635786210707, "min": 37.038816198997665, "p0.1": 37.05061326020572, "p1": 37.17570240449859, "p5": 37.83648685802473, "p10": 38.241355687961914, "p25": 39.041420175519306, "median": 39.83154746796936, "p75": 43.31913186397287, "p90": 44.7705943150213, "p95": 45.0896153950016, "p99": 46.187847044831145, "p99.9": 46.38273880068795, "max": 46.39497644797666}, "normalized_time_per_output_token": {"mean": 0.06671907876842756, "min": 0.0, "p0.1": 0.023334454205368532, "p1": 0.03719472400525369, "p5": 0.03788853152602678, "p10": 0.03840959985914755, "p25": 0.03930248920901795, "median": 0.040302195204628424, "p75": 0.04434520398911535, "p90": 0.04629566786100622, "p95": 0.07354151573651255, "p99": 1.1559639653496143, "p99.9": 1.4017004933585915, "max": 1.4714041127299424}, "time_per_output_token": {"mean": 0.02029145454998937, "min": 0.018423485408297628, "p0.1": 0.018425460151320593, "p1": 0.0184827659212959, "p5": 0.018732633727387052, "p10": 0.018954232358827493, "p25": 0.019362665834324805, "median": 0.019801790299826535, "p75": 0.021555738874811978, "p90": 0.02228742849224525, "p95": 0.02241030100299088, "p99": 0.02273451709045693, "p99.9": 0.022967015495334163, "max": 0.023053955035991613}, "time_to_first_token": {"mean": 0.19431637943046692, "min": 0.07272831996669993, "p0.1": 0.07328500438015909, "p1": 0.07794394050724804, "p5": 0.08574490001774393, "p10": 0.09044470201479271, "p25": 0.10070356298820116, "median": 0.11666864197468385, "p75": 0.16429809550754726, "p90": 0.4085182690178044, "p95": 0.7084962735243607, "p99": 0.9636394829081849, "p99.9": 1.237438835782814, "max": 1.2383932649972849}, "inter_token_latency": {"mean": 0.02029145454998937, "min": 2.3760367184877396e-06, "p0.1": 3.0016357777640223e-06, "p1": 1.4178286073729396e-05, "p5": 2.2494001314044e-05, "p10": 2.7847010642290115e-05, "p25": 3.8763973861932755e-05, "median": 0.00017175194807350636, "p75": 0.04232305148616433, "p90": 0.04486036201706156, "p95": 0.046519863011781126, "p99": 0.04917755237547681, "p99.9": 0.16384669413790318, "max": 10.299879959027749}}, "throughput": {"input_tokens_per_sec": 14893.89646700864, "output_tokens_per_sec": 1854.2691433132939, "total_tokens_per_sec": 16748.165610321936, "requests_per_sec": 1.9646672522902433}, "prompt_len": {"mean": 7580.874801901743, "min": 7516.0, "p0.1": 7516.63, "p1": 7523.9, "p5": 7536.5, "p10": 7546.0, "p25": 7563.0, "median": 7581.0, "p75": 7597.5, "p90": 7617.0, "p95": 7629.0, "p99": 7649.7, "p99.9": 7674.330000000001, "max": 7680.0}, "output_len": {"mean": 943.8082408874802, "min": 0.0, "p0.1": 16.380000000000003, "p1": 33.3, "p5": 518.0, "p10": 924.0, "p25": 992.0, "median": 997.0, "p75": 1000.0, "p90": 1000.0, "p95": 1000.0, "p99": 1000.0, "p99.9": 1001.0, "max": 1001.0}}, "failures": {"count": 104, "request_latency": {"mean": 300.5748706774326, "min": 300.0070377810043, "p0.1": 300.0083303762049, "p1": 300.0202414923621, "p5": 300.085555835985, "p10": 300.1453259358066, "p25": 300.3426742807642, "median": 300.64213018797454, "p75": 300.8362648267648, "p90": 300.9525706744986, "p95": 300.9807521625888, "p99": 300.9919143250899, "p99.9": 300.9999584408914, "max": 301.00087822100613}, "prompt_len": {"mean": 0.0, "min": 0.0, "p0.1": 0.0, "p1": 0.0, "p5": 0.0, "p10": 0.0, "p25": 0.0, "median": 0.0, "p75": 0.0, "p90": 0.0, "p95": 0.0, "p99": 0.0, "p99.9": 0.0, "max": 0.0}}}