{"load_summary": {"count": 300, "schedule_delay": {"mean": 0.0007457987581922983, "min": -0.0011208223877474666, "p0.1": -0.0009635859664995223, "p1": -0.00037478311336599287, "p5": -0.00011227772920392453, "p10": 6.485104095190764e-05, "p25": 0.00034350386704318225, "median": 0.0007442186179105192, "p75": 0.0010974142787745222, "p90": 0.001412830158369616, "p95": 0.0016762757964897902, "p99": 0.0021606081217760216, "p99.9": 0.00235268189746421, "max": 0.002371290873270482}, "send_duration": 18.747304802993312, "requested_rate": 15.0, "achieved_rate": 16.0023002320899}, "successes": {"count": 300, "latency": {"request_latency": {"mean": 58.6414745683547, "min": 26.26986484695226, "p0.1": 26.283848212861166, "p1": 26.604903267011977, "p5": 27.151455822735443, "p10": 27.249492967803963, "p25": 28.767816347259213, "median": 29.658501655008877, "p75": 30.88960368275002, "p90": 189.88885009369113, "p95": 191.8680626107933, "p99": 193.62731690732005, "p99.9": 193.727625873423, "max": 193.74214397597825}, "normalized_time_per_output_token": {"mean": 0.24834052859174857, "min": 0.026316631957015488, "p0.1": 0.026403169012421568, "p1": 0.026728858775002924, "p5": 0.027268052825541237, "p10": 0.02772415744109266, "p25": 0.028905385782381172, "median": 0.03037406020377257, "p75": 0.037309130925529586, "p90": 0.1926396089043579, "p95": 0.20714763649356774, "p99": 0.8729405143370251, "p99.9": 34.087891659331426, "max": 48.24475250575051}, "time_per_output_token": {"mean": 0.02910760641063659, "min": 0.01299818390456174, "p0.1": 0.01301195616822038, "p1": 0.013220233075905242, "p5": 0.013492721908256646, "p10": 0.013545448409491984, "p25": 0.014232533623193643, "median": 0.014746769947288529, "p75": 0.015356790142425365, "p90": 0.09435188053669162, "p95": 0.09532764943548333, "p99": 0.09660154344010594, "p99.9": 0.09664477238049474, "max": 0.09665409256522635}, "time_to_first_token": {"mean": 0.3421665664321821, "min": 0.0628545869840309, "p0.1": 0.06290783680073218, "p1": 0.0653338206623448, "p5": 0.0702155378938187, "p10": 0.07415524171083235, "p25": 0.08358305622823536, "median": 0.10564462497131899, "p75": 0.17086590598046314, "p90": 0.24504243830451755, "p95": 0.3940673897857783, "p99": 6.428163092857573, "p99.9": 7.21144979315362, "max": 7.2528417549910955}, "inter_token_latency": {"mean": 0.029107606410636585, "min": 2.435001078993082e-06, "p0.1": 3.4669646993279457e-06, "p1": 1.5761004760861397e-05, "p5": 2.3453962057828903e-05, "p10": 3.0150049133226277e-05, "p25": 4.109996370971203e-05, "median": 0.00017051701433956623, "p75": 0.029132237017620355, "p90": 0.03343914760625919, "p95": 0.18951558948028832, "p99": 0.20294127142813526, "p99.9": 0.2111808318253614, "max": 4.4287113299942575}}, "throughput": {"input_tokens_per_sec": 11095.439606960503, "output_tokens_per_sec": 1365.2198253973054, "total_tokens_per_sec": 12460.659432357807, "requests_per_sec": 1.463645078081349}, "prompt_len": {"mean": 7580.69, "min": 7513.0, "p0.1": 7513.897, "p1": 7519.98, "p5": 7533.95, "p10": 7545.0, "p25": 7564.0, "median": 7582.0, "p75": 7596.0, "p90": 7617.0, "p95": 7628.1, "p99": 7639.1, "p99.9": 7655.608, "max": 7658.0}, "output_len": {"mean": 932.7533333333333, "min": 4.0, "p0.1": 12.372, "p1": 33.0, "p5": 184.45000000000002, "p10": 942.8, "p25": 990.0, "median": 997.0, "p75": 1000.0, "p90": 1000.0, "p95": 1000.0, "p99": 1000.0, "p99.9": 1000.701, "max": 1001.0}}, "failures": {"count": 0, "request_latency": null, "prompt_len": null}}