{"load_summary": {"count": 1500, "schedule_delay": {"mean": 0.0008748550767777488, "min": -0.0007189842872321606, "p0.1": -0.0005514516899711452, "p1": -0.0003531555365771055, "p5": -1.5701376833021636e-05, "p10": 0.0001813883543945849, "p25": 0.0004625395667972043, "median": 0.0008655616547912359, "p75": 0.0012390116753522307, "p90": 0.0016077296400908384, "p95": 0.0018161151674576104, "p99": 0.0023173470812616866, "p99.9": 0.003354738624184442, "max": 0.003551253699697554}, "send_duration": 24.32195477199275, "requested_rate": 60.0, "achieved_rate": 61.67267450588643}, "successes": {"count": 1290, "latency": {"request_latency": {"mean": 67.01779604128772, "min": 50.16488769999705, "p0.1": 50.27928839671513, "p1": 50.91309166785039, "p5": 52.07898028978961, "p10": 53.694788071588846, "p25": 57.31461785377178, "median": 64.41846890051966, "p75": 74.23096743896895, "p90": 84.38072489430196, "p95": 85.82549788468751, "p99": 87.49700619152281, "p99.9": 90.29470173445452, "max": 90.73795342998346}, "normalized_time_per_output_token": {"mean": 0.15391476893422518, "min": 0.0, "p0.1": 0.009641952772447662, "p1": 0.050904849322760716, "p5": 0.052646763409094625, "p10": 0.054620215550936234, "p25": 0.0584973640054934, "median": 0.06896281315758584, "p75": 0.08209942028384098, "p90": 0.08755000654879626, "p95": 0.45002218763865337, "p99": 2.2135298115347517, "p99.9": 2.693179462450531, "max": 2.7470241794448897}, "time_per_output_token": {"mean": 0.033371099117653624, "min": 0.024970028808618292, "p0.1": 0.025010143900671727, "p1": 0.025305722559053362, "p5": 0.025790400202927725, "p10": 0.02659330463268969, "p25": 0.028549936270876927, "median": 0.03210109868889739, "p75": 0.036979730945034095, "p90": 0.042057639510560574, "p95": 0.042787830820330115, "p99": 0.04361174804916314, "p99.9": 0.04501374787867987, "max": 0.0452194994807463}, "time_to_first_token": {"mean": 0.18051745353141158, "min": 0.07073054602369666, "p0.1": 0.07333986116864252, "p1": 0.08077272285707295, "p5": 0.09054536267067306, "p10": 0.0966058477642946, "p25": 0.11244716550572775, "median": 0.13723867549560964, "p75": 0.16864143050042912, "p90": 0.25693657751544435, "p95": 0.5508799463859758, "p99": 0.9319951395946554, "p99.9": 1.176256731609174, "max": 1.1774470710079186}, "inter_token_latency": {"mean": 0.033371099117653624, "min": 2.367014531046152e-06, "p0.1": 3.1579984351992607e-06, "p1": 1.3876007869839668e-05, "p5": 2.2043997887521982e-05, "p10": 2.725701779127121e-05, "p25": 3.966502845287323e-05, "median": 0.00023799246991984546, "p75": 0.04939311525959056, "p90": 0.06694063066970557, "p95": 0.07210983066179323, "p99": 0.10767766715318428, "p99.9": 0.5147454131250853, "max": 40.5725217940053}}, "throughput": {"input_tokens_per_sec": 30158.431011160494, "output_tokens_per_sec": 3680.42431923427, "total_tokens_per_sec": 33838.85533039476, "requests_per_sec": 3.9781469896378407}, "prompt_len": {"mean": 7581.024806201551, "min": 7516.0, "p0.1": 7516.289, "p1": 7523.0, "p5": 7536.0, "p10": 7546.0, "p25": 7563.0, "median": 7581.0, "p75": 7598.0, "p90": 7618.0, "p95": 7629.0, "p99": 7656.0, "p99.9": 7677.399000000002, "max": 7680.0}, "output_len": {"mean": 925.160465116279, "min": 0.0, "p0.1": 6.935999999999998, "p1": 32.0, "p5": 127.0, "p10": 911.9000000000001, "p25": 991.0, "median": 997.0, "p75": 1000.0, "p90": 1000.0, "p95": 1000.0, "p99": 1000.0, "p99.9": 1003.1330000000007, "max": 1999.0}}, "failures": {"count": 210, "request_latency": {"mean": 300.4836846689081, "min": 300.0077290269546, "p0.1": 300.00870271322816, "p1": 300.0245985659689, "p5": 300.0736899711308, "p10": 300.11543930169427, "p25": 300.28045569326787, "median": 300.4740159174835, "p75": 300.69901332925656, "p90": 300.84040493170613, "p95": 300.9415181097487, "p99": 300.9872910537804, "p99.9": 301.0006521372254, "max": 301.00143571500666}, "prompt_len": {"mean": 0.0, "min": 0.0, "p0.1": 0.0, "p1": 0.0, "p5": 0.0, "p10": 0.0, "p25": 0.0, "median": 0.0, "p75": 0.0, "p90": 0.0, "p95": 0.0, "p99": 0.0, "p99.9": 0.0, "max": 0.0}}}