{
    "load_summary": {
        "count": 1482,
        "schedule_delay": {
            "mean": 0.0008673061461655446,
            "min": -0.0011869765585288405,
            "p0.1": -0.0007549588364199734,
            "p1": -0.0003753360139671713,
            "p5": -3.104434290435166e-05,
            "p10": 0.000154880341142416,
            "p25": 0.00047844916116446257,
            "median": 0.0008391809242311865,
            "p75": 0.001247790496563539,
            "p90": 0.001595309708500281,
            "p95": 0.0017890916962642223,
            "p99": 0.002351449051639066,
            "p99.9": 0.0028984030331485134,
            "max": 0.003804309235420078
        },
        "send_duration": 24.79808665602468,
        "requested_rate": 57.0,
        "achieved_rate": 59.762675264301045
    },
    "successes": {
        "count": 1273,
        "latency": {
            "request_latency": {
                "mean": 66.6219775236445,
                "min": 50.19826639996609,
                "p0.1": 50.28082712947065,
                "p1": 50.94771629036637,
                "p5": 52.263750540395264,
                "p10": 53.80202805057634,
                "p25": 57.54253711499041,
                "median": 63.53970848704921,
                "p75": 73.44624740403378,
                "p90": 84.15403101479168,
                "p95": 85.71858909438598,
                "p99": 86.65161591962911,
                "p99.9": 88.44794806332376,
                "max": 88.53144101600628
            },
            "normalized_time_per_output_token": {
                "mean": 0.1387380221886044,
                "min": 0.0,
                "p0.1": 0.02876033819017674,
                "p1": 0.051065274606918044,
                "p5": 0.05258229486029642,
                "p10": 0.054406822464248474,
                "p25": 0.05822793356504015,
                "median": 0.06770761233630467,
                "p75": 0.08052884574073625,
                "p90": 0.08666645872539375,
                "p95": 0.2181468511240349,
                "p99": 2.000044026173966,
                "p99.9": 2.686837215309753,
                "max": 3.080471697083946
            },
            "time_per_output_token": {
                "mean": 0.03317331580402427,
                "min": 0.024981951010985944,
                "p0.1": 0.025016497878204178,
                "p1": 0.02525259444580019,
                "p5": 0.025822059835178376,
                "p10": 0.02675873067627113,
                "p25": 0.028636258176894674,
                "median": 0.031664565655178036,
                "p75": 0.036591295139434266,
                "p90": 0.041942552372399924,
                "p95": 0.04273606139081142,
                "p99": 0.04320457594680843,
                "p99.9": 0.04409319036841642,
                "max": 0.044148462117944695
            },
            "time_to_first_token": {
                "mean": 0.17981549452549322,
                "min": 0.06517732603242621,
                "p0.1": 0.06927219393895939,
                "p1": 0.07917467503808438,
                "p5": 0.08944338539149613,
                "p10": 0.09506014820653945,
                "p25": 0.10941606102278456,
                "median": 0.1367317329859361,
                "p75": 0.16882431803969666,
                "p90": 0.27785029701190056,
                "p95": 0.5489972002105785,
                "p99": 0.9380274428287514,
                "p99.9": 1.050150227855891,
                "max": 1.0915234530111775
            },
            "inter_token_latency": {
                "mean": 0.03317331580402427,
                "min": 2.354034222662449e-06,
                "p0.1": 3.1060189940035343e-06,
                "p1": 1.3612036127597094e-05,
                "p5": 2.1827989257872105e-05,
                "p10": 2.7146015781909227e-05,
                "p25": 3.976002335548401e-05,
                "median": 0.00023035600315779448,
                "p75": 0.04917626501992345,
                "p90": 0.06645564901409672,
                "p95": 0.07176113598980009,
                "p99": 0.10774121345719269,
                "p99.9": 0.5174464317616081,
                "max": 39.98824161099037
            }
        },
        "throughput": {
            "input_tokens_per_sec": 29699.338156804206,
            "output_tokens_per_sec": 3676.409370997158,
            "total_tokens_per_sec": 33375.747527801366,
            "requests_per_sec": 3.9176150525265583
        },
        "prompt_len": {
            "mean": 7580.974076983503,
            "min": 7516.0,
            "p0.1": 7516.272,
            "p1": 7523.0,
            "p5": 7536.0,
            "p10": 7546.0,
            "p25": 7563.0,
            "median": 7581.0,
            "p75": 7598.0,
            "p90": 7617.0,
            "p95": 7629.0,
            "p99": 7651.68,
            "p99.9": 7677.552000000001,
            "max": 7680.0
        },
        "output_len": {
            "mean": 938.4304791830322,
            "min": 0.0,
            "p0.1": 24.0,
            "p1": 33.0,
            "p5": 280.8000000000002,
            "p10": 946.0,
            "p25": 992.0,
            "median": 997.0,
            "p75": 1000.0,
            "p90": 1000.0,
            "p95": 1000.0,
            "p99": 1000.0,
            "p99.9": 1998.0,
            "max": 1999.0
        }
    },
    "failures": {
        "count": 209,
        "request_latency": {
            "mean": 300.50331047980745,
            "min": 300.00154945097165,
            "p0.1": 300.0056073685321,
            "p1": 300.02235531592277,
            "p5": 300.04738105800936,
            "p10": 300.12121165818536,
            "p25": 300.25182419799967,
            "median": 300.48207247798564,
            "p75": 300.7663943649968,
            "p90": 300.9230092319893,
            "p95": 300.9511585680419,
            "p99": 300.98457842784234,
            "p99.9": 300.99517585638307,
            "max": 300.9971770659904
        },
        "prompt_len": {
            "mean": 0.0,
            "min": 0.0,
            "p0.1": 0.0,
            "p1": 0.0,
            "p5": 0.0,
            "p10": 0.0,
            "p25": 0.0,
            "median": 0.0,
            "p75": 0.0,
            "p90": 0.0,
            "p95": 0.0,
            "p99": 0.0,
            "p99.9": 0.0,
            "max": 0.0
        }
    }
}