{"load_summary": {"count": 1548, "schedule_delay": {"mean": 0.0021043978741293826, "min": -0.0009666256373748183, "p0.1": -0.0006225757873617113, "p1": -0.0003128855087561533, "p5": -8.242779877036809e-05, "p10": 0.0001130820950493217, "p25": 0.00046515947906300426, "median": 0.0008773269364610314, "p75": 0.001259425116586499, "p90": 0.0016493551956955343, "p95": 0.0019249601959018033, "p99": 0.011971951620070927, "p99.9": 0.1954224272724247, "max": 0.1995234520873055}, "send_duration": 34.37895599898184, "requested_rate": 43.0, "achieved_rate": 45.027545340406654}, "successes": {"count": 1320, "latency": {"request_latency": {"mean": 64.1398594110002, "min": 46.94521120097488, "p0.1": 47.1163522925037, "p1": 48.09403760659916, "p5": 49.08340717671963, "p10": 51.227072689315534, "p25": 55.86935544574226, "median": 61.54399253751035, "p75": 71.96923327950935, "p90": 80.23068601362175, "p95": 83.10705556720204, "p99": 83.75902984229673, "p99.9": 85.8115977934078, "max": 86.3626008410356}, "normalized_time_per_output_token": {"mean": 0.12966577613438382, "min": 0.0, "p0.1": 0.007814994587953053, "p1": 0.04813006121729119, "p5": 0.049621405528124884, "p10": 0.051639627758328935, "p25": 0.05648844245727555, "median": 0.0646600062029902, "p75": 0.07685360128753443, "p90": 0.08369907323532758, "p95": 0.22212107245362553, "p99": 1.987494814148397, "p99.9": 2.385284668985663, "max": 2.4873971390343894}, "time_per_output_token": {"mean": 0.03153186324555385, "min": 0.02123796038081993, "p0.1": 0.02124023448731347, "p1": 0.02138949118217622, "p5": 0.024148123567797775, "p10": 0.02494330018105603, "p25": 0.02744845767130477, "median": 0.030076245868547485, "p75": 0.03522212851573474, "p90": 0.03981789403400074, "p95": 0.040976501845714594, "p99": 0.041706889271769014, "p99.9": 0.04180310708488277, "max": 0.04181437297303091}, "time_to_first_token": {"mean": 0.9776958882753565, "min": 0.06200702697969973, "p0.1": 0.06584376369661187, "p1": 0.0786270589340711, "p5": 0.09043192892568186, "p10": 0.09764636119361966, "p25": 0.1152339647669578, "median": 0.14213868803926744, "p75": 0.17345201699936297, "p90": 0.33429108206764796, "p95": 0.7326476032176272, "p99": 34.94196491401759, "p99.9": 37.64263235073578, "max": 38.076264670991804}, "inter_token_latency": {"mean": 0.03153186324555385, "min": 2.3399479687213898e-06, "p0.1": 2.8919894248247147e-06, "p1": 1.2734031770378351e-05, "p5": 2.2047024685889482e-05, "p10": 2.7575006242841482e-05, "p25": 4.055898170918226e-05, "median": 0.00023072201292961836, "p75": 0.049740239774109796, "p90": 0.06046581767732278, "p95": 0.06994947046623558, "p99": 0.11048487776133713, "p99.9": 0.3808665991175234, "max": 37.88414167804876}}, "throughput": {"input_tokens_per_sec": 29850.510409971255, "output_tokens_per_sec": 3702.5274243880162, "total_tokens_per_sec": 33553.03783435927, "requests_per_sec": 3.9375673841608863}, "prompt_len": {"mean": 7580.952272727272, "min": 7516.0, "p0.1": 7516.319, "p1": 7521.38, "p5": 7536.0, "p10": 7546.0, "p25": 7563.0, "median": 7581.0, "p75": 7597.25, "p90": 7618.0, "p95": 7629.0, "p99": 7654.86, "p99.9": 7677.129000000001, "max": 7680.0}, "output_len": {"mean": 940.3083333333333, "min": 0.0, "p0.1": 7.974999999999999, "p1": 33.0, "p5": 287.70000000000005, "p10": 947.5, "p25": 991.0, "median": 997.0, "p75": 1000.0, "p90": 1000.0, "p95": 1000.0, "p99": 1000.0, "p99.9": 1997.0, "max": 1999.0}}, "failures": {"count": 228, "request_latency": {"mean": 300.50954323603844, "min": 300.00444720097585, "p0.1": 300.0048485140548, "p1": 300.0067779828486, "p5": 300.04647885439624, "p10": 300.0944232634036, "p25": 300.26885911823774, "median": 300.5118753834977, "p75": 300.76774179851054, "p90": 300.90402304640736, "p95": 300.93675227734786, "p99": 300.9891534602997, "p99.9": 300.99588496479595, "max": 300.99672029097565}, "prompt_len": {"mean": 0.0, "min": 0.0, "p0.1": 0.0, "p1": 0.0, "p5": 0.0, "p10": 0.0, "p25": 0.0, "median": 0.0, "p75": 0.0, "p90": 0.0, "p95": 0.0, "p99": 0.0, "p99.9": 0.0, "max": 0.0}}}