{"load_summary": {"count": 748, "schedule_delay": {"mean": 0.0008341491565246504, "min": -0.0006717920769006014, "p0.1": -0.0005568117700167932, "p1": -0.0004172325332183391, "p5": -9.718333603814244e-05, "p10": 0.00011055014329031111, "p25": 0.00045266724191606045, "median": 0.0007954835891723633, "p75": 0.0012328017473919317, "p90": 0.0015767843811772765, "p95": 0.001747892567072995, "p99": 0.002182771895313635, "p99.9": 0.0026791792933945915, "max": 0.0033276209724135697}, "send_duration": 33.211399299965706, "requested_rate": 22.0, "achieved_rate": 22.522387365978055}, "successes": {"count": 643, "latency": {"request_latency": {"mean": 38.31386187469142, "min": 33.10283356899163, "p0.1": 33.148698245460636, "p1": 33.826448717806485, "p5": 34.32858684688108, "p10": 35.2539385932032, "p25": 36.45708671497414, "median": 38.07665523001924, "p75": 40.237119461002294, "p90": 42.150537627795714, "p95": 42.76297320206067, "p99": 43.49915845179115, "p99.9": 43.62302342821763, "max": 43.635548688995186}, "normalized_time_per_output_token": {"mean": 0.07481457354698344, "min": 0.0, "p0.1": 0.012262534338124135, "p1": 0.033843209936271886, "p5": 0.03442576398905661, "p10": 0.035468333376431835, "p25": 0.036850380421135163, "median": 0.03833305230422645, "p75": 0.041356910107511795, "p90": 0.04356115781539604, "p95": 0.08364987831758312, "p99": 1.129949928305853, "p99.9": 1.3926347143665694, "max": 1.6279202173059077}, "time_per_output_token": {"mean": 0.01903479512226954, "min": 0.01643876302599286, "p0.1": 0.016460872992009008, "p1": 0.016605456118234666, "p5": 0.017055954058575018, "p10": 0.01752613314512027, "p25": 0.01808361119214808, "median": 0.018946319415290114, "p75": 0.019954894024226327, "p90": 0.020979102696166436, "p95": 0.021239495673275058, "p99": 0.021585705384448834, "p99.9": 0.021685810373469804, "max": 0.021690364157438215}, "time_to_first_token": {"mean": 0.1663824128365241, "min": 0.06431084597716108, "p0.1": 0.06653709523775615, "p1": 0.07188769377535209, "p5": 0.08427149390336126, "p10": 0.09238533898023889, "p25": 0.10509323250153102, "median": 0.12297715002205223, "p75": 0.16475473949685693, "p90": 0.2783089785836637, "p95": 0.4423523903009477, "p99": 0.7822523580049183, "p99.9": 1.0907985840300105, "max": 1.0975182420224883}, "inter_token_latency": {"mean": 0.01903479512226954, "min": 2.4050241336226463e-06, "p0.1": 2.922024577856064e-06, "p1": 1.3484428636729717e-05, "p5": 2.1223968360573053e-05, "p10": 2.6857014745473862e-05, "p25": 3.8300990127027035e-05, "median": 0.0001596960355527699, "p75": 0.038646635512122884, "p90": 0.043604448006954045, "p95": 0.045778734365012494, "p99": 0.05692215610295537, "p99.9": 0.114569544697647, "max": 0.5703719930024818}}, "throughput": {"input_tokens_per_sec": 14608.506634377438, "output_tokens_per_sec": 1808.1085480181303, "total_tokens_per_sec": 16416.61518239557, "requests_per_sec": 1.9270044211110355}, "prompt_len": {"mean": 7580.940902021773, "min": 7516.0, "p0.1": 7516.642, "p1": 7524.26, "p5": 7536.0, "p10": 7546.0, "p25": 7563.0, "median": 7581.0, "p75": 7597.5, "p90": 7617.0, "p95": 7629.0, "p99": 7653.4800000000005, "p99.9": 7674.222000000001, "max": 7680.0}, "output_len": {"mean": 938.3001555209953, "min": 0.0, "p0.1": 14.766, "p1": 32.42, "p5": 448.7, "p10": 937.6, "p25": 993.0, "median": 997.0, "p75": 1000.0, "p90": 1000.0, "p95": 1000.0, "p99": 1000.0, "p99.9": 1358.2840000000608, "max": 1999.0}}, "failures": {"count": 105, "request_latency": {"mean": 300.5100831323159, "min": 300.0154249530169, "p0.1": 300.0171321560661, "p1": 300.0321883000736, "p5": 300.07272396800107, "p10": 300.12290923558174, "p25": 300.2651077740011, "median": 300.5162368460442, "p75": 300.7246494150022, "p90": 300.8746956218267, "p95": 300.94853705499554, "p99": 300.9788763955771, "p99.9": 300.9988818383529, "max": 301.0011749570258}, "prompt_len": {"mean": 0.0, "min": 0.0, "p0.1": 0.0, "p1": 0.0, "p5": 0.0, "p10": 0.0, "p25": 0.0, "median": 0.0, "p75": 0.0, "p90": 0.0, "p95": 0.0, "p99": 0.0, "p99.9": 0.0, "max": 0.0}}}