{"load_summary": {"count": 17084, "schedule_delay": {"mean": 0.0010502772266922894, "min": -0.0013041382189840078, "p0.1": -0.0006336697213700972, "p1": -0.0003408593736821785, "p5": -3.4987455001100886e-05, "p10": 0.0001540757715702057, "p25": 0.0004824752395506948, "median": 0.0008780948701314628, "p75": 0.0012661089276662096, "p90": 0.0016231879359111191, "p95": 0.0018504845618735994, "p99": 0.0025037738092942123, "p99.9": 0.06136905500805725, "max": 0.1995234520873055}}, "successes": {"count": 14744, "latency": {"request_latency": {"mean": 58.26079478839073, "min": 23.523478570044972, "p0.1": 24.814100595121797, "p1": 27.086735002334464, "p5": 35.93541880825651, "p10": 38.15060099132243, "p25": 43.275843939743936, "median": 57.48812486501993, "p75": 69.65581938826654, "p90": 80.5349704685912, "p95": 83.62267653605085, "p99": 87.44592352624981, "p99.9": 191.8997416001609, "max": 193.74214397597825}, "normalized_time_per_output_token": {"mean": 0.12539265544802913, "min": 0.0, "p0.1": 0.0, "p1": 0.027043958785202434, "p5": 0.03633329085458451, "p10": 0.03852310406596208, "p25": 0.0448821902784805, "median": 0.05856678909115434, "p75": 0.07309707482237487, "p90": 0.08506053373554275, "p95": 0.19203240738698957, "p99": 1.9294800787867166, "p99.9": 2.7216264204064666, "max": 48.24475250575051}, "time_per_output_token": {"mean": 0.028882453894858766, "min": 0.011655280044492473, "p0.1": 0.012296329551255392, "p1": 0.013422603125348914, "p5": 0.01783213085562539, "p10": 0.018953603965527345, "p25": 0.021374177406178096, "median": 0.028546744309107905, "p75": 0.03455877903148445, "p90": 0.040108781381487976, "p95": 0.04165250379498511, "p99": 0.043585729319476, "p99.9": 0.09538951890183389, "max": 0.09665409256522635}, "time_to_first_token": {"mean": 0.4043507257672335, "min": 0.05768483399879187, "p0.1": 0.0638222406381392, "p1": 0.07436384456290397, "p5": 0.08656247845792678, "p10": 0.0937083805038128, "p25": 0.10980050198850222, "median": 0.13958537552389316, "p75": 0.17903590023342986, "p90": 0.3321974087972195, "p95": 0.6179198138444887, "p99": 2.900416441992246, "p99.9": 34.96234777967726, "max": 38.076264670991804}, "inter_token_latency": {"mean": 0.028882453894858762, "min": 2.3060129024088383e-06, "p0.1": 3.0149822123348713e-06, "p1": 1.3600976672023535e-05, "p5": 2.1930027287453413e-05, "p10": 2.739101182669401e-05, "p25": 3.970199031755328e-05, "median": 0.0002251940022688359, "p75": 0.04546318897337187, "p90": 0.05747524847975, "p95": 0.07010635089245625, "p99": 0.11876840175595137, "p99.9": 0.3332042453484293, "max": 40.5725217940053}}, "throughput": {"input_tokens_per_sec": 21484.258064992086, "output_tokens_per_sec": 2657.742944269608, "total_tokens_per_sec": 24142.001009261694, "requests_per_sec": 2.833981044359464}, "prompt_len": {"mean": 7580.946283233858, "min": 7513.0, "p0.1": 7516.0, "p1": 7521.0, "p5": 7536.0, "p10": 7546.0, "p25": 7563.0, "median": 7581.0, "p75": 7597.0, "p90": 7618.0, "p95": 7629.0, "p99": 7656.0, "p99.9": 7680.0, "max": 7680.0}, "output_len": {"mean": 937.8125339120999, "min": 0.0, "p0.1": 0.0, "p1": 33.0, "p5": 304.4500000000003, "p10": 940.0, "p25": 992.0, "median": 997.0, "p75": 1000.0, "p90": 1000.0, "p95": 1000.0, "p99": 1000.0, "p99.9": 1997.0, "max": 1999.0}}, "failures": {"count": 2340, "request_latency": {"mean": 300.5081926309642, "min": 300.00154945097165, "p0.1": 300.0043155218477, "p1": 300.0132564434473, "p5": 300.05375795227593, "p10": 300.1050301183888, "p25": 300.26220091900905, "median": 300.5138420140138, "p75": 300.754182051518, "p90": 300.90621577999553, "p95": 300.9528989117738, "p99": 300.9930655365775, "p99.9": 301.0008276723865, "max": 301.00143571500666}, "prompt_len": {"mean": 0.0, "min": 0.0, "p0.1": 0.0, "p1": 0.0, "p5": 0.0, "p10": 0.0, "p25": 0.0, "median": 0.0, "p75": 0.0, "p90": 0.0, "p95": 0.0, "p99": 0.0, "p99.9": 0.0, "max": 0.0}}}