{"load_summary": {"count": 600, "schedule_delay": {"mean": 0.001113785056756266, "min": -0.0005378764180932194, "p0.1": -0.0005205939684819896, "p1": -0.00014450631686486304, "p5": 9.826104796957226e-05, "p10": 0.00031967080431059006, "p25": 0.0006218585403985344, "median": 0.000954407048993744, "p75": 0.0013551905503845774, "p90": 0.0016460391314467415, "p95": 0.0018438178609358146, "p99": 0.0023502813512459374, "p99.9": 0.033276025787141866, "max": 0.03739667113404721}, "send_duration": 59.92572219501017, "requested_rate": 10.0, "achieved_rate": 10.012394978695145}, "successes": {"count": 600, "latency": {"request_latency": {"mean": 36.30432061158616, "min": 29.00364148200606, "p0.1": 29.0545101924942, "p1": 29.36603734013508, "p5": 30.924458211075397, "p10": 32.05887296569417, "p25": 34.33322851850971, "median": 36.80558823500178, "p75": 38.66812241324806, "p90": 39.43261609658657, "p95": 39.59480905543169, "p99": 40.02556617254799, "p99.9": 40.06428373054956, "max": 40.07033371500438}, "normalized_time_per_output_token": {"mean": 0.03792325455137361, "min": 0.02900364148200606, "p0.1": 0.02905826493559988, "p1": 0.029722792341894164, "p5": 0.031174222498395594, "p10": 0.03287243588997347, "p25": 0.03520196949476294, "median": 0.037676983619595796, "p75": 0.03959988529673238, "p90": 0.04283705197183535, "p95": 0.046594432390533236, "p99": 0.05219174315623342, "p99.9": 0.07715076289166756, "max": 0.09628037155468702}, "time_per_output_token": {"mean": 0.018058468870500822, "min": 0.014429856042475042, "p0.1": 0.014455793620474312, "p1": 0.014598168861109739, "p5": 0.01537120592699354, "p10": 0.01594714592449335, "p25": 0.017074450162296067, "median": 0.01830360408296136, "p75": 0.01924471357146056, "p90": 0.01961590903378308, "p95": 0.019702285136103042, "p99": 0.01991436844865486, "p99.9": 0.01992243789313991, "max": 0.01992258660320222}, "time_to_first_token": {"mean": 0.11232089408125225, "min": 0.0686686180124525, "p0.1": 0.07043353856194881, "p1": 0.07483555520419032, "p5": 0.0821286724487436, "p10": 0.08733544728311245, "p25": 0.09739672274008626, "median": 0.1112885879992973, "p75": 0.1254798012523679, "p90": 0.13679732441669332, "p95": 0.14614547340461284, "p99": 0.16207912827638207, "p99.9": 0.1860089319781401, "max": 0.18687722500180826}, "inter_token_latency": {"mean": 0.01805846887050082, "min": 2.4390174075961113e-06, "p0.1": 3.3365901908837257e-06, "p1": 1.3921991921961308e-05, "p5": 2.0018934446852657e-05, "p10": 2.5869987439364195e-05, "p25": 3.976401058025658e-05, "median": 0.00027200499607715756, "p75": 0.037894298242463265, "p90": 0.03930920999846421, "p95": 0.04037340970244259, "p99": 0.05191276195953835, "p99.9": 0.08777960568259015, "max": 0.24375293700722978}}, "throughput": {"input_tokens_per_sec": 60552.057512915126, "output_tokens_per_sec": 6215.49359189889, "total_tokens_per_sec": 66767.55110481402, "requests_per_sec": 6.445200539112873}, "prompt_len": {"mean": 9394.906666666666, "min": 9343.0, "p0.1": 9343.0, "p1": 9345.0, "p5": 9355.0, "p10": 9364.0, "p25": 9379.0, "median": 9395.0, "p75": 9412.0, "p90": 9423.1, "p95": 9430.0, "p99": 9448.05, "p99.9": 9459.0, "max": 9459.0}, "output_len": {"mean": 964.36, "min": 393.0, "p0.1": 499.622, "p1": 744.87, "p5": 800.8, "p10": 861.6, "p25": 967.75, "median": 1000.0, "p75": 1001.0, "p90": 1001.0, "p95": 1001.0, "p99": 1002.0, "p99.9": 1004.6040000000003, "max": 1007.0}}, "failures": {"count": 0, "request_latency": null, "prompt_len": null}}