{"load_summary": {"count": 225, "schedule_delay": {"mean": 0.0014321830651412408, "min": -0.00022368784993886948, "p0.1": -0.00018629021756350994, "p1": 2.9576468514278578e-05, "p5": 0.00045860118698328736, "p10": 0.0006270408630371094, "p25": 0.0009570030379109085, "median": 0.0013413522392511368, "p75": 0.0018259015050716698, "p90": 0.0022459725500084456, "p95": 0.0026647706574294693, "p99": 0.003453512804117049, "p99.9": 0.005753364072181295, "max": 0.005992021760903299}, "send_duration": 24.955804788012756, "requested_rate": 9.0, "achieved_rate": 9.015938452446793}, "successes": {"count": 225, "latency": {"request_latency": {"mean": 39.83230959431152, "min": 31.081285528023727, "p0.1": 31.091264279568566, "p1": 31.139182155031012, "p5": 31.669383657193976, "p10": 32.1891831300105, "p25": 34.84522104199277, "median": 40.19539141599671, "p75": 44.078957180987345, "p90": 47.44819360339898, "p95": 48.839469090389315, "p99": 49.5320010352903, "p99.9": 50.150729668295945, "max": 50.2698845990235}, "normalized_time_per_output_token": {"mean": 0.04129919765086607, "min": 0.021419175111431755, "p0.1": 0.023576532592042784, "p1": 0.031107691885985857, "p5": 0.03192004380985916, "p10": 0.033053881773804854, "p25": 0.03575422683016413, "median": 0.04069863254490495, "p75": 0.04589080199401325, "p90": 0.04929580332109344, "p95": 0.05324564647182443, "p99": 0.060351029557965744, "p99.9": 0.06596059359565631, "max": 0.06632163699730118}, "time_per_output_token": {"mean": 0.018835674899008732, "min": 0.015403459371810058, "p0.1": 0.01541010598197725, "p1": 0.015449248128821948, "p5": 0.015710757821694767, "p10": 0.015970193326339657, "p25": 0.016719558808599076, "median": 0.018275234259871896, "p75": 0.020595806995496343, "p90": 0.02250538718430728, "p95": 0.02325987351274277, "p99": 0.02438689975800383, "p99.9": 0.02444910486494163, "max": 0.02445753645028806}, "time_to_first_token": {"mean": 2.073508646996278, "min": 0.15639592599472962, "p0.1": 0.15677455722517333, "p1": 0.15864243170595727, "p5": 0.1667604511952959, "p10": 0.17453872660989872, "p25": 0.22344859599252231, "median": 1.765564267989248, "p75": 3.23042239897768, "p90": 4.729922499204985, "p95": 5.199273719801567, "p99": 6.196822378454961, "p99.9": 6.719988343844195, "max": 6.8170209230156615}, "inter_token_latency": {"mean": 0.018835674899008732, "min": 2.430984750390053e-06, "p0.1": 3.2682325690984724e-06, "p1": 1.4304998330771923e-05, "p5": 2.148799831047654e-05, "p10": 2.875100472010672e-05, "p25": 4.2625993955880404e-05, "median": 0.000284051988273859, "p75": 0.03234104998409748, "p90": 0.03484812139649875, "p95": 0.03601954377372749, "p99": 0.10484520619153048, "p99.9": 0.6085501534356741, "max": 0.6618105309898965}}, "throughput": {"input_tokens_per_sec": 36023.48203520876, "output_tokens_per_sec": 3728.2886346043847, "total_tokens_per_sec": 39751.770669813144, "requests_per_sec": 3.83377714255806}, "prompt_len": {"mean": 9396.342222222222, "min": 9343.0, "p0.1": 9343.224, "p1": 9345.24, "p5": 9359.0, "p10": 9364.4, "p25": 9380.0, "median": 9396.0, "p75": 9413.0, "p90": 9424.0, "p95": 9430.8, "p99": 9451.8, "p99.9": 9457.88, "max": 9459.0}, "output_len": {"mean": 972.4844444444444, "min": 743.0, "p0.1": 747.256, "p1": 762.96, "p5": 795.8, "p10": 861.8, "p25": 974.0, "median": 998.0, "p75": 1001.0, "p90": 1001.0, "p95": 1001.0, "p99": 1001.76, "p99.9": 1883.3280000000118, "max": 2136.0}}, "failures": {"count": 0, "request_latency": null, "prompt_len": null}}