{"load_summary": {"count": 300, "schedule_delay": {"mean": 0.0012490506691392512, "min": -0.00042086021858267486, "p0.1": -0.0004194524887134321, "p1": -0.00027701082814019174, "p5": 0.00016665678849676628, "p10": 0.00034322853316552936, "p25": 0.0006572383717866614, "median": 0.0010089701099786907, "p75": 0.0013415215216809884, "p90": 0.0017064081766875463, "p95": 0.0019114467024337503, "p99": 0.002403701182629404, "p99.9": 0.039866373119294335, "max": 0.04839881608495489}, "send_duration": 59.986258197022835, "requested_rate": 5.0, "achieved_rate": 5.001145412581997}, "successes": {"count": 300, "latency": {"request_latency": {"mean": 28.840000733395087, "min": 25.208819405990653, "p0.1": 25.233652358235997, "p1": 25.85677799293626, "p5": 26.393725774266933, "p10": 26.73732195960765, "p25": 27.497692942262802, "median": 29.01904461099184, "p75": 30.177738755002792, "p90": 30.784957383590516, "p95": 30.997534510144032, "p99": 31.15086792174785, "p99.9": 31.163244050975567, "max": 31.1646922849759}, "normalized_time_per_output_token": {"mean": 0.030102780759108588, "min": 0.025266606151829935, "p0.1": 0.025379680335007763, "p1": 0.025862258676864074, "p5": 0.02664005673737687, "p10": 0.026973462425045804, "p25": 0.028227917880395893, "median": 0.029863878594974726, "p75": 0.03090699166458842, "p90": 0.03424103302597831, "p95": 0.03641685083797958, "p99": 0.03959772990040066, "p99.9": 0.04167071817040258, "max": 0.04222654180909388}, "time_per_output_token": {"mean": 0.014332586125327512, "min": 0.01252871379110802, "p0.1": 0.012542669585024884, "p1": 0.01285540190581917, "p5": 0.013110494307972882, "p10": 0.013286446682403799, "p25": 0.013675229757869927, "median": 0.014414889230384729, "p75": 0.015009919312098814, "p90": 0.015294893378519157, "p95": 0.015408472994459006, "p99": 0.015486619336371913, "p99.9": 0.015496450433216626, "max": 0.015496655007494895}, "time_to_first_token": {"mean": 0.10438409864407731, "min": 0.07206723300623707, "p0.1": 0.07254789523876388, "p1": 0.07369397777976701, "p5": 0.0773991217924049, "p10": 0.08119740619731601, "p25": 0.08960294150165282, "median": 0.09979819749423768, "p75": 0.10903580949525349, "p90": 0.1265727866062662, "p95": 0.16643118719366615, "p99": 0.18957340112712673, "p99.9": 0.26030739890557036, "max": 0.2628901890129782}, "inter_token_latency": {"mean": 0.01433258612532751, "min": 2.4769979063421488e-06, "p0.1": 3.5800039768218994e-06, "p1": 1.5242975787259638e-05, "p5": 2.1251995349302888e-05, "p10": 3.106100484728813e-05, "p25": 4.247100878274068e-05, "median": 0.00025779999850783497, "p75": 0.028423587507859338, "p90": 0.03049827539070975, "p95": 0.03099583476287079, "p99": 0.03636706581950422, "p99.9": 0.10392211570957467, "max": 0.15612023600260727}}, "throughput": {"input_tokens_per_sec": 32652.89569937387, "output_tokens_per_sec": 3348.1092002711966, "total_tokens_per_sec": 36001.004899645064, "requests_per_sec": 3.475630067445782}, "prompt_len": {"mean": 9394.813333333334, "min": 9343.0, "p0.1": 9343.299, "p1": 9345.99, "p5": 9355.95, "p10": 9364.0, "p25": 9378.0, "median": 9395.0, "p75": 9412.0, "p90": 9423.0, "p95": 9430.0, "p99": 9448.05, "p99.9": 9457.505000000001, "max": 9459.0}, "output_len": {"mean": 963.31, "min": 728.0, "p0.1": 733.083, "p1": 749.97, "p5": 796.85, "p10": 853.1, "p25": 968.0, "median": 999.0, "p75": 1001.0, "p90": 1001.0, "p95": 1001.0, "p99": 1002.0, "p99.9": 1015.8140000000003, "max": 1020.0}}, "failures": {"count": 0, "request_latency": null, "prompt_len": null}}