{
    "load_summary": {
        "count": 1800,
        "schedule_delay": {
            "mean": 0.0010880006929962999,
            "min": -0.0007023967045824975,
            "p0.1": -0.000530507206247421,
            "p1": -0.0001744794432306662,
            "p5": 0.0001403906717314385,
            "p10": 0.00034536934108473364,
            "p25": 0.0006562328053405508,
            "median": 0.0010304649476893246,
            "p75": 0.001397747801092919,
            "p90": 0.001754558653919958,
            "p95": 0.0020565682396409104,
            "p99": 0.0028295064473059027,
            "p99.9": 0.008426893799217842,
            "max": 0.05024922144366428
        },
        "send_duration": 59.99506537101115,
        "requested_rate": 30.0,
        "achieved_rate": 30.002467517432475
    },
    "successes": {
        "count": 1800,
        "latency": {
            "request_latency": {
                "mean": 96.78322403820867,
                "min": 55.527698641002644,
                "p0.1": 55.9164170664055,
                "p1": 59.44168201261724,
                "p5": 69.34509818699007,
                "p10": 78.24101277969893,
                "p25": 91.87142518975452,
                "median": 100.64065950199438,
                "p75": 104.7369808319927,
                "p90": 107.50867249639705,
                "p95": 112.68801065597799,
                "p99": 114.33909146886377,
                "p99.9": 114.7098492919133,
                "max": 114.72734315600246
            },
            "normalized_time_per_output_token": {
                "mean": 0.10106953785816851,
                "min": 0.055869471711288254,
                "p0.1": 0.056592239254463446,
                "p1": 0.060100069864982494,
                "p5": 0.07143267344697626,
                "p10": 0.08043424930849763,
                "p25": 0.09391376437952953,
                "median": 0.10245725063475883,
                "p75": 0.10763669290937164,
                "p90": 0.11718752026739451,
                "p95": 0.12557171568577893,
                "p99": 0.14025218913580886,
                "p99.9": 0.16252295999495078,
                "max": 0.2016692533576973
            },
            "time_per_output_token": {
                "mean": 0.04824153117325491,
                "min": 0.027673822741634723,
                "p0.1": 0.027862570268279204,
                "p1": 0.029629205938620545,
                "p5": 0.034571211481359,
                "p10": 0.03903011238280383,
                "p25": 0.045793621971630366,
                "median": 0.050188134970016146,
                "p75": 0.05219851237069079,
                "p90": 0.05359610469779931,
                "p95": 0.056121372498354374,
                "p99": 0.05697731100225502,
                "p99.9": 0.05715671503685852,
                "max": 0.05718490564618548
            },
            "time_to_first_token": {
                "mean": 0.1892143958368979,
                "min": 0.06793278999975882,
                "p0.1": 0.06927483027684503,
                "p1": 0.07816410977422493,
                "p5": 0.09115980560454773,
                "p10": 0.10190959490137175,
                "p25": 0.12924945549457334,
                "median": 0.17960340149875265,
                "p75": 0.23898980300873518,
                "p90": 0.29118844428157903,
                "p95": 0.3190199565899093,
                "p99": 0.36762771589303156,
                "p99.9": 0.40102817646571637,
                "max": 0.43331665100413375
            },
            "inter_token_latency": {
                "mean": 0.048241531173254915,
                "min": 2.4269975256174803e-06,
                "p0.1": 4.086003173142672e-06,
                "p1": 1.3361015589907765e-05,
                "p5": 1.9963928207289437e-05,
                "p10": 2.4779001250863075e-05,
                "p25": 3.736501093953848e-05,
                "median": 0.0003812965005636215,
                "p75": 0.08737054399534827,
                "p90": 0.11854129908897448,
                "p95": 0.13860497274290534,
                "p99": 0.18549251039075884,
                "p99.9": 0.2649996907766331,
                "max": 59.22043229700648
            }
        },
        "throughput": {
            "input_tokens_per_sec": 98750.35335666603,
            "output_tokens_per_sec": 10126.453532494565,
            "total_tokens_per_sec": 108876.8068891606,
            "requests_per_sec": 10.510525657564743
        },
        "prompt_len": {
            "mean": 9395.377222222221,
            "min": 9343.0,
            "p0.1": 9343.0,
            "p1": 9345.0,
            "p5": 9356.0,
            "p10": 9364.0,
            "p25": 9379.0,
            "median": 9395.0,
            "p75": 9412.0,
            "p90": 9424.0,
            "p95": 9430.0,
            "p99": 9453.0,
            "p99.9": 9459.0,
            "max": 9459.0
        },
        "output_len": {
            "mean": 963.4583333333334,
            "min": 513.0,
            "p0.1": 526.392,
            "p1": 736.99,
            "p5": 801.0,
            "p10": 855.9,
            "p25": 968.0,
            "median": 999.0,
            "p75": 1001.0,
            "p90": 1001.0,
            "p95": 1001.0,
            "p99": 1001.0,
            "p99.9": 1007.4020000000005,
            "max": 1017.0
        }
    },
    "failures": {
        "count": 0,
        "request_latency": null,
        "prompt_len": null
    }
}