{"load_summary": {"count": 900, "schedule_delay": {"mean": 0.0015269175344534839, "min": -0.0007464642403647304, "p0.1": -0.0005423097282182425, "p1": -0.0002551003100234084, "p5": 0.00013891057169530542, "p10": 0.00033686033566482365, "p25": 0.0006772982160327956, "median": 0.0010163496481254697, "p75": 0.0013636006333399564, "p90": 0.0017731428233673796, "p95": 0.002045226476911921, "p99": 0.02081438589113528, "p99.9": 0.06137309569484911, "max": 0.11764226405648515}, "send_duration": 59.97423754900228, "requested_rate": 15.0, "achieved_rate": 15.006443379370184}, "successes": {"count": 900, "latency": {"request_latency": {"mean": 45.664765095738794, "min": 32.58927537698764, "p0.1": 32.68382358636637, "p1": 33.19884277244244, "p5": 35.96180301742279, "p10": 39.212533246795644, "p25": 42.6412615754889, "median": 47.20245470650843, "p75": 48.89300481273676, "p90": 50.331275134012685, "p95": 51.809830660160515, "p99": 52.33028948813735, "p99.9": 52.379439000606915, "max": 52.38176651700633}, "normalized_time_per_output_token": {"mean": 0.048615990373914064, "min": 0.03258927537698764, "p0.1": 0.03265446064253691, "p1": 0.03349518209416018, "p5": 0.03653773140382003, "p10": 0.04014921926511571, "p25": 0.043642506690146715, "median": 0.04821288870856909, "p75": 0.05041310588116916, "p90": 0.053660437000955685, "p95": 0.056970654465379494, "p99": 0.0643345399488303, "p99.9": 0.18233771997641415, "max": 1.0601003256957957}, "time_per_output_token": {"mean": 0.022724539424565197, "min": 0.01621789061568509, "p0.1": 0.016256260684177185, "p1": 0.016526004255155196, "p5": 0.01789902348203635, "p10": 0.01952342597091036, "p25": 0.021213491647538742, "median": 0.023492555993994038, "p75": 0.024330362657669816, "p90": 0.02505295707056518, "p95": 0.025788825561199324, "p99": 0.02605420590663521, "p99.9": 0.026079329763290467, "max": 0.026081974039478265}, "time_to_first_token": {"mean": 0.12908724960305132, "min": 0.06828437399235554, "p0.1": 0.0710105528580607, "p1": 0.07589643384766533, "p5": 0.08516890078171854, "p10": 0.0915420556848403, "p25": 0.10765067524334881, "median": 0.1274189959949581, "p75": 0.1481568052622606, "p90": 0.16753629849699792, "p95": 0.1780626899417257, "p99": 0.19660705401038284, "p99.9": 0.2385911879998465, "max": 0.2448127309908159}, "inter_token_latency": {"mean": 0.0227245394245652, "min": 2.420012606307864e-06, "p0.1": 3.1109957490116358e-06, "p1": 1.2805966835003347e-05, "p5": 2.003900590352714e-05, "p10": 2.5353976525366306e-05, "p25": 3.868300700560212e-05, "median": 0.0002852634934242815, "p75": 0.04440703651198419, "p90": 0.0526356859918451, "p95": 0.05511110754305262, "p99": 0.07103041515598307, "p99.9": 0.11338832715246944, "max": 0.19277821699506603}}, "throughput": {"input_tokens_per_sec": 83026.30759075412, "output_tokens_per_sec": 8530.58504960942, "total_tokens_per_sec": 91556.89264036354, "requests_per_sec": 8.83692185511812}, "prompt_len": {"mean": 9395.387777777778, "min": 9343.0, "p0.1": 9343.0, "p1": 9345.0, "p5": 9355.95, "p10": 9364.0, "p25": 9379.0, "median": 9395.0, "p75": 9412.0, "p90": 9424.0, "p95": 9430.05, "p99": 9453.0, "p99.9": 9459.0, "max": 9459.0}, "output_len": {"mean": 965.3344444444444, "min": 46.0, "p0.1": 499.096, "p1": 737.99, "p5": 798.0, "p10": 865.8, "p25": 975.0, "median": 1000.0, "p75": 1001.0, "p90": 1001.0, "p95": 1001.0, "p99": 1001.01, "p99.9": 1004.909000000001, "max": 1013.0}}, "failures": {"count": 0, "request_latency": null, "prompt_len": null}}