{"load_summary": {"count": 480, "schedule_delay": {"mean": 0.0011952116542185347, "min": -0.000644453801214695, "p0.1": -0.000523405006970279, "p1": -0.00021163013530895114, "p5": 0.00016498726618010556, "p10": 0.00032045663392636924, "p25": 0.0006820324197178707, "median": 0.0010333005338907242, "p75": 0.0013846144356648438, "p90": 0.001668737948057242, "p95": 0.0018924209958640858, "p99": 0.004835033279668973, "p99.9": 0.029780625384272657, "max": 0.03520396098610945}, "send_duration": 59.82109715102706, "requested_rate": 8.0, "achieved_rate": 8.023925050859066}, "successes": {"count": 480, "latency": {"request_latency": {"mean": 33.24009515885027, "min": 26.812584372004494, "p0.1": 26.854328509245796, "p1": 27.679854969746668, "p5": 28.75139900049544, "p10": 29.52798036809545, "p25": 31.550696866732324, "median": 33.42189582249557, "p75": 35.288549702490855, "p90": 36.21205039518827, "p95": 37.35804163589055, "p99": 37.59203863108531, "p99.9": 37.625394732145566, "max": 37.6345670610026}, "normalized_time_per_output_token": {"mean": 0.03517223085016526, "min": 0.02689973288399051, "p0.1": 0.027112409412341706, "p1": 0.027811041345478456, "p5": 0.02877791606573828, "p10": 0.02985387991311783, "p25": 0.03213862225404223, "median": 0.03446149015548511, "p75": 0.036853663247139304, "p90": 0.03982276999667712, "p95": 0.04209154445186055, "p99": 0.047206445710928045, "p99.9": 0.1375608051679287, "max": 0.1386260144424052}, "time_per_output_token": {"mean": 0.01652836596489966, "min": 0.013329850699643077, "p0.1": 0.013350311588715361, "p1": 0.013762688187931088, "p5": 0.014287107385782859, "p10": 0.014682758355918778, "p25": 0.015679707263232538, "median": 0.016620482658666128, "p75": 0.017556944761744596, "p90": 0.01801536678999535, "p95": 0.018581156247927666, "p99": 0.018703147956745353, "p99.9": 0.018713328227433372, "max": 0.018714605596193788}, "time_to_first_token": {"mean": 0.10890504867293202, "min": 0.06721377599751577, "p0.1": 0.06934804288309533, "p1": 0.07515726014447864, "p5": 0.08108103701088112, "p10": 0.08508934408309869, "p25": 0.09508049699797994, "median": 0.1073316465044627, "p75": 0.12089198348985519, "p90": 0.1328525918041123, "p95": 0.13852351575478677, "p99": 0.1603741837185225, "p99.9": 0.19104200096283075, "max": 0.20427125002606772}, "inter_token_latency": {"mean": 0.01652836596489966, "min": 2.4260079953819513e-06, "p0.1": 3.352463390910998e-06, "p1": 1.3983781391289085e-05, "p5": 1.9753992091864347e-05, "p10": 2.6197987608611584e-05, "p25": 4.050400457344949e-05, "median": 0.0002681820042198524, "p75": 0.032045270505477674, "p90": 0.03757723631279077, "p95": 0.03871873241587309, "p99": 0.04852209204778755, "p99.9": 0.08230610400639171, "max": 0.145282406010665}}, "throughput": {"input_tokens_per_sec": 49446.55199594068, "output_tokens_per_sec": 5052.747298510323, "total_tokens_per_sec": 54499.299294451004, "requests_per_sec": 5.262570364414846}, "prompt_len": {"mean": 9395.89375, "min": 9343.0, "p0.1": 9343.0, "p1": 9345.0, "p5": 9358.85, "p10": 9364.0, "p25": 9380.0, "median": 9395.0, "p75": 9412.0, "p90": 9424.0, "p95": 9430.05, "p99": 9453.0, "p99.9": 9459.0, "max": 9459.0}, "output_len": {"mean": 960.1291666666667, "min": 217.0, "p0.1": 217.0, "p1": 730.43, "p5": 803.85, "p10": 862.7, "p25": 959.0, "median": 1000.0, "p75": 1001.0, "p90": 1001.0, "p95": 1001.0, "p99": 1002.0, "p99.9": 1101.7970000000114, "max": 1177.0}}, "failures": {"count": 0, "request_latency": null, "prompt_len": null}}