{"load_summary": {"count": 1200, "schedule_delay": {"mean": 0.001240590160159627, "min": -0.0008904831192921847, "p0.1": -0.00082615455071209, "p1": -0.0002245086818584241, "p5": 0.00015266002592397856, "p10": 0.00033019568654708565, "p25": 0.000683714053593576, "median": 0.0010413565032649785, "p75": 0.0013521830478566699, "p90": 0.0016976908256765455, "p95": 0.0019311385316541415, "p99": 0.003135014280851462, "p99.9": 0.05173990473136709, "max": 0.05389515683054924}, "send_duration": 59.80433787498623, "requested_rate": 20.0, "achieved_rate": 20.065434091226887}, "successes": {"count": 1200, "latency": {"request_latency": {"mean": 57.965588619665574, "min": 38.21190859301714, "p0.1": 38.33531467074115, "p1": 39.07254242419207, "p5": 42.53055624549306, "p10": 47.15417583459348, "p25": 54.30212946401298, "median": 59.43628418351, "p75": 62.723896526993485, "p90": 65.53944402460768, "p95": 67.9341314989666, "p99": 68.46089622214843, "p99.9": 68.52064867547504, "max": 68.53775656101061}, "normalized_time_per_output_token": {"mean": 0.06079677636676789, "min": 0.03831729035300668, "p0.1": 0.038613432921161074, "p1": 0.039280564273606, "p5": 0.04373522697348243, "p10": 0.04904344129242815, "p25": 0.05555929669503512, "median": 0.060983195410997726, "p75": 0.06507459301424756, "p90": 0.07023384990251398, "p95": 0.07515769829953164, "p99": 0.08798268910708655, "p99.9": 0.12918042989946374, "max": 0.2858950708570841}, "time_per_output_token": {"mean": 0.028862503636567845, "min": 0.019015391603207518, "p0.1": 0.01908504870552979, "p1": 0.019448569225697328, "p5": 0.02117778381154816, "p10": 0.02348500486826168, "p25": 0.027028192011740126, "median": 0.02957355028935046, "p75": 0.03124105850912437, "p90": 0.03264127220584501, "p95": 0.03384119347623485, "p99": 0.03410900166108551, "p99.9": 0.03412258313744384, "max": 0.03414301368266415}, "time_to_first_token": {"mean": 0.146733691255043, "min": 0.06741076402249746, "p0.1": 0.06877613480083528, "p1": 0.07757899513584561, "p5": 0.08611868847510777, "p10": 0.09369182740629185, "p25": 0.11301221127359895, "median": 0.14418207801645622, "p75": 0.17704087948368397, "p90": 0.20299473259365186, "p95": 0.21700101899768923, "p99": 0.24058993481390642, "p99.9": 0.26293710652226626, "max": 0.2820458289934322}, "inter_token_latency": {"mean": 0.028862503636567848, "min": 2.401007805019617e-06, "p0.1": 3.4190015867352486e-06, "p1": 1.2829987099394202e-05, "p5": 1.9615021301433444e-05, "p10": 2.4572014808654785e-05, "p25": 3.7349003832787275e-05, "median": 0.0003321135009173304, "p75": 0.057631476993265096, "p90": 0.06905442249844783, "p95": 0.07548457489756401, "p99": 0.09298104542220233, "p99.9": 0.13523739023287368, "max": 0.2904342440015171}}, "throughput": {"input_tokens_per_sec": 97279.88560135831, "output_tokens_per_sec": 9967.154469248286, "total_tokens_per_sec": 107247.0400706066, "requests_per_sec": 10.35376401766801}, "prompt_len": {"mean": 9395.605833333333, "min": 9343.0, "p0.1": 9343.0, "p1": 9345.0, "p5": 9356.0, "p10": 9364.0, "p25": 9380.0, "median": 9395.0, "p75": 9412.0, "p90": 9424.0, "p95": 9430.05, "p99": 9453.0, "p99.9": 9459.0, "max": 9459.0}, "output_len": {"mean": 962.66, "min": 217.0, "p0.1": 486.378, "p1": 734.92, "p5": 796.9, "p10": 856.9, "p25": 968.0, "median": 1000.0, "p75": 1001.0, "p90": 1001.0, "p95": 1001.0, "p99": 1001.01, "p99.9": 1019.4130000000021, "max": 1113.0}}, "failures": {"count": 0, "request_latency": null, "prompt_len": null}}