{
    "load_summary": {
        "count": 2400,
        "schedule_delay": {
            "mean": 0.001505992838695723,
            "min": -0.000618080492131412,
            "p0.1": -0.00047315029878518543,
            "p1": -0.00020943018869729713,
            "p5": 0.00010595478379400448,
            "p10": 0.0003124772832961753,
            "p25": 0.000606347486609593,
            "median": 0.0009716117347124964,
            "p75": 0.0013756885527982377,
            "p90": 0.0017572666460182516,
            "p95": 0.0020167946568108125,
            "p99": 0.003538751984888221,
            "p99.9": 0.1426105192862744,
            "max": 0.16587307682493702
        },
        "send_duration": 59.930406013008906,
        "requested_rate": 40.0,
        "achieved_rate": 40.04644986851982
    },
    "successes": {
        "count": 2400,
        "latency": {
            "request_latency": {
                "mean": 127.77822918054935,
                "min": 79.32190076902043,
                "p0.1": 79.68870283035102,
                "p1": 82.12141836054187,
                "p5": 89.63276577154174,
                "p10": 97.71371811511054,
                "p25": 112.48075159225846,
                "median": 123.13162808750349,
                "p75": 144.96539548975852,
                "p90": 159.95840849090598,
                "p95": 163.09234333310013,
                "p99": 164.43841377469013,
                "p99.9": 164.8033957518631,
                "max": 164.85881971399067
            },
            "normalized_time_per_output_token": {
                "mean": 0.13392623074275428,
                "min": 0.07119845867172339,
                "p0.1": 0.08000374457156358,
                "p1": 0.08327906864038871,
                "p5": 0.09168897661786735,
                "p10": 0.10001850228580864,
                "p25": 0.11561579404741473,
                "median": 0.13086165777556363,
                "p75": 0.15088070736805864,
                "p90": 0.16413337042950804,
                "p95": 0.1728784341233896,
                "p99": 0.2015617112783545,
                "p99.9": 0.2571548388613648,
                "max": 1.8277357257297446
            },
            "time_per_output_token": {
                "mean": 0.06370775755940969,
                "min": 0.03957020105396247,
                "p0.1": 0.039746682895573454,
                "p1": 0.04096395256745619,
                "p5": 0.04471765237788735,
                "p10": 0.048742365957016295,
                "p25": 0.056108581365069354,
                "median": 0.061403403321840695,
                "p75": 0.07228476618052876,
                "p90": 0.07974130904198094,
                "p95": 0.08131707899085922,
                "p99": 0.08197954021896901,
                "p99.9": 0.0821717894015581,
                "max": 0.08219890345477554
            },
            "time_to_first_token": {
                "mean": 0.2364099283287093,
                "min": 0.07017489700228907,
                "p0.1": 0.07171858314113343,
                "p1": 0.08239598897693214,
                "p5": 0.09655213736259612,
                "p10": 0.11016362401715014,
                "p25": 0.15123204675182933,
                "median": 0.22714542149333283,
                "p75": 0.3098038850148441,
                "p90": 0.3802912525949068,
                "p95": 0.4205526102465228,
                "p99": 0.48017730925406793,
                "p99.9": 0.5496438569343013,
                "max": 0.5889734319935087
            },
            "inter_token_latency": {
                "mean": 0.06370775755940968,
                "min": 2.362998202443123e-06,
                "p0.1": 4.526996024651453e-06,
                "p1": 1.3505021343007684e-05,
                "p5": 2.0184001186862588e-05,
                "p10": 2.4959008442237973e-05,
                "p25": 3.768099122680724e-05,
                "median": 0.00042500148992985487,
                "p75": 0.09309672799281543,
                "p90": 0.14596174178586807,
                "p95": 0.16679091010882985,
                "p99": 0.22360487012629146,
                "p99.9": 0.3266641585945105,
                "max": 76.08115683298092
            }
        },
        "throughput": {
            "input_tokens_per_sec": 100621.80126999032,
            "output_tokens_per_sec": 10332.183209047282,
            "total_tokens_per_sec": 110953.9844790376,
            "requests_per_sec": 10.709644634178916
        },
        "prompt_len": {
            "mean": 9395.437916666666,
            "min": 9343.0,
            "p0.1": 9343.0,
            "p1": 9345.0,
            "p5": 9356.0,
            "p10": 9364.0,
            "p25": 9379.75,
            "median": 9395.0,
            "p75": 9412.0,
            "p90": 9424.0,
            "p95": 9430.0,
            "p99": 9453.0,
            "p99.9": 9459.0,
            "max": 9459.0
        },
        "output_len": {
            "mean": 964.755,
            "min": 63.0,
            "p0.1": 522.596,
            "p1": 738.99,
            "p5": 801.0,
            "p10": 864.9,
            "p25": 969.0,
            "median": 1000.0,
            "p75": 1001.0,
            "p90": 1001.0,
            "p95": 1001.0,
            "p99": 1002.0,
            "p99.9": 1028.6060000000007,
            "max": 1319.0
        }
    },
    "failures": {
        "count": 0,
        "request_latency": null,
        "prompt_len": null
    }
}