{"load_summary": {"count": 9525, "schedule_delay": {"mean": 0.0012842270058397633, "min": -0.0008904831192921847, "p0.1": -0.0005496462034061551, "p1": -0.00019799302681349217, "p5": 0.00013766401680186395, "p10": 0.0003345424658618868, "p25": 0.0006575488368980587, "median": 0.001025724457576871, "p75": 0.001399041706463322, "p90": 0.0017889877664856613, "p95": 0.0020605955389328295, "p99": 0.0034172797552309937, "p99.9": 0.054445538334898375, "max": 0.16587307682493702}}, "successes": {"count": 9525, "latency": {"request_latency": {"mean": 80.11049417653173, "min": 24.108931965980446, "p0.1": 24.447295259542997, "p1": 25.097501099809307, "p5": 30.412832038989293, "p10": 34.36689541398664, "p25": 48.03907904398511, "median": 77.37976756002172, "p75": 105.47292741501587, "p90": 140.38783501719593, "p95": 148.45049069218803, "p99": 163.7305882613582, "p99.9": 164.64292709839125, "max": 164.85881971399067}, "normalized_time_per_output_token": {"mean": 0.08393038124498278, "min": 0.021419175111431755, "p0.1": 0.024533935359576237, "p1": 0.02579904561491347, "p5": 0.03130592239570867, "p10": 0.03554754606989266, "p25": 0.048986946693656164, "median": 0.07936944395706004, "p75": 0.1092174317082484, "p90": 0.14301642727009514, "p95": 0.15458301650354636, "p99": 0.1791557095170034, "p99.9": 0.22005286367728946, "max": 1.8277357257297446}, "time_per_output_token": {"mean": 0.03989509982769444, "min": 0.011982231008987092, "p0.1": 0.012145377941385574, "p1": 0.01247092580775554, "p5": 0.015120408123537462, "p10": 0.017018076373419646, "p25": 0.02386841881210215, "median": 0.03858282400800943, "p75": 0.0525905961654082, "p90": 0.06995052447406004, "p95": 0.07401927035961202, "p99": 0.08164606874326835, "p99.9": 0.08208872584257032, "max": 0.08219890345477554}, "time_to_first_token": {"mean": 0.21835988703802572, "min": 0.06721377599751577, "p0.1": 0.07012007561221253, "p1": 0.07641824513091705, "p5": 0.08613209638861008, "p10": 0.09345643281703815, "p25": 0.11284991700085811, "median": 0.1522701570065692, "p75": 0.219454513018718, "p90": 0.30266356320353227, "p95": 0.365628710197052, "p99": 2.1407426245266126, "p99.9": 5.265420537609417, "max": 6.8170209230156615}, "inter_token_latency": {"mean": 0.03989509982769444, "min": 2.362998202443123e-06, "p0.1": 3.736990038305521e-06, "p1": 1.34530127979815e-05, "p5": 2.0112987840548158e-05, "p10": 2.5190995074808598e-05, "p25": 3.848198684863746e-05, "median": 0.0003429100033827126, "p75": 0.0652726189873647, "p90": 0.1001546788087581, "p95": 0.1246034546056763, "p99": 0.18016016131266982, "p99.9": 0.27039174998925397, "max": 76.08115683298092}}, "throughput": {"input_tokens_per_sec": 68158.04857122681, "output_tokens_per_sec": 6992.743306970462, "total_tokens_per_sec": 75150.79187819727, "requests_per_sec": 7.254406908079166}, "prompt_len": {"mean": 9395.399160104987, "min": 9343.0, "p0.1": 9343.0, "p1": 9345.0, "p5": 9356.0, "p10": 9364.0, "p25": 9379.0, "median": 9395.0, "p75": 9412.0, "p90": 9424.0, "p95": 9430.0, "p99": 9453.0, "p99.9": 9459.0, "max": 9459.0}, "output_len": {"mean": 963.9303937007874, "min": 46.0, "p0.1": 508.524, "p1": 737.0, "p5": 800.2, "p10": 859.4000000000001, "p25": 968.0, "median": 1000.0, "p75": 1001.0, "p90": 1001.0, "p95": 1001.0, "p99": 1002.0, "p99.9": 1022.9520000000011, "max": 2136.0}}, "failures": {"count": 0, "request_latency": null, "prompt_len": null}}