{"load_summary": {"count": 60, "schedule_delay": {"mean": 0.0005887850207121422, "min": -0.0002340661594644189, "p0.1": -0.00023021357436664404, "p1": -0.00019554030848667025, "p5": -3.532709670253096e-05, "p10": 8.393832249566912e-05, "p25": 0.00022492080461233854, "median": 0.0005045635625720024, "p75": 0.0009652456210460514, "p90": 0.001121425535529852, "p95": 0.0011933897680137303, "p99": 0.001523002621252089, "p99.9": 0.0016563959058839852, "max": 0.0016712173819541931}, "send_duration": 59.10022506804671, "requested_rate": 1.0, "achieved_rate": 1.0152245601589047}, "successes": {"count": 60, "latency": {"request_latency": {"mean": 0.4795607211533934, "min": 0.47235533699858934, "p0.1": 0.47241724534577223, "p1": 0.47297442047041843, "p5": 0.4738969824218657, "p10": 0.4744388353661634, "p25": 0.47629823529860005, "median": 0.47857079200912267, "p75": 0.48220606229733676, "p90": 0.4859661000664346, "p95": 0.4875952868664172, "p99": 0.49096207778900863, "p99.9": 0.4926928292769008, "max": 0.49288513499777764}, "normalized_time_per_output_token": {"mean": 0.007863735790482359, "min": 0.007267005184593682, "p0.1": 0.0072684094689374505, "p1": 0.007281048028031365, "p5": 0.007298251955161015, "p10": 0.0073105541983834255, "p25": 0.0073649739416746, "median": 0.007473155118840133, "p75": 0.0077685022291313416, "p90": 0.008700866552163074, "p95": 0.009008478822256695, "p99": 0.011780337569607625, "p99.9": 0.011964577113913955, "max": 0.011985048174392433}, "time_per_output_token": {"mean": 0.0034751916597525107, "min": 0.0034542026895264437, "p0.1": 0.003454305782257182, "p1": 0.0034552336168338278, "p5": 0.003457099785703386, "p10": 0.0034574974951868545, "p25": 0.0034599376726415472, "median": 0.0034729767443662752, "p75": 0.0034880936008159706, "p90": 0.003496816136617964, "p95": 0.0035026106644555377, "p99": 0.003514476109498231, "p99.9": 0.0035146087150724767, "max": 0.0035146234490251705}, "time_to_first_token": {"mean": 0.029924496166252843, "min": 0.020978963002562523, "p0.1": 0.021064705106662588, "p1": 0.021836384043563157, "p5": 0.025169514876324683, "p10": 0.025720115378499032, "p25": 0.027077307750005275, "median": 0.029263833013828844, "p75": 0.03235504648182541, "p90": 0.03444450836395845, "p95": 0.036457861581584435, "p99": 0.04096419627428985, "p99.9": 0.04255228292441464, "max": 0.042728736996650696}, "inter_token_latency": {"mean": 0.0034751916597525107, "min": 3.1420495361089706e-06, "p0.1": 3.2416750909760592e-06, "p1": 3.9637554436922075e-06, "p5": 9.50402463786304e-06, "p10": 9.810924530029297e-06, "p25": 1.068456913344562e-05, "median": 3.629352431744337e-05, "p75": 0.007085538993123919, "p90": 0.007146697782445699, "p95": 0.007191344571765512, "p99": 0.007370214579859748, "p99.9": 0.007726629187120131, "max": 0.008561436901800334}}, "throughput": {"input_tokens_per_sec": 204.80336847132872, "output_tokens_per_sec": 62.08553187800729, "total_tokens_per_sec": 266.888900349336, "requests_per_sec": 1.007064588451051}, "prompt_len": {"mean": 203.36666666666667, "min": 195.0, "p0.1": 195.059, "p1": 195.59, "p5": 197.95, "p10": 199.9, "p25": 202.0, "median": 203.0, "p75": 205.25, "p90": 207.1, "p95": 209.0, "p99": 210.41, "p99.9": 210.941, "max": 211.0}, "output_len": {"mean": 61.65, "min": 40.0, "p0.1": 40.059, "p1": 40.59, "p5": 53.6, "p10": 55.0, "p25": 61.75, "median": 64.0, "p75": 65.0, "p90": 65.0, "p95": 65.0, "p99": 65.0, "p99.9": 65.0, "max": 65.0}}, "failures": {"count": 0, "request_latency": null, "prompt_len": null}}