{"load_summary": {"count": 5130, "schedule_delay": {"mean": 0.00033883800313464906, "min": -0.001229527173563838, "p0.1": -0.0010920911106513814, "p1": -0.0008970814396161586, "p5": -0.0005857178475707769, "p10": -0.0004032386117614806, "p25": -8.153327507898211e-05, "median": 0.00029740866739302874, "p75": 0.0006960230530239642, "p90": 0.0010953005286864937, "p95": 0.001351512240944431, "p99": 0.0022080231236759574, "p99.9": 0.0031163804668467862, "max": 0.00452594889793545}, "send_duration": 59.98637868091464, "requested_rate": 85.5, "achieved_rate": 85.51941478728018}, "successes": {"count": 5130, "latency": {"request_latency": {"mean": 0.5787709948218284, "min": 0.5281620870810002, "p0.1": 0.5429647606038488, "p1": 0.5494401600409765, "p5": 0.5566727516183164, "p10": 0.5616634752019308, "p25": 0.5693663179699797, "median": 0.5772114709834568, "p75": 0.5865585902647581, "p90": 0.5958844478824176, "p95": 0.6081619158969261, "p99": 0.6263892085372936, "p99.9": 0.6325762979480212, "max": 0.6685440769651905}, "normalized_time_per_output_token": {"mean": 0.009433216865839533, "min": 0.007791292144439036, "p0.1": 0.008356285174961158, "p1": 0.008486462224042042, "p5": 0.008619759118256087, "p10": 0.008707755153031588, "p25": 0.008844514351949329, "median": 0.00902244683014802, "p75": 0.009374623596332165, "p90": 0.010215835834101758, "p95": 0.010700900850785337, "p99": 0.015417102616487979, "p99.9": 0.0337774251768407, "max": 0.1407330769870896}, "time_per_output_token": {"mean": 0.0042538925176324955, "min": 0.0038769078294768238, "p0.1": 0.003970887244761156, "p1": 0.00404242963956077, "p5": 0.0040921117047338865, "p10": 0.0041281441016332064, "p25": 0.004186321349088969, "median": 0.004240606868163098, "p75": 0.0043112772639638695, "p90": 0.004380216524853234, "p95": 0.004471844258806632, "p99": 0.004612268692526836, "p99.9": 0.004627610397113618, "max": 0.0046402771628728905}, "time_to_first_token": {"mean": 0.028864250719078888, "min": 0.019902899977751076, "p0.1": 0.020744401335017756, "p1": 0.022165974569506943, "p5": 0.02366813801927492, "p10": 0.02453545315656811, "p25": 0.02636801771586761, "median": 0.028705411474220455, "p75": 0.031125299021368846, "p90": 0.03318592401919887, "p95": 0.03441950727137737, "p99": 0.03710059580160305, "p99.9": 0.049461294677458946, "max": 0.07145053998101503}, "inter_token_latency": {"mean": 0.0042538925176324955, "min": 2.696993760764599e-06, "p0.1": 3.289986518211663e-06, "p1": 4.205001750960946e-06, "p5": 8.933013305068016e-06, "p10": 1.0459916666150093e-05, "p25": 1.4333054423332214e-05, "median": 4.379096208140254e-05, "p75": 0.00861795453238301, "p90": 0.009010994050186127, "p95": 0.009262865572236479, "p99": 0.009882557558594265, "p99.9": 0.011884845250519036, "max": 0.01750991796143353}}, "throughput": {"input_tokens_per_sec": 17213.994963519955, "output_tokens_per_sec": 5291.058908098613, "total_tokens_per_sec": 22505.05387161857, "requests_per_sec": 84.77301380618104}, "prompt_len": {"mean": 203.0598440545809, "min": 195.0, "p0.1": 195.0, "p1": 195.0, "p5": 196.0, "p10": 198.0, "p25": 201.0, "median": 203.0, "p75": 205.0, "p90": 207.0, "p95": 208.55000000000018, "p99": 211.0, "p99.9": 211.0, "max": 211.0}, "output_len": {"mean": 62.41442495126706, "min": 4.0, "p0.1": 17.0, "p1": 37.0, "p5": 55.0, "p10": 57.0, "p25": 63.0, "median": 64.0, "p75": 65.0, "p90": 65.0, "p95": 65.0, "p99": 66.0, "p99.9": 67.0, "max": 76.0}}, "failures": {"count": 0, "request_latency": null, "prompt_len": null}}