{"load_summary": {"count": 7665, "schedule_delay": {"mean": 0.00023460418759891976, "min": -0.0012326467549428344, "p0.1": -0.001144610535353422, "p1": -0.0009544259728863835, "p5": -0.000649362220428884, "p10": -0.0004784219665452837, "p25": -0.0001539683435112238, "median": 0.00022077292669564486, "p75": 0.0005959809059277177, "p90": 0.0009420561371371154, "p95": 0.0011639970121905198, "p99": 0.0016386722307652202, "p99.9": 0.0025152595750988303, "max": 0.00352671358268708}, "send_duration": 59.99542707402725, "requested_rate": 127.75, "achieved_rate": 127.75973726368008}, "successes": {"count": 7665, "latency": {"request_latency": {"mean": 0.6660568851149694, "min": 0.5787303609540686, "p0.1": 0.5933160771522671, "p1": 0.6131896025221795, "p5": 0.6288333317963406, "p10": 0.6353985652327537, "p25": 0.6483621060615405, "median": 0.664661897928454, "p75": 0.6817921650363132, "p90": 0.6979944439837709, "p95": 0.7070971507346258, "p99": 0.742438149251975, "p99.9": 0.7532149350363772, "max": 0.7605477959150448}, "normalized_time_per_output_token": {"mean": 0.01080980740443341, "min": 0.008993398000557835, "p0.1": 0.00918286489460128, "p1": 0.009507413053052556, "p5": 0.009739645530062261, "p10": 0.009865182393517058, "p25": 0.01011557264540058, "median": 0.010437425906275166, "p75": 0.010922791799888587, "p90": 0.011837394800233214, "p95": 0.012402185273268036, "p99": 0.01709154922476169, "p99.9": 0.039382995077244576, "max": 0.219476895329232}, "time_per_output_token": {"mean": 0.004904452572280916, "min": 0.004198448465371779, "p0.1": 0.004324453034488729, "p1": 0.004508396226645613, "p5": 0.004632178167523745, "p10": 0.004681625454181213, "p25": 0.004777824611749587, "median": 0.004895258550496064, "p75": 0.005019795643201806, "p90": 0.005138684021554483, "p95": 0.005206343920562098, "p99": 0.00547654406456349, "p99.9": 0.0055186030832299815, "max": 0.0055595630158980685}, "time_to_first_token": {"mean": 0.032222309439875606, "min": 0.022069226950407028, "p0.1": 0.022995358200743794, "p1": 0.02433571746572852, "p5": 0.026146064861677587, "p10": 0.027181773213669658, "p25": 0.029335225000977516, "median": 0.03211645409464836, "p75": 0.034835166996344924, "p90": 0.03724500122480095, "p95": 0.03877183082513511, "p99": 0.04200559917371719, "p99.9": 0.047878099733963765, "max": 0.09157394000794739}, "inter_token_latency": {"mean": 0.004904452572280916, "min": 1.7320271581411362e-06, "p0.1": 3.295019268989563e-06, "p1": 4.4910516589879986e-06, "p5": 9.090988896787167e-06, "p10": 1.0800082236528397e-05, "p25": 1.5205005183815956e-05, "median": 4.645995795726776e-05, "p75": 0.009921893943101168, "p90": 0.010581413982436061, "p95": 0.011016457830555737, "p99": 0.012113007679581643, "p99.9": 0.014152201839722746, "max": 0.0638228120515123}}, "throughput": {"input_tokens_per_sec": 25694.337411860837, "output_tokens_per_sec": 7902.137867994868, "total_tokens_per_sec": 33596.4752798557, "requests_per_sec": 126.53470729666181}, "prompt_len": {"mean": 203.06157860404437, "min": 195.0, "p0.1": 195.0, "p1": 195.0, "p5": 196.0, "p10": 198.0, "p25": 201.0, "median": 203.0, "p75": 206.0, "p90": 207.0, "p95": 209.0, "p99": 211.0, "p99.9": 211.0, "max": 211.0}, "output_len": {"mean": 62.45035877364644, "min": 3.0, "p0.1": 17.664, "p1": 39.0, "p5": 55.0, "p10": 57.0, "p25": 63.0, "median": 64.0, "p75": 65.0, "p90": 65.0, "p95": 65.0, "p99": 66.0, "p99.9": 68.0, "max": 69.0}}, "failures": {"count": 0, "request_latency": null, "prompt_len": null}}