{"load_summary": {"count": 15269, "schedule_delay": {"mean": 12.334552358691456, "min": -0.0011700793402269483, "p0.1": -0.0008670276994816959, "p1": -0.00035358384251594544, "p5": 0.0005603702738881115, "p10": 0.9402138551231474, "p25": 5.52998818969354, "median": 12.411146501777694, "p75": 19.261703481315635, "p90": 23.18735440738965, "p95": 24.58662167510483, "p99": 25.699965526922604, "p99.9": 25.92496173191164, "max": 25.942268818616867}, "send_duration": 85.94090883503668, "requested_rate": 254.49, "achieved_rate": 177.66858888249368}, "successes": {"count": 15269, "latency": {"request_latency": {"mean": 2.4594091982137676, "min": 0.638056514901109, "p0.1": 0.6790848063081503, "p1": 0.9492906864639372, "p5": 1.983714474597946, "p10": 2.397089279186912, "p25": 2.4553910749964416, "median": 2.518382102949545, "p75": 2.5737274499842897, "p90": 2.633109816419892, "p95": 2.6509556079749017, "p99": 2.6794216692028567, "p99.9": 2.6968421064373116, "max": 2.7238896429771557}, "normalized_time_per_output_token": {"mean": 0.03993022525624069, "min": 0.009816254075401678, "p0.1": 0.010680091921269307, "p1": 0.014825192084321035, "p5": 0.032643280483179236, "p10": 0.0370883021539507, "p25": 0.03824780993939688, "median": 0.03939848870683748, "p75": 0.04096957460933481, "p90": 0.0446748751489096, "p95": 0.046702061632614825, "p99": 0.06715886567593103, "p99.9": 0.14618516526267186, "max": 0.41720486149036634}, "time_per_output_token": {"mean": 0.005627535626426619, "min": 0.004181374543050463, "p0.1": 0.004400985614169216, "p1": 0.005307148114070585, "p5": 0.005446997753618819, "p10": 0.005464600354555792, "p25": 0.005501226449832898, "median": 0.005662358787614764, "p75": 0.005716099852313424, "p90": 0.005780573371489804, "p95": 0.005823516048395669, "p99": 0.006047536561734916, "p99.9": 0.006093450700427869, "max": 0.006169134674254487}, "time_to_first_token": {"mean": 1.7348163044287823, "min": 0.0220567740034312, "p0.1": 0.026827732304576784, "p1": 0.2066107956552878, "p5": 1.2504151688190177, "p10": 1.6901741075562313, "p25": 1.7383451079949737, "median": 1.7895767770241946, "p75": 1.847280483925715, "p90": 1.8992516276193783, "p95": 1.9130877409595997, "p99": 1.9434156350418925, "p99.9": 1.963618133340031, "max": 1.9953740590717643}, "inter_token_latency": {"mean": 0.005627292192703424, "min": 1.7540296539664268e-06, "p0.1": 3.1889649108052254e-06, "p1": 4.715053364634514e-06, "p5": 9.829993359744549e-06, "p10": 1.1643976904451847e-05, "p25": 1.6328995116055012e-05, "median": 4.840502515435219e-05, "p75": 0.011321343015879393, "p90": 0.012119502550922335, "p95": 0.012665713229216636, "p99": 0.013888711873441935, "p99.9": 0.03369428784260542, "max": 0.07225695590022951}}, "throughput": {"input_tokens_per_sec": 35121.6114930094, "output_tokens_per_sec": 10794.38186681098, "total_tokens_per_sec": 45915.99335982038, "requests_per_sec": 172.96158325611864}, "prompt_len": {"mean": 203.06018730761673, "min": 195.0, "p0.1": 195.0, "p1": 195.0, "p5": 196.0, "p10": 198.0, "p25": 201.0, "median": 203.0, "p75": 205.0, "p90": 207.0, "p95": 209.0, "p99": 211.0, "p99.9": 211.0, "max": 211.0}, "output_len": {"mean": 62.40912960901172, "min": 6.0, "p0.1": 17.0, "p1": 38.0, "p5": 55.0, "p10": 57.0, "p25": 63.0, "median": 64.0, "p75": 65.0, "p90": 65.0, "p95": 65.0, "p99": 66.0, "p99.9": 67.0, "max": 79.0}}, "failures": {"count": 0, "request_latency": null, "prompt_len": null}}