{"load_summary": {"count": 2595, "schedule_delay": {"mean": 0.0007306361949584502, "min": -0.0011253602569922805, "p0.1": -0.0009590127759147436, "p1": -0.0007300429232418537, "p5": -0.0004468271974474191, "p10": -0.0002551503013819456, "p25": 8.14381055533886e-05, "median": 0.0005693017737939954, "p75": 0.0011362552177160978, "p90": 0.00193187587428838, "p95": 0.002596907841507345, "p99": 0.004227430559694767, "p99.9": 0.006286521894391684, "max": 0.006632119882851839}, "send_duration": 59.96758730197325, "requested_rate": 43.25, "achieved_rate": 43.27337678157031}, "successes": {"count": 2595, "latency": {"request_latency": {"mean": 0.5237284748456109, "min": 0.49216279201209545, "p0.1": 0.4972124026482925, "p1": 0.5041507781320251, "p5": 0.5091404791572132, "p10": 0.512086085206829, "p25": 0.5175047785160132, "median": 0.5229627540102229, "p75": 0.5293668060912751, "p90": 0.5372073260135949, "p95": 0.5409502622904255, "p99": 0.545627964977175, "p99.9": 0.5490695419064724, "max": 0.5500817970605567}, "normalized_time_per_output_token": {"mean": 0.0084865954176362, "min": 0.007571735261724545, "p0.1": 0.007690104900269943, "p1": 0.007773087839582608, "p5": 0.007877921834408951, "p10": 0.007931549856699742, "p25": 0.008028493177852607, "median": 0.008169303840351484, "p75": 0.008413388207762702, "p90": 0.009241271912724825, "p95": 0.009558572019238702, "p99": 0.013193586981840408, "p99.9": 0.028390398828146892, "max": 0.030809882528367725}, "time_per_output_token": {"mean": 0.0038418507207921538, "min": 0.003627872658539708, "p0.1": 0.0036516102517579587, "p1": 0.003709907083385877, "p5": 0.0037309107154087965, "p10": 0.003764246692772695, "p25": 0.0037981637599228254, "median": 0.003835304760258616, "p75": 0.003879671531021884, "p90": 0.003939829061941294, "p95": 0.003964779195159154, "p99": 0.00399801905763285, "p99.9": 0.004028209433537121, "max": 0.00402881902400693}, "time_to_first_token": {"mean": 0.026939439817478875, "min": 0.01899338699877262, "p0.1": 0.019350805336842313, "p1": 0.02043842600658536, "p5": 0.021752198063768446, "p10": 0.02282265687827021, "p25": 0.024626985541544855, "median": 0.02687420998699963, "p75": 0.029000564478337765, "p90": 0.031203171238303185, "p95": 0.03236275190720334, "p99": 0.034694618647918105, "p99.9": 0.040864669789095205, "max": 0.04729784408118576}, "inter_token_latency": {"mean": 0.0038418507207921538, "min": 2.839951775968075e-06, "p0.1": 3.2729003578424454e-06, "p1": 3.9800070226192474e-06, "p5": 8.538947440683842e-06, "p10": 9.928015060722828e-06, "p25": 1.207494642585516e-05, "median": 3.846606705337763e-05, "p75": 0.007799289538525045, "p90": 0.008062271401286125, "p95": 0.008230975363403559, "p99": 0.00860818584216759, "p99.9": 0.00977208760427313, "max": 0.01412651699502021}}, "throughput": {"input_tokens_per_sec": 8715.50079484071, "output_tokens_per_sec": 2679.2370088892358, "total_tokens_per_sec": 11394.737803729946, "requests_per_sec": 42.9211168747149}, "prompt_len": {"mean": 203.05857418111754, "min": 195.0, "p0.1": 195.0, "p1": 195.0, "p5": 196.0, "p10": 197.40000000000003, "p25": 201.0, "median": 203.0, "p75": 205.0, "p90": 207.0, "p95": 208.29999999999973, "p99": 211.0, "p99.9": 211.0, "max": 211.0}, "output_len": {"mean": 62.422350674373796, "min": 17.0, "p0.1": 18.594, "p1": 39.0, "p5": 55.0, "p10": 57.0, "p25": 63.0, "median": 64.0, "p75": 65.0, "p90": 65.0, "p95": 65.0, "p99": 66.0, "p99.9": 67.0, "max": 67.0}}, "failures": {"count": 0, "request_latency": null, "prompt_len": null}}