{"load_summary": {"count": 12734, "schedule_delay": {"mean": 5.177333512431724, "min": -0.0011922927806153893, "p0.1": -0.0009343098107492551, "p1": -0.0005737116292584688, "p5": -1.9010301912203428e-05, "p10": 0.0003854560083709658, "p25": 1.2324265011411626, "median": 4.932613297656644, "p75": 8.847235802735668, "p90": 11.017035571974702, "p95": 11.617277438926973, "p99": 12.335285098962485, "p99.9": 12.482764396314975, "max": 12.50868464098312}, "send_duration": 72.49399124004412, "requested_rate": 212.24, "achieved_rate": 175.6559375774307}, "successes": {"count": 12734, "latency": {"request_latency": {"mean": 2.421046128219934, "min": 0.6491004920098931, "p0.1": 0.6674382013070863, "p1": 0.7791019782796502, "p5": 1.3499746801913717, "p10": 1.8766417660983281, "p25": 2.5385961862339173, "median": 2.562530856986996, "p75": 2.5824799478286877, "p90": 2.5980699428007936, "p95": 2.6108412423869596, "p99": 2.6276242226618343, "p99.9": 2.6393326559265846, "max": 2.642239128006622}, "normalized_time_per_output_token": {"mean": 0.03928835741253811, "min": 0.009986161415536817, "p0.1": 0.010336117356785773, "p1": 0.012626680793196171, "p5": 0.021165007128000873, "p10": 0.029566695276872248, "p25": 0.03921120528885485, "median": 0.039790977738014655, "p75": 0.040623256178605516, "p90": 0.04514405340867182, "p95": 0.04617479991378841, "p99": 0.06778744805300928, "p99.9": 0.15066584984797962, "max": 0.25953045989153906}, "time_per_output_token": {"mean": 0.00571610476683424, "min": 0.004378120844476214, "p0.1": 0.004578498739010993, "p1": 0.005280601197019826, "p5": 0.005625407526706338, "p10": 0.005650202759682353, "p25": 0.005678663730112359, "median": 0.005706314596730147, "p75": 0.005747180872474068, "p90": 0.005812365230810865, "p95": 0.005950421686737669, "p99": 0.006047113804067815, "p99.9": 0.0061104132472849125, "max": 0.006147968084659687}, "time_to_first_token": {"mean": 1.6851189331453984, "min": 0.023020793916657567, "p0.1": 0.025957996767014265, "p1": 0.045991535612847634, "p5": 0.6094648866215722, "p10": 1.1191134493332358, "p25": 1.803329690999817, "median": 1.826549680030439, "p75": 1.8443816727085505, "p90": 1.858648569462821, "p95": 1.8701085336040706, "p99": 1.8885176977957598, "p99.9": 1.9008469452323635, "max": 1.9060449770186096}, "inter_token_latency": {"mean": 0.005715850414771369, "min": 1.7799902707338333e-06, "p0.1": 3.1950053526088594e-06, "p1": 4.658941179513931e-06, "p5": 9.650015272200108e-06, "p10": 1.132104080170393e-05, "p25": 1.598801463842392e-05, "median": 4.758703289553523e-05, "p75": 0.011539703264134005, "p90": 0.012301413307432086, "p95": 0.012847542064264417, "p99": 0.014034076987300064, "p99.9": 0.034504818402812866, "max": 0.0716951119247824}}, "throughput": {"input_tokens_per_sec": 34562.237651469244, "output_tokens_per_sec": 10625.772478963527, "total_tokens_per_sec": 45188.01013043277, "requests_per_sec": 170.20761589500069}, "prompt_len": {"mean": 203.0592900895241, "min": 195.0, "p0.1": 195.0, "p1": 195.0, "p5": 196.0, "p10": 198.0, "p25": 201.0, "median": 203.0, "p75": 205.0, "p90": 207.0, "p95": 208.34999999999854, "p99": 211.0, "p99.9": 211.0, "max": 211.0}, "output_len": {"mean": 62.42830218313177, "min": 7.0, "p0.1": 17.0, "p1": 37.0, "p5": 55.0, "p10": 57.0, "p25": 63.0, "median": 64.0, "p75": 65.0, "p90": 65.0, "p95": 65.0, "p99": 66.0, "p99.9": 68.0, "max": 71.0}}, "failures": {"count": 0, "request_latency": null, "prompt_len": null}}