{"load_summary": {"count": 3000, "schedule_delay": {"mean": 0.0007964916017954238, "min": -0.0008710802649147809, "p0.1": -0.0007484628350939601, "p1": -0.00039812988834455606, "p5": -6.674792966805397e-05, "p10": 0.00012783253332600004, "p25": 0.00043666794954333454, "median": 0.0007804427877999842, "p75": 0.0011598752898862585, "p90": 0.001477492833510041, "p95": 0.0016536911600269378, "p99": 0.0019400484365178262, "p99.9": 0.0022739697807701324, "max": 0.005916609079577029}, "send_duration": 59.983447267033625, "requested_rate": 50.0, "achieved_rate": 50.01379775064668}, "successes": {"count": 3000, "latency": {"request_latency": {"mean": 166.93107523821521, "min": 84.2913929640199, "p0.1": 84.88169684370887, "p1": 86.62696430270152, "p5": 91.8471305380197, "p10": 96.61640601569088, "p25": 114.93808009375061, "median": 169.89965820149519, "p75": 215.14924043447536, "p90": 223.63755093740764, "p95": 233.70765726281093, "p99": 238.61636862793938, "p99.9": 238.93025813140315, "max": 239.06302482599858}, "normalized_time_per_output_token": {"mean": 0.17429130532060838, "min": 0.08437576873275265, "p0.1": 0.08506870790756045, "p1": 0.08734195001809868, "p5": 0.09339403960565339, "p10": 0.09918641993726483, "p25": 0.12602216510714417, "median": 0.1731593075613017, "p75": 0.2202120195969084, "p90": 0.23581668085904609, "p95": 0.24613178958174822, "p99": 0.28320968632056914, "p99.9": 0.41806845086231104, "max": 0.8070182785529145}, "time_per_output_token": {"mean": 0.07603905282479274, "min": 0.04205835321189734, "p0.1": 0.04234277406949729, "p1": 0.04321600991191979, "p5": 0.04574490657219301, "p10": 0.04804885390010183, "p25": 0.05427310652134486, "median": 0.07765306332810101, "p75": 0.08697319791829067, "p90": 0.1070258385796709, "p95": 0.11033263850675366, "p99": 0.1122215402580777, "p99.9": 0.1123592435739439, "max": 0.11239075218341889}, "time_to_first_token": {"mean": 14.72497492564134, "min": 0.07375305198365822, "p0.1": 0.07529136218706844, "p1": 0.08628970232617576, "p5": 0.10682655300188344, "p10": 0.12629020939348265, "p25": 0.17845921374100726, "median": 0.28619743150193244, "p75": 0.4298817934904946, "p90": 66.30924215739941, "p95": 73.5288755593152, "p99": 135.68122567713667, "p99.9": 137.31458775873844, "max": 137.38829596003052}, "inter_token_latency": {"mean": 0.07603905282479276, "min": 2.196000423282385e-06, "p0.1": 5.827983841300011e-06, "p1": 1.2959004379808903e-05, "p5": 1.7350015696138144e-05, "p10": 2.172298263758421e-05, "p25": 2.9892020393162966e-05, "median": 0.00014583548181690276, "p75": 0.08945538326224778, "p90": 0.138232327415608, "p95": 0.16532100886397527, "p99": 0.2252656890230715, "p99.9": 0.5475379765592587, "max": 76.84062994201668}}, "throughput": {"input_tokens_per_sec": 94366.73174823358, "output_tokens_per_sec": 9691.571173495782, "total_tokens_per_sec": 104058.30292172937, "requests_per_sec": 10.046521474884432}, "prompt_len": {"mean": 9392.975666666667, "min": 9333.0, "p0.1": 9333.0, "p1": 9338.0, "p5": 9347.0, "p10": 9358.0, "p25": 9373.0, "median": 9393.0, "p75": 9411.0, "p90": 9427.0, "p95": 9437.0, "p99": 9460.0, "p99.9": 9477.0, "max": 9477.0}, "output_len": {"mean": 964.6693333333334, "min": 209.0, "p0.1": 513.89, "p1": 746.98, "p5": 810.95, "p10": 870.0, "p25": 966.0, "median": 1000.0, "p75": 1001.0, "p90": 1001.0, "p95": 1001.0, "p99": 1002.0, "p99.9": 1028.0, "max": 1032.0}}, "failures": {"count": 0, "request_latency": null, "prompt_len": null}}