{"load_summary": {"count": 1800, "schedule_delay": {"mean": 0.000928620033179565, "min": -0.0006955787539482117, "p0.1": -0.000644458029884845, "p1": -0.00037384622730314733, "p5": -2.2976362379267803e-05, "p10": 0.0001491354370955378, "p25": 0.000490087375510484, "median": 0.0008527848985977471, "p75": 0.0012210155691718683, "p90": 0.0015437220223248006, "p95": 0.0017283236782532185, "p99": 0.0020207468210719525, "p99.9": 0.0031350623620095834, "max": 0.13759626465616748}, "send_duration": 59.93037600000389, "requested_rate": 30.0, "achieved_rate": 30.034852442772646}, "successes": {"count": 1800, "latency": {"request_latency": {"mean": 100.8323312819892, "min": 61.84056234097807, "p0.1": 63.136472227631835, "p1": 65.29687701809453, "p5": 71.11478885272518, "p10": 75.72732987843338, "p25": 89.39688337573898, "median": 97.16125294199446, "p75": 115.11426387626852, "p90": 121.96221128109028, "p95": 123.53252261432063, "p99": 124.24506217321556, "p99.9": 124.38507920040016, "max": 124.40727193601197}, "normalized_time_per_output_token": {"mean": 0.10544506505230117, "min": 0.06215131893565635, "p0.1": 0.06387929398873662, "p1": 0.06566310351001113, "p5": 0.07231136362621328, "p10": 0.07819723790303869, "p25": 0.09171553428603156, "median": 0.10731109568571852, "p75": 0.1192981115146271, "p90": 0.12622967031230636, "p95": 0.13734497986135047, "p99": 0.154910300497752, "p99.9": 0.25563147581540596, "max": 0.43451574244692037}, "time_per_output_token": {"mean": 0.048407853516671775, "min": 0.027627444967033173, "p0.1": 0.027640706061640045, "p1": 0.0291725419032186, "p5": 0.032637216207884734, "p10": 0.03569328759341146, "p25": 0.041837537264606026, "median": 0.04797574609794632, "p75": 0.056835328182781523, "p90": 0.060820413824147095, "p95": 0.06158417121799487, "p99": 0.06195891395634498, "p99.9": 0.06200503633959893, "max": 0.062020335055974735}, "time_to_first_token": {"mean": 3.914585281968369, "min": 0.06865663296775892, "p0.1": 0.07053912038786803, "p1": 0.07968199932889547, "p5": 0.09496487428550608, "p10": 0.10743686546338722, "p25": 0.13625336503901053, "median": 0.19230473547941074, "p75": 0.2647894285037182, "p90": 0.5462013770069464, "p95": 35.352451562101486, "p99": 54.1358467403648, "p99.9": 55.237758184242644, "max": 55.36328193999361}, "inter_token_latency": {"mean": 0.048407853516671775, "min": 2.1060113795101643e-06, "p0.1": 5.137592437677085e-06, "p1": 1.284899190068245e-05, "p5": 1.7479003872722387e-05, "p10": 2.19999928958714e-05, "p25": 3.108900273218751e-05, "median": 0.00016782298916950822, "p75": 0.07586532800632995, "p90": 0.10433357292786241, "p95": 0.1234628876147326, "p99": 0.1614986217429395, "p99.9": 0.41830949793895733, "max": 55.17660626897123}}, "throughput": {"input_tokens_per_sec": 94388.69360682271, "output_tokens_per_sec": 9688.344651363333, "total_tokens_per_sec": 104077.03825818605, "requests_per_sec": 10.048794925335104}, "prompt_len": {"mean": 9393.03611111111, "min": 9333.0, "p0.1": 9333.0, "p1": 9338.0, "p5": 9347.0, "p10": 9358.0, "p25": 9373.0, "median": 9393.0, "p75": 9411.0, "p90": 9427.0, "p95": 9437.0, "p99": 9460.0, "p99.9": 9477.0, "max": 9477.0}, "output_len": {"mean": 964.13, "min": 217.0, "p0.1": 394.528, "p1": 737.99, "p5": 809.95, "p10": 861.0, "p25": 968.0, "median": 1000.0, "p75": 1001.0, "p90": 1001.0, "p95": 1001.0, "p99": 1002.0, "p99.9": 1017.8140000000035, "max": 1035.0}}, "failures": {"count": 0, "request_latency": null, "prompt_len": null}}