{"load_summary": {"count": 120, "schedule_delay": {"mean": 0.0008905631300876848, "min": -0.00020660413429141045, "p0.1": -0.0002040899665444158, "p1": -0.00016890696657355874, "p5": 8.064848952926695e-05, "p10": 0.00025891019613482057, "p25": 0.0005126432079123333, "median": 0.000885661895154044, "p75": 0.0011976473178947344, "p90": 0.0015688939602114265, "p95": 0.0018643150717252864, "p99": 0.0020182052947347985, "p99.9": 0.0022607299046358133, "max": 0.0022925682715140283}, "send_duration": 59.761221897031646, "requested_rate": 2.0, "achieved_rate": 2.0079910716477576}, "successes": {"count": 120, "latency": {"request_latency": {"mean": 28.698502719746223, "min": 24.65716095501557, "p0.1": 24.666922841198044, "p1": 24.77153654725873, "p5": 25.592832536966306, "p10": 25.853374681511195, "p25": 27.185728697484592, "median": 29.211071274999995, "p75": 30.23841589175572, "p90": 30.90438391222269, "p95": 31.107537471997784, "p99": 31.79861538828467, "p99.9": 31.834275668986898, "max": 31.83512232697103}, "normalized_time_per_output_token": {"mean": 0.029886901353656615, "min": 0.02530876697599888, "p0.1": 0.02531647400311586, "p1": 0.025420977092527858, "p5": 0.026127764724533844, "p10": 0.02652971300123099, "p25": 0.02808594405439469, "median": 0.029713866482124717, "p75": 0.03116953042613369, "p90": 0.0329339881839379, "p95": 0.033787579680573346, "p99": 0.037284161633713085, "p99.9": 0.0434589992372602, "max": 0.04427609555686414}, "time_per_output_token": {"mean": 0.014027209925282672, "min": 0.012246763242890585, "p0.1": 0.012248286039800152, "p1": 0.012274471554361031, "p5": 0.012537045196650947, "p10": 0.012810866308808355, "p25": 0.013207465667047303, "median": 0.014327307276856289, "p75": 0.014680962669302133, "p90": 0.01503870887695223, "p95": 0.015155761111992237, "p99": 0.015252679758988238, "p99.9": 0.015732093597364702, "max": 0.015796196083470746}, "time_to_first_token": {"mean": 0.5789195641870416, "min": 0.08050841803196818, "p0.1": 0.08256538276682841, "p1": 0.09820729972387199, "p5": 0.15082372226461302, "p10": 0.15694889832520859, "p25": 0.16356336600438226, "median": 0.1772958305082284, "p75": 0.8622557877824875, "p90": 1.2794664166751324, "p95": 1.6449069997761396, "p99": 1.8926081875956156, "p99.9": 1.972048714831123, "max": 1.9790690669906326}, "inter_token_latency": {"mean": 0.014027209925282672, "min": 2.302986104041338e-06, "p0.1": 4.318136663641781e-06, "p1": 1.5653358423151077e-05, "p5": 2.214801497757435e-05, "p10": 3.255100455135107e-05, "p25": 4.0821018046699464e-05, "median": 0.00012241897638887167, "p75": 0.02547520727966912, "p90": 0.026312018960015848, "p95": 0.026780234256875698, "p99": 0.028810230029048395, "p99.9": 0.578168263323547, "max": 0.6126899550436065}}, "throughput": {"input_tokens_per_sec": 13351.582462499948, "output_tokens_per_sec": 1370.365032966212, "total_tokens_per_sec": 14721.94749546616, "requests_per_sec": 1.4214913380929555}, "prompt_len": {"mean": 9392.658333333333, "min": 9333.0, "p0.1": 9333.595, "p1": 9339.33, "p5": 9347.0, "p10": 9357.8, "p25": 9373.75, "median": 9393.5, "p75": 9408.5, "p90": 9428.0, "p95": 9437.05, "p99": 9459.77, "p99.9": 9475.334, "max": 9477.0}, "output_len": {"mean": 964.0333333333333, "min": 668.0, "p0.1": 680.257, "p1": 773.66, "p5": 848.7, "p10": 878.5, "p25": 945.0, "median": 994.0, "p75": 1001.0, "p90": 1001.0, "p95": 1001.0, "p99": 1001.0, "p99.9": 1001.0, "max": 1001.0}}, "failures": {"count": 0, "request_latency": null, "prompt_len": null}}