{"load_summary": {"count": 225, "schedule_delay": {"mean": 0.0012816240281487506, "min": -0.0005614283145405352, "p0.1": -0.0004944203817285598, "p1": -0.00016569714061915873, "p5": 0.0002632800024002791, "p10": 0.0004348400281742215, "p25": 0.0007782643660902977, "median": 0.001215027121361345, "p75": 0.0016883169882930815, "p90": 0.002140610141213983, "p95": 0.0025573150720447297, "p99": 0.003586082006804643, "p99.9": 0.0039281066316179955, "max": 0.0039788055582903326}, "send_duration": 24.986142845998984, "requested_rate": 9.0, "achieved_rate": 9.004991342072197}, "successes": {"count": 225, "latency": {"request_latency": {"mean": 61.66367861026872, "min": 49.63731473899679, "p0.1": 49.66269572113315, "p1": 49.81648754190886, "p5": 50.94869969659485, "p10": 54.07631137159187, "p25": 56.35561598598724, "median": 61.65343539399328, "p75": 65.1586899679969, "p90": 70.74094207659364, "p95": 74.44849292802391, "p99": 77.31978544933256, "p99.9": 77.77750440475577, "max": 77.90194743900793}, "normalized_time_per_output_token": {"mean": 0.06460507875921435, "min": 0.04958772701198481, "p0.1": 0.04961308263849465, "p1": 0.04998393935062837, "p5": 0.05379449208480966, "p10": 0.05556707099064445, "p25": 0.05935954614100047, "median": 0.06346656383514371, "p75": 0.068272670181992, "p90": 0.0749143092500579, "p95": 0.07739461483502968, "p99": 0.09127941289225155, "p99.9": 0.1094409483307168, "max": 0.11432580707074026}, "time_per_output_token": {"mean": 0.025720533072420764, "min": 0.012609695126427043, "p0.1": 0.012632881421169712, "p1": 0.012724115829977642, "p5": 0.013184035533928834, "p10": 0.017124522810181463, "p25": 0.023431444576225136, "median": 0.02675206087156618, "p75": 0.030072246633172418, "p90": 0.030562562604997026, "p95": 0.030936370390905545, "p99": 0.03165320502399331, "p99.9": 0.031955537222332554, "max": 0.03200507668866383}, "time_to_first_token": {"mean": 10.14018382958033, "min": 1.229013382049743, "p0.1": 1.2323533985451796, "p1": 1.2689945006207564, "p5": 1.7139225834165701, "p10": 2.287537959998008, "p25": 3.915203259966802, "median": 6.389806466992013, "p75": 8.767585758003406, "p90": 31.359284172556187, "p95": 46.98292380040511, "p99": 50.67472538117551, "p99.9": 51.70080698343926, "max": 51.79784801299684}, "inter_token_latency": {"mean": 0.025720533072420764, "min": 2.2070016711950302e-06, "p0.1": 4.4739125296473505e-06, "p1": 1.4501041732728481e-05, "p5": 2.0409992430359125e-05, "p10": 2.6052398607134822e-05, "p25": 4.031904973089695e-05, "median": 0.0001784919877536595, "p75": 0.03444297600071877, "p90": 0.03509185778675601, "p95": 0.03561235301895067, "p99": 0.6051871326286345, "p99.9": 0.6248469026712707, "max": 36.75117509602569}}, "throughput": {"input_tokens_per_sec": 21715.903147796547, "output_tokens_per_sec": 2219.4015518890524, "total_tokens_per_sec": 23935.3046996856, "requests_per_sec": 2.312005061276723}, "prompt_len": {"mean": 9392.67111111111, "min": 9333.0, "p0.1": 9333.224, "p1": 9338.0, "p5": 9347.0, "p10": 9358.8, "p25": 9373.0, "median": 9393.0, "p75": 9410.0, "p90": 9427.0, "p95": 9437.0, "p99": 9458.56, "p99.9": 9473.864, "max": 9477.0}, "output_len": {"mean": 959.9466666666667, "min": 537.0, "p0.1": 554.92, "p1": 709.6800000000001, "p5": 809.6, "p10": 867.6, "p25": 947.0, "median": 1000.0, "p75": 1001.0, "p90": 1001.0, "p95": 1001.0, "p99": 1001.0, "p99.9": 1004.328, "max": 1005.0}}, "failures": {"count": 0, "request_latency": null, "prompt_len": null}}