{"load_summary": {"count": 480, "schedule_delay": {"mean": 0.0009537086036289111, "min": -0.0004171445034444332, "p0.1": -0.0004062441313872114, "p1": -0.0003060887462925166, "p5": -3.517684526741502e-05, "p10": 0.00013039878103882077, "p25": 0.0004415312869241461, "median": 0.0008560346614103764, "p75": 0.0012325744173722342, "p90": 0.0015304935281164945, "p95": 0.0016972132638329639, "p99": 0.0021172926912549866, "p99.9": 0.030124802913229186, "max": 0.053225996845867485}, "send_duration": 59.83805017801933, "requested_rate": 8.0, "achieved_rate": 8.021651751218347}, "successes": {"count": 480, "latency": {"request_latency": {"mean": 36.43902691387072, "min": 29.6012336720014, "p0.1": 29.607761346511193, "p1": 30.246597604028064, "p5": 31.414692202853622, "p10": 32.17394182779244, "p25": 33.98796754945943, "median": 36.60864311896148, "p75": 39.34454667424143, "p90": 40.10670415027416, "p95": 40.88740045480372, "p99": 41.37962713077897, "p99.9": 41.76084477216489, "max": 41.78954928496387}, "normalized_time_per_output_token": {"mean": 0.038408416503291715, "min": 0.02957166200999141, "p0.1": 0.029629466466670095, "p1": 0.03035614808479033, "p5": 0.03185273863266359, "p10": 0.03279915415916582, "p25": 0.03505870924965055, "median": 0.03758172688164425, "p75": 0.04002010319029353, "p90": 0.041924367786199596, "p95": 0.04711465983398789, "p99": 0.052445714616701805, "p99.9": 0.1551723360939917, "max": 0.18227447864884097}, "time_per_output_token": {"mean": 0.018123748960239692, "min": 0.014726105382809577, "p0.1": 0.014728578857411615, "p1": 0.015044456479755271, "p5": 0.015618826935709134, "p10": 0.01600444238461989, "p25": 0.016886185356701174, "median": 0.01820314279684717, "p75": 0.019575172034876204, "p90": 0.019963428868346896, "p95": 0.020345257975454063, "p99": 0.020496083852192534, "p99.9": 0.020685471025053425, "max": 0.020743829865577115}, "time_to_first_token": {"mean": 0.12122937932569282, "min": 0.07092082197777927, "p0.1": 0.07178665712109068, "p1": 0.07701972436683718, "p5": 0.08154964231653139, "p10": 0.0868982020067051, "p25": 0.09997544175712392, "median": 0.11389446596149355, "p75": 0.1313428162393393, "p90": 0.14762055883766154, "p95": 0.15791032630077093, "p99": 0.21032053012400861, "p99.9": 0.807771240898235, "max": 0.8186765409773216}, "inter_token_latency": {"mean": 0.01812374896023969, "min": 2.1519954316318035e-06, "p0.1": 3.783448075409979e-06, "p1": 1.3287004549056292e-05, "p5": 1.793500268831849e-05, "p10": 2.261303598061204e-05, "p25": 3.5109740565530956e-05, "median": 0.00014407598064281046, "p75": 0.035437407743302174, "p90": 0.04075266378349625, "p95": 0.04191148326499387, "p99": 0.05142564825364379, "p99.9": 0.09739303526858882, "max": 0.5920127509743907}}, "throughput": {"input_tokens_per_sec": 48808.843606847586, "output_tokens_per_sec": 5009.192765261181, "total_tokens_per_sec": 53818.03637210877, "requests_per_sec": 5.196381586105667}, "prompt_len": {"mean": 9392.852083333333, "min": 9333.0, "p0.1": 9333.0, "p1": 9338.0, "p5": 9347.0, "p10": 9358.9, "p25": 9373.0, "median": 9393.0, "p75": 9411.0, "p90": 9427.0, "p95": 9437.0, "p99": 9460.0, "p99.9": 9477.0, "max": 9477.0}, "output_len": {"mean": 963.9770833333333, "min": 225.0, "p0.1": 240.328, "p1": 729.32, "p5": 808.95, "p10": 864.9, "p25": 973.0, "median": 1000.0, "p75": 1001.0, "p90": 1001.0, "p95": 1001.0, "p99": 1002.0, "p99.9": 1015.3780000000013, "max": 1024.0}}, "failures": {"count": 0, "request_latency": null, "prompt_len": null}}