{"load_summary": {"count": 6000, "schedule_delay": {"mean": 0.0008092891909570123, "min": -0.0008401901577599347, "p0.1": -0.0006777822732692584, "p1": -0.0003549058630596846, "p5": -6.600728665944189e-05, "p10": 0.00011384647223167121, "p25": 0.0004390830727061257, "median": 0.0008150003559421748, "p75": 0.0011738407192751765, "p90": 0.0014910244615748526, "p95": 0.0016701078013284132, "p99": 0.001986570187145847, "p99.9": 0.0031446246879641886, "max": 0.005406114272773266}, "send_duration": 59.999637780943885, "requested_rate": 100.0, "achieved_rate": 100.0006037020714}, "successes": {"count": 2654, "latency": {"request_latency": {"mean": 187.1515549923405, "min": 106.42857269698288, "p0.1": 106.6410623791989, "p1": 109.47579134710423, "p5": 113.67476635505736, "p10": 116.82294956438128, "p25": 129.78880912928435, "median": 178.18098495400045, "p75": 245.18141493249277, "p90": 262.6263367267151, "p95": 270.84694757736287, "p99": 292.4529215618368, "p99.9": 299.2718808535168, "max": 299.9084448910435}, "normalized_time_per_output_token": {"mean": 0.19569489392403053, "min": 0.10632225044653634, "p0.1": 0.10666282522788005, "p1": 0.11042159195929624, "p5": 0.11573535778504739, "p10": 0.11980000087548898, "p25": 0.14101095547007436, "median": 0.18472410731677485, "p75": 0.25094413706529417, "p90": 0.27335454467178805, "p95": 0.29365208736348225, "p99": 0.3420123996100652, "p99.9": 0.41854485008101316, "max": 0.5256721928017214}, "time_per_output_token": {"mean": 0.09334716896460317, "min": 0.053106681738628946, "p0.1": 0.05320347199569853, "p1": 0.05463581340067132, "p5": 0.056728537316227665, "p10": 0.05815039021240234, "p25": 0.06473879309907142, "median": 0.0888614436739206, "p75": 0.1222713744981207, "p90": 0.13098606376162347, "p95": 0.13513195074611586, "p99": 0.1458156198018856, "p99.9": 0.14929148352195695, "max": 0.14957718068265125}, "time_to_first_token": {"mean": 0.3115595807910245, "min": 0.06869463296607137, "p0.1": 0.0752101118026767, "p1": 0.09066046313033439, "p5": 0.11495741616236047, "p10": 0.13890824462287127, "p25": 0.1895408445270732, "median": 0.2924437884648796, "p75": 0.3983710115280701, "p90": 0.49850785459857433, "p95": 0.567359166126698, "p99": 0.8693322209332809, "p99.9": 1.0766312782508363, "max": 1.1370085009839386}, "inter_token_latency": {"mean": 0.09334724050444909, "min": 2.095010131597519e-06, "p0.1": 8.556604618206627e-06, "p1": 1.3638986274600029e-05, "p5": 1.8019985873252153e-05, "p10": 2.2477004677057266e-05, "p25": 3.0749011784791946e-05, "median": 0.00015717497444711626, "p75": 0.10048841623938642, "p90": 0.17250764871132565, "p95": 0.23282386753999154, "p99": 0.34231110611173815, "p99.9": 0.7262159734977632, "max": 144.73636120196898}}, "throughput": {"input_tokens_per_sec": 69151.25147639793, "output_tokens_per_sec": 7087.918132516202, "total_tokens_per_sec": 76239.16960891413, "requests_per_sec": 7.361840166534846}, "prompt_len": {"mean": 9393.201959306707, "min": 9333.0, "p0.1": 9333.0, "p1": 9338.0, "p5": 9347.0, "p10": 9359.0, "p25": 9373.0, "median": 9394.0, "p75": 9411.0, "p90": 9427.0, "p95": 9437.0, "p99": 9460.0, "p99.9": 9477.0, "max": 9477.0}, "output_len": {"mean": 962.7916352675207, "min": 217.0, "p0.1": 519.653, "p1": 743.53, "p5": 801.65, "p10": 852.0, "p25": 965.0, "median": 1000.0, "p75": 1001.0, "p90": 1001.0, "p95": 1001.0, "p99": 1002.0, "p99.9": 1027.8170000000023, "max": 1098.0}}, "failures": {"count": 3346, "request_latency": {"mean": 300.5028464212577, "min": 300.0030980629963, "p0.1": 300.00618240904095, "p1": 300.01621117315955, "p5": 300.0559265347547, "p10": 300.108483615506, "p25": 300.25124047625286, "median": 300.49708867949084, "p75": 300.75639407250856, "p90": 300.9023880670138, "p95": 300.9534246850235, "p99": 300.99092107862236, "p99.9": 300.998975388495, "max": 301.00155042199185}, "prompt_len": {"mean": 0.0, "min": 0.0, "p0.1": 0.0, "p1": 0.0, "p5": 0.0, "p10": 0.0, "p25": 0.0, "median": 0.0, "p75": 0.0, "p90": 0.0, "p95": 0.0, "p99": 0.0, "p99.9": 0.0, "max": 0.0}}}