{"load_summary": {"count": 600, "schedule_delay": {"mean": 0.0009695516576175578, "min": -0.0011099998373538256, "p0.1": -0.000876615596585907, "p1": -0.00044751423120032997, "p5": -6.87930529238656e-05, "p10": 0.00013299802085384727, "p25": 0.0004966953856637701, "median": 0.0008508106984663755, "p75": 0.0012183759099571034, "p90": 0.001535134989535436, "p95": 0.001708072095061652, "p99": 0.0022969490860123066, "p99.9": 0.02716667799907891, "max": 0.04092136339750141}, "send_duration": 59.94034471799387, "requested_rate": 10.0, "achieved_rate": 10.00995244226352}, "successes": {"count": 600, "latency": {"request_latency": {"mean": 39.03944193260153, "min": 31.100308519031387, "p0.1": 31.20202398303873, "p1": 31.658108115604847, "p5": 33.42556822058687, "p10": 34.91098748492659, "p25": 36.73257857224962, "median": 39.77040548552759, "p75": 41.63432257325621, "p90": 42.40415206898469, "p95": 42.54283724539273, "p99": 42.61776343770267, "p99.9": 42.6439547012166, "max": 42.661187487945426}, "normalized_time_per_output_token": {"mean": 0.04071800709355967, "min": 0.028455075159296545, "p0.1": 0.030039569941777717, "p1": 0.03193294864105918, "p5": 0.033864931374110854, "p10": 0.035352267870901864, "p25": 0.037764636597606094, "median": 0.04060947124128679, "p75": 0.04242696983558121, "p90": 0.045333659681097066, "p95": 0.04849799240767212, "p99": 0.05375935421594626, "p99.9": 0.10686259132791198, "max": 0.17824113979573464}, "time_per_output_token": {"mean": 0.01942460833758949, "min": 0.01548593289604916, "p0.1": 0.015530064538068019, "p1": 0.015754653140190415, "p5": 0.01663304747265323, "p10": 0.017376433379457927, "p25": 0.018281457384819396, "median": 0.01979141887382959, "p75": 0.020719478630680944, "p90": 0.021101026460957732, "p95": 0.021172777042034602, "p99": 0.021211409158866514, "p99.9": 0.02121543839200761, "max": 0.021215764753604732}, "time_to_first_token": {"mean": 0.11875132564717206, "min": 0.07140464300755411, "p0.1": 0.07212356218014611, "p1": 0.07642909776244779, "p5": 0.08628274496004451, "p10": 0.093004677107092, "p25": 0.10262873927422334, "median": 0.11646561449742876, "p75": 0.13285580078081694, "p90": 0.14479090059758165, "p95": 0.15484003107412717, "p99": 0.17628535176685542, "p99.9": 0.27283878788760446, "max": 0.36008440295699984}, "inter_token_latency": {"mean": 0.019424608337589494, "min": 2.205953933298588e-06, "p0.1": 3.7112020072527228e-06, "p1": 1.2886991607956588e-05, "p5": 1.7633021343499422e-05, "p10": 2.2219959646463394e-05, "p25": 3.399098932277411e-05, "median": 0.00014928748714737594, "p75": 0.04067643125017639, "p90": 0.04226941450033337, "p95": 0.04346211801166646, "p99": 0.05375983745965641, "p99.9": 0.0843298185074823, "max": 0.2755914610461332}}, "throughput": {"input_tokens_per_sec": 59444.880070912055, "output_tokens_per_sec": 6120.994257549635, "total_tokens_per_sec": 65565.8743284617, "requests_per_sec": 6.328505968248503}, "prompt_len": {"mean": 9393.193333333333, "min": 9333.0, "p0.1": 9333.0, "p1": 9338.0, "p5": 9347.0, "p10": 9358.0, "p25": 9373.0, "median": 9394.0, "p75": 9411.0, "p90": 9427.1, "p95": 9437.0, "p99": 9460.0, "p99.9": 9477.0, "max": 9477.0}, "output_len": {"mean": 967.21, "min": 225.0, "p0.1": 509.525, "p1": 750.98, "p5": 811.85, "p10": 881.9, "p25": 964.75, "median": 1000.0, "p75": 1001.0, "p90": 1001.0, "p95": 1001.0, "p99": 1002.0, "p99.9": 1114.8140000000144, "max": 1243.0}}, "failures": {"count": 0, "request_latency": null, "prompt_len": null}}