{"load_summary": {"count": 2400, "schedule_delay": {"mean": 0.001420119249887648, "min": -0.001102328416891396, "p0.1": -0.0009645776493707672, "p1": -0.00036600008897949007, "p5": -3.480059967841953e-05, "p10": 0.0001502084080129862, "p25": 0.0004559019726002589, "median": 0.0008313492289744318, "p75": 0.001188247260870412, "p90": 0.0014981438114773482, "p95": 0.0016895682376343755, "p99": 0.0021544086135690953, "p99.9": 0.13022461731126533, "max": 0.1330133926239796}, "send_duration": 59.932470833999105, "requested_rate": 40.0, "achieved_rate": 40.04507016985029}, "successes": {"count": 2400, "latency": {"request_latency": {"mean": 134.4840288693067, "min": 74.74902588198893, "p0.1": 75.26437988757063, "p1": 77.16702525439091, "p5": 81.7312317707314, "p10": 86.69660676930798, "p25": 100.35388155576948, "median": 147.29315646202303, "p75": 158.34977873474418, "p90": 174.25089835969848, "p95": 176.8923594522057, "p99": 179.48031028418686, "p99.9": 179.69966287200188, "max": 179.81483002298046}, "normalized_time_per_output_token": {"mean": 0.13989644848596347, "min": 0.07467435153045847, "p0.1": 0.07567626192014353, "p1": 0.07789648141356387, "p5": 0.08381683437872599, "p10": 0.08942913655761245, "p25": 0.10392199698225914, "median": 0.15061029023730388, "p75": 0.16566823285247265, "p90": 0.17929570636404754, "p95": 0.1884276399497816, "p99": 0.21283125421046886, "p99.9": 0.24041061638545502, "max": 0.2998202471323973}, "time_per_output_token": {"mean": 0.06274930934747376, "min": 0.03729104408996644, "p0.1": 0.03753865411849296, "p1": 0.03849668265993312, "p5": 0.04077251964038227, "p10": 0.04307066084648217, "p25": 0.050024563558591084, "median": 0.06395720350149989, "p75": 0.07621013593354777, "p90": 0.07891665825088308, "p95": 0.08152468449182236, "p99": 0.08903048196657462, "p99.9": 0.0895776496186174, "max": 0.08968099520341244}, "time_to_first_token": {"mean": 8.870924509831626, "min": 0.07120016199769452, "p0.1": 0.07420644995220937, "p1": 0.08189190749137197, "p5": 0.10073089581856039, "p10": 0.11622155362856575, "p25": 0.16023442600271665, "median": 0.24190772097790614, "p75": 0.3440720174839953, "p90": 51.0327912604087, "p95": 60.27452040959906, "p99": 63.456495910902156, "p99.9": 64.77999861910854, "max": 64.91269717895193}, "inter_token_latency": {"mean": 0.06274930934747378, "min": 2.1189916878938675e-06, "p0.1": 5.331006832420826e-06, "p1": 1.2878968846052885e-05, "p5": 1.726299524307251e-05, "p10": 2.165802288800478e-05, "p25": 2.9943999834358692e-05, "median": 0.00014440497034229338, "p75": 0.08431922298041172, "p90": 0.1264295962348115, "p95": 0.14961940769862844, "p99": 0.19287677221640476, "p99.9": 0.46349030282732595, "max": 64.7329322680016}}, "throughput": {"input_tokens_per_sec": 95363.94420327111, "output_tokens_per_sec": 9806.659617831396, "total_tokens_per_sec": 105170.60382110252, "requests_per_sec": 10.152728044125467}, "prompt_len": {"mean": 9392.937916666666, "min": 9333.0, "p0.1": 9333.0, "p1": 9338.0, "p5": 9347.0, "p10": 9358.0, "p25": 9373.0, "median": 9393.0, "p75": 9411.0, "p90": 9427.0, "p95": 9437.0, "p99": 9460.0, "p99.9": 9477.0, "max": 9477.0}, "output_len": {"mean": 965.91375, "min": 521.0, "p0.1": 590.521, "p1": 751.99, "p5": 805.95, "p10": 864.0, "p25": 970.0, "median": 1000.0, "p75": 1001.0, "p90": 1001.0, "p95": 1001.0, "p99": 1002.0, "p99.9": 1017.6010000000001, "max": 1194.0}}, "failures": {"count": 0, "request_latency": null, "prompt_len": null}}