{"load_summary": {"count": 1500, "schedule_delay": {"mean": 0.0008473009823355824, "min": -0.0007830557296983898, "p0.1": -0.0006080545820877887, "p1": -0.00035867055587004873, "p5": -3.593802393879741e-05, "p10": 0.00012886044569313527, "p25": 0.0004682637081714347, "median": 0.0008281489135697484, "p75": 0.001202936633490026, "p90": 0.0015330807887949049, "p95": 0.0016915424494072795, "p99": 0.0019934900541557, "p99.9": 0.002515142126358168, "max": 0.0199288705480285}, "send_duration": 59.97465364000527, "requested_rate": 25.0, "achieved_rate": 25.01056544659135}, "successes": {"count": 1500, "latency": {"request_latency": {"mean": 85.01129063588141, "min": 51.61499823402846, "p0.1": 53.21168969382643, "p1": 56.451745508625756, "p5": 63.29190218894801, "p10": 70.32409706250182, "p25": 82.79380340946955, "median": 87.90214299349464, "p75": 89.97165274097642, "p90": 94.36582855451853, "p95": 96.6777909191209, "p99": 98.59616132359427, "p99.9": 99.07534020785289, "max": 99.16860325797461}, "normalized_time_per_output_token": {"mean": 0.08879451736714346, "min": 0.05156343479922923, "p0.1": 0.05446033344609457, "p1": 0.057216847128332846, "p5": 0.06447922677187334, "p10": 0.07232635606917825, "p25": 0.08476785357610633, "median": 0.0891059909565674, "p75": 0.09402508527744649, "p90": 0.10088777504436751, "p95": 0.1094729681105094, "p99": 0.12168868528836055, "p99.9": 0.17534379370877018, "max": 0.22507237201259903}, "time_per_output_token": {"mean": 0.04177743067729277, "min": 0.025732358909565312, "p0.1": 0.025969906154217074, "p1": 0.02627195690826479, "p5": 0.029739274100043525, "p10": 0.03256345683448903, "p25": 0.040260371495144914, "median": 0.043678203822088674, "p75": 0.044778411671023775, "p90": 0.04680820044512554, "p95": 0.048165893151789256, "p99": 0.04913222711740395, "p99.9": 0.04936487608143375, "max": 0.04938651022690021}, "time_to_first_token": {"mean": 1.3609090457238102, "min": 0.0691585679887794, "p0.1": 0.07196834863180993, "p1": 0.08022720054257661, "p5": 0.09125538685766514, "p10": 0.10063960196566768, "p25": 0.12666937975154724, "median": 0.1668439945206046, "p75": 0.22082836550544016, "p90": 0.276884444715688, "p95": 0.33150778603740033, "p99": 41.44496460001799, "p99.9": 42.26582005166596, "max": 42.41612301894929}, "inter_token_latency": {"mean": 0.04177743067729277, "min": 2.1430314518511295e-06, "p0.1": 4.582980182021856e-06, "p1": 1.275097019970417e-05, "p5": 1.7431972082704306e-05, "p10": 2.1971005480736494e-05, "p25": 3.132299752905965e-05, "median": 0.00017322049825452268, "p75": 0.0743458507640753, "p90": 0.09533817545743661, "p95": 0.11266705609159541, "p99": 0.16167515534791163, "p99.9": 0.37634739968657566, "max": 42.22101164900232}}, "throughput": {"input_tokens_per_sec": 91397.05561273338, "output_tokens_per_sec": 9377.975747244796, "total_tokens_per_sec": 100775.03135997818, "requests_per_sec": 9.730370858247072}, "prompt_len": {"mean": 9392.967333333334, "min": 9333.0, "p0.1": 9333.0, "p1": 9338.0, "p5": 9347.0, "p10": 9358.0, "p25": 9373.0, "median": 9393.0, "p75": 9411.0, "p90": 9427.0, "p95": 9437.0, "p99": 9460.0, "p99.9": 9477.0, "max": 9477.0}, "output_len": {"mean": 963.784, "min": 321.0, "p0.1": 515.98, "p1": 750.98, "p5": 798.0, "p10": 862.9, "p25": 964.0, "median": 1000.0, "p75": 1001.0, "p90": 1001.0, "p95": 1001.0, "p99": 1002.0, "p99.9": 1028.0260000000053, "max": 1046.0}}, "failures": {"count": 0, "request_latency": null, "prompt_len": null}}