{"load_summary": {"count": 1200, "schedule_delay": {"mean": 0.0009092391769324119, "min": -0.0005950126214884222, "p0.1": -0.0005871298052952625, "p1": -0.0003217052383115515, "p5": -3.0662721837870766e-05, "p10": 0.0001462509273551405, "p25": 0.00046913381083868444, "median": 0.000844996509840712, "p75": 0.001207376946695149, "p90": 0.0015367902524303654, "p95": 0.0017356500960886477, "p99": 0.0020936357299797233, "p99.9": 0.025078019939889895, "max": 0.044113808777183294}, "send_duration": 59.995104139030445, "requested_rate": 20.0, "achieved_rate": 20.001632086831023}, "successes": {"count": 1200, "latency": {"request_latency": {"mean": 66.939453084491, "min": 43.05184426601045, "p0.1": 43.53803783103084, "p1": 44.94134464135277, "p5": 50.74287497482728, "p10": 56.97163947591325, "p25": 63.62639351050893, "median": 68.96843781150528, "p75": 71.93089170347957, "p90": 74.8240505539463, "p95": 75.13443844573631, "p99": 75.25367571162933, "p99.9": 75.28236444380414, "max": 75.28907537698979}, "normalized_time_per_output_token": {"mean": 0.06988118280469534, "min": 0.04305184426601045, "p0.1": 0.04370387375324521, "p1": 0.045107419518011185, "p5": 0.05326464470551416, "p10": 0.05833482862890135, "p25": 0.06504399251550709, "median": 0.06997173841714875, "p75": 0.07458624492277091, "p90": 0.08018359688539188, "p95": 0.08634520590874249, "p99": 0.09778614067516422, "p99.9": 0.13675332714888352, "max": 0.14184581906420737}, "time_per_output_token": {"mean": 0.03334118095261348, "min": 0.021448667294366508, "p0.1": 0.021690757329553726, "p1": 0.022392175844210473, "p5": 0.025288071844051695, "p10": 0.028398026976800026, "p25": 0.031681653234377175, "median": 0.03435329738980521, "p75": 0.03584770112554153, "p90": 0.03728008597476249, "p95": 0.03744023593680868, "p99": 0.03750632560661807, "p99.9": 0.03751651918635862, "max": 0.037518622424767195}, "time_to_first_token": {"mean": 0.17048076166577328, "min": 0.07258483802434057, "p0.1": 0.07428777872805949, "p1": 0.07834900402405764, "p5": 0.0882793730153935, "p10": 0.09573584721656517, "p25": 0.11797559628030285, "median": 0.15153168348479085, "p75": 0.19116416350880172, "p90": 0.2302455651341007, "p95": 0.24547317524265963, "p99": 0.7513316330150701, "p99.9": 1.6823140558099878, "max": 1.750473955005873}, "inter_token_latency": {"mean": 0.03334118095261347, "min": 2.2050226107239723e-06, "p0.1": 4.426995234098285e-06, "p1": 1.2714997865259647e-05, "p5": 1.7271027900278568e-05, "p10": 2.1808024030178785e-05, "p25": 3.118271706625819e-05, "median": 0.00016439601313322783, "p75": 0.06701964423700701, "p90": 0.07972650743322447, "p95": 0.08843448693223761, "p99": 0.10708199672633778, "p99.9": 0.15731714860635562, "max": 20.00492583803134}}, "throughput": {"input_tokens_per_sec": 87594.28841734103, "output_tokens_per_sec": 8993.78312192504, "total_tokens_per_sec": 96588.07153926608, "requests_per_sec": 9.325523062328955}, "prompt_len": {"mean": 9392.9625, "min": 9333.0, "p0.1": 9333.0, "p1": 9338.0, "p5": 9347.0, "p10": 9359.0, "p25": 9373.0, "median": 9393.0, "p75": 9411.0, "p90": 9427.0, "p95": 9437.0, "p99": 9460.0, "p99.9": 9477.0, "max": 9477.0}, "output_len": {"mean": 964.4266666666666, "min": 417.0, "p0.1": 516.985, "p1": 734.96, "p5": 799.9, "p10": 859.9, "p25": 969.75, "median": 1000.0, "p75": 1001.0, "p90": 1001.0, "p95": 1001.0, "p99": 1002.0, "p99.9": 1018.4130000000021, "max": 1036.0}}, "failures": {"count": 0, "request_latency": null, "prompt_len": null}}