{"load_summary": {"count": 4200, "schedule_delay": {"mean": 0.00079286242616252, "min": -0.0011894226190634072, "p0.1": -0.0007540773235959932, "p1": -0.00039967389777302744, "p5": -7.88351317169144e-05, "p10": 0.0001003447687253356, "p25": 0.0004297572304494679, "median": 0.0007896073802839965, "p75": 0.0011534070945344865, "p90": 0.0014844652323517948, "p95": 0.0016630968399113043, "p99": 0.0019878650672035298, "p99.9": 0.002188714375195559, "max": 0.0034988661063835025}, "send_duration": 60.000669900968205, "requested_rate": 70.0, "achieved_rate": 69.99921845759636}, "successes": {"count": 2865, "latency": {"request_latency": {"mean": 183.73107547497696, "min": 94.07291128899669, "p0.1": 94.44907050757529, "p1": 97.80853550218046, "p5": 102.51594690696803, "p10": 106.77106856420869, "p25": 123.09201538999332, "median": 173.20775906101335, "p75": 244.940777426993, "p90": 262.0063814213965, "p95": 276.52168047821607, "p99": 297.44010503092784, "p99.9": 299.87670802228524, "max": 300.0284930699854}, "normalized_time_per_output_token": {"mean": 0.19226897427503722, "min": 0.09397893235664005, "p0.1": 0.09457709528899053, "p1": 0.09885324817291073, "p5": 0.10443749198089895, "p10": 0.10919907925714209, "p25": 0.1331826993426495, "median": 0.17990727925931096, "p75": 0.2508798073766149, "p90": 0.27614884907894655, "p95": 0.29761138115705993, "p99": 0.34158086436930263, "p99.9": 0.4113342100512594, "max": 1.1737785449905465}, "time_per_output_token": {"mean": 0.09163969255803105, "min": 0.046947312003008786, "p0.1": 0.04712569165541122, "p1": 0.04879185961538471, "p5": 0.05114355685416496, "p10": 0.0532630724790527, "p25": 0.06139057837131115, "median": 0.08638494877611985, "p75": 0.12218897239079811, "p90": 0.13066819581748995, "p95": 0.1379292142692837, "p99": 0.14834901963140343, "p99.9": 0.14960105684464695, "max": 0.14967447373914117}, "time_to_first_token": {"mean": 0.30774854391248063, "min": 0.07652380899526179, "p0.1": 0.07789018940692767, "p1": 0.08996937185758724, "p5": 0.10926657238742338, "p10": 0.1280830537667498, "p25": 0.1833845140063204, "median": 0.28618984803324565, "p75": 0.3964328810106963, "p90": 0.5012743938015773, "p95": 0.5581185989896766, "p99": 0.8908395055867736, "p99.9": 1.2267328641051605, "max": 1.334078558953479}, "inter_token_latency": {"mean": 0.09163969255803105, "min": 2.3430329747498035e-06, "p0.1": 9.489867836236953e-06, "p1": 1.3319950085133314e-05, "p5": 1.7693033441901207e-05, "p10": 2.2114021703600883e-05, "p25": 3.0348950531333685e-05, "median": 0.00016109796706587076, "p75": 0.09868208097759634, "p90": 0.16301777261542158, "p95": 0.20281085236929353, "p99": 0.278077885077801, "p99.9": 0.6440121147730488, "max": 150.39092632802203}}, "throughput": {"input_tokens_per_sec": 74565.01660466683, "output_tokens_per_sec": 7648.790720031225, "total_tokens_per_sec": 82213.80732469806, "requests_per_sec": 7.938123547771554}, "prompt_len": {"mean": 9393.279930191971, "min": 9333.0, "p0.1": 9333.0, "p1": 9338.0, "p5": 9347.0, "p10": 9359.0, "p25": 9373.0, "median": 9394.0, "p75": 9412.0, "p90": 9427.0, "p95": 9437.0, "p99": 9460.0, "p99.9": 9477.0, "max": 9477.0}, "output_len": {"mean": 963.5514834205934, "min": 209.0, "p0.1": 500.392, "p1": 738.0, "p5": 797.2, "p10": 859.0, "p25": 966.0, "median": 1000.0, "p75": 1001.0, "p90": 1001.0, "p95": 1001.0, "p99": 1002.0, "p99.9": 1045.9760000000279, "max": 1381.0}}, "failures": {"count": 1335, "request_latency": {"mean": 300.49977443314356, "min": 300.0039809650043, "p0.1": 300.00468892879144, "p1": 300.0145492315269, "p5": 300.0603730997012, "p10": 300.10875879939414, "p25": 300.2610756160284, "median": 300.49737185199047, "p75": 300.7412110005389, "p90": 300.8945367592154, "p95": 300.9381743724749, "p99": 300.9866766331042, "p99.9": 300.9994652699556, "max": 301.0008489669999}, "prompt_len": {"mean": 0.0, "min": 0.0, "p0.1": 0.0, "p1": 0.0, "p5": 0.0, "p10": 0.0, "p25": 0.0, "median": 0.0, "p75": 0.0, "p90": 0.0, "p95": 0.0, "p99": 0.0, "p99.9": 0.0, "max": 0.0}}}