{"load_summary": {"count": 300, "schedule_delay": {"mean": 0.0009828396116305764, "min": -0.0004438653704710305, "p0.1": -0.00044178761792136356, "p1": -0.00038933394942432644, "p5": -8.350767893716681e-06, "p10": 0.00012342607369646432, "p25": 0.0004797663859790191, "median": 0.0008294979634229094, "p75": 0.001224110834300518, "p90": 0.0016241229954175652, "p95": 0.001774235101765953, "p99": 0.0019855238194577385, "p99.9": 0.028641338007874682, "max": 0.03995607199613005}, "send_duration": 59.98277334700106, "requested_rate": 5.0, "achieved_rate": 5.001435966698246}, "successes": {"count": 300, "latency": {"request_latency": {"mean": 32.23541654456465, "min": 26.930403557955287, "p0.1": 27.013553547959543, "p1": 27.44159762861731, "p5": 28.20680000637949, "p10": 28.78622423307388, "p25": 30.279534581728512, "median": 32.41622951152385, "p75": 34.115354338006, "p90": 35.23676330441958, "p95": 35.89606941865641, "p99": 36.418359552579346, "p99.9": 36.511235190322274, "max": 36.51242544205161}, "normalized_time_per_output_token": {"mean": 0.03385467686432945, "min": 0.02690350005789739, "p0.1": 0.026986566980978562, "p1": 0.02773198831821215, "p5": 0.02863127081362183, "p10": 0.029398000711121818, "p25": 0.031225493379106403, "median": 0.03336960725559758, "p75": 0.035179037946727956, "p90": 0.03878287975548539, "p95": 0.04134698361475003, "p99": 0.04838123168770187, "p99.9": 0.0585571109386473, "max": 0.05948622453744586}, "time_per_output_token": {"mean": 0.015986046810707175, "min": 0.013388183928022197, "p0.1": 0.013428320090071317, "p1": 0.013652489042157533, "p5": 0.014022305050037749, "p10": 0.014314640836490816, "p25": 0.015031464065962145, "median": 0.016107012923298542, "p75": 0.01690651214191295, "p90": 0.017454076463633894, "p95": 0.017804907369370952, "p99": 0.01806767125844578, "p99.9": 0.018131417169989613, "max": 0.0181361880139862}, "time_to_first_token": {"mean": 0.19547845971518352, "min": 0.06936117599252611, "p0.1": 0.07028977192594903, "p1": 0.07468946176173631, "p5": 0.08110396466217935, "p10": 0.08616865746444091, "p25": 0.09648632298922166, "median": 0.12218197601032443, "p75": 0.1773238074965775, "p90": 0.35402617988293167, "p95": 0.7706219530082308, "p99": 1.0172393209254365, "p99.9": 1.256635638529844, "max": 1.2802214949624613}, "inter_token_latency": {"mean": 0.015986046810707175, "min": 2.241984475404024e-06, "p0.1": 3.991008270531893e-06, "p1": 1.4277000445872545e-05, "p5": 1.9270984921604395e-05, "p10": 2.4805910652503374e-05, "p25": 3.873603418469429e-05, "median": 0.00014314349391497672, "p75": 0.031043634458910674, "p90": 0.03240521668922156, "p95": 0.03322366116917692, "p99": 0.04302534638787624, "p99.9": 0.20184388098080977, "max": 0.6360207499819808}}, "throughput": {"input_tokens_per_sec": 31823.034783858515, "output_tokens_per_sec": 3251.9977761807836, "total_tokens_per_sec": 35075.0325600393, "requests_per_sec": 3.3879329387950365}, "prompt_len": {"mean": 9393.053333333333, "min": 9333.0, "p0.1": 9333.299, "p1": 9338.0, "p5": 9347.0, "p10": 9358.9, "p25": 9373.0, "median": 9394.0, "p75": 9410.25, "p90": 9427.0, "p95": 9437.0, "p99": 9454.06, "p99.9": 9472.814, "max": 9477.0}, "output_len": {"mean": 959.8766666666667, "min": 513.0, "p0.1": 519.279, "p1": 667.96, "p5": 800.15, "p10": 848.8, "p25": 964.0, "median": 999.5, "p75": 1001.0, "p90": 1001.0, "p95": 1001.0, "p99": 1001.0, "p99.9": 1001.701, "max": 1002.0}}, "failures": {"count": 0, "request_latency": null, "prompt_len": null}}