{"load_summary": {"count": 900, "schedule_delay": {"mean": 0.0010156841030240886, "min": -0.0008563324226997793, "p0.1": -0.0004954493062105029, "p1": -0.0003159084951039404, "p5": -2.684522187337278e-05, "p10": 0.00018029219936579465, "p25": 0.0005110739293741062, "median": 0.0008561996801290661, "p75": 0.0012386769230943173, "p90": 0.0015975218266248703, "p95": 0.0017671397246886043, "p99": 0.002080894100363366, "p99.9": 0.04739453530730769, "max": 0.05451652279589325}, "send_duration": 59.98244708799757, "requested_rate": 15.0, "achieved_rate": 15.004389512145949}, "successes": {"count": 900, "latency": {"request_latency": {"mean": 50.53411657800639, "min": 34.64251025603153, "p0.1": 35.01373814675049, "p1": 35.88020807845169, "p5": 38.4793999602698, "p10": 42.1312462208909, "p25": 47.219859505974455, "median": 52.34062386650476, "p75": 54.78902080199623, "p90": 56.55620553551707, "p95": 56.97526320087199, "p99": 57.12634324893123, "p99.9": 57.155295906206014, "max": 57.159186147968285}, "normalized_time_per_output_token": {"mean": 0.05284555497157367, "min": 0.03460790235367785, "p0.1": 0.03505740733271365, "p1": 0.035948806522215604, "p5": 0.03975682817565228, "p10": 0.04334810585368305, "p25": 0.04817545801189141, "median": 0.05333769871876119, "p75": 0.056567690910051135, "p90": 0.06214974929639468, "p95": 0.06635443020393451, "p99": 0.07490233398734727, "p99.9": 0.08187117689576508, "max": 0.0992889319080176}, "time_per_output_token": {"mean": 0.025158263700404283, "min": 0.017248261540228484, "p0.1": 0.017434231026349115, "p1": 0.017858305237110718, "p5": 0.01915831388234264, "p10": 0.020973332559971233, "p25": 0.023487786922916497, "median": 0.026038780418536005, "p75": 0.027282719157414738, "p90": 0.028179125351989447, "p95": 0.028378774702688844, "p99": 0.028456525551078412, "p99.9": 0.028469040245017053, "max": 0.028470191472264213}, "time_to_first_token": {"mean": 0.1389710180452999, "min": 0.06780218100175261, "p0.1": 0.06833027787395986, "p1": 0.076993467110442, "p5": 0.08746324824751354, "p10": 0.09418090758263134, "p25": 0.11073896297602914, "median": 0.1357275054906495, "p75": 0.15969847100495826, "p90": 0.18190066320239567, "p95": 0.1960842298081843, "p99": 0.23140455400571225, "p99.9": 0.6865707786775499, "max": 0.837049952999223}, "inter_token_latency": {"mean": 0.025158263700404283, "min": 2.2030435502529144e-06, "p0.1": 4.1349140810780225e-06, "p1": 1.2985954526811838e-05, "p5": 1.7801998183131218e-05, "p10": 2.228101948276162e-05, "p25": 3.226171247661114e-05, "median": 0.0001559215015731752, "p75": 0.0536378882243298, "p90": 0.058474154083523903, "p95": 0.06111111231730319, "p99": 0.07595324203022756, "p99.9": 0.10991487781860862, "max": 0.6023036519763991}}, "throughput": {"input_tokens_per_sec": 79652.33274736513, "output_tokens_per_sec": 8165.006559412893, "total_tokens_per_sec": 87817.33930677801, "requests_per_sec": 8.479981332714345}, "prompt_len": {"mean": 9392.984444444444, "min": 9333.0, "p0.1": 9333.0, "p1": 9338.0, "p5": 9347.0, "p10": 9358.0, "p25": 9373.0, "median": 9393.5, "p75": 9411.0, "p90": 9427.0, "p95": 9437.0, "p99": 9460.0, "p99.9": 9477.0, "max": 9477.0}, "output_len": {"mean": 962.8566666666667, "min": 511.0, "p0.1": 652.143, "p1": 739.97, "p5": 793.95, "p10": 855.8, "p25": 968.0, "median": 1000.0, "p75": 1001.0, "p90": 1001.0, "p95": 1001.0, "p99": 1001.01, "p99.9": 1003.0, "max": 1003.0}}, "failures": {"count": 0, "request_latency": null, "prompt_len": null}}