{"load_summary": {"count": 22725, "schedule_delay": {"mean": 0.000909165437568934, "min": -0.0011894226190634072, "p0.1": -0.0007209382939618081, "p1": -0.0003710945462808013, "p5": -5.4658157750964165e-05, "p10": 0.00012657173210754992, "p25": 0.0004549945006147027, "median": 0.0008177172858268023, "p75": 0.0011870075832121074, "p90": 0.0015159732545726, "p95": 0.001694889599457383, "p99": 0.0020424306462518862, "p99.9": 0.033248385285042696, "max": 0.13759626465616748}}, "successes": {"count": 18044, "latency": {"request_latency": {"mean": 130.20233901156774, "min": 24.65716095501557, "p0.1": 26.20885320798104, "p1": 30.37195595004363, "p5": 37.19803907027236, "p10": 48.18148596358951, "p25": 80.75321134424303, "median": 115.11134511252749, "p75": 172.92011059101787, "p90": 236.1502640065737, "p95": 255.1899108331301, "p99": 280.72547653522577, "p99.9": 298.96340293499566, "max": 300.0284930699854}, "normalized_time_per_output_token": {"mean": 0.13602346387750391, "min": 0.02530876697599888, "p0.1": 0.02702574536415561, "p1": 0.03117223926719864, "p5": 0.038830003229230046, "p10": 0.0500948333892086, "p25": 0.08436340508380763, "median": 0.11984698769023266, "p75": 0.17891371286556723, "p90": 0.24355492435226309, "p95": 0.263118477721538, "p99": 0.3080234594390495, "p99.9": 0.37831057459674755, "max": 1.1737785449905465}, "time_per_output_token": {"mean": 0.06285075964406943, "min": 0.012246763242890585, "p0.1": 0.012802635495063365, "p1": 0.014774066219564765, "p5": 0.01838774420711366, "p10": 0.023442302631793834, "p25": 0.03906705530846074, "median": 0.056329813888550725, "p75": 0.08163972193904538, "p90": 0.11573086731743348, "p95": 0.1272794503514073, "p99": 0.14001768201459086, "p99.9": 0.14912556682545208, "max": 0.14967447373914117}, "time_to_first_token": {"mean": 4.385396051726571, "min": 0.06780218100175261, "p0.1": 0.0725849353307276, "p1": 0.08055915343633387, "p5": 0.09496495162020438, "p10": 0.10686033940291964, "p25": 0.13881180073076393, "median": 0.2099110630224459, "p75": 0.33626993601501454, "p90": 0.5811121572216509, "p95": 49.99326818563852, "p99": 72.60568045172899, "p99.9": 136.33270409388493, "max": 137.38829596003052}, "inter_token_latency": {"mean": 0.06285076172013684, "min": 2.095010131597519e-06, "p0.1": 5.25300856679678e-06, "p1": 1.310399966314435e-05, "p5": 1.763197360560298e-05, "p10": 2.2092019207775593e-05, "p25": 3.101397305727005e-05, "median": 0.00015663402155041695, "p75": 0.07597605776390992, "p90": 0.12521213069558143, "p95": 0.16064023810904474, "p99": 0.258917371868156, "p99.9": 0.6030683086184196, "max": 150.39092632802203}}, "throughput": {"input_tokens_per_sec": 70031.54370842228, "output_tokens_per_sec": 7187.792935821261, "total_tokens_per_sec": 77219.33664424355, "requests_per_sec": 7.455671528137251}, "prompt_len": {"mean": 9393.056473065839, "min": 9333.0, "p0.1": 9333.0, "p1": 9338.0, "p5": 9347.0, "p10": 9358.0, "p25": 9373.0, "median": 9393.0, "p75": 9411.0, "p90": 9427.0, "p95": 9437.0, "p99": 9460.0, "p99.9": 9477.0, "max": 9477.0}, "output_len": {"mean": 964.0704943471515, "min": 209.0, "p0.1": 511.0, "p1": 742.4300000000001, "p5": 803.0, "p10": 861.3000000000002, "p25": 966.0, "median": 1000.0, "p75": 1001.0, "p90": 1001.0, "p95": 1001.0, "p99": 1002.0, "p99.9": 1028.9570000000022, "max": 1381.0}}, "failures": {"count": 4681, "request_latency": {"mean": 300.50197030416047, "min": 300.0030980629963, "p0.1": 300.00527654814533, "p1": 300.0159260983695, "p5": 300.0562891459558, "p10": 300.108469230996, "p25": 300.25539584096987, "median": 300.49737185199047, "p75": 300.7526882319944, "p90": 300.89922334998846, "p95": 300.9476869190112, "p99": 300.99050113883567, "p99.9": 300.9991685244185, "max": 301.00155042199185}, "prompt_len": {"mean": 0.0, "min": 0.0, "p0.1": 0.0, "p1": 0.0, "p5": 0.0, "p10": 0.0, "p25": 0.0, "median": 0.0, "p75": 0.0, "p90": 0.0, "p95": 0.0, "p99": 0.0, "p99.9": 0.0, "max": 0.0}}}