{"load_summary": {"count": 750, "schedule_delay": {"mean": 0.0010435822488119204, "min": -0.0005327884573489428, "p0.1": -0.0004470265195704997, "p1": -0.00026472844183444977, "p5": 2.9236881528049717e-05, "p10": 0.00026719116140156985, "p25": 0.000636820332147181, "median": 0.0010212328052148223, "p75": 0.0013830026146024466, "p90": 0.0017539051827043296, "p95": 0.00212336495751515, "p99": 0.0028501157346181565, "p99.9": 0.0052696825338062496, "max": 0.005766850197687745}, "send_duration": 47.87610062910244, "requested_rate": 15.0, "achieved_rate": 15.665436201880183}, "successes": {"count": 750, "latency": {"request_latency": {"mean": 43.75499470206909, "min": 30.888624432962388, "p0.1": 30.91770089313225, "p1": 33.44589641939383, "p5": 35.1617798619438, "p10": 36.812710587820035, "p25": 40.49727643094957, "median": 43.59713210503105, "p75": 47.11165858327877, "p90": 49.78921028703917, "p95": 52.16815347837983, "p99": 55.73034656663891, "p99.9": 56.381818194092254, "max": 56.39415431697853}, "normalized_time_per_output_token": {"mean": 0.12177109813772527, "min": 0.03092744480702095, "p0.1": 0.031084945602498578, "p1": 0.0335523323897139, "p5": 0.0357671756060212, "p10": 0.03741922994412782, "p25": 0.04121102496504318, "median": 0.04452134045962913, "p75": 0.04909858973768485, "p90": 0.056003917359088884, "p95": 0.27375319224010375, "p99": 1.4326170271282703, "p99.9": 5.6148654173860795, "max": 17.283863894020516}, "time_per_output_token": {"mean": 0.021451314625475174, "min": 0.015317092865597511, "p0.1": 0.015329181636521092, "p1": 0.016582493078110667, "p5": 0.017442197183057246, "p10": 0.018261056659237735, "p25": 0.020060491006290107, "median": 0.021619377123633647, "p75": 0.02284681113880255, "p90": 0.024203144582542312, "p95": 0.024888957922247053, "p99": 0.02650437531930542, "p99.9": 0.02736678539258909, "max": 0.027504768933512565}, "time_to_first_token": {"mean": 0.764562260859025, "min": 0.1539185531437397, "p0.1": 0.15442326597194186, "p1": 0.15971235138131307, "p5": 0.16878297888906674, "p10": 0.17452981912065296, "p25": 0.1889577882247977, "median": 0.23215481941588223, "p75": 0.8773510165628977, "p90": 2.3190858086338273, "p95": 3.3252776407520277, "p99": 4.9414515600632845, "p99.9": 6.544095871558661, "max": 6.674440735951066}, "inter_token_latency": {"mean": 0.021451314625475174, "min": 2.3010652512311935e-06, "p0.1": 2.769986167550087e-06, "p1": 1.170893432572484e-05, "p5": 1.935986801981926e-05, "p10": 2.5277957320213318e-05, "p25": 3.8767000660300255e-05, "median": 0.00019029248505830765, "p75": 0.03838587645441294, "p90": 0.04408670854754746, "p95": 0.046145278413314374, "p99": 0.13210858865175396, "p99.9": 0.5164111479099428, "max": 11.745881342096254}}, "throughput": {"input_tokens_per_sec": 62818.12918009833, "output_tokens_per_sec": 7699.246477397152, "total_tokens_per_sec": 70517.37565749548, "requests_per_sec": 8.287385663138785}, "prompt_len": {"mean": 7579.969333333333, "min": 7493.0, "p0.1": 7496.745, "p1": 7508.49, "p5": 7536.45, "p10": 7545.0, "p25": 7561.0, "median": 7580.0, "p75": 7599.0, "p90": 7615.0, "p95": 7627.0, "p99": 7642.0, "p99.9": 7657.008000000001, "max": 7663.0}, "output_len": {"mean": 929.032, "min": 3.0, "p0.1": 20.227, "p1": 33.0, "p5": 154.45000000000016, "p10": 883.6000000000001, "p25": 989.0, "median": 997.0, "p75": 1000.0, "p90": 1000.0, "p95": 1000.0, "p99": 1000.0, "p99.9": 1001.0, "max": 1001.0}}, "failures": {"count": 0, "request_latency": null, "prompt_len": null}}