{"load_summary": {}, "successes": {"count": 750, "rate": 7.894737, "prompt_len": {"mean": 0, "rate": 62167.804836}, "output_len": {"mean": 0, "rate": 7940.341196}, "queue_len": {"mean": 0}, "request_latency": {"mean": 39.61472, "median": 37.978723, "p90": 47.321429, "p99": 49.732143}, "time_to_first_token": {"mean": 0.140621, "median": 0.084861, "p90": 0.352652, "p99": 0.710878}, "time_per_output_token": {"mean": 0.039489, "median": 0.037536, "p90": 0.047786, "p99": 0.070126}, "kv_cache_usage_percentage": {"mean": 0.0, "median": 0.0, "p90": 0.0, "p99": 0.0}, "num_requests_swapped": {"mean": 0}, "num_preemptions_total": {"mean": 0}, "prefix_cache_hit_percent": {"mean": 91.78169095576045}}, "failures": {}}