{"load_summary": {"count": 300, "schedule_delay": {"mean": 0.0007824009361987312, "min": -0.0005156951956450939, "p0.1": -0.0005073919824790209, "p1": -0.0003761159861460328, "p5": 5.145766772329816e-06, "p10": 0.0001073789317160845, "p25": 0.0004469113191589713, "median": 0.0007968652062118053, "p75": 0.001133875222876668, "p90": 0.0014228655258193613, "p95": 0.0016295667504891754, "p99": 0.0018407256039790804, "p99.9": 0.002011156724067408, "max": 0.00205407221801579}, "send_duration": 22.030916897114366, "requested_rate": 15.0, "achieved_rate": 13.617227163127938}, "successes": {"count": 300, "latency": {"request_latency": {"mean": 29.16047205192658, "min": 26.94148021005094, "p0.1": 26.994849353861763, "p1": 27.288180563633794, "p5": 27.852303420880343, "p10": 28.060550519032404, "p25": 28.495927911775652, "median": 28.969089250080287, "p75": 29.537007788429037, "p90": 30.398914686520584, "p95": 31.382571595918854, "p99": 31.408079544852953, "p99.9": 31.424496120814233, "max": 31.42943721008487}, "normalized_time_per_output_token": {"mean": 0.05195337350005925, "min": 0.027119972329819574, "p0.1": 0.027170471729419426, "p1": 0.027432052721481723, "p5": 0.027988736796049567, "p10": 0.0282552673404594, "p25": 0.02884074941412597, "median": 0.029369666928123133, "p75": 0.029931142802303006, "p90": 0.031682559717034785, "p95": 0.05620336516270704, "p99": 0.879263938012547, "p99.9": 0.9428210311942338, "max": 0.951115113937042}, "time_per_output_token": {"mean": 0.014486376930823072, "min": 0.01335761316287248, "p0.1": 0.013382375680939479, "p1": 0.013531280456600465, "p5": 0.013796676268479016, "p10": 0.013944646397811258, "p25": 0.01414106898672431, "median": 0.014396348405561444, "p75": 0.01469312621727828, "p90": 0.015124066274376704, "p95": 0.015610991510627061, "p99": 0.015623465107268896, "p99.9": 0.015624490522500615, "max": 0.015624566920109089}, "time_to_first_token": {"mean": 0.11580767794667433, "min": 0.060456999810412526, "p0.1": 0.06061681238515303, "p1": 0.061374101238325235, "p5": 0.0663685797015205, "p10": 0.07208097595721483, "p25": 0.07867877278476954, "median": 0.08941071503795683, "p75": 0.16747668251628056, "p90": 0.18290232007857413, "p95": 0.19806465734727682, "p99": 0.24693128623533983, "p99.9": 0.2884482911447997, "max": 0.2921158380340785}, "inter_token_latency": {"mean": 0.014486376930823075, "min": 2.333894371986389e-06, "p0.1": 3.0641402117908e-06, "p1": 1.4294169377535581e-05, "p5": 2.083997242152691e-05, "p10": 2.783886156976223e-05, "p25": 4.044501110911369e-05, "median": 0.00019824551418423653, "p75": 0.02751078433357179, "p90": 0.030847086175344884, "p95": 0.03148813627194613, "p99": 0.03414840336423367, "p99.9": 0.11576428968226579, "max": 0.16328058601357043}}, "throughput": {"input_tokens_per_sec": 44434.05027401943, "output_tokens_per_sec": 5524.473845302854, "total_tokens_per_sec": 49958.52411932228, "requests_per_sec": 5.8636467168972475}, "prompt_len": {"mean": 7577.886666666666, "min": 7493.0, "p0.1": 7496.588, "p1": 7507.97, "p5": 7527.95, "p10": 7543.0, "p25": 7561.0, "median": 7577.0, "p75": 7597.0, "p90": 7613.0, "p95": 7626.0, "p99": 7638.04, "p99.9": 7652.907, "max": 7655.0}, "output_len": {"mean": 942.1566666666666, "min": 33.0, "p0.1": 33.0, "p1": 33.0, "p5": 550.8000000000001, "p10": 948.6, "p25": 991.0, "median": 997.0, "p75": 1000.0, "p90": 1000.0, "p95": 1000.0, "p99": 1000.0, "p99.9": 1001.0, "max": 1001.0}}, "failures": {"count": 0, "request_latency": null, "prompt_len": null}}