{"load_summary": {"count": 1485, "schedule_delay": {"mean": 0.0008155471960440127, "min": -0.0009730635210871696, "p0.1": -0.000779158741235733, "p1": -0.00041350873187184333, "p5": -8.802441880106925e-05, "p10": 9.480393491685392e-05, "p25": 0.00040615652687847614, "median": 0.0007974773179739714, "p75": 0.0012087267823517323, "p90": 0.0015260793734341862, "p95": 0.0017952186986804001, "p99": 0.002485190555453306, "p99.9": 0.0029714154414832695, "max": 0.0030650736298412085}, "send_duration": 27.647748660994694, "requested_rate": 55.0, "achieved_rate": 53.71142577315999}, "successes": {"count": 1485, "latency": {"request_latency": {"mean": 67.92171262264195, "min": 48.387518340023234, "p0.1": 48.56250272858143, "p1": 50.4774268269632, "p5": 52.489686536090446, "p10": 53.41231381748803, "p25": 57.35759652010165, "median": 64.19495407305658, "p75": 79.39436223683879, "p90": 82.95281824655831, "p95": 90.55141464569604, "p99": 91.8321044847183, "p99.9": 101.51997874836438, "max": 101.59332340722904}, "normalized_time_per_output_token": {"mean": 0.13161704832093987, "min": 0.04848448731465254, "p0.1": 0.04861737107840087, "p1": 0.05075124981535599, "p5": 0.05285353781860527, "p10": 0.05413875095826468, "p25": 0.05811242093476901, "median": 0.06693700503301807, "p75": 0.08122243032601092, "p90": 0.09141224933494814, "p95": 0.14416290674864407, "p99": 2.138046079671104, "p99.9": 2.6481484205781816, "max": 2.736761252995524}, "time_per_output_token": {"mean": 0.033711720210600586, "min": 0.024120685919981517, "p0.1": 0.024209584139200904, "p1": 0.024984373641900835, "p5": 0.025977321516216057, "p10": 0.026517214415281237, "p25": 0.028512543348338585, "median": 0.031665993565256, "p75": 0.039549607416216485, "p90": 0.041292440463769724, "p95": 0.04454610808347554, "p99": 0.04568946052516724, "p99.9": 0.04982995829612542, "max": 0.049999218638069456}, "time_to_first_token": {"mean": 0.40791340088017086, "min": 0.06209655315615237, "p0.1": 0.06824010113906115, "p1": 0.07614137613214553, "p5": 0.08748088623397052, "p10": 0.09659082815051079, "p25": 0.11477384413592517, "median": 0.1415918341372162, "p75": 0.17205174593254924, "p90": 0.351738075120375, "p95": 0.5679368770681321, "p99": 1.0686190895549967, "p99.9": 41.54719184319024, "max": 42.13557762396522}, "inter_token_latency": {"mean": 0.033711720210600586, "min": 2.352055162191391e-06, "p0.1": 3.2669594511389733e-06, "p1": 1.2764940038323402e-05, "p5": 1.9778963178396225e-05, "p10": 2.462114207446575e-05, "p25": 3.539002500474453e-05, "median": 0.00021766801364719868, "p75": 0.04799072304740548, "p90": 0.06274229083210231, "p95": 0.07144772377796471, "p99": 0.11344829232431956, "p99.9": 0.6081756901710476, "max": 42.174950517946854}}, "throughput": {"input_tokens_per_sec": 87118.96249947778, "output_tokens_per_sec": 10827.64240468126, "total_tokens_per_sec": 97946.60490415904, "requests_per_sec": 11.493408748482231}, "prompt_len": {"mean": 7579.906397306398, "min": 7493.0, "p0.1": 7495.42, "p1": 7508.0, "p5": 7536.0, "p10": 7545.0, "p25": 7561.0, "median": 7580.0, "p75": 7599.0, "p90": 7615.0, "p95": 7627.0, "p99": 7642.0, "p99.9": 7659.128000000001, "max": 7663.0}, "output_len": {"mean": 942.074074074074, "min": 25.0, "p0.1": 29.42, "p1": 33.0, "p5": 474.0, "p10": 949.4, "p25": 991.0, "median": 997.0, "p75": 1000.0, "p90": 1000.0, "p95": 1000.0, "p99": 1000.0, "p99.9": 1001.0, "max": 1112.0}}, "failures": {"count": 0, "request_latency": null, "prompt_len": null}}