{"load_summary": {"count": 750, "schedule_delay": {"mean": 0.0007726168824980657, "min": -0.0004972035530954599, "p0.1": -0.00047796587785705924, "p1": -0.000340592497959733, "p5": -0.00010226619197055696, "p10": 6.624334491789342e-05, "p25": 0.0003783383872359991, "median": 0.0007736127590760589, "p75": 0.0011301403283141553, "p90": 0.0014439523685723544, "p95": 0.0016810851288028054, "p99": 0.0020575847011059523, "p99.9": 0.002433673141524235, "max": 0.0027605765499174595}, "send_duration": 25.95993463601917, "requested_rate": 30.0, "achieved_rate": 28.890673667543904}, "successes": {"count": 750, "latency": {"request_latency": {"mean": 40.93399247309038, "min": 34.15649503702298, "p0.1": 34.193634671765146, "p1": 34.50283808548469, "p5": 37.33805228935089, "p10": 38.25902046172414, "p25": 39.26141429884592, "median": 40.70885429449845, "p75": 41.87547211011406, "p90": 45.5446696130326, "p95": 46.78823530782247, "p99": 47.58759613789152, "p99.9": 48.91148150202656, "max": 48.97946529905312}, "normalized_time_per_output_token": {"mean": 0.07693947598412411, "min": 0.019834188997532958, "p0.1": 0.030598735855853154, "p1": 0.03477957046313245, "p5": 0.03761535371094937, "p10": 0.03847024123198353, "p25": 0.03962808350212256, "median": 0.04110571969560679, "p75": 0.04275551930280362, "p90": 0.047603378501130514, "p95": 0.08331893618792319, "p99": 1.23022157430385, "p99.9": 1.2888153018517448, "max": 1.335093076888691}, "time_per_output_token": {"mean": 0.02033723725549915, "min": 0.017006481265316883, "p0.1": 0.017018622970493016, "p1": 0.017163902711706643, "p5": 0.0185758920377765, "p10": 0.019029291456580156, "p25": 0.0194998470146727, "median": 0.02025249859892709, "p75": 0.020777526165839045, "p90": 0.02248877193073629, "p95": 0.02327036488845922, "p99": 0.023680089778603818, "p99.9": 0.024353210948014598, "max": 0.024391272945026087}, "time_to_first_token": {"mean": 0.18228960282014062, "min": 0.06172365904785693, "p0.1": 0.06222219201223925, "p1": 0.07207392561482266, "p5": 0.08235597454477102, "p10": 0.0901869555702433, "p25": 0.10144221014343202, "median": 0.12433132948353887, "p75": 0.1764144272892736, "p90": 0.36744225285947324, "p95": 0.5216579340049063, "p99": 0.7681187423109073, "p99.9": 1.09994104258623, "max": 1.1016450847964734}, "inter_token_latency": {"mean": 0.02033723725549915, "min": 2.366025000810623e-06, "p0.1": 2.9797656461596487e-06, "p1": 1.264992170035839e-05, "p5": 1.9701896235346794e-05, "p10": 2.4945009499788284e-05, "p25": 3.60170379281044e-05, "median": 0.00017908657900989056, "p75": 0.041767006972804666, "p90": 0.0451420973520726, "p95": 0.04631951516494155, "p99": 0.057356910021044344, "p99.9": 0.1670663037123193, "max": 14.667437946191058}}, "throughput": {"input_tokens_per_sec": 76052.05784928853, "output_tokens_per_sec": 9458.305616460037, "total_tokens_per_sec": 85510.36346574857, "requests_per_sec": 10.033293606458988}, "prompt_len": {"mean": 7579.969333333333, "min": 7493.0, "p0.1": 7496.745, "p1": 7508.49, "p5": 7536.45, "p10": 7545.0, "p25": 7561.0, "median": 7580.0, "p75": 7599.0, "p90": 7615.0, "p95": 7627.0, "p99": 7642.0, "p99.9": 7657.008000000001, "max": 7663.0}, "output_len": {"mean": 942.692, "min": 32.0, "p0.1": 32.749, "p1": 33.0, "p5": 498.5, "p10": 933.8, "p25": 992.0, "median": 997.0, "p75": 1000.0, "p90": 1000.0, "p95": 1000.0, "p99": 1000.0, "p99.9": 1251.2470000000899, "max": 1998.0}}, "failures": {"count": 0, "request_latency": null, "prompt_len": null}}