{"load_summary": {}, "successes": {"count": 1500, "rate": 10.135135, "prompt_len": {"mean": 0, "rate": 69924.897302}, "output_len": {"mean": 0, "rate": 10062.481692}, "queue_len": {"mean": 0}, "request_latency": {"mean": 70.3385, "median": 76.896552, "p90": 111.37931, "p99": 119.137931}, "time_to_first_token": {"mean": 0.130611, "median": 0.09037, "p90": 0.242278, "p99": 0.916818}, "time_per_output_token": {"mean": 0.070476, "median": 0.04915, "p90": 0.072024, "p99": 0.180451}, "kv_cache_usage_percentage": {"mean": 0.0, "median": 0.0, "p90": 0.0, "p99": 0.0}, "num_requests_swapped": {"mean": 0}, "num_preemptions_total": {"mean": 0}, "prefix_cache_hit_percent": {"mean": 91.37933312348783}}, "failures": {}}