{"load_summary": {}, "successes": {"count": 1518, "rate": 10.256757, "prompt_len": {"mean": 0, "rate": 81034.987454}, "output_len": {"mean": 0, "rate": 10305.128676}, "queue_len": {"mean": 0}, "request_latency": {"mean": 66.895178, "median": 63.358209, "p90": 108.671642, "p99": 118.867164}, "time_to_first_token": {"mean": 1.648919, "median": 0.094601, "p90": 0.422895, "p99": 35.344118}, "time_per_output_token": {"mean": 0.065113, "median": 0.049053, "p90": 0.071892, "p99": 0.179045}, "kv_cache_usage_percentage": {"mean": 0.0, "median": 0.0, "p90": 0.0, "p99": 0.0}, "num_requests_swapped": {"mean": 0}, "num_preemptions_total": {"mean": 0}, "prefix_cache_hit_percent": {"mean": 91.5275725353407}}, "failures": {}}