{"load_summary": {}, "successes": {"count": 1548, "rate": 10.459459, "prompt_len": {"mean": 0, "rate": 81614.239559}, "output_len": {"mean": 0, "rate": 10508.456561}, "queue_len": {"mean": 0}, "request_latency": {"mean": 66.344449, "median": 62.382134, "p90": 108.476427, "p99": 118.847643}, "time_to_first_token": {"mean": 3.612836, "median": 0.097023, "p90": 21.356725, "p99": 38.135673}, "time_per_output_token": {"mean": 0.06258, "median": 0.049376, "p90": 0.07162, "p99": 0.174205}, "kv_cache_usage_percentage": {"mean": 0.0, "median": 0.0, "p90": 0.0, "p99": 0.0}, "num_requests_swapped": {"mean": 0}, "num_preemptions_total": {"mean": 0}, "prefix_cache_hit_percent": {"mean": 91.51723707044523}}, "failures": {}}