{"load_summary": {"count": 60, "schedule_delay": {"mean": 0.0010264879053769012, "min": -0.0002102626021951437, "p0.1": -0.00019922208646312356, "p1": -9.985744487494231e-05, "p5": 0.000147984572686255, "p10": 0.00028320637065917256, "p25": 0.0005435775383375585, "median": 0.0010258668335154653, "p75": 0.0014777938486076891, "p90": 0.0017178762704133988, "p95": 0.0019224875373765825, "p99": 0.0021321076340973365, "p99.9": 0.0023114022929221424, "max": 0.0023313239216804504}, "send_duration": 23.189252549083903, "requested_rate": 3.0, "achieved_rate": 2.5874055178363355}, "successes": {"count": 60, "latency": {"request_latency": {"mean": 25.36978398366676, "min": 24.179961249930784, "p0.1": 24.187232310755643, "p1": 24.252671858179383, "p5": 24.558031149103773, "p10": 24.660495073045603, "p25": 25.190236900991295, "median": 25.478886169963516, "p75": 25.69437794922851, "p90": 25.819945339951666, "p95": 25.881900099350606, "p99": 25.972237040121108, "p99.9": 25.973493783648127, "max": 25.973633421817794}, "normalized_time_per_output_token": {"mean": 0.05996361843170545, "min": 0.024179961249930784, "p0.1": 0.02420823206859757, "p1": 0.024462669436598663, "p5": 0.02468764020417584, "p10": 0.0247286279912962, "p25": 0.025352965152861145, "median": 0.025590144870973767, "p75": 0.025975624373182626, "p90": 0.028515765460555814, "p95": 0.09249054002836715, "p99": 0.7623333889607351, "p99.9": 0.7699633834451507, "max": 0.7708111606100856}, "time_per_output_token": {"mean": 0.012574433985550386, "min": 0.011967446784656877, "p0.1": 0.011971496023179528, "p1": 0.012007939169883379, "p5": 0.012214514338787225, "p10": 0.012263172731591925, "p25": 0.012483141861850398, "median": 0.01262523296601216, "p75": 0.012715130847715157, "p90": 0.012801557880054147, "p95": 0.012831402271483345, "p99": 0.01284758316115944, "p99.9": 0.012863471025094527, "max": 0.012865236343309536}, "time_to_first_token": {"mean": 0.1530467574639867, "min": 0.061207414139062166, "p0.1": 0.061254623166518286, "p1": 0.06167950441362336, "p5": 0.06672776121413335, "p10": 0.08749851221218706, "p25": 0.13981036900077015, "median": 0.1516574650304392, "p75": 0.16440703009720892, "p90": 0.21804772743489595, "p95": 0.23407429937506094, "p99": 0.2452351102326065, "p99.9": 0.2507888200758026, "max": 0.2514058989472687}, "inter_token_latency": {"mean": 0.012574433985550386, "min": 2.568121999502182e-06, "p0.1": 4.400229314342141e-06, "p1": 1.690964214503765e-05, "p5": 2.4598080199211835e-05, "p10": 3.6850734613835814e-05, "p25": 4.4558895751833916e-05, "median": 0.00023499433882534504, "p75": 0.024873881950043142, "p90": 0.025614264165051283, "p95": 0.026140941027551885, "p99": 0.027968865947332236, "p99.9": 0.10113163717044547, "max": 0.10839914600364864}}, "throughput": {"input_tokens_per_sec": 9339.028852386837, "output_tokens_per_sec": 1132.0875691331055, "total_tokens_per_sec": 10471.116421519942, "requests_per_sec": 1.2330541533934747}, "prompt_len": {"mean": 7573.9, "min": 7505.0, "p0.1": 7505.295, "p1": 7507.95, "p5": 7527.75, "p10": 7541.6, "p25": 7557.5, "median": 7572.5, "p75": 7592.0, "p90": 7608.3, "p95": 7619.0, "p99": 7630.87, "p99.9": 7634.587, "max": 7635.0}, "output_len": {"mean": 918.1166666666667, "min": 33.0, "p0.1": 33.059, "p1": 33.59, "p5": 341.65000000000003, "p10": 900.2000000000002, "p25": 993.5, "median": 998.0, "p75": 1000.0, "p90": 1000.0, "p95": 1000.0, "p99": 1000.0, "p99.9": 1000.0, "max": 1000.0}}, "failures": {"count": 0, "request_latency": null, "prompt_len": null}}