{"load_summary": {}, "successes": {"count": 1508, "rate": 10.189189, "prompt_len": {"mean": 0, "rate": 80410.158475}, "output_len": {"mean": 0, "rate": 10237.561539}, "queue_len": {"mean": 0}, "request_latency": {"mean": 67.752003, "median": 69.054054, "p90": 109.810811, "p99": 118.981081}, "time_to_first_token": {"mean": 0.571627, "median": 0.09042, "p90": 0.33046, "p99": 23.25}, "time_per_output_token": {"mean": 0.067138, "median": 0.048151, "p90": 0.071851, "p99": 0.177282}, "kv_cache_usage_percentage": {"mean": 0.0, "median": 0.0, "p90": 0.0, "p99": 0.0}, "num_requests_swapped": {"mean": 0}, "num_preemptions_total": {"mean": 0}, "prefix_cache_hit_percent": {"mean": 91.59952835445964}}, "failures": {}}