{"load_summary": {"count": 1518, "schedule_delay": {"mean": 0.0010973626750181472, "min": -0.000629025511443615, "p0.1": -0.0005892249194439501, "p1": -0.0003893841616809368, "p5": -0.00011495491489768028, "p10": 0.00010532871820032598, "p25": 0.0004252899088896811, "median": 0.0008261287584900856, "p75": 0.0011943679419346154, "p90": 0.0015312045579776166, "p95": 0.0017429618746973563, "p99": 0.0024095613905228673, "p99.9": 0.09115513837478453, "max": 0.14338010922074318}, "send_duration": 33.04245498008095, "requested_rate": 46.0, "achieved_rate": 45.94089636847804}, "successes": {"count": 1518, "latency": {"request_latency": {"mean": 66.99976106020527, "min": 46.45633082999848, "p0.1": 46.546129603039006, "p1": 49.21061585808173, "p5": 51.553734328690915, "p10": 52.6430125961313, "p25": 56.230475362273864, "median": 61.75743978749961, "p75": 79.22924856346799, "p90": 82.20121297489386, "p95": 87.34907539362321, "p99": 90.04416560218203, "p99.9": 95.84532754541056, "max": 96.18235774710774}, "normalized_time_per_output_token": {"mean": 0.19748764955612183, "min": 0.042535604114355585, "p0.1": 0.04661854052884995, "p1": 0.049350096770026775, "p5": 0.0519004202113197, "p10": 0.0534027132277147, "p25": 0.05709566534809387, "median": 0.06719891744512735, "p75": 0.08129973686166207, "p90": 0.0891233503485841, "p95": 0.2807760356944503, "p99": 2.4432668292743913, "p99.9": 3.1476995002999812, "max": 78.87327853217721}, "time_per_output_token": {"mean": 0.03257474280328683, "min": 0.02119633851017615, "p0.1": 0.021909256019804188, "p1": 0.02321159521275354, "p5": 0.024913111761956337, "p10": 0.025694663384345187, "p25": 0.027497946442898897, "median": 0.029797880887356437, "p75": 0.03921053626345701, "p90": 0.0407899571162742, "p95": 0.04120735294023959, "p99": 0.04456648768786377, "p99.9": 0.044881669180188585, "max": 0.044900660204334836}, "time_to_first_token": {"mean": 1.7597178303208987, "min": 0.060407703975215554, "p0.1": 0.06089270131546073, "p1": 0.07205284806666895, "p5": 0.08622187190921977, "p10": 0.09470743690617384, "p25": 0.11679780739359558, "median": 0.14561664510983974, "p75": 0.1799448864767328, "p90": 0.42586117193568496, "p95": 1.1125509927631334, "p99": 38.47896172433859, "p99.9": 39.92658082914749, "max": 39.99232630687766}, "inter_token_latency": {"mean": 0.03257474280328683, "min": 2.335989847779274e-06, "p0.1": 3.24309803545475e-06, "p1": 1.2639909982681274e-05, "p5": 1.9581057131290436e-05, "p10": 2.4750130251049995e-05, "p25": 3.5949982702732086e-05, "median": 0.00021792750339955091, "p75": 0.049166081356815994, "p90": 0.06034810112323615, "p95": 0.06855624446179716, "p99": 0.11840458958176901, "p99.9": 0.49401456062407756, "max": 40.29754738416523}}, "throughput": {"input_tokens_per_sec": 89346.65833256138, "output_tokens_per_sec": 11047.68895853913, "total_tokens_per_sec": 100394.34729110051, "requests_per_sec": 11.787315850555789}, "prompt_len": {"mean": 7579.898550724638, "min": 7493.0, "p0.1": 7495.585, "p1": 7508.17, "p5": 7536.85, "p10": 7545.0, "p25": 7561.0, "median": 7580.0, "p75": 7599.0, "p90": 7615.0, "p95": 7627.0, "p99": 7642.0, "p99.9": 7658.864000000001, "max": 7663.0}, "output_len": {"mean": 937.2523056653491, "min": 1.0, "p0.1": 22.517, "p1": 33.0, "p5": 226.95000000000005, "p10": 940.8000000000001, "p25": 992.0, "median": 997.0, "p75": 1000.0, "p90": 1000.0, "p95": 1000.0, "p99": 1000.0, "p99.9": 1001.9660000000003, "max": 1994.0}}, "failures": {"count": 0, "request_latency": null, "prompt_len": null}}