{"load_summary": {"count": 748, "schedule_delay": {"mean": 0.0008041352994819695, "min": -0.0005515508819371462, "p0.1": -0.0005360942124389112, "p1": -0.0003649488231167197, "p5": -2.1868327166885127e-05, "p10": 0.00011591960210353137, "p25": 0.00042084266897290945, "median": 0.0007801430765539408, "p75": 0.0011677384027279913, "p90": 0.0014992046635597946, "p95": 0.0017278268001973626, "p99": 0.002123118767049162, "p99.9": 0.00278774884319865, "max": 0.0029226772021502256}, "send_duration": 35.05238226312213, "requested_rate": 22.0, "achieved_rate": 21.339491118894795}, "successes": {"count": 748, "latency": {"request_latency": {"mean": 38.784733684173844, "min": 31.300978451035917, "p0.1": 31.44948058529687, "p1": 32.232740593713245, "p5": 34.779301285685506, "p10": 35.57656433256343, "p25": 36.874109535012394, "median": 38.61192539113108, "p75": 40.14735184784513, "p90": 42.56144968403969, "p95": 44.32510955053149, "p99": 45.73803308641072, "p99.9": 46.02515724365809, "max": 46.05432684579864}, "normalized_time_per_output_token": {"mean": 0.08283791164159403, "min": 0.03133231076179772, "p0.1": 0.03145740765991961, "p1": 0.03246280246768862, "p5": 0.03491746316216886, "p10": 0.03593081933167825, "p25": 0.03721211918174672, "median": 0.039241712447730864, "p75": 0.04174605391013176, "p90": 0.04564744869414451, "p95": 0.1524402908604722, "p99": 1.1674676525271779, "p99.9": 1.2633001530137398, "max": 1.3381137635026659}, "time_per_output_token": {"mean": 0.01926376787034699, "min": 0.01556764655026967, "p0.1": 0.015631651725860774, "p1": 0.016037414451080863, "p5": 0.01729749877819501, "p10": 0.01769069784268763, "p25": 0.018323435650542442, "median": 0.01917684885153341, "p75": 0.0198995875570386, "p90": 0.02110625527104943, "p95": 0.02201060193806895, "p99": 0.022723894461222378, "p99.9": 0.02288231674908474, "max": 0.022896698756103423}, "time_to_first_token": {"mean": 0.18064079402210093, "min": 0.0616263949777931, "p0.1": 0.06170212674490176, "p1": 0.06981989932246506, "p5": 0.08247545827180147, "p10": 0.09020714985672385, "p25": 0.1061471247812733, "median": 0.13587776210624725, "p75": 0.1775642248103395, "p90": 0.31674046015832574, "p95": 0.4505900447373272, "p99": 0.878155483107548, "p99.9": 1.123515328733721, "max": 1.20589176309295}, "inter_token_latency": {"mean": 0.019263767870346993, "min": 2.362998202443123e-06, "p0.1": 2.906713867560029e-06, "p1": 1.2399491388350726e-05, "p5": 1.9297003746032715e-05, "p10": 2.4968991056084633e-05, "p25": 3.670714795589447e-05, "median": 0.00017767807003110647, "p75": 0.03878913976950571, "p90": 0.043485095934011044, "p95": 0.0452803514781408, "p99": 0.06491549285361549, "p99.9": 0.13977256622049394, "max": 8.637588324956596}}, "throughput": {"input_tokens_per_sec": 73377.53241867812, "output_tokens_per_sec": 9033.048259134439, "total_tokens_per_sec": 82410.58067781256, "requests_per_sec": 9.680433736115317}, "prompt_len": {"mean": 7579.983957219251, "min": 7493.0, "p0.1": 7496.735, "p1": 7508.47, "p5": 7536.35, "p10": 7545.0, "p25": 7561.0, "median": 7580.0, "p75": 7599.25, "p90": 7615.0, "p95": 7627.0, "p99": 7642.0, "p99.9": 7657.024, "max": 7663.0}, "output_len": {"mean": 933.1243315508021, "min": 28.0, "p0.1": 30.988, "p1": 33.0, "p5": 258.5000000000001, "p10": 927.5, "p25": 991.0, "median": 997.0, "p75": 1000.0, "p90": 1000.0, "p95": 1000.0, "p99": 1000.0, "p99.9": 1001.0, "max": 1001.0}}, "failures": {"count": 0, "request_latency": null, "prompt_len": null}}