{"load_summary": {}, "successes": {"count": 1485, "rate": 10.102041, "prompt_len": {"mean": 0, "rate": 78162.033766}, "output_len": {"mean": 0, "rate": 10119.890403}, "queue_len": {"mean": 0}, "request_latency": {"mean": 67.81961, "median": 67.955607, "p90": 109.591121, "p99": 118.959112}, "time_to_first_token": {"mean": 0.361234, "median": 0.093758, "p90": 0.333511, "p99": 1.1575}, "time_per_output_token": {"mean": 0.067479, "median": 0.047424, "p90": 0.071485, "p99": 0.176966}, "kv_cache_usage_percentage": {"mean": 0.0, "median": 0.0, "p90": 0.0, "p99": 0.0}, "num_requests_swapped": {"mean": 0}, "num_preemptions_total": {"mean": 0}, "prefix_cache_hit_percent": {"mean": 91.76303203863296}}, "failures": {}}