{"load_summary": {"count": 1470, "schedule_delay": {"mean": 0.0008375353617023449, "min": -0.0010267205070704222, "p0.1": -0.000658164975233376, "p1": -0.00039653915213420986, "p5": -7.764541078358887e-05, "p10": 0.0001180357299745083, "p25": 0.0004383335472084582, "median": 0.000822706613689661, "p75": 0.0012210023705847561, "p90": 0.001528305280953646, "p95": 0.0017544691218063233, "p99": 0.0022011771216057237, "p99.9": 0.0033469304305035687, "max": 0.004167124861851335}, "send_duration": 29.184050321113318, "requested_rate": 49.0, "achieved_rate": 50.36997893799966}, "successes": {"count": 1466, "latency": {"request_latency": {"mean": 67.37309677234538, "min": 47.8204004089348, "p0.1": 47.992579466407186, "p1": 50.48994273780845, "p5": 52.28671722114086, "p10": 53.50339812634047, "p25": 57.32985840481706, "median": 62.79473778058309, "p75": 78.96002208837308, "p90": 81.30042811948806, "p95": 90.72422846162226, "p99": 92.33259994236286, "p99.9": 98.91717778061052, "max": 99.16683186404407}, "normalized_time_per_output_token": {"mean": 0.1382814418091818, "min": 0.025817422484246847, "p0.1": 0.043734533571701914, "p1": 0.050876614443119576, "p5": 0.05265137527162189, "p10": 0.0541095935388929, "p25": 0.05821757868670267, "median": 0.06519296756280721, "p75": 0.08027780521532987, "p90": 0.09194204389347949, "p95": 0.23025439644877396, "p99": 2.2707190056360114, "p99.9": 2.500020763142228, "max": 2.762018673001986}, "time_per_output_token": {"mean": 0.03341333439318401, "min": 0.023842365747649988, "p0.1": 0.02391695755134478, "p1": 0.025042959247545425, "p5": 0.025842549063256948, "p10": 0.02663154822935037, "p25": 0.028535437694032106, "median": 0.03107582496078652, "p75": 0.03927822877425582, "p90": 0.04034275966645244, "p95": 0.044355863217653745, "p99": 0.045850576286390096, "p99.9": 0.046091904437665934, "max": 0.04806354608845668}, "time_to_first_token": {"mean": 0.4559876031665091, "min": 0.06012911186553538, "p0.1": 0.06647104956093244, "p1": 0.07918991615297273, "p5": 0.09038824745221063, "p10": 0.09830555901862681, "p25": 0.11485160986194387, "median": 0.14115793153177947, "p75": 0.17411067546345294, "p90": 0.2944183850195259, "p95": 0.5097596783889458, "p99": 1.0786342186620452, "p99.9": 41.3465130613733, "max": 41.86589159513824}, "inter_token_latency": {"mean": 0.03341333439318401, "min": 2.4121254682540894e-06, "p0.1": 3.2634299714118244e-06, "p1": 1.2740027159452438e-05, "p5": 1.958198845386505e-05, "p10": 2.458016388118267e-05, "p25": 3.551505506038666e-05, "median": 0.00022018945310264826, "p75": 0.04774452903075144, "p90": 0.062454127124510705, "p95": 0.07090379216242582, "p99": 0.11777763939462631, "p99.9": 0.5338506627664928, "max": 41.947898478014395}}, "throughput": {"input_tokens_per_sec": 86590.22211947183, "output_tokens_per_sec": 10716.615660343443, "total_tokens_per_sec": 97306.83777981527, "requests_per_sec": 11.423559441525953}, "prompt_len": {"mean": 7579.968622100955, "min": 7493.0, "p0.1": 7495.325, "p1": 7508.65, "p5": 7536.0, "p10": 7545.0, "p25": 7561.0, "median": 7580.0, "p75": 7599.0, "p90": 7615.0, "p95": 7627.0, "p99": 7642.0, "p99.9": 7659.280000000001, "max": 7663.0}, "output_len": {"mean": 938.1152796725785, "min": 32.0, "p0.1": 32.0, "p1": 33.0, "p5": 317.0, "p10": 953.5, "p25": 991.0, "median": 997.0, "p75": 1000.0, "p90": 1000.0, "p95": 1000.0, "p99": 1000.0, "p99.9": 1534.3250000000814, "max": 1999.0}}, "failures": {"count": 4, "request_latency": {"mean": 0.8754555159248412, "min": 0.12019787286408246, "p0.1": 0.12104308861657045, "p1": 0.12865003038896247, "p5": 0.16245866048848256, "p10": 0.20471944811288267, "p25": 0.331501810986083, "median": 0.5136576979421079, "p75": 1.057611402880866, "p90": 1.8356298381229865, "p95": 2.094969316537026, "p99": 2.302440899268258, "p99.9": 2.349122005382786, "max": 2.3543087949510664}, "prompt_len": {"mean": 0.0, "min": 0.0, "p0.1": 0.0, "p1": 0.0, "p5": 0.0, "p10": 0.0, "p25": 0.0, "median": 0.0, "p75": 0.0, "p90": 0.0, "p95": 0.0, "p99": 0.0, "p99.9": 0.0, "max": 0.0}}}