{"load_summary": {"count": 760, "schedule_delay": {"mean": 0.0009115746891199563, "min": -0.0006845889147371054, "p0.1": -0.0006352871155831962, "p1": -0.00041488565970212223, "p5": -9.403763106092802e-05, "p10": 5.844398401677609e-05, "p25": 0.0003664218820631504, "median": 0.0007871231064200401, "p75": 0.0012044088798575103, "p90": 0.0015878770966082812, "p95": 0.0017185061704367397, "p99": 0.002071038240101188, "p99.9": 0.0418136574167302, "max": 0.04908302263356745}, "send_duration": 37.9977944989223, "requested_rate": 20.0, "achieved_rate": 20.00116085741648}, "successes": {"count": 760, "latency": {"request_latency": {"mean": 41.05881388546611, "min": 32.773157160962, "p0.1": 32.93273094371264, "p1": 34.77444545820821, "p5": 35.693068938003854, "p10": 36.86325555157382, "p25": 39.21708791027777, "median": 41.208167658071034, "p75": 43.27316390356282, "p90": 44.9991393518867, "p95": 45.63403188646771, "p99": 46.888654891364276, "p99.9": 47.08790799180535, "max": 47.11479850113392}, "normalized_time_per_output_token": {"mean": 0.08740634259114852, "min": 0.021220333933976553, "p0.1": 0.025903052662295752, "p1": 0.03474853696749298, "p5": 0.035839728335515866, "p10": 0.0370309605108761, "p25": 0.03948690695606638, "median": 0.04178131540646858, "p75": 0.04424004402719456, "p90": 0.04703849025453113, "p95": 0.18510347387784465, "p99": 1.2777724725860748, "p99.9": 1.3732718656209493, "max": 1.3888128893158864}, "time_per_output_token": {"mean": 0.020402422511702805, "min": 0.01624273267660247, "p0.1": 0.016319075123195526, "p1": 0.017288374283049874, "p5": 0.017762194924405138, "p10": 0.018274027205873813, "p25": 0.019442305039608154, "median": 0.020493070997736663, "p75": 0.02149349360289038, "p90": 0.02236822230877752, "p95": 0.022671543845491693, "p99": 0.023257775076786925, "p99.9": 0.02341370744844617, "max": 0.023423339915473473}, "time_to_first_token": {"mean": 0.17284936467461337, "min": 0.059619191102683544, "p0.1": 0.059876185334753244, "p1": 0.0643453950388357, "p5": 0.07251050738850609, "p10": 0.07669815430417656, "p25": 0.08819282264448702, "median": 0.17757067852653563, "p75": 0.21263204904971644, "p90": 0.28780352368485185, "p95": 0.34245502492412916, "p99": 0.4443096066103313, "p99.9": 0.6782773909426774, "max": 0.6884290031157434}, "inter_token_latency": {"mean": 0.0204024225117028, "min": 2.322020009160042e-06, "p0.1": 2.8801150619983673e-06, "p1": 1.2309057638049126e-05, "p5": 1.9192928448319435e-05, "p10": 2.487306483089924e-05, "p25": 3.727804869413376e-05, "median": 0.00019481463823467493, "p75": 0.03951675817370415, "p90": 0.043217168049886824, "p95": 0.045057881006505346, "p99": 0.12692508623935275, "p99.9": 0.21706087754620373, "max": 1.8717247319873422}}, "throughput": {"input_tokens_per_sec": 76120.66500464542, "output_tokens_per_sec": 9385.9779951995, "total_tokens_per_sec": 85506.64299984492, "requests_per_sec": 10.042464468522015}, "prompt_len": {"mean": 7579.878947368421, "min": 7493.0, "p0.1": 7496.795, "p1": 7508.59, "p5": 7536.95, "p10": 7545.0, "p25": 7561.0, "median": 7580.0, "p75": 7599.0, "p90": 7615.0, "p95": 7627.0, "p99": 7642.0, "p99.9": 7656.928000000001, "max": 7663.0}, "output_len": {"mean": 934.6289473684211, "min": 32.0, "p0.1": 32.0, "p1": 33.0, "p5": 230.80000000000013, "p10": 910.8, "p25": 991.0, "median": 997.0, "p75": 1000.0, "p90": 1000.0, "p95": 1000.0, "p99": 1000.0, "p99.9": 1617.9820000000498, "max": 1999.0}}, "failures": {"count": 0, "request_latency": null, "prompt_len": null}}