{"load_summary": {}, "successes": {"count": 1469, "rate": 9.993197, "prompt_len": {"mean": 0, "rate": 78966.163079}, "output_len": {"mean": 0, "rate": 10049.377995}, "queue_len": {"mean": 0}, "request_latency": {"mean": 67.280552, "median": 66.839566, "p90": 109.367913, "p99": 118.936791}, "time_to_first_token": {"mean": 0.397576, "median": 0.091612, "p90": 0.277198, "p99": 1.615}, "time_per_output_token": {"mean": 0.066756, "median": 0.047377, "p90": 0.07151, "p99": 0.17959}, "kv_cache_usage_percentage": {"mean": 0.0, "median": 0.0, "p90": 0.0, "p99": 0.0}, "num_requests_swapped": {"mean": 0}, "num_preemptions_total": {"mean": 0}, "prefix_cache_hit_percent": {"mean": 91.57855948809092}}, "failures": {}}