{"load_summary": {"count": 1500, "schedule_delay": {"mean": 0.0008067962715091805, "min": -0.0005546561442315578, "p0.1": -0.0005439078107010573, "p1": -0.00035858016228303315, "p5": -6.829838966950774e-05, "p10": 8.945588488131761e-05, "p25": 0.0004114877665415406, "median": 0.0008079556282609701, "p75": 0.0011566240573301911, "p90": 0.0015119550982490193, "p95": 0.0017595463315956293, "p99": 0.0023126996355131266, "p99.9": 0.0029534515668638898, "max": 0.003908898681402206}, "send_duration": 24.461213533068076, "requested_rate": 60.0, "achieved_rate": 61.32156926606334}, "successes": {"count": 1500, "latency": {"request_latency": {"mean": 70.44158736568441, "min": 50.71202404703945, "p0.1": 50.78155413071928, "p1": 51.379245122491845, "p5": 53.48463822331978, "p10": 54.6594996916363, "p25": 58.7969992615981, "median": 67.30400365812238, "p75": 83.54015173658263, "p90": 88.67950744295959, "p95": 92.79630226914306, "p99": 100.62922680985879, "p99.9": 104.80993025642124, "max": 105.10357743198983}, "normalized_time_per_output_token": {"mean": 0.15178902017873, "min": 0.027313125847435154, "p0.1": 0.039040960461797086, "p1": 0.051547706968002434, "p5": 0.054034448907548834, "p10": 0.055238869137363505, "p25": 0.060017897653142235, "median": 0.0720178632365395, "p75": 0.08530344388458107, "p90": 0.09409083704377469, "p95": 0.2737181974837554, "p99": 2.265384192732868, "p99.9": 3.6354382725146124, "max": 7.460172347425084}, "time_per_output_token": {"mean": 0.03507901724255233, "min": 0.02509694996995964, "p0.1": 0.025097109132140562, "p1": 0.02554276494488147, "p5": 0.026504897205812995, "p10": 0.027083379519078927, "p25": 0.029300904419305253, "median": 0.03352620111186586, "p75": 0.04163258835912562, "p90": 0.04420346496271846, "p95": 0.04627642610642327, "p99": 0.05019342929876149, "p99.9": 0.052261816597885986, "max": 0.05240451592462382}, "time_to_first_token": {"mean": 0.19189402515441178, "min": 0.06288327393122017, "p0.1": 0.07077224292675964, "p1": 0.07656463968101888, "p5": 0.08605197166325525, "p10": 0.09558585868217051, "p25": 0.112303820787929, "median": 0.14058952138293535, "p75": 0.17458920704666525, "p90": 0.3425365278963, "p95": 0.5724693412194025, "p99": 0.9445532618882134, "p99.9": 1.3594964803357228, "max": 1.4197753849439323}, "inter_token_latency": {"mean": 0.035079017242552336, "min": 2.380926162004471e-06, "p0.1": 3.344029886648059e-06, "p1": 1.2826872989535332e-05, "p5": 1.9530998542904854e-05, "p10": 2.443511039018631e-05, "p25": 3.511086106300354e-05, "median": 0.00021286308765411377, "p75": 0.049294327036477625, "p90": 0.06510748504661024, "p95": 0.07254760023206472, "p99": 0.11800901355454625, "p99.9": 0.6177057988690224, "max": 43.89240979705937}}, "throughput": {"input_tokens_per_sec": 87782.87013906757, "output_tokens_per_sec": 10811.380482187558, "total_tokens_per_sec": 98594.25062125514, "requests_per_sec": 11.58090043359906}, "prompt_len": {"mean": 7579.969333333333, "min": 7493.0, "p0.1": 7495.495, "p1": 7508.0, "p5": 7536.0, "p10": 7545.0, "p25": 7561.0, "median": 7580.0, "p75": 7599.0, "p90": 7615.0, "p95": 7627.0, "p99": 7642.0, "p99.9": 7659.008000000002, "max": 7663.0}, "output_len": {"mean": 933.5526666666667, "min": 7.0, "p0.1": 23.497, "p1": 33.0, "p5": 237.75, "p10": 917.0, "p25": 990.75, "median": 997.0, "p75": 1000.0, "p90": 1000.0, "p95": 1000.0, "p99": 1000.0, "p99.9": 1505.4850000002007, "max": 1998.0}}, "failures": {"count": 0, "request_latency": null, "prompt_len": null}}