{"load_summary": {"count": 1548, "schedule_delay": {"mean": 0.0013441789502131173, "min": -0.001471684081479907, "p0.1": -0.0007250809806864708, "p1": -0.00034342088969424367, "p5": -6.078794831410046e-05, "p10": 0.0001135065453127027, "p25": 0.0004232693463563919, "median": 0.0007826159708201885, "p75": 0.001168707211036235, "p90": 0.001546801021322608, "p95": 0.0017655805335380138, "p99": 0.0024149472778663026, "p99.9": 0.14844493657955984, "max": 0.16106097120791674}, "send_duration": 36.98479579994455, "requested_rate": 43.0, "achieved_rate": 41.855037090736644}, "successes": {"count": 1548, "latency": {"request_latency": {"mean": 66.4499627026717, "min": 44.6261369921267, "p0.1": 44.80645005006599, "p1": 47.781955587223635, "p5": 49.91089114918141, "p10": 51.875303750135934, "p25": 55.95136622642167, "median": 61.38350630598143, "p75": 79.3159508499084, "p90": 81.71031100647524, "p95": 86.71591611142502, "p99": 89.67593513241037, "p99.9": 93.94879399260114, "max": 94.208069446031}, "normalized_time_per_output_token": {"mean": 0.14750311535118188, "min": 0.0397822273271545, "p0.1": 0.04480521415792437, "p1": 0.04786533985895349, "p5": 0.05025905279746498, "p10": 0.0524009312437025, "p25": 0.057132110834445436, "median": 0.0668831154351332, "p75": 0.08090036788371766, "p90": 0.08960587266340554, "p95": 0.3376462898415328, "p99": 2.353840261132976, "p99.9": 2.781885399699871, "max": 7.797565839299932}, "time_per_output_token": {"mean": 0.03130000813079969, "min": 0.020221728439289686, "p0.1": 0.02027243834186596, "p1": 0.022255255070241304, "p5": 0.02350975916651578, "p10": 0.0244130855097367, "p25": 0.026481119420016134, "median": 0.02925588269137369, "p75": 0.03798655428896206, "p90": 0.04045641480342088, "p95": 0.041005444854049, "p99": 0.0444628852864854, "p99.9": 0.04477705791496638, "max": 0.04481793273759746}, "time_to_first_token": {"mean": 3.761656918387273, "min": 0.06251456611789763, "p0.1": 0.0653268464752473, "p1": 0.07597090418217704, "p5": 0.08985432038316503, "p10": 0.09874286279082298, "p25": 0.11854865378700197, "median": 0.14871839701663703, "p75": 0.19401417777407914, "p90": 29.188132751896035, "p95": 32.38989449021173, "p99": 37.82425101031084, "p99.9": 38.95761656656094, "max": 39.02857980085537}, "inter_token_latency": {"mean": 0.03130000813079968, "min": 2.329004928469658e-06, "p0.1": 3.2425487879663705e-06, "p1": 1.2599863111972809e-05, "p5": 1.958012580871582e-05, "p10": 2.463487908244133e-05, "p25": 3.5424018278717995e-05, "median": 0.0002096220850944519, "p75": 0.04936047602677718, "p90": 0.059420434315688914, "p95": 0.06654014864470809, "p99": 0.11709896262502288, "p99.9": 0.41322909124963997, "max": 39.3360446440056}}, "throughput": {"input_tokens_per_sec": 90439.59770533876, "output_tokens_per_sec": 11083.902125821174, "total_tokens_per_sec": 101523.49983115995, "requests_per_sec": 11.93159243903335}, "prompt_len": {"mean": 7579.843023255814, "min": 7493.0, "p0.1": 7495.735, "p1": 7508.0, "p5": 7536.0, "p10": 7545.0, "p25": 7561.0, "median": 7580.0, "p75": 7599.0, "p90": 7615.0, "p95": 7627.0, "p99": 7642.0, "p99.9": 7658.624000000002, "max": 7663.0}, "output_len": {"mean": 928.954134366925, "min": 10.0, "p0.1": 24.547, "p1": 32.0, "p5": 190.75000000000006, "p10": 901.1, "p25": 991.0, "median": 997.0, "p75": 1000.0, "p90": 1000.0, "p95": 1000.0, "p99": 1000.0, "p99.9": 1001.0, "max": 1999.0}}, "failures": {"count": 0, "request_latency": null, "prompt_len": null}}