{"load_summary": {"count": 750, "schedule_delay": {"mean": 0.0007779252768183748, "min": -0.0010061967186629772, "p0.1": -0.0008497349205426872, "p1": -0.0004167329869233072, "p5": -0.00015872406074777246, "p10": 3.25696310028434e-05, "p25": 0.00040112907299771905, "median": 0.0007995805935934186, "p75": 0.0011748630204237998, "p90": 0.0014926590258255604, "p95": 0.0016637622495181852, "p99": 0.0019382600719109176, "p99.9": 0.002535105303162758, "max": 0.0029427630361169577}, "send_duration": 30.943161085015163, "requested_rate": 25.0, "achieved_rate": 24.237989064511005}, "successes": {"count": 750, "latency": {"request_latency": {"mean": 39.71467727125778, "min": 32.411408219020814, "p0.1": 32.475178017534084, "p1": 33.01635176794138, "p5": 36.29669762378326, "p10": 36.92341625576373, "p25": 37.892775144428015, "median": 39.68808687746059, "p75": 40.833033600705676, "p90": 44.0201623611385, "p95": 45.392233901366126, "p99": 46.68282468570629, "p99.9": 46.827577865668346, "max": 46.8498760338407}, "normalized_time_per_output_token": {"mean": 0.09347934461376843, "min": 0.020027178615818975, "p0.1": 0.024273842509892885, "p1": 0.03294075437549015, "p5": 0.03640918534077937, "p10": 0.03727082351306123, "p25": 0.03823847113356646, "median": 0.0400618153739377, "p75": 0.0417784681768396, "p90": 0.04688783144590466, "p95": 0.2986041734395548, "p99": 1.258578077323327, "p99.9": 1.7480276732005955, "max": 1.7890961162674313}, "time_per_output_token": {"mean": 0.019732184100268255, "min": 0.016137624797092444, "p0.1": 0.016168012798688063, "p1": 0.016419834079070092, "p5": 0.01803770493842249, "p10": 0.01831232251093045, "p25": 0.018843655704434772, "median": 0.01973959235258043, "p75": 0.02027612434194443, "p90": 0.02183224809127276, "p95": 0.022581631568938155, "p99": 0.023133876280745546, "p99.9": 0.02327524903642553, "max": 0.023303306836547372}, "time_to_first_token": {"mean": 0.17314459134514132, "min": 0.06242991494946182, "p0.1": 0.06412075931299478, "p1": 0.0743519869307056, "p5": 0.08363206916255876, "p10": 0.08950740122236311, "p25": 0.10405706602614373, "median": 0.12633609888143837, "p75": 0.17739772266941145, "p90": 0.32325267363339666, "p95": 0.43964311048621263, "p99": 0.711525677270256, "p99.9": 0.7842313808680053, "max": 0.7896335648838431}, "inter_token_latency": {"mean": 0.019732184100268255, "min": 2.353917807340622e-06, "p0.1": 2.9390212148427963e-06, "p1": 1.257401891052723e-05, "p5": 1.9236933439970016e-05, "p10": 2.4668872356414795e-05, "p25": 3.621983341872692e-05, "median": 0.00017548096366226673, "p75": 0.0406000642105937, "p90": 0.04444767490494996, "p95": 0.04581048549152911, "p99": 0.05801904990570623, "p99.9": 0.13811733453046357, "max": 11.408029024954885}}, "throughput": {"input_tokens_per_sec": 74188.81214170449, "output_tokens_per_sec": 9069.61571509882, "total_tokens_per_sec": 83258.4278568033, "requests_per_sec": 9.787481832605192}, "prompt_len": {"mean": 7579.969333333333, "min": 7493.0, "p0.1": 7496.745, "p1": 7508.49, "p5": 7536.45, "p10": 7545.0, "p25": 7561.0, "median": 7580.0, "p75": 7599.0, "p90": 7615.0, "p95": 7627.0, "p99": 7642.0, "p99.9": 7657.008000000001, "max": 7663.0}, "output_len": {"mean": 926.6546666666667, "min": 23.0, "p0.1": 25.247, "p1": 33.0, "p5": 125.9, "p10": 904.9, "p25": 991.0, "median": 997.0, "p75": 1000.0, "p90": 1000.0, "p95": 1000.0, "p99": 1000.0, "p99.9": 1684.4200000000378, "max": 1999.0}}, "failures": {"count": 0, "request_latency": null, "prompt_len": null}}