{"load_summary": {"count": 1520, "schedule_delay": {"mean": 0.0008315186324149469, "min": -0.0006310772150754929, "p0.1": -0.0005807776469737291, "p1": -0.0004074826627038419, "p5": -8.638747967779637e-05, "p10": 8.938568644225598e-05, "p25": 0.00042464566649869084, "median": 0.0008131674258038402, "p75": 0.0011762331705540419, "p90": 0.0014930326258763673, "p95": 0.001743563858326524, "p99": 0.0022447003354318425, "p99.9": 0.0028644037800842075, "max": 0.03656050097197294}, "send_duration": 39.14530179905705, "requested_rate": 40.0, "achieved_rate": 38.82969169078202}, "successes": {"count": 1520, "latency": {"request_latency": {"mean": 64.00909665077725, "min": 43.571255364920944, "p0.1": 43.81431132294517, "p1": 45.77927651024889, "p5": 48.4783449218492, "p10": 49.89573452386539, "p25": 55.240636327827815, "median": 59.45447342749685, "p75": 74.71905765269184, "p90": 78.55958341772202, "p95": 83.82797262334498, "p99": 87.39544586179079, "p99.9": 90.57622267844432, "max": 91.13642083713785}, "normalized_time_per_output_token": {"mean": 0.1358838732075165, "min": 0.025115355793941113, "p0.1": 0.041307436580121724, "p1": 0.04577074015870853, "p5": 0.04872747218923004, "p10": 0.05042465719685717, "p25": 0.056142680190736774, "median": 0.06440749864765992, "p75": 0.07647051545252316, "p90": 0.08688519402896054, "p95": 0.2635509428968728, "p99": 2.234461259085523, "p99.9": 2.6353201415892564, "max": 2.689944166376994}, "time_per_output_token": {"mean": 0.02992023299403081, "min": 0.02150077415794983, "p0.1": 0.02152433375576683, "p1": 0.021602856440579927, "p5": 0.022503256045628865, "p10": 0.023388593066376688, "p25": 0.025181348206851674, "median": 0.02877234641126525, "p75": 0.03434045557271869, "p90": 0.03869571975647132, "p95": 0.03929431984823119, "p99": 0.04335844531373611, "p99.9": 0.04361506398145527, "max": 0.04366445158322484}, "time_to_first_token": {"mean": 4.081099180556148, "min": 0.061844341922551394, "p0.1": 0.06722580340364948, "p1": 0.077470344977919, "p5": 0.08761722386116162, "p10": 0.09500213898718357, "p25": 0.11532277299556881, "median": 0.1475022539962083, "p75": 0.2009243433130905, "p90": 27.407089788280427, "p95": 30.341067473986183, "p99": 35.32325966617093, "p99.9": 36.941869314204, "max": 37.05651902104728}, "inter_token_latency": {"mean": 0.029920232994030807, "min": 2.335989847779274e-06, "p0.1": 3.196997568011284e-06, "p1": 1.2509990483522415e-05, "p5": 1.9527040421962738e-05, "p10": 2.4690991267561913e-05, "p25": 3.558816388249397e-05, "median": 0.0002138945274055004, "p75": 0.0477366900886409, "p90": 0.05892236265353858, "p95": 0.06569523399230091, "p99": 0.11472216224530712, "p99.9": 0.45223504130519115, "max": 37.17764063598588}}, "throughput": {"input_tokens_per_sec": 88728.73776462783, "output_tokens_per_sec": 10942.472114855893, "total_tokens_per_sec": 99671.20987948372, "requests_per_sec": 11.705781481514999}, "prompt_len": {"mean": 7579.907236842106, "min": 7493.0, "p0.1": 7495.595, "p1": 7508.19, "p5": 7536.95, "p10": 7545.0, "p25": 7561.0, "median": 7580.0, "p75": 7599.0, "p90": 7615.0, "p95": 7627.0, "p99": 7642.0, "p99.9": 7658.848000000002, "max": 7663.0}, "output_len": {"mean": 934.7921052631579, "min": 29.0, "p0.1": 32.0, "p1": 33.0, "p5": 242.85000000000002, "p10": 909.9, "p25": 990.0, "median": 997.0, "p75": 1000.0, "p90": 1000.0, "p95": 1000.0, "p99": 1000.81, "p99.9": 1998.4810000000002, "max": 1999.0}}, "failures": {"count": 0, "request_latency": null, "prompt_len": null}}