{"load_summary": {"count": 200, "schedule_delay": {"mean": 0.0008132533426396548, "min": -0.0005748176481574774, "p0.1": -0.0005301440551411361, "p1": -0.00017929403576999903, "p5": 0.00010607728036120534, "p10": 0.0002203522017225623, "p25": 0.0004835022846236825, "median": 0.0007814610144123435, "p75": 0.0011521999258548021, "p90": 0.001437550550326705, "p95": 0.0017007284215651449, "p99": 0.002067076899111271, "p99.9": 0.0021570162225980328, "max": 0.00217859516851604}, "send_duration": 17.281002293806523, "requested_rate": 10.0, "achieved_rate": 11.573402780675494}, "successes": {"count": 200, "latency": {"request_latency": {"mean": 27.135649931612424, "min": 25.611202887026593, "p0.1": 25.611607580770738, "p1": 25.655945249751674, "p5": 25.720756602566688, "p10": 25.804820638056846, "p25": 26.368205122998916, "median": 26.937794604105875, "p75": 27.693017693585716, "p90": 28.75373883792199, "p95": 29.52923446150962, "p99": 29.63829027122352, "p99.9": 29.721368134630378, "max": 29.736432638019323}, "normalized_time_per_output_token": {"mean": 0.04085536417264825, "min": 0.025611202887026594, "p0.1": 0.025620192466061797, "p1": 0.02565699625444366, "p5": 0.02581528197072912, "p10": 0.025973185574525822, "p25": 0.026486208565136008, "median": 0.027157775811175903, "p75": 0.02811301777085236, "p90": 0.02953126426792373, "p95": 0.029740399464006764, "p99": 0.786648414293484, "p99.9": 0.8333463924120853, "max": 0.8422678545716086}, "time_per_output_token": {"mean": 0.01345171626412083, "min": 0.01265818683355153, "p0.1": 0.012666702444948347, "p1": 0.012739409709087239, "p5": 0.012776826520101108, "p10": 0.012822682823558086, "p25": 0.013071116660072327, "median": 0.013331780461526974, "p75": 0.013743304686543105, "p90": 0.014252015239459513, "p95": 0.01465524419428788, "p99": 0.014738093187506806, "p99.9": 0.014743661590475892, "max": 0.014744439858478725}, "time_to_first_token": {"mean": 0.15742789383861236, "min": 0.06126555404625833, "p0.1": 0.061536172940395775, "p1": 0.06284771678037941, "p5": 0.0675715804216452, "p10": 0.0766657036729157, "p25": 0.08820154570275918, "median": 0.1540027455193922, "p75": 0.17032177606597543, "p90": 0.2667293835664168, "p95": 0.33089375679846844, "p99": 0.4839411555021069, "p99.9": 0.5003843923960815, "max": 0.5027961689047515}, "inter_token_latency": {"mean": 0.01345171626412083, "min": 2.3918692022562027e-06, "p0.1": 3.2476573251187802e-06, "p1": 1.4664819464087486e-05, "p5": 2.1217821631580593e-05, "p10": 2.958779223263264e-05, "p25": 4.22197044827044e-05, "median": 0.00020955409854650497, "p75": 0.02595600252971053, "p90": 0.027003023470751942, "p95": 0.02851556548848748, "p99": 0.030796911171637482, "p99.9": 0.11190705932187855, "max": 0.2967740318272263}}, "throughput": {"input_tokens_per_sec": 34056.512764090185, "output_tokens_per_sec": 4332.44570310597, "total_tokens_per_sec": 38388.95846719615, "requests_per_sec": 4.493352661929672}, "prompt_len": {"mean": 7579.31, "min": 7505.0, "p0.1": 7505.0, "p1": 7509.95, "p5": 7527.9, "p10": 7543.0, "p25": 7561.0, "median": 7578.0, "p75": 7600.0, "p90": 7615.3, "p95": 7627.05, "p99": 7642.0599999999995, "p99.9": 7653.607, "max": 7655.0}, "output_len": {"mean": 964.19, "min": 34.0, "p0.1": 34.199, "p1": 35.0, "p5": 931.95, "p10": 979.4, "p25": 992.0, "median": 998.0, "p75": 1000.0, "p90": 1000.0, "p95": 1000.0, "p99": 1000.0, "p99.9": 1000.801, "max": 1001.0}}, "failures": {"count": 0, "request_latency": null, "prompt_len": null}}