{"load_summary": {}, "successes": {"count": 17083, "rate": 8.47371, "prompt_len": {"mean": 0, "rate": 64199.882754}, "output_len": {"mean": 0, "rate": 8473.723427}, "queue_len": {"mean": 0}, "request_latency": {"mean": 59.139467, "median": 56.642208, "p90": 105.181726, "p99": 118.518173}, "time_to_first_token": {"mean": 1.06932, "median": 0.095904, "p90": 0.41065, "p99": 33.699111}, "time_per_output_token": {"mean": 0.058128, "median": 0.043646, "p90": 0.069636, "p99": 0.155423}, "kv_cache_usage_percentage": {"mean": 0.0, "median": 0.0, "p90": 0.0, "p99": 0.0}, "num_requests_swapped": {"mean": 0}, "num_preemptions_total": {"mean": 0}, "prefix_cache_hit_percent": {"mean": 91.2716298850169}}, "failures": {}}