{"load_summary": {"count": 17084, "schedule_delay": {"mean": 0.0008993000902964473, "min": -0.001471684081479907, "p0.1": -0.0006510665819514542, "p1": -0.00038891885429620743, "p5": -8.286057272925969e-05, "p10": 0.00010162470862269403, "p25": 0.00042232515988871455, "median": 0.0008113562362268567, "p75": 0.0011938990210182965, "p90": 0.0015327454311773183, "p95": 0.001753309729974716, "p99": 0.0023057276313193003, "p99.9": 0.005749410479795457, "max": 0.16106097120791674}}, "successes": {"count": 17080, "latency": {"request_latency": {"mean": 59.24030575841961, "min": 24.179961249930784, "p0.1": 25.23263644656376, "p1": 27.050624216727446, "p5": 36.28173119071871, "p10": 38.73542666088324, "p25": 44.057596581697, "median": 57.876508487039246, "p75": 75.02421132539166, "p90": 81.9520436460618, "p95": 85.79191542030311, "p99": 92.74146919540595, "p99.9": 102.4003094967959, "max": 105.10357743198983}, "normalized_time_per_output_token": {"mean": 0.12925899505470853, "min": 0.019834188997532958, "p0.1": 0.02526556488689566, "p1": 0.027345733595421754, "p5": 0.03661149958805327, "p10": 0.03924394992445896, "p25": 0.04621540824015845, "median": 0.0592434092805488, "p75": 0.07902901530877869, "p90": 0.08930342623302748, "p95": 0.21112807976450504, "p99": 2.0219147464346787, "p99.9": 2.7401377521790606, "max": 78.87327853217721}, "time_per_output_token": {"mean": 0.02901865202204381, "min": 0.011967446784656877, "p0.1": 0.012500896665598216, "p1": 0.013419991760167468, "p5": 0.01799884743679935, "p10": 0.019251675201861048, "p25": 0.021791962372348074, "median": 0.028447367776330022, "p75": 0.036284769555485846, "p90": 0.04062776763574162, "p95": 0.0422570274902395, "p99": 0.045849427996967305, "p99.9": 0.05056603415852007, "max": 0.05240451592462382}, "time_to_first_token": {"mean": 1.1162961631636403, "min": 0.0594048029743135, "p0.1": 0.06162832564581185, "p1": 0.07213391954079271, "p5": 0.08383805603953079, "p10": 0.09189663103315979, "p25": 0.11097973241703585, "median": 0.1445831370074302, "p75": 0.18627261149231344, "p90": 0.4318298872793093, "p95": 0.8317816790658974, "p99": 33.99058360359628, "p99.9": 41.065872579336165, "max": 42.9346287639346}, "inter_token_latency": {"mean": 0.029018652022043807, "min": 2.3010652512311935e-06, "p0.1": 3.119930624961853e-06, "p1": 1.2675998732447624e-05, "p5": 1.9603874534368515e-05, "p10": 2.476898953318596e-05, "p25": 3.606593236327171e-05, "median": 0.00020357209723442793, "p75": 0.04527851630700752, "p90": 0.05608648073393852, "p95": 0.06729986629215998, "p99": 0.11284669479588051, "p99.9": 0.42834835420411843, "max": 43.89240979705937}}, "throughput": {"input_tokens_per_sec": 67798.14097888644, "output_tokens_per_sec": 8372.898392080135, "total_tokens_per_sec": 76171.03937096658, "requests_per_sec": 8.944516352739052}, "prompt_len": {"mean": 7579.855444964871, "min": 7493.0, "p0.1": 7493.0, "p1": 7508.0, "p5": 7536.0, "p10": 7545.0, "p25": 7561.0, "median": 7580.0, "p75": 7599.0, "p90": 7615.0, "p95": 7627.0, "p99": 7642.0, "p99.9": 7663.0, "max": 7663.0}, "output_len": {"mean": 936.0929156908666, "min": 1.0, "p0.1": 26.0, "p1": 33.0, "p5": 265.95000000000005, "p10": 927.9000000000001, "p25": 991.0, "median": 997.0, "p75": 1000.0, "p90": 1000.0, "p95": 1000.0, "p99": 1000.0, "p99.9": 1572.5220000001718, "max": 1999.0}}, "failures": {"count": 4, "request_latency": {"mean": 0.8754555159248412, "min": 0.12019787286408246, "p0.1": 0.12104308861657045, "p1": 0.12865003038896247, "p5": 0.16245866048848256, "p10": 0.20471944811288267, "p25": 0.331501810986083, "median": 0.5136576979421079, "p75": 1.057611402880866, "p90": 1.8356298381229865, "p95": 2.094969316537026, "p99": 2.302440899268258, "p99.9": 2.349122005382786, "max": 2.3543087949510664}, "prompt_len": {"mean": 0.0, "min": 0.0, "p0.1": 0.0, "p1": 0.0, "p5": 0.0, "p10": 0.0, "p25": 0.0, "median": 0.0, "p75": 0.0, "p90": 0.0, "p95": 0.0, "p99": 0.0, "p99.9": 0.0, "max": 0.0}}}