{"load_summary": {"count": 480, "schedule_delay": {"mean": 0.0007215829073781303, "min": -0.0007294997340068221, "p0.1": -0.0006701714240480214, "p1": -0.0004944420169340447, "p5": -0.00011394843750167633, "p10": 4.257714026607575e-05, "p25": 0.0003293511981610209, "median": 0.0007234900258481503, "p75": 0.0011069105385104194, "p90": 0.0014116604812443258, "p95": 0.0015994328336091702, "p99": 0.001962071599555201, "p99.9": 0.0022228527138941083, "max": 0.0022849179804325104}, "send_duration": 59.964549829019234, "requested_rate": 8.0, "achieved_rate": 8.004729483814266}, "successes": {"count": 480, "latency": {"request_latency": {"mean": 1.0097899404615116, "min": 0.7355744449887425, "p0.1": 0.7369971679322771, "p1": 0.7470699485391379, "p5": 0.7852779133303557, "p10": 0.8160060699272436, "p25": 0.8942921884736279, "median": 0.9867553849762771, "p75": 1.0855986699752975, "p90": 1.2309573934704532, "p95": 1.3213751898321788, "p99": 1.5946712587279033, "p99.9": 1.9048347398968373, "max": 2.0330655120196752}, "normalized_time_per_output_token": {"mean": 0.03291934008023357, "min": 0.02382402061372094, "p0.1": 0.02390836469444161, "p1": 0.024301366548207887, "p5": 0.025557199501312307, "p10": 0.026505044871573187, "p25": 0.029066325389453522, "median": 0.032140906596924326, "p75": 0.03566605484698929, "p90": 0.04038553709759107, "p95": 0.04276394574656977, "p99": 0.0514410083460614, "p99.9": 0.061446281932156045, "max": 0.06558275845224759}, "time_per_output_token": {"mean": 0.01288451614607531, "min": 0.010955034822766338, "p0.1": 0.010957926414473237, "p1": 0.011006711361668777, "p5": 0.011166712603364666, "p10": 0.011232689513276602, "p25": 0.011391725496533552, "median": 0.011740537790765594, "p75": 0.013712670794179318, "p90": 0.01569819525447524, "p95": 0.017401617219213454, "p99": 0.020112525740039397, "p99.9": 0.02327505725887795, "max": 0.024721707370425124}, "time_to_first_token": {"mean": 0.20520961271358829, "min": 0.045694065978750587, "p0.1": 0.04585009018064011, "p1": 0.049787766041699794, "p5": 0.0600793036777759, "p10": 0.07141556798014789, "p25": 0.11656137873069383, "median": 0.17521023799781688, "p75": 0.2491362457512878, "p90": 0.3762115879682824, "p95": 0.4637360275024542, "p99": 0.6466337942605582, "p99.9": 0.9083520624431063, "max": 0.9722332800156437}, "inter_token_latency": {"mean": 0.01288451614607531, "min": 1.2078031431883574e-05, "p0.1": 1.4828629733528942e-05, "p1": 1.6277348040603102e-05, "p5": 3.183494263794273e-05, "p10": 3.8106588181108234e-05, "p25": 4.5659500756300986e-05, "median": 8.00440029706806e-05, "p75": 0.02427038550376892, "p90": 0.025148550397716463, "p95": 0.025708283955464137, "p99": 0.05805036856734647, "p99.9": 0.26730867510756146, "max": 0.5535315139568411}}, "throughput": {"input_tokens_per_sec": 11513.595254988195, "output_tokens_per_sec": 242.42057513278593, "total_tokens_per_sec": 11756.015830120981, "requests_per_sec": 7.897507537921627}, "prompt_len": {"mean": 1457.8770833333333, "min": 11.0, "p0.1": 12.916, "p1": 40.69, "p5": 170.70000000000002, "p10": 281.30000000000007, "p25": 749.5, "median": 1688.5, "p75": 2057.25, "p90": 2239.4, "p95": 2378.0, "p99": 2854.4299999999985, "p99.9": 7529.71700000048, "max": 10728.0}, "output_len": {"mean": 30.695833333333333, "min": 22.0, "p0.1": 22.0, "p1": 25.0, "p5": 28.0, "p10": 31.0, "p25": 31.0, "median": 31.0, "p75": 31.0, "p90": 31.0, "p95": 31.0, "p99": 31.0, "p99.9": 31.0, "max": 31.0}}, "failures": {"count": 0, "request_latency": null, "prompt_len": null}}