{"load_summary": {"count": 225, "schedule_delay": {"mean": 0.0009685561045383414, "min": -0.0005685918149538338, "p0.1": -0.0005534679708071053, "p1": -0.00023523428244516255, "p5": 3.488387446850541e-05, "p10": 0.0001870642532594502, "p25": 0.000465789926238358, "median": 0.0009192535653710365, "p75": 0.0013669386971741915, "p90": 0.0018772115348838268, "p95": 0.002111270080786198, "p99": 0.0028918086457997557, "p99.9": 0.0031006990000605594, "max": 0.0031245050486177206}, "send_duration": 24.715580043033697, "requested_rate": 9.0, "achieved_rate": 9.103569473515886}, "successes": {"count": 225, "latency": {"request_latency": {"mean": 1.1385322291856734, "min": 0.7601677579805255, "p0.1": 0.7605110615082085, "p1": 0.7699824696686118, "p5": 0.7999808775726706, "p10": 0.8263685737969354, "p25": 0.9036638649995439, "median": 1.0116959380102344, "p75": 1.2285176779842004, "p90": 1.6758498707902616, "p95": 1.8607994586112901, "p99": 2.33021841075504, "p99.9": 2.688641329686627, "max": 2.7721097620087676}, "normalized_time_per_output_token": {"mean": 0.0370541320015413, "min": 0.024521540580016953, "p0.1": 0.024532614887361564, "p1": 0.024838144182858447, "p5": 0.02612728694221005, "p10": 0.02680488327150083, "p25": 0.029303370546849984, "median": 0.03272752903191553, "p75": 0.0401477858709592, "p90": 0.05468949165512176, "p95": 0.06002578898746097, "p99": 0.07718753978183272, "p99.9": 0.08673036547376216, "max": 0.08942289554866992}, "time_per_output_token": {"mean": 0.013501084104671034, "min": 0.010908752597207505, "p0.1": 0.010915843093016697, "p1": 0.010970947169548561, "p5": 0.011140590458695266, "p10": 0.011239576315499782, "p25": 0.011450880306637696, "median": 0.012277459451598265, "p75": 0.014442484386475576, "p90": 0.01703134214190105, "p95": 0.020145742570973856, "p99": 0.02562467137708386, "p99.9": 0.027716080257556445, "max": 0.027982440015729217}, "time_to_first_token": {"mean": 0.29311544861152977, "min": 0.04794023296562955, "p0.1": 0.047956165862735364, "p1": 0.0501380096655339, "p5": 0.06137168863788247, "p10": 0.07469381940318272, "p25": 0.119976926012896, "median": 0.18044753902358934, "p75": 0.32792534498730674, "p90": 0.7834506002021953, "p95": 0.8695235492079518, "p99": 1.216077750348486, "p99.9": 1.4024881630786707, "max": 1.4296803980250843}, "inter_token_latency": {"mean": 0.013501084104671032, "min": 1.1300027836114168e-05, "p0.1": 1.3621495687402785e-05, "p1": 1.5840198029763998e-05, "p5": 2.9270249069668355e-05, "p10": 3.659101785160601e-05, "p25": 4.4026251998730004e-05, "median": 7.736950647085905e-05, "p75": 0.02434940851526335, "p90": 0.02526487542199902, "p95": 0.025867299403762443, "p99": 0.10783932786376736, "p99.9": 0.3705147477577559, "max": 0.5717731469776481}}, "throughput": {"input_tokens_per_sec": 12030.820918483505, "output_tokens_per_sec": 269.5243566675432, "total_tokens_per_sec": 12300.345275151049, "requests_per_sec": 8.764703027922709}, "prompt_len": {"mean": 1372.6444444444444, "min": 11.0, "p0.1": 18.392, "p1": 75.88, "p5": 197.8, "p10": 263.4, "p25": 580.0, "median": 1517.0, "p75": 1995.0, "p90": 2241.4, "p95": 2352.6, "p99": 3012.5999999999995, "p99.9": 5719.576000000005, "max": 5815.0}, "output_len": {"mean": 30.75111111111111, "min": 22.0, "p0.1": 22.672, "p1": 25.0, "p5": 28.0, "p10": 31.0, "p25": 31.0, "median": 31.0, "p75": 31.0, "p90": 31.0, "p95": 31.0, "p99": 31.0, "p99.9": 31.0, "max": 31.0}}, "failures": {"count": 0, "request_latency": null, "prompt_len": null}}