{"load_summary": {"count": 300, "schedule_delay": {"mean": 0.0007320806001856302, "min": -0.0007863963837735355, "p0.1": -0.0007789762019529007, "p1": -0.0005602758150780574, "p5": -0.00023246961354743686, "p10": -3.179687191732225e-05, "p25": 0.0003031809610547498, "median": 0.0007478707702830434, "p75": 0.0012110999377910048, "p90": 0.001433988567441702, "p95": 0.0015817925130249932, "p99": 0.0019269305467605584, "p99.9": 0.002358148183673624, "max": 0.0024081660085357726}, "send_duration": 59.88131595699815, "requested_rate": 5.0, "achieved_rate": 5.009909939444808}, "successes": {"count": 300, "latency": {"request_latency": {"mean": 0.9625429718136244, "min": 0.7387325009913184, "p0.1": 0.7396536796319997, "p1": 0.7440469406242483, "p5": 0.7745359264517901, "p10": 0.7945546398113947, "p25": 0.8550522404839285, "median": 0.9030366530059837, "p75": 1.0061339152453002, "p90": 1.1391828062769491, "p95": 1.229638393525966, "p99": 2.5756704506586536, "p99.9": 2.7056214456379557, "max": 2.742815448960755}, "normalized_time_per_output_token": {"mean": 0.03120965877823852, "min": 0.023929463419687724, "p0.1": 0.023951078641119474, "p1": 0.024119039740424692, "p5": 0.025157927972219524, "p10": 0.025840071136049265, "p25": 0.02761097758071452, "median": 0.029211571645705148, "p75": 0.03260827882190971, "p90": 0.03734898879155217, "p95": 0.039665754629869876, "p99": 0.083086143569634, "p99.9": 0.08727811114961148, "max": 0.08847791770841146}, "time_per_output_token": {"mean": 0.012489738345874713, "min": 0.010735012016319219, "p0.1": 0.010796511320039563, "p1": 0.011006729831485332, "p5": 0.011070233496232708, "p10": 0.011113882139925995, "p25": 0.011252531262148441, "median": 0.011485132894801697, "p75": 0.012961114189707704, "p90": 0.013977630038636796, "p95": 0.015660224690838085, "p99": 0.02486754368642341, "p99.9": 0.03894690606303258, "max": 0.039528677129231755}, "time_to_first_token": {"mean": 0.18221842043897293, "min": 0.047419940994586796, "p0.1": 0.04761924661847297, "p1": 0.049804440824664196, "p5": 0.054278601933037865, "p10": 0.06757331239641644, "p25": 0.10910383875307161, "median": 0.16846311400877312, "p75": 0.19724780549586285, "p90": 0.28392647037399005, "p95": 0.36188015328662015, "p99": 0.7072418303025186, "p99.9": 1.6187392467935235, "max": 1.958078472991474}, "inter_token_latency": {"mean": 0.012489738345874715, "min": 1.0351999662816525e-05, "p0.1": 1.4839732379186898e-05, "p1": 1.6310919309034945e-05, "p5": 3.441791050136089e-05, "p10": 3.962859627790749e-05, "p25": 4.654096846934408e-05, "median": 7.535199983976781e-05, "p75": 0.02410614100517705, "p90": 0.024951259058434518, "p95": 0.025474839855451136, "p99": 0.03150980571866865, "p99.9": 0.26566147351040914, "max": 0.6805939479963854}}, "throughput": {"input_tokens_per_sec": 7580.217204062863, "output_tokens_per_sec": 152.36782938016088, "total_tokens_per_sec": 7732.585033443024, "requests_per_sec": 4.938456008432181}, "prompt_len": {"mean": 1534.9366666666667, "min": 11.0, "p0.1": 13.392, "p1": 62.7, "p5": 227.9, "p10": 357.00000000000006, "p25": 830.75, "median": 1750.0, "p75": 2068.25, "p90": 2242.2000000000003, "p95": 2372.1, "p99": 2654.6999999999994, "p99.9": 15624.772000000401, "max": 21118.0}, "output_len": {"mean": 30.85333333333333, "min": 22.0, "p0.1": 22.897, "p1": 28.0, "p5": 31.0, "p10": 31.0, "p25": 31.0, "median": 31.0, "p75": 31.0, "p90": 31.0, "p95": 31.0, "p99": 31.0, "p99.9": 31.0, "max": 31.0}}, "failures": {"count": 0, "request_latency": null, "prompt_len": null}}