{"load_summary": {"count": 1800, "schedule_delay": {"mean": 0.0006827043828929567, "min": -0.001159227977041155, "p0.1": -0.0008188114918302744, "p1": -0.0005634810373885557, "p5": -0.0002662860235432163, "p10": -8.166569750756025e-05, "p25": 0.00025430125242564827, "median": 0.000655464653391391, "p75": 0.0010377554863225669, "p90": 0.0013712722458876672, "p95": 0.0015816622326383367, "p99": 0.002017397030140272, "p99.9": 0.008790414513787384, "max": 0.009868860244750977}, "send_duration": 59.90799120999873, "requested_rate": 30.0, "achieved_rate": 30.04607505016088}, "successes": {"count": 1800, "latency": {"request_latency": {"mean": 4.218986800850317, "min": 0.8547392440377735, "p0.1": 0.9221489435812691, "p1": 1.1643186561547918, "p5": 1.545635744408355, "p10": 2.053410242602695, "p25": 2.7253086645068834, "median": 3.924772110505728, "p75": 5.182126969724777, "p90": 7.011335620435421, "p95": 8.35847359294712, "p99": 10.359454859956168, "p99.9": 10.544123777383648, "max": 10.549825185036752}, "normalized_time_per_output_token": {"mean": 0.13720323352066618, "min": 0.027572233678637852, "p0.1": 0.02974674011552481, "p1": 0.037920875223259626, "p5": 0.04985921756155984, "p10": 0.06637493820385867, "p25": 0.08831449029798198, "median": 0.12701790101615892, "p75": 0.16849522627593294, "p90": 0.22646522640021546, "p95": 0.2732421509105704, "p99": 0.33445037871204886, "p99.9": 0.37122762222005723, "max": 0.3762127246424955}, "time_per_output_token": {"mean": 0.04502651845373186, "min": 0.011417952177467786, "p0.1": 0.011576080706943158, "p1": 0.011831599166729457, "p5": 0.012219707047071067, "p10": 0.01277216807591744, "p25": 0.021210436665100016, "median": 0.03713266649978205, "p75": 0.061026056407671045, "p90": 0.08695488125714854, "p95": 0.1097766963317671, "p99": 0.14592093264245648, "p99.9": 0.16854070227335757, "max": 0.16867378638632927}, "time_to_first_token": {"mean": 1.4208265857901683, "min": 0.045726161042694, "p0.1": 0.04844792173127644, "p1": 0.06496037513716146, "p5": 0.17118364566122182, "p10": 0.32443901580991225, "p25": 0.7018872859916883, "median": 1.2710848054848611, "p75": 1.9435450385062722, "p90": 2.8299933955364414, "p95": 3.2514539288880764, "p99": 4.054572092675953, "p99.9": 4.254535406777987, "max": 4.265079381992109}, "inter_token_latency": {"mean": 0.04502651845373186, "min": 9.330979082733393e-06, "p0.1": 1.1930205277167261e-05, "p1": 1.4296955778263509e-05, "p5": 1.804986968636513e-05, "p10": 2.398578217253089e-05, "p25": 3.9103018934838474e-05, "median": 9.367550956085324e-05, "p75": 0.02675553002336528, "p90": 0.0314115457062144, "p95": 0.5380317734408889, "p99": 0.5818590890860651, "p99.9": 0.5908473274488936, "max": 0.8350309139932506}}, "throughput": {"input_tokens_per_sec": 41754.123074227464, "output_tokens_per_sec": 886.7549283479483, "total_tokens_per_sec": 42640.87800257541, "requests_per_sec": 28.812572133042835}, "prompt_len": {"mean": 1449.1633333333334, "min": 3.0, "p0.1": 11.0, "p1": 41.99, "p5": 205.85000000000002, "p10": 313.0, "p25": 727.75, "median": 1719.5, "p75": 2022.25, "p90": 2216.2000000000003, "p95": 2351.05, "p99": 2832.979999999999, "p99.9": 6480.486000000072, "max": 12406.0}, "output_len": {"mean": 30.776666666666667, "min": 22.0, "p0.1": 22.0, "p1": 26.0, "p5": 28.0, "p10": 31.0, "p25": 31.0, "median": 31.0, "p75": 31.0, "p90": 31.0, "p95": 31.0, "p99": 31.0, "p99.9": 31.0, "max": 31.0}}, "failures": {"count": 0, "request_latency": null, "prompt_len": null}}