{"load_summary": {"count": 120, "schedule_delay": {"mean": 0.0008439747990147832, "min": -0.00046764547005295753, "p0.1": -0.000466995571332518, "p1": -0.0004571923182811588, "p5": -0.00020259256998542697, "p10": 2.115414245054128e-05, "p25": 0.0005123073351569474, "median": 0.0008790567808318883, "p75": 0.0012636064202524722, "p90": 0.001525501650758088, "p95": 0.0016765691863838584, "p99": 0.00186259399401024, "p99.9": 0.0020748041934566604, "max": 0.0021010158816352487}, "send_duration": 59.46868139796425, "requested_rate": 2.0, "achieved_rate": 2.017868854312749}, "successes": {"count": 120, "latency": {"request_latency": {"mean": 0.8476938410987107, "min": 0.7368678599596024, "p0.1": 0.7374542285362841, "p1": 0.7429604009096511, "p5": 0.7540567341871792, "p10": 0.7577463159046601, "p25": 0.7920794767560437, "median": 0.8484212960174773, "p75": 0.8807091977505479, "p90": 0.922370493458584, "p95": 0.9731413397821597, "p99": 1.0507737109798472, "p99.9": 1.0573795685559744, "max": 1.0578621120075695}, "normalized_time_per_output_token": {"mean": 0.027546981738688255, "min": 0.023769930966438785, "p0.1": 0.023788846081815616, "p1": 0.023966464545472615, "p5": 0.02434906852140557, "p10": 0.024666646842266462, "p25": 0.025717469242085973, "median": 0.02765813395249537, "p75": 0.02861438229052921, "p90": 0.03056269419049063, "p95": 0.03270615766413375, "p99": 0.03389592616064024, "p99.9": 0.0341090183405153, "max": 0.03412458425830869}, "time_per_output_token": {"mean": 0.011389839194664327, "min": 0.01087323609728276, "p0.1": 0.010886062923036777, "p1": 0.010985776418181617, "p5": 0.011028764320954289, "p10": 0.011065280305000112, "p25": 0.011148675766420521, "median": 0.011259249072604543, "p75": 0.01139147750396777, "p90": 0.011561105109661097, "p95": 0.012270482834437936, "p99": 0.013982032795048003, "p99.9": 0.01409077065112351, "max": 0.014102673081065258}, "time_to_first_token": {"mean": 0.13612140559853286, "min": 0.04863532801391557, "p0.1": 0.04893818074837327, "p1": 0.05120462555554695, "p5": 0.05538219509180635, "p10": 0.059881590201985094, "p25": 0.08643418324936647, "median": 0.15287790200090967, "p75": 0.1723969892336754, "p90": 0.1964315016695764, "p95": 0.21102384944097138, "p99": 0.25612231008533853, "p99.9": 0.2979458452131955, "max": 0.30358795495703816}, "inter_token_latency": {"mean": 0.011389839194664327, "min": 1.2079020962119102e-05, "p0.1": 1.5141315991058946e-05, "p1": 1.62815279327333e-05, "p5": 3.7804152816534044e-05, "p10": 4.3821189319714907e-05, "p25": 4.7874520532786846e-05, "median": 7.801203173585236e-05, "p75": 0.023926445268443786, "p90": 0.024758146703243257, "p95": 0.02522310619242489, "p99": 0.0268367582571227, "p99.9": 0.07751010435167713, "max": 0.18222406198037788}}, "throughput": {"input_tokens_per_sec": 2799.624820422675, "output_tokens_per_sec": 61.23790860714391, "total_tokens_per_sec": 2860.862729029819, "requests_per_sec": 1.9887818762807221}, "prompt_len": {"mean": 1407.7083333333333, "min": 65.0, "p0.1": 68.689, "p1": 96.19, "p5": 231.25, "p10": 368.9, "p25": 716.0, "median": 1609.0, "p75": 1978.5, "p90": 2217.5000000000005, "p95": 2509.9, "p99": 2800.8000000000006, "p99.9": 2859.286, "max": 2860.0}, "output_len": {"mean": 30.791666666666668, "min": 25.0, "p0.1": 25.357, "p1": 28.0, "p5": 28.95, "p10": 31.0, "p25": 31.0, "median": 31.0, "p75": 31.0, "p90": 31.0, "p95": 31.0, "p99": 31.0, "p99.9": 31.0, "max": 31.0}}, "failures": {"count": 0, "request_latency": null, "prompt_len": null}}