{
    "load_summary": {
        "count": 2400,
        "schedule_delay": {
            "mean": 0.0008767329404508928,
            "min": -0.0010234921937808394,
            "p0.1": -0.0008264405294903554,
            "p1": -0.0005080844595795497,
            "p5": -0.0002070047950837761,
            "p10": -1.4481367543339709e-05,
            "p25": 0.0002940674894489348,
            "median": 0.0006782780401408672,
            "p75": 0.0010709186608437449,
            "p90": 0.0014002232288476079,
            "p95": 0.0015695286710979417,
            "p99": 0.0021239733073161846,
            "p99.9": 0.012308514309814297,
            "max": 0.38164740131469443
        },
        "send_duration": 59.97841550502926,
        "requested_rate": 40.0,
        "achieved_rate": 40.01439484173698
    },
    "successes": {
        "count": 2399,
        "latency": {
            "request_latency": {
                "mean": 16.645552012142144,
                "min": 1.1503112629870884,
                "p0.1": 1.175990883078077,
                "p1": 2.699372452304233,
                "p5": 7.652758587512653,
                "p10": 8.413145288988016,
                "p25": 13.892676733492408,
                "median": 18.498423952958547,
                "p75": 19.957775996008422,
                "p90": 21.22235322940396,
                "p95": 21.8823282602767,
                "p99": 23.05784522025031,
                "p99.9": 24.09099703395041,
                "max": 24.133484924968798
            },
            "normalized_time_per_output_token": {
                "mean": 0.5427770550459384,
                "min": 0.037106814935067366,
                "p0.1": 0.037935189776712154,
                "p1": 0.08707653071949138,
                "p5": 0.24698978616206366,
                "p10": 0.2727441626199101,
                "p25": 0.4486595348055069,
                "median": 0.6010559730648604,
                "p75": 0.6517685496449215,
                "p90": 0.6935687512846574,
                "p95": 0.7177773454264106,
                "p99": 0.7707313103840401,
                "p99.9": 0.935292293497038,
                "max": 1.3097799963725265
            },
            "time_per_output_token": {
                "mean": 0.2175985294443758,
                "min": 0.01164356772618879,
                "p0.1": 0.012123431274823229,
                "p1": 0.015607969314611007,
                "p5": 0.04022889927277463,
                "p10": 0.07997979906748139,
                "p25": 0.1764254905081602,
                "median": 0.268973639209552,
                "p75": 0.2738572722662338,
                "p90": 0.2759339972002987,
                "p95": 0.27658012943659654,
                "p99": 0.27782580150524155,
                "p99.9": 0.27799249936025705,
                "max": 0.27808681729009316
            },
            "time_to_first_token": {
                "mean": 3.146985841107529,
                "min": 0.046311747981235385,
                "p0.1": 0.07037273259751964,
                "p1": 0.3139528720767703,
                "p5": 0.8190448633336929,
                "p10": 1.1668500904226675,
                "p25": 1.9247739664861,
                "median": 3.0179501930251718,
                "p75": 4.206608353502816,
                "p90": 5.40251303461846,
                "p95": 6.045426724507705,
                "p99": 7.100935316295363,
                "p99.9": 8.134050856482588,
                "max": 8.224678955972195
            },
            "inter_token_latency": {
                "mean": 0.2175985294443758,
                "min": 7.571012247353792e-06,
                "p0.1": 1.0977696045301855e-05,
                "p1": 1.2777376687154174e-05,
                "p5": 1.6767848865129054e-05,
                "p10": 2.1853018552064896e-05,
                "p25": 3.363129508215934e-05,
                "median": 0.00010382101754657924,
                "p75": 0.5810950319864787,
                "p90": 0.5899812096031383,
                "p95": 0.5926466532924678,
                "p99": 0.6007515447738115,
                "p99.9": 0.7121157714532456,
                "max": 0.9810417619883083
            }
        },
        "throughput": {
            "input_tokens_per_sec": 50478.08868757551,
            "output_tokens_per_sec": 1105.1522404590946,
            "total_tokens_per_sec": 51583.240928034604,
            "requests_per_sec": 35.96489629210461
        },
        "prompt_len": {
            "mean": 1403.5377240516882,
            "min": 7.0,
            "p0.1": 9.398,
            "p1": 32.900000000000006,
            "p5": 200.9,
            "p10": 312.0,
            "p25": 685.0,
            "median": 1554.0,
            "p75": 2016.5,
            "p90": 2211.2000000000003,
            "p95": 2335.2,
            "p99": 2703.3999999999987,
            "p99.9": 7442.4420000018745,
            "max": 22278.0
        },
        "output_len": {
            "mean": 30.72863693205502,
            "min": 16.0,
            "p0.1": 19.398,
            "p1": 25.0,
            "p5": 28.0,
            "p10": 31.0,
            "p25": 31.0,
            "median": 31.0,
            "p75": 31.0,
            "p90": 31.0,
            "p95": 31.0,
            "p99": 31.0,
            "p99.9": 31.0,
            "max": 31.0
        }
    },
    "failures": {
        "count": 1,
        "request_latency": {
            "mean": 1.2477460299851373,
            "min": 1.2477460299851373,
            "p0.1": 1.2477460299851373,
            "p1": 1.2477460299851373,
            "p5": 1.2477460299851373,
            "p10": 1.2477460299851373,
            "p25": 1.2477460299851373,
            "median": 1.2477460299851373,
            "p75": 1.2477460299851373,
            "p90": 1.2477460299851373,
            "p95": 1.2477460299851373,
            "p99": 1.2477460299851373,
            "p99.9": 1.2477460299851373,
            "max": 1.2477460299851373
        },
        "prompt_len": {
            "mean": 161289.0,
            "min": 161289.0,
            "p0.1": 161289.0,
            "p1": 161289.0,
            "p5": 161289.0,
            "p10": 161289.0,
            "p25": 161289.0,
            "median": 161289.0,
            "p75": 161289.0,
            "p90": 161289.0,
            "p95": 161289.0,
            "p99": 161289.0,
            "p99.9": 161289.0,
            "max": 161289.0
        }
    }
}