{"load_summary": {"count": 1200, "schedule_delay": {"mean": 0.0007412988734722603, "min": -0.0011439256486482918, "p0.1": -0.000827573366696015, "p1": -0.0005545310355955735, "p5": -0.00018936924752779304, "p10": -1.235796953551466e-05, "p25": 0.00035242000012658536, "median": 0.0007448473479598761, "p75": 0.0011208658397663385, "p90": 0.0014307680889032786, "p95": 0.0016794514638604594, "p99": 0.0020878828503191472, "p99.9": 0.005825967721291902, "max": 0.006263493502046913}, "send_duration": 59.94787783297943, "requested_rate": 20.0, "achieved_rate": 20.017389161686687}, "successes": {"count": 1200, "latency": {"request_latency": {"mean": 1.780255849060486, "min": 0.7843802710413001, "p0.1": 0.7961546079805703, "p1": 0.8609198163519614, "p5": 0.9919695166259771, "p10": 1.0926937719166745, "p25": 1.29354124875681, "median": 1.679945564479567, "p75": 2.103337010019459, "p90": 2.622194570192369, "p95": 3.1550095084734484, "p99": 3.5965173396840693, "p99.9": 3.7998687548206074, "max": 3.806102587026544}, "normalized_time_per_output_token": {"mean": 0.05823220331988075, "min": 0.025302589388429036, "p0.1": 0.02572500613854537, "p1": 0.02823194778407924, "p5": 0.03228776555065375, "p10": 0.03554532762312691, "p25": 0.04227785129032488, "median": 0.054985145305944304, "p75": 0.06841121678242475, "p90": 0.08539113839825377, "p95": 0.10398907239056912, "p99": 0.11894919904859569, "p99.9": 0.1537777853330767, "max": 0.15626999305401879}, "time_per_output_token": {"mean": 0.01881108460166136, "min": 0.011405017693534554, "p0.1": 0.011408435312162657, "p1": 0.011515085052205025, "p5": 0.011637784237926451, "p10": 0.01171071932401373, "p25": 0.012130040769754429, "median": 0.015999590492180187, "p75": 0.022773935782043415, "p90": 0.03032463610288687, "p95": 0.03391180864019853, "p99": 0.051257108442030935, "p99.9": 0.05633340041331324, "max": 0.060148973806550904}, "time_to_first_token": {"mean": 0.6076709520697477, "min": 0.041356287023518234, "p0.1": 0.04506771694321651, "p1": 0.050477246938389723, "p5": 0.09238244850130287, "p10": 0.140055160864722, "p25": 0.2270465087494813, "median": 0.49429379001958296, "p75": 0.8554406552721048, "p90": 1.21619954991038, "p95": 1.4722849209676496, "p99": 2.120919434936368, "p99.9": 2.2430114319450807, "max": 2.2605790399829857}, "inter_token_latency": {"mean": 0.018811084601661362, "min": 1.1215044651180506e-05, "p0.1": 1.2895207444671542e-05, "p1": 1.5159943141043186e-05, "p5": 1.8369988538324833e-05, "p10": 2.7445907471701508e-05, "p25": 4.048772098030895e-05, "median": 7.780047599226236e-05, "p75": 0.02512865023163613, "p90": 0.026209630112862214, "p95": 0.02710630737419706, "p99": 0.3372080771601757, "p99.9": 0.5784015333824213, "max": 0.8135786690399982}}, "throughput": {"input_tokens_per_sec": 28660.88440262349, "output_tokens_per_sec": 605.657215154598, "total_tokens_per_sec": 29266.541617778086, "requests_per_sec": 19.7496917985195}, "prompt_len": {"mean": 1451.2066666666667, "min": 7.0, "p0.1": 11.0, "p1": 47.99, "p5": 218.95, "p10": 338.8, "p25": 733.75, "median": 1713.0, "p75": 2038.0, "p90": 2232.0, "p95": 2358.05, "p99": 2566.22, "p99.9": 5454.798000000221, "max": 10309.0}, "output_len": {"mean": 30.666666666666668, "min": 19.0, "p0.1": 19.0, "p1": 23.990000000000002, "p5": 28.0, "p10": 31.0, "p25": 31.0, "median": 31.0, "p75": 31.0, "p90": 31.0, "p95": 31.0, "p99": 31.0, "p99.9": 31.0, "max": 31.0}}, "failures": {"count": 0, "request_latency": null, "prompt_len": null}}