{"load_summary": {"count": 900, "schedule_delay": {"mean": 0.0007490347623954423, "min": -0.0007468073745258152, "p0.1": -0.0007330701522296295, "p1": -0.00048607506847474723, "p5": -0.00016537515912204976, "p10": 2.358506317250432e-05, "p25": 0.00033734193129930645, "median": 0.0007396138389594853, "p75": 0.0011360031785443425, "p90": 0.0014499628741759807, "p95": 0.0016470874106744304, "p99": 0.001930715872440487, "p99.9": 0.0032388568841278647, "max": 0.009993395418860018}, "send_duration": 59.96348563901847, "requested_rate": 15.0, "achieved_rate": 15.00913414903897}, "successes": {"count": 900, "latency": {"request_latency": {"mean": 1.4497809918341873, "min": 0.754925744025968, "p0.1": 0.7585442091114819, "p1": 0.815347793296678, "p5": 0.9227371614280855, "p10": 0.991638971917564, "p25": 1.1086466829729034, "median": 1.3147123379749246, "p75": 1.6963796292402549, "p90": 2.13827197002247, "p95": 2.295298856651061, "p99": 2.598330176431336, "p99.9": 2.8057242681803314, "max": 2.910426357993856}, "normalized_time_per_output_token": {"mean": 0.0470792461344568, "min": 0.024876382708879968, "p0.1": 0.02488845213151522, "p1": 0.02675421459252961, "p5": 0.029831077940311406, "p10": 0.032013714992659044, "p25": 0.036076963805469625, "median": 0.04289797495115519, "p75": 0.05486706652370612, "p90": 0.06916599987758204, "p95": 0.0742627996098881, "p99": 0.08495924427863698, "p99.9": 0.09050723445743004, "max": 0.09388472122560826}, "time_per_output_token": {"mean": 0.01620535369535806, "min": 0.011218402870825582, "p0.1": 0.011228920417034157, "p1": 0.011359968021241647, "p5": 0.011472960219543893, "p10": 0.011560959072742282, "p25": 0.011839440774272061, "median": 0.014100142096961667, "p75": 0.01829532764085959, "p90": 0.02437273090923085, "p95": 0.029394204958178658, "p99": 0.035968608754957394, "p99.9": 0.04157959088535946, "max": 0.04369484483838953}, "time_to_first_token": {"mean": 0.4386918727094437, "min": 0.043671828985679895, "p0.1": 0.04492305718932767, "p1": 0.050232018413953486, "p5": 0.07247883373056539, "p10": 0.10629678644472736, "p25": 0.18134527625807095, "median": 0.3524819004815072, "p75": 0.6130235934688244, "p90": 0.9115456780127715, "p95": 1.1791845656436635, "p99": 1.4407971683354117, "p99.9": 1.6915419398074847, "max": 1.7800982450135052}, "inter_token_latency": {"mean": 0.01620535369535806, "min": 1.017499016597867e-05, "p0.1": 1.3218392967246472e-05, "p1": 1.5649935230612756e-05, "p5": 2.134696987923235e-05, "p10": 3.4002994652837515e-05, "p25": 4.2335508624091744e-05, "median": 7.743050809949636e-05, "p75": 0.024819756217766553, "p90": 0.025840455066645517, "p95": 0.02663111907895654, "p99": 0.1721968690358344, "p99.9": 0.5718922837142018, "max": 0.6866996859898791}}, "throughput": {"input_tokens_per_sec": 22696.448816971304, "output_tokens_per_sec": 455.08499268691224, "total_tokens_per_sec": 23151.533809658216, "requests_per_sec": 14.774420800022403}, "prompt_len": {"mean": 1536.1988888888889, "min": 11.0, "p0.1": 11.0, "p1": 42.99, "p5": 161.0, "p10": 307.70000000000005, "p25": 781.75, "median": 1830.5, "p75": 2090.5, "p90": 2298.1, "p95": 2453.2, "p99": 3104.1899999999996, "p99.9": 7898.550000001415, "max": 19181.0}, "output_len": {"mean": 30.802222222222223, "min": 19.0, "p0.1": 21.697, "p1": 28.0, "p5": 29.0, "p10": 31.0, "p25": 31.0, "median": 31.0, "p75": 31.0, "p90": 31.0, "p95": 31.0, "p99": 31.0, "p99.9": 31.0, "max": 31.0}}, "failures": {"count": 0, "request_latency": null, "prompt_len": null}}