{"load_summary": {"count": 600, "schedule_delay": {"mean": 0.000835970120000032, "min": -0.0007097544730640948, "p0.1": -0.000701948864851147, "p1": -0.0003675482503604144, "p5": -7.592732436023651e-05, "p10": 9.549845126457513e-05, "p25": 0.00041041533404495567, "median": 0.0007765027694404125, "p75": 0.0011870103480760008, "p90": 0.001573445968097076, "p95": 0.001796019126777536, "p99": 0.002512873304658569, "p99.9": 0.00601388769462952, "max": 0.007305111445020884}, "send_duration": 59.989246704033576, "requested_rate": 10.0, "achieved_rate": 10.001792537255797}, "successes": {"count": 600, "latency": {"request_latency": {"mean": 1.0879156809855097, "min": 0.7370737430173904, "p0.1": 0.7483065354297287, "p1": 0.7687759670271771, "p5": 0.8123515805666102, "p10": 0.8420797848026268, "p25": 0.9088767132343492, "median": 1.016586506011663, "p75": 1.1736575755348895, "p90": 1.450980433827499, "p95": 1.6004280434310203, "p99": 1.997907573244301, "p99.9": 2.1769853955846648, "max": 2.194881490955595}, "normalized_time_per_output_token": {"mean": 0.03527046108191079, "min": 0.023776572355399688, "p0.1": 0.024138920497733182, "p1": 0.024802563468786707, "p5": 0.02631647486761663, "p10": 0.02722320279684819, "p25": 0.029482270573123148, "median": 0.03299923493496833, "p75": 0.038208151951098, "p90": 0.046928319254619696, "p95": 0.05221221311836533, "p99": 0.06444863139497746, "p99.9": 0.0702253353414408, "max": 0.07080262874050307}, "time_per_output_token": {"mean": 0.013364048877525049, "min": 0.010912641338373144, "p0.1": 0.010937720802194822, "p1": 0.011049727131143182, "p5": 0.011193734749347994, "p10": 0.011319002182309275, "p25": 0.011476824774065114, "median": 0.012157962427497091, "p75": 0.014134343165243346, "p90": 0.016357975651795465, "p95": 0.019551499246200924, "p99": 0.024957787103964114, "p99.9": 0.030388138983966903, "max": 0.03245862908079289}, "time_to_first_token": {"mean": 0.2534186782465743, "min": 0.039525690022856, "p0.1": 0.04421369702677475, "p1": 0.05001089483033866, "p5": 0.061554661064292304, "p10": 0.07488550014095381, "p25": 0.1280247492250055, "median": 0.18535523550235666, "p75": 0.3152921272412641, "p90": 0.5437199186941143, "p95": 0.6602177262277106, "p99": 0.9069410369120304, "p99.9": 1.250463759706007, "max": 1.256200197036378}, "inter_token_latency": {"mean": 0.013364048877525049, "min": 1.2250966392457485e-05, "p0.1": 1.4302186667919159e-05, "p1": 1.611198706086725e-05, "p5": 3.032591484952718e-05, "p10": 3.766189329326153e-05, "p25": 4.49907238362357e-05, "median": 7.995948544703424e-05, "p75": 0.024315483242389746, "p90": 0.02519989699940197, "p95": 0.025828407041262835, "p99": 0.09126724965405504, "p99.9": 0.36802788218017723, "max": 0.5773082530358806}}, "throughput": {"input_tokens_per_sec": 13982.437062559658, "output_tokens_per_sec": 300.1199221110111, "total_tokens_per_sec": 14282.55698467067, "requests_per_sec": 9.726258683515537}, "prompt_len": {"mean": 1437.5966666666666, "min": 12.0, "p0.1": 26.975, "p1": 88.89, "p5": 270.0, "p10": 377.0, "p25": 734.75, "median": 1631.5, "p75": 2013.75, "p90": 2207.6000000000004, "p95": 2343.2999999999997, "p99": 2619.959999999999, "p99.9": 5793.791000000363, "max": 9023.0}, "output_len": {"mean": 30.856666666666666, "min": 25.0, "p0.1": 25.599, "p1": 28.0, "p5": 31.0, "p10": 31.0, "p25": 31.0, "median": 31.0, "p75": 31.0, "p90": 31.0, "p95": 31.0, "p99": 31.0, "p99.9": 31.0, "max": 31.0}}, "failures": {"count": 0, "request_latency": null, "prompt_len": null}}