{"load_summary": {}, "successes": {"count": 1508, "rate": 7.113208, "prompt_len": {"mean": 0, "rate": 55385.007083}, "output_len": {"mean": 0, "rate": 7115.150434}, "queue_len": {"mean": 0}, "request_latency": {"mean": 97.75703, "median": 99.881657, "p90": 209.013699, "p99": 236.90137}, "time_to_first_token": {"mean": 45.964392, "median": 55.841584, "p90": 136.633962, "p99": 157.663396}, "time_per_output_token": {"mean": 0.050746, "median": 0.037751, "p90": 0.048039, "p99": 0.604315}, "kv_cache_usage_percentage": {"mean": 0.0, "median": 0.0, "p90": 0.0, "p99": 0.0}, "num_requests_swapped": {"mean": 0}, "num_preemptions_total": {"mean": 0}, "prefix_cache_hit_percent": {"mean": 59.32062567804397}}, "failures": {}}