{"load_summary": {}, "successes": {"count": 760, "rate": 7.755102, "prompt_len": {"mean": 0, "rate": 61709.151863}, "output_len": {"mean": 0, "rate": 7787.941727}, "queue_len": {"mean": 0}, "request_latency": {"mean": 41.293738, "median": 42.41517, "p90": 48.483034, "p99": 49.848303}, "time_to_first_token": {"mean": 0.185599, "median": 0.148684, "p90": 0.426071, "p99": 1.580385}, "time_per_output_token": {"mean": 0.041255, "median": 0.037887, "p90": 0.048434, "p99": 0.143962}, "kv_cache_usage_percentage": {"mean": 0.0, "median": 0.0, "p90": 0.0, "p99": 0.0}, "num_requests_swapped": {"mean": 0}, "num_preemptions_total": {"mean": 0}, "prefix_cache_hit_percent": {"mean": 86.93124156573472}}, "failures": {}}