{"load_summary": {"count": 1548, "schedule_delay": {"mean": 0.0019928876697735557, "min": -0.0010812485124915838, "p0.1": -0.000592610368039459, "p1": -0.00027013265760615467, "p5": 9.00669256225233e-06, "p10": 0.00019695924129337075, "p25": 0.0005189657676964998, "median": 0.0009057876886799932, "p75": 0.001325944613199681, "p90": 0.0017358470009639858, "p95": 0.0020069307065568864, "p99": 0.004103671396151174, "p99.9": 0.17229568183515526, "max": 0.19105661776848137}, "send_duration": 35.861195236910135, "requested_rate": 43.0, "achieved_rate": 43.16643630457473}, "successes": {"count": 1548, "latency": {"request_latency": {"mean": 89.70106638644991, "min": 47.453905660891905, "p0.1": 47.79753300224897, "p1": 48.98432630833704, "p5": 50.65252514430322, "p10": 51.7645289542852, "p25": 54.530862541287206, "median": 92.26950627111364, "p75": 119.1593959137681, "p90": 127.89621277772821, "p95": 130.99830254520057, "p99": 145.5175970156933, "p99.9": 149.08226352702164, "max": 149.4763902630657}, "normalized_time_per_output_token": {"mean": 0.18583028269489807, "min": 0.02479711492533311, "p0.1": 0.035703774302888534, "p1": 0.04908216696352397, "p5": 0.05087050323829099, "p10": 0.052094580171373674, "p25": 0.05550400325751439, "median": 0.09361573552421175, "p75": 0.12201818623407883, "p90": 0.1339401831536588, "p95": 0.1763101817173003, "p99": 3.155264642558544, "p99.9": 4.48881764290347, "max": 26.329307679086924}, "time_per_output_token": {"mean": 0.026118346382657275, "min": 0.01253823747126286, "p0.1": 0.012544597416286073, "p1": 0.01335569210404154, "p5": 0.018220277949804624, "p10": 0.019753360382685235, "p25": 0.02387936433051377, "median": 0.025351743987025596, "p75": 0.026626714392999667, "p90": 0.03467024212209987, "p95": 0.04066754301927557, "p99": 0.04457966118381344, "p99.9": 0.04710091967267985, "max": 0.04756641693702754}, "time_to_first_token": {"mean": 37.37425337965271, "min": 0.06442920211702585, "p0.1": 0.06487933403858916, "p1": 0.15015025264583529, "p5": 0.18661736181238667, "p10": 0.2778218018822372, "p25": 0.838825722457841, "median": 40.770733185927384, "p75": 77.87859917426249, "p90": 82.35610819216818, "p95": 83.96142166778445, "p99": 117.67904949765419, "p99.9": 122.81642860697423, "max": 123.23774261400104}, "inter_token_latency": {"mean": 0.026118346382657268, "min": 2.2740568965673447e-06, "p0.1": 3.0815573409199715e-06, "p1": 1.3488112017512321e-05, "p5": 2.0510051399469376e-05, "p10": 2.5952653959393512e-05, "p25": 4.157889634370804e-05, "median": 0.0003138594329357147, "p75": 0.03803298284765333, "p90": 0.0425083771115169, "p95": 0.04410989850293845, "p99": 0.19756668685236684, "p99.9": 0.6307553205960482, "max": 42.2434191100765}}, "throughput": {"input_tokens_per_sec": 63390.848314083276, "output_tokens_per_sec": 7908.328967858577, "total_tokens_per_sec": 71299.17728194185, "requests_per_sec": 8.363588023152436}, "prompt_len": {"mean": 7579.384366925065, "min": 7501.0, "p0.1": 7505.923, "p1": 7521.47, "p5": 7537.0, "p10": 7545.7, "p25": 7560.75, "median": 7579.0, "p75": 7598.0, "p90": 7616.0, "p95": 7624.0, "p99": 7640.53, "p99.9": 7651.906000000001, "max": 7653.0}, "output_len": {"mean": 945.5665374677003, "min": 2.0, "p0.1": 26.094, "p1": 33.0, "p5": 512.2500000000001, "p10": 948.7, "p25": 992.0, "median": 998.0, "p75": 1000.0, "p90": 1000.0, "p95": 1000.0, "p99": 1001.0, "p99.9": 1997.4530000000002, "max": 1999.0}}, "failures": {"count": 0, "request_latency": null, "prompt_len": null}}