{"load_summary": {"count": 735, "schedule_delay": {"mean": 0.0009613716005518728, "min": -0.0006553179118782282, "p0.1": -0.0005190287111327052, "p1": -0.0002941222721710801, "p5": 6.477180868387227e-05, "p10": 0.0002714357804507017, "p25": 0.0005777071928605437, "median": 0.0009364660363644361, "p75": 0.0013054006267338991, "p90": 0.0016794867813587188, "p95": 0.0018967601004987954, "p99": 0.0023226743191480637, "p99.9": 0.0032855222518555992, "max": 0.003451868426054716}, "send_duration": 20.408927410142496, "requested_rate": 35.0, "achieved_rate": 36.0136515373528}, "successes": {"count": 735, "latency": {"request_latency": {"mean": 53.16073622821805, "min": 42.82406691717915, "p0.1": 42.90700223329384, "p1": 43.52137617202941, "p5": 47.24998932087328, "p10": 48.31568608270027, "p25": 49.9017662149854, "median": 51.93961871601641, "p75": 54.6120897870278, "p90": 61.349275501538074, "p95": 64.79587145824917, "p99": 68.76534797613974, "p99.9": 70.18291622959272, "max": 70.92746538389474}, "normalized_time_per_output_token": {"mean": 0.12452845678439314, "min": 0.04282406691717915, "p0.1": 0.04314332479159282, "p1": 0.04410062132407434, "p5": 0.047774177913067, "p10": 0.04873142647491768, "p25": 0.050382383170810535, "median": 0.05269800033490173, "p75": 0.05727468055561086, "p90": 0.06648220941974975, "p95": 0.15474761335752163, "p99": 1.5543232019853799, "p99.9": 4.786269175613007, "max": 12.654488595260773}, "time_per_output_token": {"mean": 0.02600893239985603, "min": 0.013037882317304388, "p0.1": 0.013058252647364123, "p1": 0.013418346397305974, "p5": 0.022626100271776868, "p10": 0.023759243225931065, "p25": 0.024660609634956164, "median": 0.025515068579220337, "p75": 0.02697749778439618, "p90": 0.02983507452670416, "p95": 0.031463273422748794, "p99": 0.03384027503448995, "p99.9": 0.03461441678909245, "max": 0.03474691183004214}, "time_to_first_token": {"mean": 1.0515652255706338, "min": 0.12798209604807198, "p0.1": 0.1314967243289575, "p1": 0.14338557637762278, "p5": 0.16114474658388644, "p10": 0.1710674550384283, "p25": 0.19328427303116769, "median": 0.30411367397755384, "p75": 0.6157028304878622, "p90": 1.3870435016695415, "p95": 2.03013855649624, "p99": 38.65831441978458, "p99.9": 42.50468501641049, "max": 43.129340811865404}, "inter_token_latency": {"mean": 0.026008932399856032, "min": 2.3099128156900406e-06, "p0.1": 2.94710835441947e-06, "p1": 1.3089971616864204e-05, "p5": 2.043694257736206e-05, "p10": 2.5949906557798386e-05, "p25": 4.134001210331917e-05, "median": 0.00028055114671587944, "p75": 0.041725401883013546, "p90": 0.04427493279799819, "p95": 0.04663319035898895, "p99": 0.13557878093793968, "p99.9": 0.6181894387751818, "max": 41.558285288047045}}, "throughput": {"input_tokens_per_sec": 60991.15401417162, "output_tokens_per_sec": 7537.02854843794, "total_tokens_per_sec": 68528.18256260955, "requests_per_sec": 8.047175693235648}, "prompt_len": {"mean": 7579.2, "min": 7501.0, "p0.1": 7507.606, "p1": 7521.34, "p5": 7537.0, "p10": 7545.4, "p25": 7560.0, "median": 7578.0, "p75": 7598.0, "p90": 7616.0, "p95": 7624.0, "p99": 7640.0, "p99.9": 7651.532, "max": 7653.0}, "output_len": {"mean": 936.6054421768707, "min": 4.0, "p0.1": 25.286, "p1": 33.0, "p5": 358.0, "p10": 940.2, "p25": 992.0, "median": 997.0, "p75": 1000.0, "p90": 1000.0, "p95": 1000.0, "p99": 1000.0, "p99.9": 1001.5320000000002, "max": 1003.0}}, "failures": {"count": 0, "request_latency": null, "prompt_len": null}}