{"load_summary": {}, "successes": {"count": 1500, "rate": 7.009346, "prompt_len": {"mean": 0, "rate": 50809.294875}, "output_len": {"mean": 0, "rate": 7006.268288}, "queue_len": {"mean": 0}, "request_latency": {"mean": 101.217445, "median": 100.838323, "p90": 209.491525, "p99": 236.949153}, "time_to_first_token": {"mean": 53.425784, "median": 63.608247, "p90": 139.44086, "p99": 157.944086}, "time_per_output_token": {"mean": 0.049974, "median": 0.037729, "p90": 0.048034, "p99": 0.60914}, "kv_cache_usage_percentage": {"mean": 0.0, "median": 0.0, "p90": 0.0, "p99": 0.0}, "num_requests_swapped": {"mean": 0}, "num_preemptions_total": {"mean": 0}, "prefix_cache_hit_percent": {"mean": 59.94047419850313}}, "failures": {}}