{"load_summary": {}, "successes": {"count": 1518, "rate": 7.368932, "prompt_len": {"mean": 0, "rate": 56114.394613}, "output_len": {"mean": 0, "rate": 7368.83525}, "queue_len": {"mean": 0}, "request_latency": {"mean": 93.543358, "median": 93.163265, "p90": 203.274194, "p99": 236.327419}, "time_to_first_token": {"mean": 41.216649, "median": 48.456057, "p90": 131.646512, "p99": 157.164651}, "time_per_output_token": {"mean": 0.052276, "median": 0.037751, "p90": 0.048123, "p99": 0.595068}, "kv_cache_usage_percentage": {"mean": 0.0, "median": 0.0, "p90": 0.0, "p99": 0.0}, "num_requests_swapped": {"mean": 0}, "num_preemptions_total": {"mean": 0}, "prefix_cache_hit_percent": {"mean": 65.58204699061376}}, "failures": {}}