{"load_summary": {}, "successes": {"count": 750, "rate": 6.880734, "prompt_len": {"mean": 0, "rate": 54092.019106}, "output_len": {"mean": 0, "rate": 6893.556435}, "queue_len": {"mean": 0}, "request_latency": {"mean": 51.872678, "median": 52.082262, "p90": 59.794344, "p99": 113.283582}, "time_to_first_token": {"mean": 1.630587, "median": 0.231549, "p90": 1.558462, "p99": 34.634483}, "time_per_output_token": {"mean": 0.050252, "median": 0.038037, "p90": 0.048756, "p99": 0.231717}, "kv_cache_usage_percentage": {"mean": 0.0, "median": 0.0, "p90": 0.0, "p99": 0.0}, "num_requests_swapped": {"mean": 0}, "num_preemptions_total": {"mean": 0}, "prefix_cache_hit_percent": {"mean": 81.70378387846343}}, "failures": {}}