{"load_summary": {"count": 1485, "schedule_delay": {"mean": 0.0010314604904038537, "min": -0.0007675839588046074, "p0.1": -0.0007035186188295484, "p1": -0.00020695112645626067, "p5": 6.246729753911497e-05, "p10": 0.00026286309584975246, "p25": 0.0005963684525340796, "median": 0.0010106863919645548, "p75": 0.0014038318768143654, "p90": 0.0017767838202416898, "p95": 0.002078276081010699, "p99": 0.0028869462013244632, "p99.9": 0.0038197144689038416, "max": 0.0038722469471395016}, "send_duration": 27.054194452939555, "requested_rate": 55.0, "achieved_rate": 54.889825035564805}, "successes": {"count": 1485, "latency": {"request_latency": {"mean": 98.4527753804086, "min": 47.11606509704143, "p0.1": 47.35242274335492, "p1": 48.77930707488209, "p5": 50.94526593191549, "p10": 52.04691660688259, "p25": 55.747686056187376, "median": 94.97618947108276, "p75": 133.29615386319347, "p90": 140.44834817755037, "p95": 154.55408173953182, "p99": 165.28641489185395, "p99.9": 167.204707803417, "max": 167.22648573014885}, "normalized_time_per_output_token": {"mean": 0.23754425606440835, "min": 0.026921896777488942, "p0.1": 0.04731779708961453, "p1": 0.048981440110830825, "p5": 0.05125253008866364, "p10": 0.05255323542792589, "p25": 0.05723954964260402, "median": 0.09652111580180828, "p75": 0.13672337814665905, "p90": 0.1557903040943292, "p95": 0.18898838250693348, "p99": 3.792970240457492, "p99.9": 12.278409070232119, "max": 48.656466615968384}, "time_per_output_token": {"mean": 0.02533216982753557, "min": 0.012696106330319859, "p0.1": 0.012756256450692295, "p1": 0.013167385027996603, "p5": 0.01632056803424386, "p10": 0.02122898119651172, "p25": 0.023520962063009958, "median": 0.024291397771681253, "p75": 0.025565099883601183, "p90": 0.032231337047982124, "p95": 0.03965592083401572, "p99": 0.04407970772846708, "p99.9": 0.04718333951209343, "max": 0.04786606656067699}, "time_to_first_token": {"mean": 47.7016663972765, "min": 0.0729807741008699, "p0.1": 0.07462996300309896, "p1": 0.14796141655184328, "p5": 1.0124192797578873, "p10": 1.5453292028512806, "p25": 3.5914527741260827, "median": 46.2377040409483, "p75": 87.74360224115662, "p90": 92.475392694911, "p95": 124.54760873676277, "p99": 134.07585487313568, "p99.9": 135.8960964732021, "max": 136.00800498505123}, "inter_token_latency": {"mean": 0.02533216982753557, "min": 2.3301690816879272e-06, "p0.1": 3.5029370337724686e-06, "p1": 1.4105113223195076e-05, "p5": 2.088528126478196e-05, "p10": 2.642790786921978e-05, "p25": 4.288414493203163e-05, "median": 0.0003439169377088547, "p75": 0.03653670311905444, "p90": 0.039318229025229814, "p95": 0.04214898413047194, "p99": 0.16788538473658282, "p99.9": 0.6691509642079609, "max": 44.55134260491468}}, "throughput": {"input_tokens_per_sec": 59056.75970655012, "output_tokens_per_sec": 7372.052715554214, "total_tokens_per_sec": 66428.81242210433, "requests_per_sec": 7.791908003582967}, "prompt_len": {"mean": 7579.242424242424, "min": 7501.0, "p0.1": 7505.356, "p1": 7521.0, "p5": 7537.0, "p10": 7545.0, "p25": 7560.0, "median": 7578.0, "p75": 7598.0, "p90": 7616.0, "p95": 7624.0, "p99": 7640.16, "p99.9": 7652.032, "max": 7653.0}, "output_len": {"mean": 946.1164983164983, "min": 2.0, "p0.1": 15.228, "p1": 33.0, "p5": 554.8000000000001, "p10": 957.4, "p25": 991.0, "median": 997.0, "p75": 1000.0, "p90": 1000.0, "p95": 1000.0, "p99": 1001.0, "p99.9": 1516.936000000076, "max": 1999.0}}, "failures": {"count": 0, "request_latency": null, "prompt_len": null}}