{"load_summary": {"count": 748, "schedule_delay": {"mean": 0.0009720357605579862, "min": -0.00047159730456769466, "p0.1": -0.00041740417247638107, "p1": -0.0001516056922264397, "p5": 6.031601224094631e-05, "p10": 0.00025385231710970405, "p25": 0.0005465592257678509, "median": 0.0009451031219214201, "p75": 0.0013796032872051, "p90": 0.0017084713559597732, "p95": 0.0019071595859713852, "p99": 0.002328259118366986, "p99.9": 0.0028681884999387135, "max": 0.003161790780723095}, "send_duration": 32.91629197099246, "requested_rate": 22.0, "achieved_rate": 22.724309307353828}, "successes": {"count": 748, "latency": {"request_latency": {"mean": 47.94433409505135, "min": 38.14545087213628, "p0.1": 38.14974660165445, "p1": 39.052567991002, "p5": 42.818230193655474, "p10": 43.751329508773054, "p25": 46.06276514095953, "median": 48.15290384145919, "p75": 49.869293357245624, "p90": 51.738622902007776, "p95": 53.40841051221359, "p99": 56.31514021453214, "p99.9": 57.6917528401015, "max": 57.979635869152844}, "normalized_time_per_output_token": {"mean": 0.07636969598200039, "min": 0.02229093603656494, "p0.1": 0.02730583392793486, "p1": 0.03926924303527922, "p5": 0.04302131651774455, "p10": 0.04409658520732048, "p25": 0.04651767950770086, "median": 0.04871275659256108, "p75": 0.05049446271621815, "p90": 0.05421853700017283, "p95": 0.07064098593746491, "p99": 1.3825633850279009, "p99.9": 1.609120760719402, "max": 1.71750535096362}, "time_per_output_token": {"mean": 0.02315235455079185, "min": 0.01345765831492104, "p0.1": 0.01345831579321645, "p1": 0.013929441660193019, "p5": 0.0177723481756824, "p10": 0.02108585933959442, "p25": 0.022494339160500157, "median": 0.023673073869831078, "p75": 0.024491177699032952, "p90": 0.025059955214745536, "p95": 0.025794959257815036, "p99": 0.02752114372729472, "p99.9": 0.02816953334681886, "max": 0.02817427243586855}, "time_to_first_token": {"mean": 1.5511686717767648, "min": 0.06157046393491328, "p0.1": 0.06384454265329986, "p1": 0.13077846014639363, "p5": 0.15772851372603328, "p10": 0.166636589798145, "p25": 0.18280779133783653, "median": 0.2192112774355337, "p75": 0.49064690695377067, "p90": 1.3833350732224068, "p95": 16.292670251126392, "p99": 26.05270985190055, "p99.9": 28.953756278359574, "max": 29.109478102065623}, "inter_token_latency": {"mean": 0.02315235455079185, "min": 2.316199243068695e-06, "p0.1": 2.8300564736127853e-06, "p1": 1.2258505448698999e-05, "p5": 1.9595026969909668e-05, "p10": 2.5409692898392688e-05, "p25": 4.0836865082383156e-05, "median": 0.0002648754743859172, "p75": 0.04131172853522003, "p90": 0.044606771366670725, "p95": 0.04647929965285584, "p99": 0.13322846001246946, "p99.9": 0.5718476732398965, "max": 24.853699499042705}}, "throughput": {"input_tokens_per_sec": 63203.83763222904, "output_tokens_per_sec": 7960.387237922412, "total_tokens_per_sec": 71164.22487015145, "requests_per_sec": 8.339032841433715}, "prompt_len": {"mean": 7579.276737967914, "min": 7501.0, "p0.1": 7507.723, "p1": 7521.47, "p5": 7537.0, "p10": 7545.0, "p25": 7560.0, "median": 7578.5, "p75": 7598.0, "p90": 7616.0, "p95": 7624.0, "p99": 7640.53, "p99.9": 7651.506, "max": 7653.0}, "output_len": {"mean": 954.5935828877006, "min": 32.0, "p0.1": 32.0, "p1": 34.0, "p5": 641.35, "p10": 968.1, "p25": 992.0, "median": 997.5, "p75": 1000.0, "p90": 1000.0, "p95": 1000.0, "p99": 1000.0, "p99.9": 1998.2530000000002, "max": 1999.0}}, "failures": {"count": 0, "request_latency": null, "prompt_len": null}}