{"load_summary": {"count": 300, "schedule_delay": {"mean": 0.0009006403479725122, "min": -0.0005137976258993149, "p0.1": -0.0005025006306823343, "p1": -0.00024332339642569423, "p5": 2.692940179258586e-05, "p10": 0.00022686638403683902, "p25": 0.0005041558761149645, "median": 0.0009048101492226124, "p75": 0.0012835029629059136, "p90": 0.0015511120902374392, "p95": 0.0017818443942815068, "p99": 0.0021130719478242082, "p99.9": 0.0023242972418665887, "max": 0.0023257341235876083}, "send_duration": 19.985303026856855, "requested_rate": 15.0, "achieved_rate": 15.011030835852273}, "successes": {"count": 300, "latency": {"request_latency": {"mean": 29.875045950059622, "min": 26.83740710793063, "p0.1": 27.043324831267817, "p1": 27.6876094437344, "p5": 28.318220558576286, "p10": 28.553349705971776, "p25": 29.085604841762688, "median": 29.96717229799833, "p75": 30.49318667454645, "p90": 31.164453613036315, "p95": 31.876957918750122, "p99": 32.10737856808351, "p99.9": 32.1332339016397, "max": 32.135648793075234}, "normalized_time_per_output_token": {"mean": 0.059398057674495706, "min": 0.02689118948690444, "p0.1": 0.027114079702416846, "p1": 0.027716084177761134, "p5": 0.02839558949593113, "p10": 0.028654347639250215, "p25": 0.029210305765655475, "median": 0.03027152962318994, "p75": 0.030895691920022395, "p90": 0.03220164216776375, "p95": 0.044445996924006345, "p99": 0.24439000193841026, "p99.9": 4.541346815999517, "max": 6.087402589200065}, "time_per_output_token": {"mean": 0.014823301007059548, "min": 0.013292230777619318, "p0.1": 0.013318697129925089, "p1": 0.013482365954264967, "p5": 0.0139912803946035, "p10": 0.014158080043566732, "p25": 0.01441747404259468, "median": 0.014854431384069, "p75": 0.015156698889093942, "p90": 0.015495281867431139, "p95": 0.015839716085062447, "p99": 0.015969659831969, "p99.9": 0.01597295926150755, "max": 0.015973563486270825}, "time_to_first_token": {"mean": 0.14973786108040563, "min": 0.05715256300754845, "p0.1": 0.05832981391600333, "p1": 0.06378137650899589, "p5": 0.06887831516796723, "p10": 0.07278465770650655, "p25": 0.08097020589048043, "median": 0.0953426129417494, "p75": 0.16831412306055427, "p90": 0.25741778374649593, "p95": 0.5432854158454575, "p99": 0.7048270765272892, "p99.9": 0.8517888665092188, "max": 0.8667718360666186}, "inter_token_latency": {"mean": 0.014823301007059548, "min": 2.2940803319215775e-06, "p0.1": 2.8735238593071697e-06, "p1": 1.4286013320088386e-05, "p5": 2.1331943571567535e-05, "p10": 2.7953810058534148e-05, "p25": 4.4560059905052185e-05, "median": 0.0002540664281696081, "p75": 0.02803131751716137, "p90": 0.0313226246740669, "p95": 0.03209516553906724, "p99": 0.03624418906867506, "p99.9": 0.11861785349529518, "max": 0.5809009580407292}}, "throughput": {"input_tokens_per_sec": 45936.101899690875, "output_tokens_per_sec": 5807.38735774106, "total_tokens_per_sec": 51743.48925743194, "requests_per_sec": 6.060219724653609}, "prompt_len": {"mean": 7579.94, "min": 7501.0, "p0.1": 7504.289, "p1": 7520.92, "p5": 7538.95, "p10": 7546.0, "p25": 7562.0, "median": 7579.0, "p75": 7599.0, "p90": 7616.1, "p95": 7624.05, "p99": 7640.05, "p99.9": 7650.103, "max": 7651.0}, "output_len": {"mean": 958.28, "min": 5.0, "p0.1": 13.073, "p1": 124.08000000000001, "p5": 696.7, "p10": 952.7, "p25": 994.0, "median": 998.0, "p75": 1000.0, "p90": 1000.0, "p95": 1000.0, "p99": 1000.01, "p99.9": 1001.0, "max": 1001.0}}, "failures": {"count": 0, "request_latency": null, "prompt_len": null}}