{"load_summary": {"count": 60, "schedule_delay": {"mean": 0.0011154394402789574, "min": -0.00022723525762557983, "p0.1": -0.00022052971576340497, "p1": -0.00016017983900383116, "p5": 0.0002491361927241087, "p10": 0.00037031639367341996, "p25": 0.0007320521399378777, "median": 0.001080976682715118, "p75": 0.0014393633464351296, "p90": 0.001860000193119049, "p95": 0.002077676448971033, "p99": 0.0022495805914513763, "p99.9": 0.0023192264388781055, "max": 0.0023269648663699627}, "send_duration": 17.070763441035524, "requested_rate": 3.0, "achieved_rate": 3.514781293012889}, "successes": {"count": 60, "latency": {"request_latency": {"mean": 25.306365656662578, "min": 24.17725269589573, "p0.1": 24.182460759306558, "p1": 24.22933333000401, "p5": 24.681637969252186, "p10": 24.86321741496213, "p25": 25.084437045676168, "median": 25.351312145474367, "p75": 25.537792905815877, "p90": 25.72144457374234, "p95": 25.875218171777668, "p99": 26.146172089667523, "p99.9": 26.341230525325756, "max": 26.36290368484333}, "normalized_time_per_output_token": {"mean": 0.037624449758875946, "min": 0.024177252695895733, "p0.1": 0.02418246075930656, "p1": 0.024229333330004012, "p5": 0.02470531039959751, "p10": 0.02489526988806419, "p25": 0.025172493906582084, "median": 0.025415867207610847, "p75": 0.025661344362888486, "p90": 0.02610700986818343, "p95": 0.026497536101013085, "p99": 0.3261803704790855, "p99.9": 0.7134245785907671, "max": 0.7564517128253904}, "time_per_output_token": {"mean": 0.012531212328991513, "min": 0.011988457641622489, "p0.1": 0.01199042384702059, "p1": 0.012008119695603489, "p5": 0.01222472322711103, "p10": 0.012271038557171005, "p25": 0.012422035103748744, "median": 0.012531592985435944, "p75": 0.012665130410644541, "p90": 0.012739601669793968, "p95": 0.012821897141089004, "p99": 0.012968997474151735, "p99.9": 0.013067368380974274, "max": 0.013078298481732331}, "time_to_first_token": {"mean": 0.17417442979446301, "min": 0.13132586097344756, "p0.1": 0.13138125052652322, "p1": 0.13187975650420414, "p5": 0.13400262715294958, "p10": 0.13825809906702488, "p25": 0.14419381372863427, "median": 0.1552347019314766, "p75": 0.16452585125807673, "p90": 0.22854092894122005, "p95": 0.26726111979223777, "p99": 0.48402803741162603, "p99.9": 0.5469121675014041, "max": 0.5538992930669338}, "inter_token_latency": {"mean": 0.012531212328991513, "min": 2.760905772447586e-06, "p0.1": 4.4553386978805064e-06, "p1": 1.781379571184516e-05, "p5": 2.8073962312191725e-05, "p10": 3.965680953115225e-05, "p25": 4.8876507207751274e-05, "median": 0.0002839296357706189, "p75": 0.024737199768424034, "p90": 0.02560262093320489, "p95": 0.026190795365255325, "p99": 0.028217260823585104, "p99.9": 0.10175193419749863, "max": 0.4940552390180528}}, "throughput": {"input_tokens_per_sec": 10793.381011422149, "output_tokens_per_sec": 1392.9591198637206, "total_tokens_per_sec": 12186.34013128587, "requests_per_sec": 1.4234688011687713}, "prompt_len": {"mean": 7582.45, "min": 7537.0, "p0.1": 7537.118, "p1": 7538.18, "p5": 7547.85, "p10": 7549.8, "p25": 7561.0, "median": 7582.5, "p75": 7600.0, "p90": 7614.4, "p95": 7625.25, "p99": 7638.82, "p99.9": 7639.882, "max": 7640.0}, "output_len": {"mean": 978.5666666666667, "min": 34.0, "p0.1": 88.10300000000001, "p1": 575.03, "p5": 969.55, "p10": 983.8, "p25": 994.0, "median": 998.0, "p75": 1000.0, "p90": 1000.0, "p95": 1000.0, "p99": 1000.41, "p99.9": 1000.941, "max": 1001.0}}, "failures": {"count": 0, "request_latency": null, "prompt_len": null}}