{"load_summary": {"count": 750, "schedule_delay": {"mean": 0.0009707280993461609, "min": -0.0005411894526332617, "p0.1": -0.000532069370849058, "p1": -0.00036318977130576967, "p5": -4.974054172635043e-06, "p10": 0.00018249109853059055, "p25": 0.0005356722977012396, "median": 0.0009318186203017831, "p75": 0.001391837082337588, "p90": 0.0017687275307253004, "p95": 0.0019956841017119585, "p99": 0.002422311145346612, "p99.9": 0.005402408647118884, "max": 0.011623464990407228}, "send_duration": 30.675578178139403, "requested_rate": 25.0, "achieved_rate": 24.44941691545618}, "successes": {"count": 750, "latency": {"request_latency": {"mean": 49.488942796657795, "min": 43.090312669053674, "p0.1": 43.09579752934794, "p1": 43.522838784719355, "p5": 44.41406666754047, "p10": 45.324639423028565, "p25": 46.95035244629253, "median": 48.941877426579595, "p75": 51.33826249605045, "p90": 53.64945902118925, "p95": 56.79909224461298, "p99": 61.46596275527729, "p99.9": 62.44104535055232, "max": 62.58156761410646}, "normalized_time_per_output_token": {"mean": 0.0862285815123899, "min": 0.04309031266905367, "p0.1": 0.043205054604135686, "p1": 0.043642834737965264, "p5": 0.044695308743207714, "p10": 0.045635344910875404, "p25": 0.04734362821474647, "median": 0.04949361966542139, "p75": 0.052900495514520016, "p90": 0.05919439796509187, "p95": 0.10440187870796508, "p99": 1.4477465137911893, "p99.9": 1.5934832115921025, "max": 1.6070491704581813}, "time_per_output_token": {"mean": 0.023968697451867322, "min": 0.013442138326412504, "p0.1": 0.013545150029830573, "p1": 0.013827023052808031, "p5": 0.021450152290759954, "p10": 0.02215109488816056, "p25": 0.022928323985785128, "median": 0.024064242440010087, "p75": 0.025147040607320422, "p90": 0.026422765154541863, "p95": 0.027697136752860806, "p99": 0.030176454970190978, "p99.9": 0.031001570153619703, "max": 0.031086764020053136}, "time_to_first_token": {"mean": 1.465216249916392, "min": 0.12926029600203037, "p0.1": 0.13359375839633866, "p1": 0.14259638511342929, "p5": 0.15789420080836863, "p10": 0.16573550677858293, "p25": 0.18224928801646456, "median": 0.2307018826249987, "p75": 0.43082517303992063, "p90": 1.0857590064173566, "p95": 1.8417127328226321, "p99": 27.547010453485417, "p99.9": 33.679175189755135, "max": 35.4422246189788}, "inter_token_latency": {"mean": 0.02396873506791173, "min": 2.312939614057541e-06, "p0.1": 2.874992787837982e-06, "p1": 1.2828968465328217e-05, "p5": 2.0425068214535713e-05, "p10": 2.6148976758122444e-05, "p25": 4.150508902966976e-05, "median": 0.0002757695037871599, "p75": 0.041346236946992576, "p90": 0.04422685280442238, "p95": 0.046177680545952164, "p99": 0.13697071257513013, "p99.9": 0.5806164284609263, "max": 34.72510571102612}}, "throughput": {"input_tokens_per_sec": 61850.9458844989, "output_tokens_per_sec": 7700.2834310656535, "total_tokens_per_sec": 69551.22931556456, "requests_per_sec": 8.160526229720235}, "prompt_len": {"mean": 7579.284, "min": 7501.0, "p0.1": 7507.741, "p1": 7521.49, "p5": 7537.0, "p10": 7545.0, "p25": 7560.25, "median": 7578.5, "p75": 7598.0, "p90": 7616.0, "p95": 7624.0, "p99": 7640.51, "p99.9": 7651.502, "max": 7653.0}, "output_len": {"mean": 943.6013333333333, "min": 32.0, "p0.1": 32.0, "p1": 33.0, "p5": 500.0, "p10": 962.6, "p25": 992.0, "median": 997.0, "p75": 1000.0, "p90": 1000.0, "p95": 1000.0, "p99": 1000.0, "p99.9": 1001.0, "max": 1001.0}}, "failures": {"count": 0, "request_latency": null, "prompt_len": null}}