{"load_summary": {}, "successes": {"count": 1485, "rate": 7.105263, "prompt_len": {"mean": 0, "rate": 54432.394193}, "output_len": {"mean": 0, "rate": 7106.871017}, "queue_len": {"mean": 0}, "request_latency": {"mean": 98.34119, "median": 98.621359, "p90": 208.121646, "p99": 236.812165}, "time_to_first_token": {"mean": 47.178628, "median": 57.253886, "p90": 137.386064, "p99": 157.738606}, "time_per_output_token": {"mean": 0.050814, "median": 0.037724, "p90": 0.048037, "p99": 0.608626}, "kv_cache_usage_percentage": {"mean": 0.0, "median": 0.0, "p90": 0.0, "p99": 0.0}, "num_requests_swapped": {"mean": 0}, "num_preemptions_total": {"mean": 0}, "prefix_cache_hit_percent": {"mean": 58.094354605287535}}, "failures": {}}