{"load_summary": {"count": 1482, "schedule_delay": {"mean": 0.000978712391079367, "min": -0.0005953342188149691, "p0.1": -0.0005593740241602063, "p1": -0.00029759546276181937, "p5": 4.313818644732237e-05, "p10": 0.00024731196463108064, "p25": 0.0005649956874549389, "median": 0.000946320709772408, "p75": 0.0013548408169299364, "p90": 0.0016979806823655967, "p95": 0.0019679825985804205, "p99": 0.0027316129719838537, "p99.9": 0.0037231901809573744, "max": 0.004025614121928811}, "send_duration": 25.90639887494035, "requested_rate": 57.0, "achieved_rate": 57.20594387333242}, "successes": {"count": 1482, "latency": {"request_latency": {"mean": 100.4654336103476, "min": 46.30487315985374, "p0.1": 46.764508769262115, "p1": 47.1277027019416, "p5": 48.37161022963701, "p10": 50.90313398716971, "p25": 54.867184815520886, "median": 96.25431335601024, "p75": 135.16504535346758, "p90": 148.00254666223194, "p95": 164.74662082336147, "p99": 171.83080525322586, "p99.9": 172.95194231857405, "max": 172.96973086101934}, "normalized_time_per_output_token": {"mean": 0.24278428195895113, "min": 0.023435569581672647, "p0.1": 0.03593609944526546, "p1": 0.04727324691158203, "p5": 0.04867829386271769, "p10": 0.051318872398055576, "p25": 0.05898072357085957, "median": 0.09811855774922146, "p75": 0.1396853669200914, "p90": 0.1667493656635983, "p95": 0.37150899638288964, "p99": 2.9132943646470086, "p99.9": 4.953970512940495, "max": 69.0155872249743}, "time_per_output_token": {"mean": 0.025013389366946567, "min": 0.012454210861080114, "p0.1": 0.012493985066148124, "p1": 0.013627088249755046, "p5": 0.01643222040446849, "p10": 0.021893189673305957, "p25": 0.023588625093359315, "median": 0.024146486775133237, "p75": 0.025341431497739788, "p90": 0.030975776277240488, "p95": 0.037264595722404044, "p99": 0.04337768056244916, "p99.9": 0.04615521747332415, "max": 0.046878161599281536}, "time_to_first_token": {"mean": 50.35085787996587, "min": 0.13413425395265222, "p0.1": 0.13676380845834502, "p1": 0.15573443313362076, "p5": 1.1222732351976445, "p10": 1.672918385383673, "p25": 4.046842604526319, "median": 47.16581256547943, "p75": 88.28391616721638, "p90": 94.4796015889151, "p95": 132.20323034091854, "p99": 140.8392850001459, "p99.9": 142.02326661412147, "max": 142.21138219395652}, "inter_token_latency": {"mean": 0.025013389366946567, "min": 2.3669563233852386e-06, "p0.1": 3.5138800740242004e-06, "p1": 1.4276942238211632e-05, "p5": 2.1314946934580803e-05, "p10": 2.6861904188990593e-05, "p25": 4.3114880099892616e-05, "median": 0.00033650046680122614, "p75": 0.03634463710477576, "p90": 0.03863353303167969, "p95": 0.04125359181780368, "p99": 0.18194077361142263, "p99.9": 0.6682378151798684, "max": 44.783294384833425}}, "throughput": {"input_tokens_per_sec": 57445.0639481493, "output_tokens_per_sec": 7102.840025120177, "total_tokens_per_sec": 64547.90397326947, "requests_per_sec": 7.579204810029062}, "prompt_len": {"mean": 7579.299595141701, "min": 7501.0, "p0.1": 7505.329, "p1": 7521.0, "p5": 7537.0, "p10": 7545.1, "p25": 7560.25, "median": 7579.0, "p75": 7598.0, "p90": 7616.0, "p95": 7624.0, "p99": 7640.1900000000005, "p99.9": 7652.0380000000005, "max": 7653.0}, "output_len": {"mean": 937.1484480431849, "min": 2.0, "p0.1": 24.0, "p1": 33.0, "p5": 255.94999999999993, "p10": 942.1, "p25": 992.0, "median": 997.0, "p75": 1000.0, "p90": 1000.0, "p95": 1000.0, "p99": 1001.0, "p99.9": 1996.0380000000005, "max": 1998.0}}, "failures": {"count": 0, "request_latency": null, "prompt_len": null}}