{"load_summary": {}, "successes": {"count": 1482, "rate": 6.925234, "prompt_len": {"mean": 0, "rate": 54593.59119}, "output_len": {"mean": 0, "rate": 6927.911522}, "queue_len": {"mean": 0}, "request_latency": {"mean": 100.352997, "median": 100.162272, "p90": 209.231834, "p99": 236.923183}, "time_to_first_token": {"mean": 48.455068, "median": 58.123457, "p90": 137.544627, "p99": 157.754463}, "time_per_output_token": {"mean": 0.050242, "median": 0.037712, "p90": 0.048032, "p99": 0.615706}, "kv_cache_usage_percentage": {"mean": 0.0, "median": 0.0, "p90": 0.0, "p99": 0.0}, "num_requests_swapped": {"mean": 0}, "num_preemptions_total": {"mean": 0}, "prefix_cache_hit_percent": {"mean": 59.52510813448273}}, "failures": {}}