{"load_summary": {"count": 1518, "schedule_delay": {"mean": 0.0014619491451416209, "min": -0.0004819801542907953, "p0.1": -0.00045240600127726793, "p1": -0.00022238360717892648, "p5": 6.37657823972404e-05, "p10": 0.0002962190425023437, "p25": 0.0006701918318867683, "median": 0.0011433031177148223, "p75": 0.0016326659242622554, "p90": 0.0022225300548598167, "p95": 0.0026239402941428125, "p99": 0.00347434707218781, "p99.9": 0.092444964010971, "max": 0.12459653010591865}, "send_duration": 32.25330879888497, "requested_rate": 46.0, "achieved_rate": 47.06493865375074}, "successes": {"count": 1518, "latency": {"request_latency": {"mean": 93.65900161646599, "min": 47.627350920112804, "p0.1": 47.796997212241635, "p1": 48.232038848071824, "p5": 50.07954417441506, "p10": 50.97060363607015, "p25": 54.3811723034014, "median": 92.62422643043101, "p75": 124.57553766906494, "p90": 133.40405721804126, "p95": 139.51693090399488, "p99": 155.80240279682212, "p99.9": 156.91038338234375, "max": 157.16173317399807}, "normalized_time_per_output_token": {"mean": 0.22257281075778285, "min": 0.04779527917108498, "p0.1": 0.04794761946872672, "p1": 0.048674034162006614, "p5": 0.050381028738748765, "p10": 0.05126906873590359, "p25": 0.055955366676251284, "median": 0.09373747370145906, "p75": 0.12903710944046634, "p90": 0.14203837446232603, "p95": 0.15983872024983403, "p99": 2.8852154709557345, "p99.9": 10.612705001750388, "max": 62.44865608040709}, "time_per_output_token": {"mean": 0.026065199167885807, "min": 0.0125179226122292, "p0.1": 0.012540829724934035, "p1": 0.013352376656285182, "p5": 0.018550183500469507, "p10": 0.02057829358978481, "p25": 0.023701339605354425, "median": 0.02495472296426163, "p75": 0.026184299388546207, "p90": 0.03601857254323296, "p95": 0.04154877696520946, "p99": 0.04544128573276447, "p99.9": 0.04799838576738439, "max": 0.0484616178730647}, "time_to_first_token": {"mean": 41.438466756983, "min": 0.06376460799947381, "p0.1": 0.06407665086816997, "p1": 0.09568791666999459, "p5": 0.3343726454768331, "p10": 0.6081809296505527, "p25": 1.5802388244192116, "median": 42.213729148032144, "p75": 81.78158821957186, "p90": 86.09706139580813, "p95": 87.31155465432676, "p99": 127.88607991497499, "p99.9": 129.71482318476424, "max": 130.38654746790417}, "inter_token_latency": {"mean": 0.026065199167885803, "min": 2.3371540009975433e-06, "p0.1": 3.2059655059129e-06, "p1": 1.3945158571004868e-05, "p5": 2.128584310412407e-05, "p10": 2.6764045469462874e-05, "p25": 4.3286941945552826e-05, "median": 0.0003508324734866619, "p75": 0.03732190479058772, "p90": 0.040761189465411005, "p95": 0.042952421063091606, "p99": 0.18407984098186939, "p99.9": 0.6717226234360152, "max": 45.777942911023274}}, "throughput": {"input_tokens_per_sec": 61278.05199305242, "output_tokens_per_sec": 7649.631696792436, "total_tokens_per_sec": 68927.68368984485, "requests_per_sec": 8.084928958852387}, "prompt_len": {"mean": 7579.293807641634, "min": 7501.0, "p0.1": 7505.653, "p1": 7521.17, "p5": 7537.0, "p10": 7545.0, "p25": 7560.0, "median": 7579.0, "p75": 7598.0, "p90": 7616.0, "p95": 7624.0, "p99": 7640.83, "p99.9": 7651.966, "max": 7653.0}, "output_len": {"mean": 946.1594202898551, "min": 2.0, "p0.1": 6.619000000000001, "p1": 33.0, "p5": 470.85, "p10": 963.0, "p25": 992.0, "median": 997.0, "p75": 1000.0, "p90": 1000.0, "p95": 1000.0, "p99": 1000.0, "p99.9": 1001.0, "max": 1624.0}}, "failures": {"count": 0, "request_latency": null, "prompt_len": null}}