{"load_summary": {"count": 1470, "schedule_delay": {"mean": 0.0010673193793211664, "min": -0.0008590014185756445, "p0.1": -0.0005830189294647425, "p1": -0.000290183222386986, "p5": 3.9234035648405564e-05, "p10": 0.0002657811855897308, "p25": 0.0005892623448744416, "median": 0.0009996118023991585, "p75": 0.0014679052983410656, "p90": 0.001878321613185108, "p95": 0.0022151367855258283, "p99": 0.003126785359345375, "p99.9": 0.004453804527875048, "max": 0.015257792780175805}, "send_duration": 28.623269466217607, "requested_rate": 49.0, "achieved_rate": 51.35681658361761}, "successes": {"count": 1470, "latency": {"request_latency": {"mean": 94.48199513774146, "min": 47.62975266901776, "p0.1": 47.72507738700625, "p1": 48.56093078644481, "p5": 50.076288794435094, "p10": 51.186248439131305, "p25": 54.5046552393469, "median": 94.21927454462275, "p75": 127.7391932803439, "p90": 135.595965772355, "p95": 144.6839351119124, "p99": 157.07464629822644, "p99.9": 158.26643993675455, "max": 158.3317597019486}, "normalized_time_per_output_token": {"mean": 0.28920176047437224, "min": 0.04341485333620101, "p0.1": 0.04767086214218568, "p1": 0.04894256082653301, "p5": 0.05038512464838759, "p10": 0.051770899704481024, "p25": 0.056837515785475266, "median": 0.09533181717250144, "p75": 0.1327893536814627, "p90": 0.15557951978552798, "p95": 0.37338684881712336, "p99": 3.5645418365083987, "p99.9": 34.23013971634308, "max": 68.06075015396345}, "time_per_output_token": {"mean": 0.025473199510333482, "min": 0.012303456906573675, "p0.1": 0.012303931526633432, "p1": 0.012858605429720737, "p5": 0.016752895446685512, "p10": 0.020393598075178376, "p25": 0.023401048434639943, "median": 0.024299002269565453, "p75": 0.026317726950416447, "p90": 0.03368802813754681, "p95": 0.04063569625507624, "p99": 0.04589700939450022, "p99.9": 0.04900205260409124, "max": 0.049354190565133724}, "time_to_first_token": {"mean": 43.4469924308518, "min": 0.06306608696468174, "p0.1": 0.06483484325511381, "p1": 0.15131384111242369, "p5": 1.0187372937216423, "p10": 1.369570085243322, "p25": 2.510092891403474, "median": 44.481041235500015, "p75": 85.95098203083035, "p90": 88.78034399328753, "p95": 92.83921480515274, "p99": 129.6707519319607, "p99.9": 131.05180767319146, "max": 131.22686384012923}, "inter_token_latency": {"mean": 0.02547319951033348, "min": 2.348097041249275e-06, "p0.1": 3.2945247367024422e-06, "p1": 1.3935845345258713e-05, "p5": 2.0905863493680954e-05, "p10": 2.6430003345012665e-05, "p25": 4.299008287489414e-05, "median": 0.00032996898517012596, "p75": 0.03695871168747544, "p90": 0.04088231029454619, "p95": 0.04304015340749174, "p99": 0.1579107897845102, "p99.9": 0.6575924208797556, "max": 45.47017897013575}}, "throughput": {"input_tokens_per_sec": 60379.30174678263, "output_tokens_per_sec": 7425.695027137449, "total_tokens_per_sec": 67804.99677392008, "requests_per_sec": 7.966384954552889}, "prompt_len": {"mean": 7579.259863945578, "min": 7501.0, "p0.1": 7505.221, "p1": 7521.0, "p5": 7537.0, "p10": 7545.0, "p25": 7560.0, "median": 7578.5, "p75": 7598.0, "p90": 7616.0, "p95": 7624.0, "p99": 7640.0, "p99.9": 7652.062, "max": 7653.0}, "output_len": {"mean": 932.1285714285714, "min": 2.0, "p0.1": 2.938, "p1": 32.0, "p5": 230.35000000000002, "p10": 922.9, "p25": 991.0, "median": 997.0, "p75": 1000.0, "p90": 1000.0, "p95": 1000.0, "p99": 1000.0, "p99.9": 1044.3560000000134, "max": 1999.0}}, "failures": {"count": 0, "request_latency": null, "prompt_len": null}}