{"load_summary": {}, "successes": {"count": 735, "rate": 6.681818, "prompt_len": {"mean": 0, "rate": 51146.087467}, "output_len": {"mean": 0, "rate": 6680.829516}, "queue_len": {"mean": 0}, "request_latency": {"mean": 53.047742, "median": 53.708241, "p90": 68.117647, "p99": 114.811765}, "time_to_first_token": {"mean": 1.025114, "median": 0.275478, "p90": 1.631731, "p99": 26.45}, "time_per_output_token": {"mean": 0.052225, "median": 0.038029, "p90": 0.048741, "p99": 0.280455}, "kv_cache_usage_percentage": {"mean": 0.0, "median": 0.0, "p90": 0.0, "p99": 0.0}, "num_requests_swapped": {"mean": 0}, "num_preemptions_total": {"mean": 0}, "prefix_cache_hit_percent": {"mean": 77.77493380418488}}, "failures": {}}