{"load_summary": {"count": 200, "schedule_delay": {"mean": 0.0009691911248955876, "min": -0.00034987484104931355, "p0.1": -0.0003496805655304343, "p1": -0.0002658880059607327, "p5": -3.9470510091632595e-05, "p10": 0.0002798374276608229, "p25": 0.0006449865759350359, "median": 0.0009729693410918117, "p75": 0.0012942850589752197, "p90": 0.0016815213952213524, "p95": 0.0019292225013487028, "p99": 0.00209205481223762, "p99.9": 0.0023524807700887364, "max": 0.0024055959656834602}, "send_duration": 19.61764473002404, "requested_rate": 10.0, "achieved_rate": 10.194903758956741}, "successes": {"count": 200, "latency": {"request_latency": {"mean": 27.777256453329464, "min": 25.632503903005272, "p0.1": 25.65059210769739, "p1": 25.753515716805122, "p5": 26.1260584929958, "p10": 26.554979826742784, "p25": 27.018540836987086, "median": 27.871356393559836, "p75": 28.534126311831642, "p90": 28.997649626270867, "p95": 29.26948208847316, "p99": 29.405461013086605, "p99.9": 29.453464062944054, "max": 29.460144279990345}, "normalized_time_per_output_token": {"mean": 0.13393168752074228, "min": 0.025735445685748266, "p0.1": 0.025779944681241788, "p1": 0.025987422799963827, "p5": 0.026392266785259355, "p10": 0.026730606473658127, "p25": 0.027266188758620642, "median": 0.028269371666827567, "p75": 0.029094158324475355, "p90": 0.033310428914804825, "p95": 0.21863580299984126, "p99": 1.0850938280039903, "p99.9": 11.182331161516377, "max": 13.67498206300661}, "time_per_output_token": {"mean": 0.013679611130609648, "min": 0.012691674068912693, "p0.1": 0.01270097808249987, "p1": 0.012750021017283137, "p5": 0.012924410212030547, "p10": 0.013079927459525326, "p25": 0.013317780825443267, "median": 0.013621343797056944, "p75": 0.014001174573216407, "p90": 0.014293528198991073, "p95": 0.01452533142687264, "p99": 0.014585887774762728, "p99.9": 0.014617295065243473, "max": 0.014621599200951947}, "time_to_first_token": {"mean": 0.34295632460620257, "min": 0.05963233602233231, "p0.1": 0.05974155240925029, "p1": 0.06149509202456102, "p5": 0.06455804472789169, "p10": 0.07057681682053954, "p25": 0.090995199221652, "median": 0.16762133198790252, "p75": 0.26068693381967023, "p90": 0.955103589291684, "p95": 1.5296877967426552, "p99": 2.180222983544224, "p99.9": 2.5067464202798444, "max": 2.516040642047301}, "inter_token_latency": {"mean": 0.013679611130609646, "min": 2.37184576690197e-06, "p0.1": 3.1949484255164863e-06, "p1": 1.4703953638672829e-05, "p5": 2.1701911464333534e-05, "p10": 3.0012079514563082e-05, "p25": 4.623597487807274e-05, "median": 0.00026944244746118784, "p75": 0.026079495437443256, "p90": 0.027309718914330008, "p95": 0.028373237897176294, "p99": 0.031562140707392265, "p99.9": 0.11453457147465203, "max": 0.5997835320886225}}, "throughput": {"input_tokens_per_sec": 32653.48233572833, "output_tokens_per_sec": 3963.8407801282224, "total_tokens_per_sec": 36617.323115856554, "requests_per_sec": 4.308265027773581}, "prompt_len": {"mean": 7579.265, "min": 7501.0, "p0.1": 7503.388, "p1": 7520.92, "p5": 7536.95, "p10": 7542.9, "p25": 7559.75, "median": 7579.0, "p75": 7600.0, "p90": 7617.0, "p95": 7625.05, "p99": 7635.03, "p99.9": 7639.602, "max": 7640.0}, "output_len": {"mean": 920.055, "min": 2.0, "p0.1": 6.378, "p1": 25.98, "p5": 126.9, "p10": 840.2, "p25": 986.0, "median": 997.0, "p75": 1000.0, "p90": 1000.0, "p95": 1000.0, "p99": 1000.0, "p99.9": 1000.0, "max": 1000.0}}, "failures": {"count": 0, "request_latency": null, "prompt_len": null}}