{"load_summary": {}, "successes": {"count": 1548, "rate": 7.625616, "prompt_len": {"mean": 0, "rate": 60633.984848}, "output_len": {"mean": 0, "rate": 7627.175237}, "queue_len": {"mean": 0}, "request_latency": {"mean": 89.584803, "median": 85.153203, "p90": 187.966387, "p99": 234.796639}, "time_to_first_token": {"mean": 35.665092, "median": 38.585859, "p90": 118.22508, "p99": 155.822508}, "time_per_output_token": {"mean": 0.052498, "median": 0.037761, "p90": 0.048249, "p99": 0.559581}, "kv_cache_usage_percentage": {"mean": 0.0, "median": 0.0, "p90": 0.0, "p99": 0.0}, "num_requests_swapped": {"mean": 0}, "num_preemptions_total": {"mean": 0}, "prefix_cache_hit_percent": {"mean": 66.69552576850973}}, "failures": {}}