{"load_summary": {"count": 1520, "schedule_delay": {"mean": 0.0009425081591440462, "min": -0.0010397688020020723, "p0.1": -0.000726884467760101, "p1": -0.00027115186210721734, "p5": 3.3357134088873874e-05, "p10": 0.0002122568665072322, "p25": 0.0005390919395722449, "median": 0.0009159399196505547, "p75": 0.0013146292185410857, "p90": 0.0017039210069924595, "p95": 0.001929452852346003, "p99": 0.002515917932614682, "p99.9": 0.003728769077453913, "max": 0.008824896765872836}, "send_duration": 38.573467588052154, "requested_rate": 40.0, "achieved_rate": 39.405324308224984}, "successes": {"count": 1520, "latency": {"request_latency": {"mean": 84.1636437209804, "min": 47.71305018896237, "p0.1": 47.84175053614797, "p1": 49.49326018138789, "p5": 50.510265930811876, "p10": 51.65961393066682, "p25": 54.811833426123485, "median": 88.91640840261243, "p75": 109.78148219076684, "p90": 118.81020357869566, "p95": 122.89938997286372, "p99": 125.399904053926, "p99.9": 139.73400839464648, "max": 140.90251136082225}, "normalized_time_per_output_token": {"mean": 0.18404372242445993, "min": 0.04603320419107689, "p0.1": 0.047840402866220086, "p1": 0.04951683538514984, "p5": 0.05087063830117196, "p10": 0.05202680399404127, "p25": 0.05585733414411157, "median": 0.0903242283086052, "p75": 0.1133108586366279, "p90": 0.12381934839683148, "p95": 0.17715759986375976, "p99": 2.780382537828742, "p99.9": 11.354055176964842, "max": 30.579404679010622}, "time_per_output_token": {"mean": 0.026239302602048944, "min": 0.012161912987411752, "p0.1": 0.013965456597605322, "p1": 0.015967170353960256, "p5": 0.016951811501208502, "p10": 0.017966001141892708, "p25": 0.02332049735952918, "median": 0.025684607426995697, "p75": 0.027078375619200144, "p90": 0.03653177369778315, "p95": 0.04056464726902844, "p99": 0.044770716111080765, "p99.9": 0.047598285844109044, "max": 0.048000664012492644}, "time_to_first_token": {"mean": 31.593968452802724, "min": 0.130971719045192, "p0.1": 0.13342724997852928, "p1": 0.15284827307565138, "p5": 0.17566701899049803, "p10": 0.19870608071796597, "p25": 0.47090102621586993, "median": 37.23048208095133, "p75": 46.28862705582287, "p90": 78.19151854708325, "p95": 81.81969203008339, "p99": 85.39155615528813, "p99.9": 100.691096309368, "max": 116.51309396000579}, "inter_token_latency": {"mean": 0.02623930260204894, "min": 2.269865944981575e-06, "p0.1": 3.030989319086075e-06, "p1": 1.3333046808838844e-05, "p5": 2.0662089809775352e-05, "p10": 2.612282987684013e-05, "p25": 4.133605398237705e-05, "median": 0.00031156197655946016, "p75": 0.0395153509452939, "p90": 0.04346452488098294, "p95": 0.04529713710071519, "p99": 0.17201454147230846, "p99.9": 0.642403734375724, "max": 44.786876001860946}}, "throughput": {"input_tokens_per_sec": 64503.02574734349, "output_tokens_per_sec": 8028.986340324215, "total_tokens_per_sec": 72532.01208766771, "requests_per_sec": 8.510412539124632}, "prompt_len": {"mean": 7579.3065789473685, "min": 7501.0, "p0.1": 7505.671, "p1": 7521.19, "p5": 7537.0, "p10": 7545.0, "p25": 7560.0, "median": 7579.0, "p75": 7598.0, "p90": 7616.0, "p95": 7624.0, "p99": 7640.8099999999995, "p99.9": 7651.962, "max": 7653.0}, "output_len": {"mean": 943.4309210526316, "min": 3.0, "p0.1": 13.861000000000002, "p1": 33.0, "p5": 484.0, "p10": 941.9, "p25": 992.0, "median": 997.0, "p75": 1000.0, "p90": 1000.0, "p95": 1000.0, "p99": 1000.0, "p99.9": 1006.4050000000011, "max": 1999.0}}, "failures": {"count": 0, "request_latency": null, "prompt_len": null}}