{"load_summary": {}, "successes": {"count": 1520, "rate": 7.715736, "prompt_len": {"mean": 0, "rate": 59933.384412}, "output_len": {"mean": 0, "rate": 7720.450915}, "queue_len": {"mean": 0}, "request_latency": {"mean": 84.047181, "median": 77.623318, "p90": 118.520179, "p99": 225.969231}, "time_to_first_token": {"mean": 30.799157, "median": 23.814815, "p90": 76.588235, "p99": 149.444068}, "time_per_output_token": {"mean": 0.052651, "median": 0.037927, "p90": 0.048383, "p99": 0.516341}, "kv_cache_usage_percentage": {"mean": 0.0, "median": 0.0, "p90": 0.0, "p99": 0.0}, "num_requests_swapped": {"mean": 0}, "num_preemptions_total": {"mean": 0}, "prefix_cache_hit_percent": {"mean": 69.35126664931096}}, "failures": {}}