{"load_summary": {"count": 17084, "schedule_delay": {"mean": 0.0011370082915880726, "min": -0.0010812485124915838, "p0.1": -0.0005926697864197195, "p1": -0.000277559352107346, "p5": 3.2233085948973905e-05, "p10": 0.00024196028243750334, "p25": 0.0005675032734870911, "median": 0.0009702985407784581, "p75": 0.0013918111217208207, "p90": 0.001798790227621794, "p95": 0.0020912367152050135, "p99": 0.0029317283583804943, "p99.9": 0.04430988281386159, "max": 0.19105661776848137}}, "successes": {"count": 17084, "latency": {"request_latency": {"mean": 80.52112595155361, "min": 24.17725269589573, "p0.1": 25.128572259605164, "p1": 27.95420625313418, "p5": 39.24770902522141, "p10": 44.67801707878243, "p25": 50.341984246566426, "median": 63.517811665544286, "p75": 111.566402505734, "p90": 134.9325868677115, "p95": 143.32989596658152, "p99": 165.53471466479118, "p99.9": 171.5940030651282, "max": 172.96973086101934}, "normalized_time_per_output_token": {"mean": 0.18465957719003886, "min": 0.02229093603656494, "p0.1": 0.0251672653784671, "p1": 0.02814637748635374, "p5": 0.04005685335533926, "p10": 0.045601486960473704, "p25": 0.05103208497048379, "median": 0.07869757164152048, "p75": 0.12299129067455308, "p90": 0.14517168190152724, "p95": 0.1789670719574663, "p99": 2.834426338191305, "p99.9": 9.913808845312719, "max": 69.0155872249743}, "time_per_output_token": {"mean": 0.02464805189632584, "min": 0.011988457641622489, "p0.1": 0.012394477252127615, "p1": 0.013050825748973567, "p5": 0.01499990955793249, "p10": 0.018579627715073512, "p25": 0.02279110447100939, "median": 0.024300772970463652, "p75": 0.025750993651155008, "p90": 0.0299553232596557, "p95": 0.03729316549053808, "p99": 0.04417218253696693, "p99.9": 0.04753768532301605, "max": 0.049354190565133724}, "time_to_first_token": {"mean": 31.136164106975635, "min": 0.05715256300754845, "p0.1": 0.06368417351716198, "p1": 0.0761736485012807, "p5": 0.15600498911226168, "p10": 0.1788701161276549, "p25": 0.35189374844776466, "median": 3.3778749915072694, "p75": 51.21633931272663, "p90": 87.84280679717195, "p95": 92.71307996745453, "p99": 133.52332020967265, "p99.9": 140.7404853178914, "max": 142.21138219395652}, "inter_token_latency": {"mean": 0.024648054382313295, "min": 2.269865944981575e-06, "p0.1": 3.034016117453575e-06, "p1": 1.3551907613873482e-05, "p5": 2.0778970792889595e-05, "p10": 2.6396941393613815e-05, "p25": 4.2484141886234283e-05, "median": 0.00030695449095219374, "p75": 0.03713766275905073, "p90": 0.042256670887582004, "p95": 0.04431986504932865, "p99": 0.13980273636057758, "p99.9": 0.6291986051022551, "max": 45.777942911023274}}, "throughput": {"input_tokens_per_sec": 52865.323625446836, "output_tokens_per_sec": 6580.862518589181, "total_tokens_per_sec": 59446.186144036015, "requests_per_sec": 6.97494486192005}, "prompt_len": {"mean": 7579.317782720675, "min": 7501.0, "p0.1": 7501.0, "p1": 7521.0, "p5": 7537.0, "p10": 7545.0, "p25": 7560.0, "median": 7579.0, "p75": 7598.0, "p90": 7616.0, "p95": 7624.0, "p99": 7641.0, "p99.9": 7653.0, "max": 7653.0}, "output_len": {"mean": 943.5002926715055, "min": 1.0, "p0.1": 5.083000000000002, "p1": 33.0, "p5": 462.3000000000002, "p10": 952.0, "p25": 992.0, "median": 997.0, "p75": 1000.0, "p90": 1000.0, "p95": 1000.0, "p99": 1000.0, "p99.9": 1588.1440000005532, "max": 2000.0}}, "failures": {"count": 0, "request_latency": null, "prompt_len": null}}