{"load_summary": {"count": 1548, "schedule_delay": {"mean": 0.001447411942011761, "min": -0.0011418033391237259, "p0.1": -0.0008075546659529209, "p1": -0.0002821816434152424, "p5": 1.3919151388108743e-05, "p10": 0.00023764309007674457, "p25": 0.0005661316099576652, "median": 0.0009799934923648834, "p75": 0.0014042480033822358, "p90": 0.0018232804723083973, "p95": 0.0021236082306131717, "p99": 0.0028071063477545974, "p99.9": 0.1129444989906657, "max": 0.139662524452433}, "send_duration": 35.52431088197045, "requested_rate": 43.0, "achieved_rate": 43.575792508494565}, "successes": {"count": 1548, "latency": {"request_latency": {"mean": 141.932601785752, "min": 50.73234174097888, "p0.1": 51.1388481040278, "p1": 52.02593086108798, "p5": 54.04449198822258, "p10": 56.87822409472428, "p25": 97.54027671989752, "median": 145.04659582441673, "p75": 193.03254966979148, "p90": 226.65761868031694, "p95": 234.3805549348821, "p99": 251.278185254957, "p99.9": 257.2260124674172, "max": 257.4450384650845}, "normalized_time_per_output_token": {"mean": 0.3482699908282716, "min": 0.05073234174097888, "p0.1": 0.05134489139869331, "p1": 0.05223622638358502, "p5": 0.05484722469271243, "p10": 0.05748195782085452, "p25": 0.09879869224349372, "median": 0.14770960391254628, "p75": 0.20537814997026, "p90": 0.23622502684143837, "p95": 0.4392902847576624, "p99": 5.6311359570443855, "p99.9": 9.596604161348111, "max": 81.79343066550791}, "time_per_output_token": {"mean": 0.025311420353415267, "min": 0.012313507907585926, "p0.1": 0.012359258909519392, "p1": 0.012980463717340853, "p5": 0.016558486493908266, "p10": 0.021017664310737406, "p25": 0.025001082675914787, "median": 0.02545113899429254, "p75": 0.025939906790756202, "p90": 0.02745696367743168, "p95": 0.03185448094161396, "p99": 0.04127857527994866, "p99.9": 0.04346985485974736, "max": 0.044567759590119174}, "time_to_first_token": {"mean": 91.22754401368725, "min": 0.06572422990575433, "p0.1": 0.15449408412678167, "p1": 0.8122175772418267, "p5": 2.7743685421883133, "p10": 5.5482841780874885, "p25": 46.89414742909139, "median": 94.26134910644032, "p75": 142.42711550963577, "p90": 186.322367616673, "p95": 191.14557675012617, "p99": 202.27229000099237, "p99.9": 231.5331871378571, "max": 231.61738625890575}, "inter_token_latency": {"mean": 0.025311420353415263, "min": 2.2619497030973434e-06, "p0.1": 4.317422397434712e-06, "p1": 1.4138873666524887e-05, "p5": 1.9208993762731552e-05, "p10": 2.4691922590136528e-05, "p25": 4.160893149673939e-05, "median": 0.000299123115837574, "p75": 0.034117380157113075, "p90": 0.03478502593934536, "p95": 0.03539566738763824, "p99": 0.5561455110530368, "p99.9": 0.6683886024286058, "max": 35.93779719993472}}, "throughput": {"input_tokens_per_sec": 40203.59388378323, "output_tokens_per_sec": 4961.829774249884, "total_tokens_per_sec": 45165.42365803311, "requests_per_sec": 5.303406129497397}, "prompt_len": {"mean": 7580.71188630491, "min": 7501.0, "p0.1": 7502.094, "p1": 7515.0, "p5": 7535.0, "p10": 7544.0, "p25": 7561.0, "median": 7580.0, "p75": 7599.0, "p90": 7617.0, "p95": 7631.0, "p99": 7651.0, "p99.9": 7666.5300000000025, "max": 7672.0}, "output_len": {"mean": 935.5930232558139, "min": 2.0, "p0.1": 11.564, "p1": 33.0, "p5": 245.40000000000003, "p10": 932.0, "p25": 992.0, "median": 997.0, "p75": 1000.0, "p90": 1000.0, "p95": 1000.0, "p99": 1000.0, "p99.9": 1001.4530000000002, "max": 1995.0}}, "failures": {"count": 0, "request_latency": null, "prompt_len": null}}