{"load_summary": {"count": 1482, "schedule_delay": {"mean": 0.0009351161703864533, "min": -0.0010521223302930593, "p0.1": -0.0007539797741919756, "p1": -0.00024262425722554326, "p5": 8.646305650472637e-06, "p10": 0.00020200875587761402, "p25": 0.000553672609385103, "median": 0.0009084224002435803, "p75": 0.0012908934149891138, "p90": 0.0016533128917217256, "p95": 0.0018427171977236868, "p99": 0.0025090052955783907, "p99.9": 0.0032720687321853, "max": 0.008312195772305131}, "send_duration": 25.16025550616905, "requested_rate": 57.0, "achieved_rate": 58.9024224987154}, "successes": {"count": 1482, "latency": {"request_latency": {"mean": 142.79176899069398, "min": 49.832580144982785, "p0.1": 50.41164404250705, "p1": 51.74902236639755, "p5": 53.65108455409063, "p10": 56.35132584341336, "p25": 99.48231343965745, "median": 149.7015210945392, "p75": 197.89467465487542, "p90": 220.47141075839755, "p95": 244.01847446641187, "p99": 277.6030345052248, "p99.9": 278.60261079103384, "max": 278.70305694593117}, "normalized_time_per_output_token": {"mean": 0.35341811420275093, "min": 0.049832580144982784, "p0.1": 0.05066782931566249, "p1": 0.05189676252611223, "p5": 0.05416137312900973, "p10": 0.05733597387100559, "p25": 0.10121673062159772, "median": 0.1523250151890097, "p75": 0.20118748043805018, "p90": 0.24440410413413777, "p95": 0.3752319289898038, "p99": 5.854812091288855, "p99.9": 8.822499304735222, "max": 81.38492697066006}, "time_per_output_token": {"mean": 0.0250800941056749, "min": 0.012442172043023631, "p0.1": 0.012464510176256103, "p1": 0.013017762694763823, "p5": 0.015091878854499051, "p10": 0.020551708310485063, "p25": 0.024743959304616217, "median": 0.025396551638176064, "p75": 0.025780939150716588, "p90": 0.027597769019231184, "p95": 0.031286013703440724, "p99": 0.040924858479404067, "p99.9": 0.04402561692017962, "max": 0.044837579061428476}, "time_to_first_token": {"mean": 92.55001120976651, "min": 0.13783136010169983, "p0.1": 0.5052021358187776, "p1": 0.9529778814781458, "p5": 3.0217416245839557, "p10": 5.368075924180448, "p25": 48.957632422389, "median": 98.5436018150067, "p75": 149.07345861726208, "p90": 190.44738491007593, "p95": 196.49358115632785, "p99": 244.56055438006766, "p99.9": 249.06803360226965, "max": 249.20733632706106}, "inter_token_latency": {"mean": 0.025080203897037936, "min": 2.4239998310804367e-06, "p0.1": 4.559988155961037e-06, "p1": 1.4297498855739832e-05, "p5": 1.943507231771946e-05, "p10": 2.484489232301712e-05, "p25": 4.2153988033533096e-05, "median": 0.00030217901803553104, "p75": 0.03420822188491002, "p90": 0.03486973461695016, "p95": 0.03542282182024792, "p99": 0.556064440391492, "p99.9": 0.6602216176241644, "max": 35.661040316103026}}, "throughput": {"input_tokens_per_sec": 37230.99556332074, "output_tokens_per_sec": 4623.865954972378, "total_tokens_per_sec": 41854.861518293124, "requests_per_sec": 4.911384079083818}, "prompt_len": {"mean": 7580.55060728745, "min": 7501.0, "p0.1": 7501.962, "p1": 7515.0, "p5": 7535.0, "p10": 7544.0, "p25": 7561.0, "median": 7580.0, "p75": 7599.0, "p90": 7616.9, "p95": 7631.0, "p99": 7651.0, "p99.9": 7667.190000000002, "max": 7672.0}, "output_len": {"mean": 941.4588394062079, "min": 3.0, "p0.1": 20.848, "p1": 33.0, "p5": 392.25, "p10": 948.0, "p25": 991.0, "median": 997.0, "p75": 1000.0, "p90": 1000.0, "p95": 1000.0, "p99": 1000.0, "p99.9": 1001.5190000000002, "max": 1004.0}}, "failures": {"count": 0, "request_latency": null, "prompt_len": null}}