{"load_summary": {}, "successes": {"count": 1548, "rate": 4.977492, "prompt_len": {"mean": 0, "rate": 37949.68844}, "output_len": {"mean": 0, "rate": 4977.989857}, "queue_len": {"mean": 0}, "request_latency": {"mean": 141.838807, "median": 137.511312, "p90": 221.565611, "p99": 284.463158}, "time_to_first_token": {"mean": 90.678486, "median": 94.183515, "p90": 340.864, "p99": 610.0864}, "time_per_output_token": {"mean": 0.050734, "median": 0.037723, "p90": 0.048176, "p99": 0.663013}, "kv_cache_usage_percentage": {"mean": 0.0, "median": 0.0, "p90": 0.0, "p99": 0.0}, "num_requests_swapped": {"mean": 0}, "num_preemptions_total": {"mean": 0}, "prefix_cache_hit_percent": {"mean": 47.62963671457151}}, "failures": {}}