{"load_summary": {"count": 60, "schedule_delay": {"mean": 0.0010331333537275593, "min": -0.0004597371444106102, "p0.1": -0.00044749865168705583, "p1": -0.00033735221717506647, "p5": 3.242127131670713e-05, "p10": 0.0003411051817238331, "p25": 0.0006374096847139299, "median": 0.001053381129167974, "p75": 0.0014048533630557358, "p90": 0.0017376629868522287, "p95": 0.0019576124497689305, "p99": 0.002144429236650467, "p99.9": 0.002155665504746139, "max": 0.0021569139789789915}, "send_duration": 18.55568087985739, "requested_rate": 3.0, "achieved_rate": 3.2335110949839274}, "successes": {"count": 60, "latency": {"request_latency": {"mean": 26.692520773791088, "min": 24.93672675290145, "p0.1": 24.949112495882904, "p1": 25.060584182715974, "p5": 25.22704081062693, "p10": 25.410512730223125, "p25": 25.85806551546557, "median": 26.67802698048763, "p75": 27.305562001944054, "p90": 27.94037563884631, "p95": 28.405836710520088, "p99": 28.8235004827776, "p99.9": 28.919154821330917, "max": 28.92978308117017}, "normalized_time_per_output_token": {"mean": 0.21036276774161936, "min": 0.025146654600044713, "p0.1": 0.025151538692840376, "p1": 0.02519549552800134, "p5": 0.025286586141435807, "p10": 0.02567500875610858, "p25": 0.026211039753684207, "median": 0.027252423150629472, "p75": 0.028399384599479185, "p90": 0.07657495670243342, "p95": 0.5041619519305537, "p99": 3.9881579015834805, "p99.9": 8.10732060334618, "max": 8.565005347986395}, "time_per_output_token": {"mean": 0.01306538270978898, "min": 0.012171501905002493, "p0.1": 0.0121772819848639, "p1": 0.012229302703616569, "p5": 0.012291838164525762, "p10": 0.012385821742283042, "p25": 0.012655724997577285, "median": 0.013051683951026367, "p75": 0.013420802093480295, "p90": 0.013671518804662317, "p95": 0.01391057136691064, "p99": 0.014148319701737222, "p99.9": 0.014237410820479312, "max": 0.014247309833672875}, "time_to_first_token": {"mean": 0.49377859123827267, "min": 0.13899251399561763, "p0.1": 0.13908864339324645, "p1": 0.13995380797190593, "p5": 0.14429113822989165, "p10": 0.15219838051125406, "p25": 0.5162486958433874, "median": 0.529199747601524, "p75": 0.5363236485864036, "p90": 0.5978177026845515, "p95": 0.624902883474715, "p99": 0.8603379812999618, "p99.9": 1.0271176424620239, "max": 1.0456487159244716}, "inter_token_latency": {"mean": 0.013065382709788981, "min": 2.5709159672260284e-06, "p0.1": 4.809007747098803e-06, "p1": 1.698909094557166e-05, "p5": 2.847282448783517e-05, "p10": 3.814687952399254e-05, "p25": 4.4512038584798574e-05, "median": 0.00021611293777823448, "p75": 0.024712943995837122, "p90": 0.02532910439185798, "p95": 0.025743213575333355, "p99": 0.027343127219937743, "p99.9": 0.4784756908209529, "max": 0.579113471088931}}, "throughput": {"input_tokens_per_sec": 10412.624291195418, "output_tokens_per_sec": 1207.807304126215, "total_tokens_per_sec": 11620.431595321634, "requests_per_sec": 1.3729243378215539}, "prompt_len": {"mean": 7584.266666666666, "min": 7503.0, "p0.1": 7503.531, "p1": 7508.31, "p5": 7543.0, "p10": 7549.9, "p25": 7563.75, "median": 7580.5, "p75": 7609.5, "p90": 7625.0, "p95": 7638.45, "p99": 7652.46, "p99.9": 7655.646, "max": 7656.0}, "output_len": {"mean": 879.7333333333333, "min": 3.0, "p0.1": 4.77, "p1": 20.7, "p5": 54.2, "p10": 401.3000000000001, "p25": 985.75, "median": 999.5, "p75": 1000.0, "p90": 1000.0, "p95": 1000.0, "p99": 1000.0, "p99.9": 1000.0, "max": 1000.0}}, "failures": {"count": 0, "request_latency": null, "prompt_len": null}}