{"load_summary": {"count": 1518, "schedule_delay": {"mean": 0.0012013573875609045, "min": -0.0010508366394788027, "p0.1": -0.0005836918123532087, "p1": -0.0003120515076443553, "p5": -2.364378888159989e-05, "p10": 0.00017999645788222557, "p25": 0.0005322823999449611, "median": 0.0009349389001727104, "p75": 0.001335817389190197, "p90": 0.001702669309452176, "p95": 0.0019056434510275721, "p99": 0.00261712249368429, "p99.9": 0.07791423844732412, "max": 0.13703098124824464}, "send_duration": 33.34714569011703, "requested_rate": 46.0, "achieved_rate": 45.5211373742816}, "successes": {"count": 1518, "latency": {"request_latency": {"mean": 142.8106330055653, "min": 50.086959342006594, "p0.1": 50.36504629760864, "p1": 50.77698367063655, "p5": 53.17376703902846, "p10": 55.40311731758993, "p25": 98.00637472973904, "median": 147.82031891855877, "p75": 193.97186483169207, "p90": 220.3192505301442, "p95": 239.77400181337723, "p99": 261.80025958682177, "p99.9": 279.74880553123023, "max": 281.0334746099543}, "normalized_time_per_output_token": {"mean": 0.33009366681455166, "min": 0.05023767235908384, "p0.1": 0.05043767219041265, "p1": 0.05102401858762605, "p5": 0.053784520816511944, "p10": 0.0560038494265977, "p25": 0.09979159502752658, "median": 0.15115000387922045, "p75": 0.2014198015243117, "p90": 0.25415135532915306, "p95": 0.8598318375514474, "p99": 5.775086684541261, "p99.9": 8.192562640518165, "max": 11.209096526028588}, "time_per_output_token": {"mean": 0.025281939953060148, "min": 0.012244071540790892, "p0.1": 0.01240688051707784, "p1": 0.01346457955155774, "p5": 0.015773331371841365, "p10": 0.021103705736940665, "p25": 0.02491101573781296, "median": 0.025505685007028833, "p75": 0.02584419604448456, "p90": 0.02795004890582383, "p95": 0.03138033591336155, "p99": 0.04095366606298696, "p99.9": 0.044929734585448834, "max": 0.045998137642646666}, "time_to_first_token": {"mean": 92.16348956780581, "min": 0.07080771191976964, "p0.1": 0.0760898121916689, "p1": 0.5288189823715947, "p5": 2.558895998401568, "p10": 4.713083055475726, "p25": 47.591625692206435, "median": 96.16267625952605, "p75": 144.12508435558993, "p90": 187.05049437815325, "p95": 191.8488779097795, "p99": 218.7043240628717, "p99.9": 245.66550467055615, "max": 256.3557682489045}, "inter_token_latency": {"mean": 0.025281939953060155, "min": 2.37906351685524e-06, "p0.1": 4.380941390991211e-06, "p1": 1.4031073078513145e-05, "p5": 1.9143102690577507e-05, "p10": 2.4619046598672867e-05, "p25": 4.219892434775829e-05, "median": 0.0003067520447075367, "p75": 0.034203519753646106, "p90": 0.034883363940753045, "p95": 0.03551595696480944, "p99": 0.5564461355563254, "p99.9": 0.6742168019013529, "max": 36.28275841497816}}, "throughput": {"input_tokens_per_sec": 36746.20524025592, "output_tokens_per_sec": 4514.559853296367, "total_tokens_per_sec": 41260.76509355228, "requests_per_sec": 4.847463736377637}, "prompt_len": {"mean": 7580.501317523057, "min": 7501.0, "p0.1": 7502.034, "p1": 7515.0, "p5": 7535.0, "p10": 7544.0, "p25": 7561.0, "median": 7580.0, "p75": 7599.0, "p90": 7616.0, "p95": 7631.0, "p99": 7651.0, "p99.9": 7666.830000000002, "max": 7672.0}, "output_len": {"mean": 931.3241106719368, "min": 5.0, "p0.1": 27.551000000000002, "p1": 33.0, "p5": 169.85000000000002, "p10": 924.0, "p25": 991.0, "median": 997.0, "p75": 1000.0, "p90": 1000.0, "p95": 1000.0, "p99": 1000.0, "p99.9": 1001.9660000000003, "max": 1996.0}}, "failures": {"count": 0, "request_latency": null, "prompt_len": null}}