{"load_summary": {"count": 750, "schedule_delay": {"mean": 0.0009698868452881773, "min": -0.0007101544179022312, "p0.1": -0.000625922579318285, "p1": -0.00028708562720566985, "p5": 4.711643559858211e-05, "p10": 0.00023808209225535394, "p25": 0.0005699758767150342, "median": 0.0009648576378822327, "p75": 0.001365510281175375, "p90": 0.0016488823574036362, "p95": 0.0018563301186077295, "p99": 0.002338726662565022, "p99.9": 0.003918881136691438, "max": 0.005911998217925429}, "send_duration": 31.54501629504375, "requested_rate": 25.0, "achieved_rate": 23.77554644401428}, "successes": {"count": 750, "latency": {"request_latency": {"mean": 78.44116314118541, "min": 50.296231399988756, "p0.1": 50.612526194342415, "p1": 51.65514329682803, "p5": 52.7350920328754, "p10": 53.45191910758149, "p25": 55.485907818365376, "median": 84.9535413084086, "p75": 94.58803361549508, "p90": 110.88645944548772, "p95": 113.77894506047014, "p99": 117.36194968774215, "p99.9": 120.2053240516868, "max": 120.266698630061}, "normalized_time_per_output_token": {"mean": 0.27801691786177274, "min": 0.028198539630628308, "p0.1": 0.04352322174107145, "p1": 0.051720550306716316, "p5": 0.05303572540092393, "p10": 0.05378562601309944, "p25": 0.05647811670036754, "median": 0.0869828052502015, "p75": 0.09663301161286654, "p90": 0.1149583808296446, "p95": 0.2562406652852868, "p99": 2.8124650646049965, "p99.9": 39.61687963395782, "max": 47.335066959960386}, "time_per_output_token": {"mean": 0.0242404066886706, "min": 0.011834950847569845, "p0.1": 0.01218719135444804, "p1": 0.013037806776024565, "p5": 0.014281790560718322, "p10": 0.01641769852772679, "p25": 0.023040353961259606, "median": 0.025533727692628183, "p75": 0.025896597954177897, "p90": 0.026862474523395345, "p95": 0.029892774792851164, "p99": 0.04073738968443834, "p99.9": 0.043346823317492046, "max": 0.043575313593168324}, "time_to_first_token": {"mean": 29.878191616203015, "min": 0.13202838809229434, "p0.1": 0.1368561243203003, "p1": 0.5103377477894537, "p5": 0.8873951525893062, "p10": 1.3569468673318625, "p25": 2.8172036640462466, "median": 39.64603648148477, "p75": 45.15150370448828, "p90": 81.0922056330368, "p95": 83.41406581130578, "p99": 85.10605446108384, "p99.9": 86.14233282801464, "max": 86.28807695093565}, "inter_token_latency": {"mean": 0.0242404066886706, "min": 2.333894371986389e-06, "p0.1": 4.517085151746869e-06, "p1": 1.4211982488632202e-05, "p5": 1.9468937534838914e-05, "p10": 2.505001612007618e-05, "p25": 4.178797826170921e-05, "median": 0.0003022380406036973, "p75": 0.03403982211602852, "p90": 0.03474656553007662, "p95": 0.03529985988279805, "p99": 0.5512674812600017, "p99.9": 0.6541526378670268, "max": 36.03844168107025}}, "throughput": {"input_tokens_per_sec": 39317.014828351486, "output_tokens_per_sec": 4855.8629849597655, "total_tokens_per_sec": 44172.87781331125, "requests_per_sec": 5.186572690571086}, "prompt_len": {"mean": 7580.538666666666, "min": 7501.0, "p0.1": 7502.498, "p1": 7515.98, "p5": 7535.0, "p10": 7544.0, "p25": 7561.0, "median": 7580.0, "p75": 7599.0, "p90": 7616.1, "p95": 7631.0, "p99": 7651.0, "p99.9": 7664.510000000001, "max": 7672.0}, "output_len": {"mean": 936.2373333333334, "min": 2.0, "p0.1": 2.749, "p1": 33.0, "p5": 339.5000000000002, "p10": 926.5, "p25": 991.0, "median": 997.0, "p75": 1000.0, "p90": 1000.0, "p95": 1000.0, "p99": 1000.0, "p99.9": 1998.2510000000002, "max": 1999.0}}, "failures": {"count": 0, "request_latency": null, "prompt_len": null}}