{"load_summary": {}, "successes": {"count": 1470, "rate": 4.481707, "prompt_len": {"mean": 0, "rate": 34305.42137}, "output_len": {"mean": 0, "rate": 4482.011344}, "queue_len": {"mean": 0}, "request_latency": {"mean": 141.424559, "median": 136.695652, "p90": 224.347826, "p99": 396.0}, "time_to_first_token": {"mean": 89.75053, "median": 90.897227, "p90": 305.352113, "p99": 606.535211}, "time_per_output_token": {"mean": 0.050914, "median": 0.037736, "p90": 0.048174, "p99": 0.663485}, "kv_cache_usage_percentage": {"mean": 0.0, "median": 0.0, "p90": 0.0, "p99": 0.0}, "num_requests_swapped": {"mean": 0}, "num_preemptions_total": {"mean": 0}, "prefix_cache_hit_percent": {"mean": 47.08005769660703}}, "failures": {}}