{"load_summary": {}, "successes": {"count": 760, "rate": 4.444444, "prompt_len": {"mean": 0, "rate": 34832.865186}, "output_len": {"mean": 0, "rate": 4447.793747}, "queue_len": {"mean": 0}, "request_latency": {"mean": 77.714215, "median": 71.612903, "p90": 113.640553, "p99": 209.6}, "time_to_first_token": {"mean": 28.68781, "median": 22.834646, "p90": 77.6621, "p99": 150.448485}, "time_per_output_token": {"mean": 0.048225, "median": 0.037449, "p90": 0.048069, "p99": 0.650505}, "kv_cache_usage_percentage": {"mean": 0.0, "median": 0.0, "p90": 0.0, "p99": 0.0}, "num_requests_swapped": {"mean": 0}, "num_preemptions_total": {"mean": 0}, "prefix_cache_hit_percent": {"mean": 47.42488728222923}}, "failures": {}}