{"load_summary": {"count": 735, "schedule_delay": {"mean": 0.0010199278637412048, "min": -0.0005599227733910084, "p0.1": -0.0004894221774302423, "p1": -0.00019719789735972882, "p5": 7.68554164096713e-05, "p10": 0.0002586916089057923, "p25": 0.000610282295383513, "median": 0.0009913335088640451, "p75": 0.0014102335553616285, "p90": 0.0017296376638114453, "p95": 0.0019431828754022714, "p99": 0.002663250318728374, "p99.9": 0.005622684752568854, "max": 0.008032514480873942}, "send_duration": 20.997268612030894, "requested_rate": 35.0, "achieved_rate": 35.00455290546047}, "successes": {"count": 735, "latency": {"request_latency": {"mean": 83.43381412517641, "min": 51.02907458995469, "p0.1": 51.061655661656985, "p1": 51.826455918829886, "p5": 52.97966035986319, "p10": 54.21765803997405, "p25": 56.68514539557509, "median": 91.65108547406271, "p75": 100.6089052350726, "p90": 116.42016893755644, "p95": 126.99106152213643, "p99": 138.9591873859195, "p99.9": 140.30713509072365, "max": 140.3144564558752}, "normalized_time_per_output_token": {"mean": 0.21115118894560694, "min": 0.05122714440423319, "p0.1": 0.05142192066281436, "p1": 0.05213596736920722, "p5": 0.05336581378697314, "p10": 0.054714101454970465, "p25": 0.05758921799800102, "median": 0.09399665793784172, "p75": 0.10720987950567029, "p90": 0.13533179858665367, "p95": 0.24295164669347724, "p99": 2.9073016532199096, "p99.9": 10.087595608745868, "max": 26.115052889916115}, "time_per_output_token": {"mean": 0.02415359422937359, "min": 0.012384051600748534, "p0.1": 0.012483183607033667, "p1": 0.012598940777405724, "p5": 0.01392430538862668, "p10": 0.015841731679314436, "p25": 0.022524851696928316, "median": 0.025484265974033502, "p75": 0.025895762316852824, "p90": 0.027648714233305248, "p95": 0.03006097206904989, "p99": 0.04238475329907975, "p99.9": 0.04372153239429018, "max": 0.043983268898505457}, "time_to_first_token": {"mean": 35.04584927950276, "min": 0.13766543683595955, "p0.1": 0.1417333450289443, "p1": 0.5159924789005891, "p5": 1.4335422418778763, "p10": 2.7478599620517348, "p25": 5.128955548396334, "median": 44.37717609596439, "p75": 52.04381812585052, "p90": 89.20892701195552, "p95": 95.73511595004236, "p99": 105.43484400183428, "p99.9": 106.3029816272012, "max": 106.40785735799}, "inter_token_latency": {"mean": 0.02415359422937359, "min": 2.4121254682540894e-06, "p0.1": 4.476619884371758e-06, "p1": 1.4138873666524887e-05, "p5": 1.8966849893331528e-05, "p10": 2.430099993944168e-05, "p25": 4.104780964553356e-05, "median": 0.00028786901384592056, "p75": 0.03404803457669914, "p90": 0.034764858148992064, "p95": 0.03526815678924322, "p99": 0.5517420251853764, "p99.9": 0.6577038769680076, "max": 35.523159373085946}}, "throughput": {"input_tokens_per_sec": 35887.59873021106, "output_tokens_per_sec": 4424.07548173606, "total_tokens_per_sec": 40311.67421194712, "requests_per_sec": 4.7341735080948615}, "prompt_len": {"mean": 7580.541496598639, "min": 7501.0, "p0.1": 7502.468, "p1": 7515.68, "p5": 7535.0, "p10": 7544.0, "p25": 7560.5, "median": 7580.0, "p75": 7599.0, "p90": 7616.6, "p95": 7631.0, "p99": 7651.0, "p99.9": 7664.660000000001, "max": 7672.0}, "output_len": {"mean": 934.4979591836735, "min": 2.0, "p0.1": 13.744, "p1": 33.0, "p5": 225.7, "p10": 941.0, "p25": 992.0, "median": 997.0, "p75": 1000.0, "p90": 1000.0, "p95": 1000.0, "p99": 1000.0, "p99.9": 1002.8620000000005, "max": 1008.0}}, "failures": {"count": 0, "request_latency": null, "prompt_len": null}}