{"load_summary": {}, "successes": {"count": 1482, "rate": 4.63125, "prompt_len": {"mean": 0, "rate": 35444.007}, "output_len": {"mean": 0, "rate": 4631.867103}, "queue_len": {"mean": 0}, "request_latency": {"mean": 142.699161, "median": 135.638298, "p90": 230.234043, "p99": 439.117241}, "time_to_first_token": {"mean": 91.681548, "median": 90.384615, "p90": 289.717073, "p99": 604.971707}, "time_per_output_token": {"mean": 0.050298, "median": 0.037786, "p90": 0.04817, "p99": 0.662546}, "kv_cache_usage_percentage": {"mean": 0.0, "median": 0.0, "p90": 0.0, "p99": 0.0}, "num_requests_swapped": {"mean": 0}, "num_preemptions_total": {"mean": 0}, "prefix_cache_hit_percent": {"mean": 48.112235313486075}}, "failures": {}}