{"load_summary": {"count": 1470, "schedule_delay": {"mean": 0.0009624971300173475, "min": -0.0010158885270357132, "p0.1": -0.000796383761567995, "p1": -0.0003503163857385516, "p5": -5.023286212235683e-06, "p10": 0.00019921832717955114, "p25": 0.000573186669498682, "median": 0.0009430458303540945, "p75": 0.0013593451003544033, "p90": 0.0017274729674682024, "p95": 0.0019097117241472002, "p99": 0.0025374484434723846, "p99.9": 0.0030048283482901894, "max": 0.0035577116068452597}, "send_duration": 30.219625103054568, "requested_rate": 49.0, "achieved_rate": 48.64388605043992}, "successes": {"count": 1470, "latency": {"request_latency": {"mean": 141.51649103136606, "min": 51.17511207610369, "p0.1": 51.24782574727945, "p1": 51.92035171095981, "p5": 53.803969486185814, "p10": 56.76188200258184, "p25": 99.08367779653054, "median": 147.4611240165541, "p75": 194.5670545430039, "p90": 219.92603752042638, "p95": 232.08219891892512, "p99": 263.974105005553, "p99.9": 272.18372186532747, "max": 279.40940080187283}, "normalized_time_per_output_token": {"mean": 0.3526678098506399, "min": 0.026605039654287486, "p0.1": 0.05118098542409623, "p1": 0.05224891705174465, "p5": 0.054440981253492685, "p10": 0.05732260762205833, "p25": 0.10021481929603772, "median": 0.14983848559553736, "p75": 0.19794024023552745, "p90": 0.23418173174588477, "p95": 0.5367508966416682, "p99": 5.7964500104076135, "p99.9": 8.568183443043502, "max": 44.48228532420471}, "time_per_output_token": {"mean": 0.02540283907494004, "min": 0.012270259839631077, "p0.1": 0.012341145948352603, "p1": 0.013230185922137976, "p5": 0.0165271949619106, "p10": 0.02142188949228871, "p25": 0.025062729575278435, "median": 0.025449738953321213, "p75": 0.02591230090219306, "p90": 0.027679996377812224, "p95": 0.03257171044700724, "p99": 0.04126152161568952, "p99.9": 0.04416560455863591, "max": 0.04570585666415186}, "time_to_first_token": {"mean": 90.62817877760176, "min": 0.0682364129461348, "p0.1": 0.31511089441506196, "p1": 0.8976026394683868, "p5": 2.707828805758618, "p10": 5.488519687368535, "p25": 47.95412959397072, "median": 96.38306872500107, "p75": 144.8634773507365, "p90": 186.97056752319915, "p95": 191.7223147802404, "p99": 218.65032095405502, "p99.9": 223.2389207721561, "max": 224.8162558679469}, "inter_token_latency": {"mean": 0.025402839074940037, "min": 2.403976395726204e-06, "p0.1": 4.550413228571415e-06, "p1": 1.43276434391737e-05, "p5": 1.963181421160698e-05, "p10": 2.5138002820312982e-05, "p25": 4.260800778865814e-05, "median": 0.0003170499112457037, "p75": 0.034171239007264376, "p90": 0.03485191660001874, "p95": 0.035489539138507095, "p99": 0.5556657318468206, "p99.9": 0.6665404753442867, "max": 36.30297817592509}}, "throughput": {"input_tokens_per_sec": 35997.41869464594, "output_tokens_per_sec": 4448.014302580433, "total_tokens_per_sec": 40445.43299722637, "requests_per_sec": 4.748655907581005}, "prompt_len": {"mean": 7580.5489795918365, "min": 7501.0, "p0.1": 7501.938, "p1": 7515.0, "p5": 7535.0, "p10": 7544.0, "p25": 7561.0, "median": 7580.0, "p75": 7599.0, "p90": 7616.0, "p95": 7631.0, "p99": 7651.0, "p99.9": 7667.310000000001, "max": 7672.0}, "output_len": {"mean": 936.6891156462585, "min": 5.0, "p0.1": 19.814, "p1": 33.0, "p5": 234.60000000000002, "p10": 931.0, "p25": 992.0, "median": 997.0, "p75": 1000.0, "p90": 1000.0, "p95": 1000.0, "p99": 1000.0, "p99.9": 1997.0620000000004, "max": 1998.0}}, "failures": {"count": 0, "request_latency": null, "prompt_len": null}}