{"load_summary": {}, "successes": {"count": 750, "rate": 4.237288, "prompt_len": {"mean": 0, "rate": 31390.171346}, "output_len": {"mean": 0, "rate": 4241.300146}, "queue_len": {"mean": 0}, "request_latency": {"mean": 72.427851, "median": 68.979592, "p90": 109.795918, "p99": 118.979592}, "time_to_first_token": {"mean": 24.244271, "median": 22.767528, "p90": 59.735537, "p99": 111.133333}, "time_per_output_token": {"mean": 0.048668, "median": 0.037343, "p90": 0.048087, "p99": 0.650665}, "kv_cache_usage_percentage": {"mean": 0.0, "median": 0.0, "p90": 0.0, "p99": 0.0}, "num_requests_swapped": {"mean": 0}, "num_preemptions_total": {"mean": 0}, "prefix_cache_hit_percent": {"mean": 48.86512321082393}}, "failures": {}}