{"load_summary": {"count": 760, "schedule_delay": {"mean": 0.0009675829453810462, "min": -0.000989772379398346, "p0.1": -0.0008391221908386797, "p1": -0.0004096226557157934, "p5": 5.687416996806863e-05, "p10": 0.00028905852232128385, "p25": 0.0005750127020291984, "median": 0.0009516972349956632, "p75": 0.001291237655095756, "p90": 0.001692932820878923, "p95": 0.001884850428905337, "p99": 0.0025706983101554215, "p99.9": 0.004621880906634622, "max": 0.009128862526267767}, "send_duration": 34.60973737691529, "requested_rate": 20.0, "achieved_rate": 21.959138023015463}, "successes": {"count": 760, "latency": {"request_latency": {"mean": 77.80724466312584, "min": 48.49225305393338, "p0.1": 48.77748104682588, "p1": 49.519697870668026, "p5": 50.55970655605197, "p10": 51.59706000450533, "p25": 54.31229720794363, "median": 80.69982155947946, "p75": 94.81667971832212, "p90": 108.39620955064893, "p95": 118.91674494066973, "p99": 124.09271387008017, "p99.9": 125.82539695054233, "max": 126.53520054998808}, "normalized_time_per_output_token": {"mean": 0.1458318376044266, "min": 0.026592648368684753, "p0.1": 0.043288207082439634, "p1": 0.04971367083101691, "p5": 0.050779609226470346, "p10": 0.0520732635316098, "p25": 0.05482822176494172, "median": 0.08470817175251433, "p75": 0.10081863586354303, "p90": 0.12083706761731831, "p95": 0.1817729025536746, "p99": 2.585143302748023, "p99.9": 4.95560904086807, "max": 5.153817574301844}, "time_per_output_token": {"mean": 0.024039285225162382, "min": 0.012213841079967445, "p0.1": 0.012276546725682493, "p1": 0.01266330965507919, "p5": 0.013927006291871102, "p10": 0.016226317715805037, "p25": 0.022398136119489258, "median": 0.025105009060017933, "p75": 0.025928191310380058, "p90": 0.02727042710894243, "p95": 0.02960062603948396, "p99": 0.04136040716384675, "p99.9": 0.044081523296276355, "max": 0.04450842084305855}, "time_to_first_token": {"mean": 29.64644758063522, "min": 0.06471755704842508, "p0.1": 0.0697634299439378, "p1": 0.1961812009802088, "p5": 0.6541220219456592, "p10": 1.1595522344345228, "p25": 2.3557204969692975, "median": 36.660677121486515, "p75": 44.1800225591287, "p90": 78.63376481640152, "p95": 84.70015799161047, "p99": 90.75069206654793, "p99.9": 91.2068601700063, "max": 91.26661715307273}, "inter_token_latency": {"mean": 0.024039285225162382, "min": 2.301996573805809e-06, "p0.1": 4.2417170479893685e-06, "p1": 1.3864831998944283e-05, "p5": 1.886114478111267e-05, "p10": 2.4273060262203217e-05, "p25": 4.112301394343376e-05, "median": 0.00027962750755250454, "p75": 0.03412157157436013, "p90": 0.034814372286200525, "p95": 0.03532910809153691, "p99": 0.5492950162896885, "p99.9": 0.6569664435945458, "max": 35.880116323940456}}, "throughput": {"input_tokens_per_sec": 37838.435937184186, "output_tokens_per_sec": 4703.490942636405, "total_tokens_per_sec": 42541.926879820596, "requests_per_sec": 4.991619014403325}, "prompt_len": {"mean": 7580.393421052631, "min": 7501.0, "p0.1": 7502.518, "p1": 7514.59, "p5": 7534.95, "p10": 7544.0, "p25": 7560.75, "median": 7580.0, "p75": 7599.0, "p90": 7616.1, "p95": 7631.0, "p99": 7651.0, "p99.9": 7664.410000000001, "max": 7672.0}, "output_len": {"mean": 942.2776315789474, "min": 17.0, "p0.1": 17.0, "p1": 33.59, "p5": 429.5, "p10": 948.9, "p25": 992.0, "median": 998.0, "p75": 1000.0, "p90": 1000.0, "p95": 1000.0, "p99": 1000.0, "p99.9": 1242.2770000000987, "max": 1999.0}}, "failures": {"count": 0, "request_latency": null, "prompt_len": null}}