{"load_summary": {}, "successes": {"count": 1518, "rate": 4.572289, "prompt_len": {"mean": 0, "rate": 35146.497201}, "output_len": {"mean": 0, "rate": 4572.752426}, "queue_len": {"mean": 0}, "request_latency": {"mean": 142.715858, "median": 137.65586, "p90": 228.508728, "p99": 431.424}, "time_to_first_token": {"mean": 90.899642, "median": 92.512156, "p90": 343.325301, "p99": 610.33253}, "time_per_output_token": {"mean": 0.050694, "median": 0.037759, "p90": 0.048181, "p99": 0.66354}, "kv_cache_usage_percentage": {"mean": 0.0, "median": 0.0, "p90": 0.0, "p99": 0.0}, "num_requests_swapped": {"mean": 0}, "num_preemptions_total": {"mean": 0}, "prefix_cache_hit_percent": {"mean": 48.17902122844524}}, "failures": {}}