{"load_summary": {"count": 748, "schedule_delay": {"mean": 0.0009301713220202389, "min": -0.0006488650105893612, "p0.1": -0.0006057138226460665, "p1": -0.0004083400475792587, "p5": -3.337495727464556e-05, "p10": 0.00014979562256485225, "p25": 0.0004965693806298077, "median": 0.0008991739014163613, "p75": 0.0012909177457913756, "p90": 0.0017514724284410476, "p95": 0.0019469447433948517, "p99": 0.002386536546982825, "p99.9": 0.004656027651625024, "max": 0.009376874193549156}, "send_duration": 32.16320286714472, "requested_rate": 22.0, "achieved_rate": 23.256390325607008}, "successes": {"count": 748, "latency": {"request_latency": {"mean": 77.72026213484301, "min": 48.68667685496621, "p0.1": 48.99457689192821, "p1": 50.2161799308192, "p5": 51.49848653246882, "p10": 52.20837357917335, "p25": 54.378804041829426, "median": 80.16265756112989, "p75": 92.43708988971775, "p90": 109.98168589866255, "p95": 117.56945213666185, "p99": 125.23726276199798, "p99.9": 127.14290212838817, "max": 127.18841862888075}, "normalized_time_per_output_token": {"mean": 0.18085143722401503, "min": 0.027082718498272654, "p0.1": 0.043257280743686365, "p1": 0.05039976847075159, "p5": 0.05181225139318432, "p10": 0.052426678998224674, "p25": 0.055183264884457454, "median": 0.08445950415877258, "p75": 0.10025948821325542, "p90": 0.12206701696532526, "p95": 0.2899431101035766, "p99": 2.7924747737603592, "p99.9": 9.190827968473965, "max": 9.73515903231843}, "time_per_output_token": {"mean": 0.023949518081047304, "min": 0.012493709831134132, "p0.1": 0.012528932430746518, "p1": 0.012966448472987772, "p5": 0.014577906364170105, "p10": 0.01666542730292539, "p25": 0.02208018389082854, "median": 0.025064776695369724, "p75": 0.025883878210453834, "p90": 0.02708599745765559, "p95": 0.030557304892902152, "p99": 0.0400438070479142, "p99.9": 0.04471242970663514, "max": 0.04530021575766372}, "time_to_first_token": {"mean": 29.740592999559986, "min": 0.06647429801523685, "p0.1": 0.06651622042665258, "p1": 0.20287338995607568, "p5": 0.5652144281775691, "p10": 1.0187982644187288, "p25": 2.5463287915918045, "median": 37.77536535600666, "p75": 43.642449150502216, "p90": 81.13511262047105, "p95": 84.01267768889664, "p99": 91.88011758360544, "p99.9": 94.18793340082608, "max": 94.45326233515516}, "inter_token_latency": {"mean": 0.023949518081047304, "min": 2.3830216377973557e-06, "p0.1": 4.214001819491386e-06, "p1": 1.3906974345445633e-05, "p5": 1.8998049199581146e-05, "p10": 2.4450011551380157e-05, "p25": 4.116212949156761e-05, "median": 0.0002834639744833112, "p75": 0.03388084040489048, "p90": 0.03465452417731285, "p95": 0.0352340457146056, "p99": 0.5485310589382425, "p99.9": 0.6551359660001476, "max": 35.43144472991116}}, "throughput": {"input_tokens_per_sec": 36820.11912319399, "output_tokens_per_sec": 4553.762220224921, "total_tokens_per_sec": 41373.88134341891, "requests_per_sec": 4.857166280791359}, "prompt_len": {"mean": 7580.576203208556, "min": 7501.0, "p0.1": 7502.494, "p1": 7515.94, "p5": 7535.0, "p10": 7544.0, "p25": 7560.75, "median": 7580.0, "p75": 7599.0, "p90": 7616.3, "p95": 7631.0, "p99": 7651.0, "p99.9": 7664.530000000001, "max": 7672.0}, "output_len": {"mean": 937.5347593582887, "min": 6.0, "p0.1": 6.0, "p1": 32.47, "p5": 288.05, "p10": 938.8, "p25": 992.0, "median": 998.0, "p75": 1000.0, "p90": 1000.0, "p95": 1000.0, "p99": 1000.0, "p99.9": 1252.9880000000426, "max": 1997.0}}, "failures": {"count": 0, "request_latency": null, "prompt_len": null}}