{"load_summary": {"count": 1485, "schedule_delay": {"mean": 0.0009396894549580937, "min": -0.0006568164099007845, "p0.1": -0.0005351914381608367, "p1": -0.00025625010021030904, "p5": 1.2248568236827856e-05, "p10": 0.00021307095885276796, "p25": 0.0005386215634644032, "median": 0.0009269460570067167, "p75": 0.00128627335652709, "p90": 0.0016795753967016936, "p95": 0.0019070256967097519, "p99": 0.0025908017903566384, "p99.9": 0.0037668252438307404, "max": 0.004649296868592501}, "send_duration": 27.09627911518328, "requested_rate": 55.0, "achieved_rate": 54.80457274917451}, "successes": {"count": 1485, "latency": {"request_latency": {"mean": 142.92001549702746, "min": 49.82898405310698, "p0.1": 50.15643226492219, "p1": 51.923756828624754, "p5": 54.05247678658925, "p10": 56.87625605016947, "p25": 99.08294105785899, "median": 149.6207925840281, "p75": 197.8011950319633, "p90": 223.70323586715386, "p95": 235.22945528840646, "p99": 248.18560119200498, "p99.9": 249.03760227749777, "max": 249.12667438597418}, "normalized_time_per_output_token": {"mean": 0.29749698182758066, "min": 0.049878862916023003, "p0.1": 0.05015643226492218, "p1": 0.0521697780044341, "p5": 0.05448908017490861, "p10": 0.05761404101750813, "p25": 0.10113094089284652, "median": 0.15215100882202387, "p75": 0.20262851988880864, "p90": 0.2367114055982882, "p95": 0.3795116403412848, "p99": 5.904978941278535, "p99.9": 7.441507862265295, "max": 14.083708383783232}, "time_per_output_token": {"mean": 0.025241472423471016, "min": 0.01231958609896301, "p0.1": 0.012453668273242562, "p1": 0.013838451771425835, "p5": 0.0166536293369064, "p10": 0.019847513655682783, "p25": 0.024953963046056637, "median": 0.02547562455021679, "p75": 0.026014479798618994, "p90": 0.02781838216380901, "p95": 0.03173801629950219, "p99": 0.041531474266647196, "p99.9": 0.04486337218593227, "max": 0.04637464085665496}, "time_to_first_token": {"mean": 92.35454219073976, "min": 0.061568566132336855, "p0.1": 0.13834931798279285, "p1": 0.9271272979676723, "p5": 2.9900934889912607, "p10": 5.466963836969808, "p25": 48.81270982394926, "median": 98.62860597181134, "p75": 148.30969812907279, "p90": 190.87974056187088, "p95": 195.9171166378539, "p99": 210.88157984749415, "p99.9": 216.58851275185222, "max": 216.9371514718514}, "inter_token_latency": {"mean": 0.025241472423471023, "min": 2.369983121752739e-06, "p0.1": 4.568948410451412e-06, "p1": 1.4116056263446808e-05, "p5": 1.9147992134094238e-05, "p10": 2.464395947754383e-05, "p25": 4.206318408250809e-05, "median": 0.0003000700380653143, "p75": 0.03416801895946264, "p90": 0.03483451562933624, "p95": 0.03542626327835023, "p99": 0.5553673049435022, "p99.9": 0.6645651199659351, "max": 36.734828086104244}}, "throughput": {"input_tokens_per_sec": 41207.184144897976, "output_tokens_per_sec": 5116.628864633093, "total_tokens_per_sec": 46323.81300953107, "requests_per_sec": 5.435916673329734}, "prompt_len": {"mean": 7580.540067340067, "min": 7501.0, "p0.1": 7501.968, "p1": 7515.0, "p5": 7535.0, "p10": 7544.0, "p25": 7561.0, "median": 7580.0, "p75": 7599.0, "p90": 7616.6, "p95": 7631.0, "p99": 7651.0, "p99.9": 7667.160000000001, "max": 7672.0}, "output_len": {"mean": 941.2632996632997, "min": 4.0, "p0.1": 24.484, "p1": 33.0, "p5": 397.60000000000025, "p10": 942.0, "p25": 991.0, "median": 997.0, "p75": 1000.0, "p90": 1000.0, "p95": 1000.0, "p99": 1000.0, "p99.9": 1634.452000000057, "max": 1998.0}}, "failures": {"count": 0, "request_latency": null, "prompt_len": null}}