{"load_summary": {}, "successes": {"count": 735, "rate": 4.248555, "prompt_len": {"mean": 0, "rate": 32296.499851}, "output_len": {"mean": 0, "rate": 4248.232207}, "queue_len": {"mean": 0}, "request_latency": {"mean": 83.342702, "median": 75.44335, "p90": 118.891626, "p99": 226.636364}, "time_to_first_token": {"mean": 34.916448, "median": 42.876712, "p90": 99.298969, "p99": 153.929897}, "time_per_output_token": {"mean": 0.048399, "median": 0.037554, "p90": 0.048083, "p99": 0.652454}, "kv_cache_usage_percentage": {"mean": 0.0, "median": 0.0, "p90": 0.0, "p99": 0.0}, "num_requests_swapped": {"mean": 0}, "num_preemptions_total": {"mean": 0}, "prefix_cache_hit_percent": {"mean": 47.61115960457688}}, "failures": {}}