{"load_summary": {"count": 1508, "schedule_delay": {"mean": 0.0009493121093902391, "min": -0.0009444290772080421, "p0.1": -0.0006006098743528128, "p1": -0.00029212799854576587, "p5": 8.893350604921636e-06, "p10": 0.00019983777310699226, "p25": 0.0005184332840144634, "median": 0.0009287135908380151, "p75": 0.0013173108454793692, "p90": 0.0016740730730816719, "p95": 0.0019074247102253133, "p99": 0.002622292046435182, "p99.9": 0.005530346426181748, "max": 0.010978632373735309}, "send_duration": 28.86562236608006, "requested_rate": 52.0, "achieved_rate": 52.24207470309208}, "successes": {"count": 1508, "latency": {"request_latency": {"mean": 143.85099809458316, "min": 50.905367678031325, "p0.1": 50.91868592286785, "p1": 51.853102928884326, "p5": 54.11010928242467, "p10": 56.41237340723164, "p25": 98.97808776563033, "median": 148.83228224306367, "p75": 199.24414246692322, "p90": 229.19196069277822, "p95": 240.99384059841978, "p99": 262.18474808352534, "p99.9": 283.9564964026858, "max": 284.32945236214437}, "normalized_time_per_output_token": {"mean": 0.34729335651729526, "min": 0.0291621015641141, "p0.1": 0.0509416077473332, "p1": 0.05211271790040424, "p5": 0.054530896317066944, "p10": 0.05716794217678423, "p25": 0.09993263784504962, "median": 0.15162846598738616, "p75": 0.2034506240509784, "p90": 0.24956868657103545, "p95": 0.43314369444995293, "p99": 5.570930453194681, "p99.9": 10.789749715278983, "max": 57.215699496271554}, "time_per_output_token": {"mean": 0.02549414659979148, "min": 0.012205612478728431, "p0.1": 0.012630806142618802, "p1": 0.014451024631140237, "p5": 0.0180419778395123, "p10": 0.021087809174374184, "p25": 0.02503708813947787, "median": 0.02559777205392927, "p75": 0.026055338668029827, "p90": 0.027509556749350635, "p95": 0.0318370978394907, "p99": 0.04165873848199579, "p99.9": 0.04466509483860357, "max": 0.04615567634785096}, "time_to_first_token": {"mean": 92.78072727478693, "min": 0.1403371118940413, "p0.1": 0.31143876492977146, "p1": 0.9568940580799244, "p5": 3.020734527683817, "p10": 5.591738490341232, "p25": 47.1221581667196, "median": 97.38070109440014, "p75": 148.52427160023944, "p90": 192.86415227882097, "p95": 197.57327979624966, "p99": 216.25199557470395, "p99.9": 258.62686537929216, "max": 258.92746183415875}, "inter_token_latency": {"mean": 0.025494146599791483, "min": 2.3830216377973557e-06, "p0.1": 4.610531963407994e-06, "p1": 1.4208955690264702e-05, "p5": 1.9208993762731552e-05, "p10": 2.4549197405576706e-05, "p25": 4.174700006842613e-05, "median": 0.0003051139647141099, "p75": 0.03418926848098636, "p90": 0.03485892696771771, "p95": 0.035430910997092724, "p99": 0.5555260083382019, "p99.9": 0.6624306768125394, "max": 36.67220830498263}}, "throughput": {"input_tokens_per_sec": 36611.17958664123, "output_tokens_per_sec": 4546.023995195446, "total_tokens_per_sec": 41157.20358183667, "requests_per_sec": 4.829647273192377}, "prompt_len": {"mean": 7580.507957559682, "min": 7501.0, "p0.1": 7502.014, "p1": 7515.0, "p5": 7535.0, "p10": 7544.0, "p25": 7561.0, "median": 7580.0, "p75": 7599.0, "p90": 7616.3, "p95": 7631.0, "p99": 7651.0, "p99.9": 7666.930000000002, "max": 7672.0}, "output_len": {"mean": 941.2745358090185, "min": 4.0, "p0.1": 20.549, "p1": 33.0, "p5": 322.3000000000002, "p10": 943.7, "p25": 991.0, "median": 997.0, "p75": 1000.0, "p90": 1000.0, "p95": 1000.0, "p99": 1001.0, "p99.9": 1998.4930000000002, "max": 1999.0}}, "failures": {"count": 0, "request_latency": null, "prompt_len": null}}