{"load_summary": {}, "successes": {"count": 1500, "rate": 5.244755, "prompt_len": {"mean": 0, "rate": 38849.643545}, "output_len": {"mean": 0, "rate": 5243.859262}, "queue_len": {"mean": 0}, "request_latency": {"mean": 143.013845, "median": 135.683453, "p90": 222.014388, "p99": 336.0}, "time_to_first_token": {"mean": 95.090469, "median": 95.007949, "p90": 323.027027, "p99": 608.302703}, "time_per_output_token": {"mean": 0.050006, "median": 0.037875, "p90": 0.048175, "p99": 0.661395}, "kv_cache_usage_percentage": {"mean": 0.0, "median": 0.0, "p90": 0.0, "p99": 0.0}, "num_requests_swapped": {"mean": 0}, "num_preemptions_total": {"mean": 0}, "prefix_cache_hit_percent": {"mean": 47.23224719483014}}, "failures": {}}