{"load_summary": {}, "successes": {"count": 200, "rate": 2.857143, "prompt_len": {"mean": 0, "rate": 23389.72553}, "output_len": {"mean": 0, "rate": 2859.549625}, "queue_len": {"mean": 0}, "request_latency": {"mean": 32.345518, "median": 33.197279, "p90": 38.639456, "p99": 39.863946}, "time_to_first_token": {"mean": 0.679093, "median": 0.593182, "p90": 1.743023, "p99": 2.424302}, "time_per_output_token": {"mean": 0.032104, "median": 0.036252, "p90": 0.04753, "p99": 0.376622}, "kv_cache_usage_percentage": {"mean": 0.0, "median": 0.0, "p90": 0.0, "p99": 0.0}, "num_requests_swapped": {"mean": 0}, "num_preemptions_total": {"mean": 0}, "prefix_cache_hit_percent": {"mean": 22.214389262848275}}, "failures": {}}