{"load_summary": {"count": 300, "schedule_delay": {"mean": 0.000929545524995774, "min": -0.0005985714960843325, "p0.1": -0.0005656989281997085, "p1": -0.000460232924669981, "p5": -3.72386653907597e-05, "p10": 0.00015556567814201125, "p25": 0.0005007524159736931, "median": 0.0009465651819482446, "p75": 0.0013265312882140279, "p90": 0.00169727522879839, "p95": 0.0018722700770013034, "p99": 0.002338600817602127, "p99.9": 0.0025804234675597406, "max": 0.002588659292086959}, "send_duration": 18.253743750974536, "requested_rate": 15.0, "achieved_rate": 16.43498474026642}, "successes": {"count": 300, "latency": {"request_latency": {"mean": 42.799556610076685, "min": 27.88775965711102, "p0.1": 28.03278473250894, "p1": 28.86809796941001, "p5": 30.844479809084444, "p10": 32.23922675503418, "p25": 35.37405007798225, "median": 39.899284114013426, "p75": 47.51261645875638, "p90": 55.97384674758651, "p95": 60.66725210045703, "p99": 74.34080348964315, "p99.9": 74.76148626004439, "max": 74.768492620904}, "normalized_time_per_output_token": {"mean": 0.07109224379495138, "min": 0.02816945419910204, "p0.1": 0.028255779583012973, "p1": 0.02906494982052442, "p5": 0.031008332821237855, "p10": 0.03239312112719611, "p25": 0.03551592854053609, "median": 0.040894079418852924, "p75": 0.051767586725472936, "p90": 0.06178521793872667, "p95": 0.07650145207332207, "p99": 1.0747988396808887, "p99.9": 2.163309496283262, "max": 2.5633939411732016}, "time_per_output_token": {"mean": 0.019811540210361873, "min": 0.012403047061467106, "p0.1": 0.012463616295696945, "p1": 0.013352713680553619, "p5": 0.014335808298509355, "p10": 0.014952559391097601, "p25": 0.016716807705275984, "median": 0.019199246758137126, "p75": 0.02251023851948949, "p90": 0.025749743351482904, "p95": 0.026395205944380457, "p99": 0.02877052630856237, "p99.9": 0.03298346246319452, "max": 0.03365371978715125}, "time_to_first_token": {"mean": 3.0995922679725725, "min": 0.059562599984928966, "p0.1": 0.06125817548227496, "p1": 0.0657708272128366, "p5": 0.11073900553165006, "p10": 0.22108824113383893, "p25": 0.5363527680747211, "median": 0.9418451845413074, "p75": 1.782314155541826, "p90": 4.217391342250645, "p95": 6.677072143321857, "p99": 45.30443426427198, "p99.9": 45.967262033381736, "max": 46.02423844090663}, "inter_token_latency": {"mean": 0.019811540210361876, "min": 2.3830216377973557e-06, "p0.1": 3.9109932258725166e-06, "p1": 1.3925135135650635e-05, "p5": 1.9546120893210172e-05, "p10": 2.5541987270116806e-05, "p25": 4.271999932825565e-05, "median": 0.0002669950481504202, "p75": 0.03046495676971972, "p90": 0.03446119257714599, "p95": 0.03500445520039648, "p99": 0.05618493319023405, "p99.9": 0.6495727383841299, "max": 35.42644175305031}}, "throughput": {"input_tokens_per_sec": 25512.867856330573, "output_tokens_per_sec": 3199.4516820916256, "total_tokens_per_sec": 28712.319538422198, "requests_per_sec": 3.365010183100153}, "prompt_len": {"mean": 7581.81, "min": 7503.0, "p0.1": 7504.495, "p1": 7512.0, "p5": 7539.0, "p10": 7545.0, "p25": 7562.0, "median": 7580.5, "p75": 7600.25, "p90": 7619.0, "p95": 7632.05, "p99": 7651.0, "p99.9": 7658.103, "max": 7659.0}, "output_len": {"mean": 950.8, "min": 29.0, "p0.1": 30.196, "p1": 37.97, "p5": 532.6, "p10": 961.8, "p25": 991.0, "median": 997.5, "p75": 1000.0, "p90": 1000.0, "p95": 1000.0, "p99": 1000.0, "p99.9": 1000.701, "max": 1001.0}}, "failures": {"count": 0, "request_latency": null, "prompt_len": null}}