{"load_summary": {"count": 1500, "schedule_delay": {"mean": 0.0009385406739699344, "min": -0.0005702483467757702, "p0.1": -0.0004998835902661085, "p1": -0.00026476591126993297, "p5": 3.1109643168747444e-05, "p10": 0.00021874264348298314, "p25": 0.0005329696577973664, "median": 0.0009244835237041116, "p75": 0.0012847601319663227, "p90": 0.0016758979531005026, "p95": 0.001886677532456815, "p99": 0.0025359304388985035, "p99.9": 0.0036173250612338576, "max": 0.004172804299741983}, "send_duration": 25.45039715990424, "requested_rate": 60.0, "achieved_rate": 58.93817650764095}, "successes": {"count": 1500, "latency": {"request_latency": {"mean": 143.10506070234285, "min": 50.12178186397068, "p0.1": 50.35263229236403, "p1": 51.92818799104076, "p5": 54.45427483706735, "p10": 57.07035098238848, "p25": 100.1493947241106, "median": 149.82371660496574, "p75": 200.26773064065492, "p90": 225.04726411611773, "p95": 230.86766491008456, "p99": 243.6652671146812, "p99.9": 244.61501512338896, "max": 244.67200288386084}, "normalized_time_per_output_token": {"mean": 0.30528187499081316, "min": 0.05033266920293682, "p0.1": 0.05052519528557602, "p1": 0.05234323797574291, "p5": 0.054929814675225494, "p10": 0.058241493243586594, "p25": 0.10152233804438325, "median": 0.1520128474468772, "p75": 0.2040253972862237, "p90": 0.23283190532008852, "p95": 0.3137775251234284, "p99": 4.614332382322331, "p99.9": 7.960608945987415, "max": 65.74154736163716}, "time_per_output_token": {"mean": 0.025002180375616613, "min": 0.013091843331820037, "p0.1": 0.013263877532642469, "p1": 0.013777358662193945, "p5": 0.015521835687314054, "p10": 0.01772125881465002, "p25": 0.024854550396661457, "median": 0.02542233433480654, "p75": 0.025919479508439765, "p90": 0.026892690627841744, "p95": 0.031736566924597316, "p99": 0.04045860854812247, "p99.9": 0.04284294933822232, "max": 0.044057987788612994}, "time_to_first_token": {"mean": 93.01977956716748, "min": 0.1384537231642753, "p0.1": 0.31289065502327873, "p1": 1.0112915725610219, "p5": 3.149846663710196, "p10": 5.977717234287411, "p25": 49.729738195834216, "median": 99.07736644905526, "p75": 148.81288023444358, "p90": 192.31437088807579, "p95": 196.76631381218323, "p99": 209.24304863500873, "p99.9": 214.10384281126417, "max": 214.7320983740501}, "inter_token_latency": {"mean": 0.025002180375616613, "min": 2.3529864847660065e-06, "p0.1": 4.401429556310177e-06, "p1": 1.385807991027832e-05, "p5": 1.8625985831022263e-05, "p10": 2.3952848277986066e-05, "p25": 4.10950742661953e-05, "median": 0.00028803199529647827, "p75": 0.03405602561542764, "p90": 0.03475626218132675, "p95": 0.03529124013148248, "p99": 0.5553963352320714, "p99.9": 0.6653944355465938, "max": 34.76516318018548}}, "throughput": {"input_tokens_per_sec": 42411.88104685587, "output_tokens_per_sec": 5274.637371245242, "total_tokens_per_sec": 47686.518418101114, "requests_per_sec": 5.594837373938933}, "prompt_len": {"mean": 7580.538666666666, "min": 7501.0, "p0.1": 7501.998, "p1": 7515.0, "p5": 7535.0, "p10": 7544.0, "p25": 7561.0, "median": 7580.0, "p75": 7599.0, "p90": 7616.1, "p95": 7631.0, "p99": 7651.0, "p99.9": 7667.010000000002, "max": 7672.0}, "output_len": {"mean": 942.7686666666667, "min": 3.0, "p0.1": 28.994, "p1": 33.0, "p5": 365.0, "p10": 946.9, "p25": 991.0, "median": 997.0, "p75": 1000.0, "p90": 1000.0, "p95": 1000.0, "p99": 1000.0, "p99.9": 1882.2280000000464, "max": 1999.0}}, "failures": {"count": 0, "request_latency": null, "prompt_len": null}}