{"load_summary": {"count": 750, "schedule_delay": {"mean": 0.0011952606545140346, "min": -0.0003698726650327444, "p0.1": -0.00033624954614788294, "p1": -0.0001385725731961429, "p5": 0.0001826979918405414, "p10": 0.000384461646899581, "p25": 0.0007193773053586483, "median": 0.0011058837408199906, "p75": 0.001484375970903784, "p90": 0.0019483665004372602, "p95": 0.0023262722301296886, "p99": 0.0044280872610397495, "p99.9": 0.00727278378489434, "max": 0.00783122587017715}, "send_duration": 49.58232829812914, "requested_rate": 15.0, "achieved_rate": 15.126357025640106}, "successes": {"count": 750, "latency": {"request_latency": {"mean": 72.52498977257373, "min": 50.71747640194371, "p0.1": 50.83444401314063, "p1": 51.13707506343489, "p5": 51.800322035048154, "p10": 52.23529473161325, "p25": 53.774936935224105, "median": 74.60118561261334, "p75": 86.58625445800135, "p90": 94.1456668042345, "p95": 100.74430185647215, "p99": 116.5383215913712, "p99.9": 117.93411655036748, "max": 119.24215508205816}, "normalized_time_per_output_token": {"mean": 0.18677379747261852, "min": 0.02681806121357419, "p0.1": 0.04471872318966296, "p1": 0.05118295744418503, "p5": 0.051907893087066975, "p10": 0.05267365854970186, "p25": 0.054538255266155196, "median": 0.07640145899910539, "p75": 0.08893832890361145, "p90": 0.10486353421570715, "p95": 0.17778666734930884, "p99": 2.6178858805121163, "p99.9": 15.800609504173691, "max": 23.603276444540825}, "time_per_output_token": {"mean": 0.02434206520371119, "min": 0.012485561674686035, "p0.1": 0.012517759360626563, "p1": 0.012689371085328947, "p5": 0.01371205465022548, "p10": 0.01675599200758331, "p25": 0.022674285110725237, "median": 0.02550327898495817, "p75": 0.026231866943226875, "p90": 0.027543496135526847, "p95": 0.030252756187356008, "p99": 0.04043874533476377, "p99.9": 0.045055983171770904, "max": 0.045721348096523014}, "time_to_first_token": {"mean": 23.755090873896766, "min": 0.15211512008681893, "p0.1": 0.1582051626893226, "p1": 0.5116386027634143, "p5": 0.5373453794512898, "p10": 0.7131418017204852, "p25": 1.3749181904713623, "median": 28.948425932438113, "p75": 36.986563515500166, "p90": 61.79224787012209, "p95": 69.94122243677265, "p99": 80.44366761124692, "p99.9": 81.30390539904917, "max": 81.36861957795918}, "inter_token_latency": {"mean": 0.024342065203711193, "min": 2.3168977349996567e-06, "p0.1": 4.055909812450409e-06, "p1": 1.4177057892084122e-05, "p5": 1.968001015484333e-05, "p10": 2.5475164875388145e-05, "p25": 4.2969826608896255e-05, "median": 0.0002907960442826152, "p75": 0.0339631792739965, "p90": 0.034659371920861305, "p95": 0.035261223989073186, "p99": 0.5441334000090138, "p99.9": 0.6407346609639939, "max": 36.40831848606467}}, "throughput": {"input_tokens_per_sec": 35701.61128717054, "output_tokens_per_sec": 4436.625701787523, "total_tokens_per_sec": 40138.236988958066, "requests_per_sec": 4.709640417000781}, "prompt_len": {"mean": 7580.538666666666, "min": 7501.0, "p0.1": 7502.498, "p1": 7515.98, "p5": 7535.0, "p10": 7544.0, "p25": 7561.0, "median": 7580.0, "p75": 7599.0, "p90": 7616.1, "p95": 7631.0, "p99": 7651.0, "p99.9": 7664.510000000001, "max": 7672.0}, "output_len": {"mean": 942.0306666666667, "min": 4.0, "p0.1": 4.0, "p1": 33.0, "p5": 427.6000000000001, "p10": 936.7, "p25": 992.0, "median": 998.0, "p75": 1000.0, "p90": 1000.0, "p95": 1000.0, "p99": 1000.0, "p99.9": 1251.4980000000899, "max": 1999.0}}, "failures": {"count": 0, "request_latency": null, "prompt_len": null}}