{"load_summary": {}, "successes": {"count": 17084, "rate": 4.458246, "prompt_len": {"mean": 0, "rate": 33762.408351}, "output_len": {"mean": 0, "rate": 4458.202644}, "queue_len": {"mean": 0}, "request_latency": {"mean": 122.19473, "median": 104.499213, "p90": 216.48281, "p99": 378.259057}, "time_to_first_token": {"mean": 72.77435, "median": 66.930028, "p90": 192.096227, "p99": 595.209623}, "time_per_output_token": {"mean": 0.049541, "median": 0.03765, "p90": 0.048133, "p99": 0.657639}, "kv_cache_usage_percentage": {"mean": 0.0, "median": 0.0, "p90": 0.0, "p99": 0.0}, "num_requests_swapped": {"mean": 0}, "num_preemptions_total": {"mean": 0}, "prefix_cache_hit_percent": {"mean": 47.94142593981273}}, "failures": {}}