{"load_summary": {"count": 17084, "schedule_delay": {"mean": 0.001028895413492584, "min": -0.0011418033391237259, "p0.1": -0.0006750322892330586, "p1": -0.0002999670291319489, "p5": 1.411845441907648e-05, "p10": 0.00021344767883419992, "p25": 0.0005537031684070826, "median": 0.0009466310730203986, "p75": 0.0013362973695620894, "p90": 0.0017152386950328947, "p95": 0.0019340871018357574, "p99": 0.002629978645127265, "p99.9": 0.008257023410871938, "max": 0.139662524452433}}, "successes": {"count": 17084, "latency": {"request_latency": {"mean": 122.28745533594805, "min": 24.93672675290145, "p0.1": 25.924340519467368, "p1": 31.85897549977293, "p5": 51.85932489478728, "p10": 53.542101899115366, "p25": 59.94438870763406, "median": 104.23863560997415, "p75": 178.52734315453563, "p90": 216.9866917493986, "p95": 231.24252035142854, "p99": 256.9167502621351, "p99.9": 277.94879421059915, "max": 284.32945236214437}, "normalized_time_per_output_token": {"mean": 0.2902542088924458, "min": 0.025146654600044713, "p0.1": 0.026263402440877145, "p1": 0.03239045765422744, "p5": 0.05222191392336988, "p10": 0.05407178748542535, "p25": 0.06294861384918661, "median": 0.10838207033956565, "p75": 0.19405567469895915, "p90": 0.2336260007954113, "p95": 0.37148122596149846, "p99": 4.920056020906176, "p99.9": 10.827990887615082, "max": 81.79343066550791}, "time_per_output_token": {"mean": 0.02473341985991392, "min": 0.011834950847569845, "p0.1": 0.012327551548322338, "p1": 0.01296953695460522, "p5": 0.014955154170984052, "p10": 0.01764174511565174, "p25": 0.024651620877329083, "median": 0.02540737344952731, "p75": 0.025923456051481143, "p90": 0.02761298368702634, "p95": 0.031090376554333908, "p99": 0.041001391901189184, "p99.9": 0.04423238353609754, "max": 0.04637464085665496}, "time_to_first_token": {"mean": 72.73867531704035, "min": 0.059562599984928966, "p0.1": 0.07379199517751113, "p1": 0.5083094924408943, "p5": 0.9555358778918163, "p10": 1.9749329298036176, "p25": 7.569014611304738, "median": 53.52418141288217, "p75": 112.5258949858835, "p90": 166.96227988603067, "p95": 192.09546739871146, "p99": 212.71190304774785, "p99.9": 246.3652637686701, "max": 258.92746183415875}, "inter_token_latency": {"mean": 0.02473342899860332, "min": 2.2619497030973434e-06, "p0.1": 4.427973181009293e-06, "p1": 1.4108140021562576e-05, "p5": 1.919805072247982e-05, "p10": 2.467399463057518e-05, "p25": 4.1743041947484016e-05, "median": 0.00029791612178087234, "p75": 0.03410144313238561, "p90": 0.034798069507814944, "p95": 0.03536478290334344, "p99": 0.5538199139293283, "p99.9": 0.6614958989480536, "max": 36.734828086104244}}, "throughput": {"input_tokens_per_sec": 34771.835400588425, "output_tokens_per_sec": 4303.275207193248, "total_tokens_per_sec": 39075.11060778167, "requests_per_sec": 4.58695604623081}, "prompt_len": {"mean": 7580.590494029501, "min": 7501.0, "p0.1": 7501.0, "p1": 7515.0, "p5": 7535.0, "p10": 7544.0, "p25": 7561.0, "median": 7580.0, "p75": 7599.0, "p90": 7617.0, "p95": 7631.0, "p99": 7651.0, "p99.9": 7672.0, "max": 7672.0}, "output_len": {"mean": 938.1548817607118, "min": 2.0, "p0.1": 5.083000000000002, "p1": 33.0, "p5": 281.4500000000003, "p10": 939.0, "p25": 991.0, "median": 997.0, "p75": 1000.0, "p90": 1000.0, "p95": 1000.0, "p99": 1000.0, "p99.9": 1996.0, "max": 1999.0}}, "failures": {"count": 0, "request_latency": null, "prompt_len": null}}