{"load_summary": {}, "successes": {"count": 5105, "rate": 64.632057, "prompt_len": {"mean": 4184, "rate": 13201.342808}, "output_len": {"mean": 1325, "rate": 4188.744373}, "queue_len": {"mean": 0}, "request_latency": {"mean": 1.15287, "median": 1.133369, "p90": 1.493199, "p99": 2.460909}, "time_to_first_token": {"mean": 0.067516, "median": 0.019468, "p90": 0.039692, "p99": 0.912656}, "time_per_output_token": {"mean": 0.017573, "median": 0.016897, "p90": 0.029185, "p99": 0.067938}, "kv_cache_usage_percentage": {"mean": 0.015425, "median": 0.016967, "p90": 0.02355, "p99": 0.024754}, "num_requests_swapped": {"mean": 0}, "num_preemptions_total": {"mean": 0}, "prefix_cache_hit_percent": {"mean": 0.0}}, "failures": {}}