{"load_summary": {"count": 9464, "schedule_delay": {"mean": 27.88623970330664, "min": -0.0010900849010795355, "p0.1": -0.0007085391872096807, "p1": -9.149750694632531e-05, "p5": 0.000820250133983791, "p10": 1.9379635217133913, "p25": 12.081860813079402, "median": 27.489124623592943, "p75": 44.238100229529664, "p90": 53.50156132495031, "p95": 56.417752435279546, "p99": 58.820841785925445, "p99.9": 59.59006277778419, "max": 59.64671522541903}, "send_duration": 119.54590438189916, "requested_rate": 157.74, "achieved_rate": 79.16624203006134}, "successes": {"count": 9464, "latency": {"request_latency": {"mean": 5.602376714841369, "min": 1.4774467840325087, "p0.1": 1.5573553971860092, "p1": 1.7152421030891127, "p5": 4.587533863482531, "p10": 5.148694009287283, "p25": 5.273516716784798, "median": 5.489057207014412, "p75": 6.255985496158246, "p90": 6.277795565524139, "p95": 6.473912695504259, "p99": 6.484448717075866, "p99.9": 6.491540749961743, "max": 8.431497204117477}, "normalized_time_per_output_token": {"mean": 0.09041360967855844, "min": 0.02272995052357706, "p0.1": 0.024333678081031394, "p1": 0.026969718193219496, "p5": 0.07252044150065362, "p10": 0.07938749460790019, "p25": 0.08254120179574853, "median": 0.08899950967133918, "p75": 0.09656334917347592, "p90": 0.10131288252887316, "p95": 0.11185894428493398, "p99": 0.1526169638868379, "p99.9": 0.22256455843021083, "max": 0.3765977837943605}, "time_per_output_token": {"mean": 0.011821313723185622, "min": 0.008750663272487793, "p0.1": 0.008997827673527635, "p1": 0.010412372757875642, "p5": 0.010494837813104625, "p10": 0.010793021025475432, "p25": 0.011427433002115652, "median": 0.011888368116590635, "p75": 0.01226596275295759, "p90": 0.01279721239567265, "p95": 0.013520093169785285, "p99": 0.013940473045673685, "p99.9": 0.01403083144745414, "max": 0.014078118177780579}, "time_to_first_token": {"mean": 4.075046794002576, "min": 0.0295735620893538, "p0.1": 0.04683573523769155, "p1": 0.06960272028110921, "p5": 2.8807965246611276, "p10": 3.6627782812342047, "p25": 3.7615787039976567, "median": 3.9466896989615634, "p75": 4.6825989277567714, "p90": 4.859261969756335, "p95": 4.900134827871807, "p99": 4.946019855290651, "p99.9": 4.993021014561644, "max": 7.0826577639672905}, "inter_token_latency": {"mean": 0.011821313723185624, "min": 2.2819731384515762e-06, "p0.1": 4.077893681824207e-06, "p1": 6.634555757045747e-06, "p5": 1.4474848285317421e-05, "p10": 1.9721919670701027e-05, "p25": 2.950365887954831e-05, "median": 0.00015328195877373219, "p75": 0.015689039893914014, "p90": 0.016178086982108653, "p95": 0.01768835529219359, "p99": 0.18614437023643404, "p99.9": 0.3137491249048617, "max": 0.5353814361151308}}, "throughput": {"input_tokens_per_sec": 15230.094938854267, "output_tokens_per_sec": 4769.1146197707985, "total_tokens_per_sec": 19999.209558625065, "requests_per_sec": 76.13502887269108}, "prompt_len": {"mean": 200.04057480980558, "min": 195.0, "p0.1": 195.0, "p1": 195.0, "p5": 196.0, "p10": 196.0, "p25": 198.0, "median": 200.0, "p75": 202.0, "p90": 205.0, "p95": 205.0, "p99": 205.7400000000016, "p99.9": 207.0, "max": 207.0}, "output_len": {"mean": 62.640215553677095, "min": 14.0, "p0.1": 25.0, "p1": 38.0, "p5": 55.0, "p10": 57.0, "p25": 64.0, "median": 64.0, "p75": 65.0, "p90": 65.0, "p95": 65.0, "p99": 66.0, "p99.9": 67.0, "max": 69.0}}, "failures": {"count": 0, "request_latency": null, "prompt_len": null}}