{"load_summary": {}, "successes": {"count": 663, "rate": 8.392765, "prompt_len": {"mean": 5165, "rate": 1513.467757}, "output_len": {"mean": 1652, "rate": 495.553902}, "queue_len": {"mean": 0}, "request_latency": {"mean": 3.068772, "median": 1.431122, "p90": 7.966258, "p99": 9.796626}, "time_to_first_token": {"mean": 1.642461, "median": 0.021447, "p90": 4.496377, "p99": 6.670833}, "time_per_output_token": {"mean": 0.015222, "median": 0.014438, "p90": 0.023644, "p99": 0.048159}, "kv_cache_usage_percentage": {"mean": 0.000264, "median": 0.000246, "p90": 0.000546, "p99": 0.000561}, "num_requests_swapped": {"mean": 0}, "num_preemptions_total": {"mean": 0}, "prefix_cache_hit_percent": {"mean": 0.0}}, "failures": {}}