{"load_summary": {}, "successes": {"count": 14471, "rate": 128.065117, "prompt_len": {"mean": 11359, "rate": 25589.058642}, "output_len": {"mean": 3601, "rate": 8181.077743}, "queue_len": {"mean": 221}, "request_latency": {"mean": 5.446418, "median": 7.163465, "p90": 9.432693, "p99": 9.943269}, "time_to_first_token": {"mean": 3.895761, "median": 3.648661, "p90": 4.729732, "p99": 4.972973}, "time_per_output_token": {"mean": 0.024813, "median": 0.018113, "p90": 0.024605, "p99": 0.183308}, "kv_cache_usage_percentage": {"mean": 0.048798, "median": 0.063098, "p90": 0.06777, "p99": 0.069189}, "num_requests_swapped": {"mean": 0}, "num_preemptions_total": {"mean": 0}, "prefix_cache_hit_percent": {"mean": 0.0}}, "failures": {}}