{"load_summary": {"count": 2411, "schedule_delay": {"mean": 0.0007888933415599986, "min": -0.0013370218221098185, "p0.1": -0.0011226155702024699, "p1": -0.0007102892501279712, "p5": -0.0003511414397507906, "p10": -0.00018566404469311237, "p25": 0.00017556746024638414, "median": 0.0006346830632537603, "p75": 0.0011101128766313195, "p90": 0.0018073595128953457, "p95": 0.002562553738243878, "p99": 0.004583766055293382, "p99.9": 0.007814086945727652, "max": 0.01467203488573432}, "send_duration": 59.98975828103721, "requested_rate": 40.19, "achieved_rate": 40.19019361113376}, "successes": {"count": 2411, "latency": {"request_latency": {"mean": 1.0883574164520806, "min": 0.5558019899763167, "p0.1": 0.5886991101130843, "p1": 0.787187471659854, "p5": 0.8557371320202947, "p10": 0.8897505979984999, "p25": 0.9779918119311333, "median": 1.0599913999903947, "p75": 1.1648722441168502, "p90": 1.3683173540048301, "p95": 1.4560967230936512, "p99": 1.5270663912408053, "p99.9": 1.6095382757158954, "max": 1.6163472461048514}, "normalized_time_per_output_token": {"mean": 0.017520826918546617, "min": 0.008612502860621764, "p0.1": 0.009139359582526735, "p1": 0.012284987693682733, "p5": 0.013370480277360632, "p10": 0.013990238767403823, "p25": 0.015300421705491198, "median": 0.016754489814719328, "p75": 0.01908300876590235, "p90": 0.022300742468360113, "p95": 0.023606873405305782, "p99": 0.028327652303312908, "p99.9": 0.04200617303284127, "max": 0.05806921059539651}, "time_per_output_token": {"mean": 0.008112083616917365, "min": 0.004051345905881057, "p0.1": 0.004294991044078542, "p1": 0.005793591653170107, "p5": 0.0063421136316980506, "p10": 0.006585297030360661, "p25": 0.007244829950283837, "median": 0.007904880340824755, "p75": 0.008680703491153009, "p90": 0.010240291192939923, "p95": 0.01095878232501505, "p99": 0.011532083783269854, "p99.9": 0.012192981012035605, "max": 0.012255781350022024}, "time_to_first_token": {"mean": 0.03993264703713172, "min": 0.023893287172541022, "p0.1": 0.0260427826596424, "p1": 0.027509070443920793, "p5": 0.029345397022552788, "p10": 0.03065007203258574, "p25": 0.03365647152531892, "median": 0.037861641962081194, "p75": 0.04314295016229153, "p90": 0.04755922593176365, "p95": 0.051214733510278165, "p99": 0.09003590587526565, "p99.9": 0.23570882983738578, "max": 0.2520856410264969}, "inter_token_latency": {"mean": 0.008112083616917365, "min": 2.55415216088295e-06, "p0.1": 3.576977178454399e-06, "p1": 5.901092663407326e-06, "p5": 1.9245827570557597e-05, "p10": 2.5935005396604538e-05, "p25": 4.493899177759886e-05, "median": 0.0001535529736429453, "p75": 0.013063512044027448, "p90": 0.020272242510691287, "p95": 0.02556970182340591, "p99": 0.045404321691021356, "p99.9": 0.08717497552791756, "max": 0.2331543241161853}}, "throughput": {"input_tokens_per_sec": 7965.885489227241, "output_tokens_per_sec": 2498.7133544196286, "total_tokens_per_sec": 10464.598843646869, "requests_per_sec": 39.821251784737015}, "prompt_len": {"mean": 200.04106180008296, "min": 195.0, "p0.1": 195.0, "p1": 195.0, "p5": 196.0, "p10": 196.0, "p25": 198.0, "median": 200.0, "p75": 202.0, "p90": 205.0, "p95": 205.0, "p99": 205.0, "p99.9": 207.0, "max": 207.0}, "output_len": {"mean": 62.748237245956034, "min": 17.0, "p0.1": 29.41, "p1": 36.0, "p5": 55.0, "p10": 57.0, "p25": 64.0, "median": 65.0, "p75": 65.0, "p90": 65.0, "p95": 65.0, "p99": 66.0, "p99.9": 67.0, "max": 68.0}}, "failures": {"count": 0, "request_latency": null, "prompt_len": null}}