{"load_summary": {}, "successes": {"count": 23599, "rate": 135.629664, "prompt_len": {"mean": 13808, "rate": 27160.651951}, "output_len": {"mean": 4403, "rate": 8685.859457}, "queue_len": {"mean": 285}, "request_latency": {"mean": 5.545022, "median": 5.995554, "p90": 9.199111, "p99": 9.919911}, "time_to_first_token": {"mean": 4.229914, "median": 4.166194, "p90": 6.551814, "p99": 7.405181}, "time_per_output_token": {"mean": 0.020687, "median": 0.017605, "p90": 0.023724, "p99": 0.260607}, "kv_cache_usage_percentage": {"mean": 0.058597, "median": 0.063116, "p90": 0.072092, "p99": 0.072092}, "num_requests_swapped": {"mean": 0}, "num_preemptions_total": {"mean": 0}, "prefix_cache_hit_percent": {"mean": 0.0}}, "failures": {}}