{"load_summary": {}, "successes": {"count": 19097, "rate": 133.546728, "prompt_len": {"mean": 13417, "rate": 26921.469159}, "output_len": {"mean": 4311, "rate": 8579.817706}, "queue_len": {"mean": 253}, "request_latency": {"mean": 5.501523, "median": 7.261543, "p90": 9.452309, "p99": 9.945231}, "time_to_first_token": {"mean": 3.969289, "median": 3.677065, "p90": 4.735413, "p99": 4.973541}, "time_per_output_token": {"mean": 0.023985, "median": 0.017868, "p90": 0.024164, "p99": 0.261559}, "kv_cache_usage_percentage": {"mean": 0.047494, "median": 0.058135, "p90": 0.063859, "p99": 0.067594}, "num_requests_swapped": {"mean": 0}, "num_preemptions_total": {"mean": 0}, "prefix_cache_hit_percent": {"mean": 0.0}}, "failures": {}}