{"load_summary": {}, "successes": {"count": 28207, "rate": 137.598486, "prompt_len": {"mean": 13767, "rate": 27404.046185}, "output_len": {"mean": 4388, "rate": 8786.847886}, "queue_len": {"mean": 289}, "request_latency": {"mean": 5.570147, "median": 5.990676, "p90": 9.198135, "p99": 9.919814}, "time_to_first_token": {"mean": 4.276384, "median": 4.186162, "p90": 6.558847, "p99": 7.405885}, "time_per_output_token": {"mean": 0.02068, "median": 0.017625, "p90": 0.023725, "p99": 0.260145}, "kv_cache_usage_percentage": {"mean": 0.052802, "median": 0.060846, "p90": 0.067587, "p99": 0.067648}, "num_requests_swapped": {"mean": 0}, "num_preemptions_total": {"mean": 0}, "prefix_cache_hit_percent": {"mean": 0.0}}, "failures": {}}