{"load_summary": {"count": 11815, "schedule_delay": {"mean": 42.58574411396954, "min": -0.0008852959144860506, "p0.1": -0.0006344120185822248, "p1": 3.2107741571962836e-05, "p5": 0.14263687797356436, "p10": 4.396649830229581, "p25": 18.625883095548488, "median": 42.23237373167649, "p75": 66.12214075576048, "p90": 80.32286020983011, "p95": 85.01252700202167, "p99": 88.67858913994394, "p99.9": 89.60397753839474, "max": 89.65090281306766}, "send_duration": 149.2244733639527, "requested_rate": 196.93, "achieved_rate": 79.17602075353734}, "successes": {"count": 11815, "latency": {"request_latency": {"mean": 5.617472935388404, "min": 1.080181044060737, "p0.1": 1.1603451039711945, "p1": 1.7591117216879502, "p5": 4.906001465045847, "p10": 4.922701079677791, "p25": 4.936640374944545, "median": 5.156096611171961, "p75": 6.581973802065477, "p90": 6.790179102076218, "p95": 6.799382021441124, "p99": 6.81389327657409, "p99.9": 6.825481293417049, "max": 8.215879918076098}, "normalized_time_per_output_token": {"mean": 0.09050666169300271, "min": 0.016877828813449014, "p0.1": 0.01808929856001901, "p1": 0.02909380799674086, "p5": 0.07527381345486411, "p10": 0.07582456168360435, "p25": 0.07708750169331324, "median": 0.08629623603631269, "p75": 0.10422133646964554, "p90": 0.10698190700546233, "p95": 0.11882897791975552, "p99": 0.15392199151223857, "p99.9": 0.19466317984076378, "max": 0.3980501260581043}, "time_per_output_token": {"mean": 0.010240985476944485, "min": 0.004863676992281117, "p0.1": 0.005156515792676414, "p1": 0.00775403584544944, "p5": 0.007869671353557718, "p10": 0.008135001927022208, "p25": 0.008894709476753491, "median": 0.010291863922318515, "p75": 0.011509178015908818, "p90": 0.012268247092214897, "p95": 0.012442690894809053, "p99": 0.013784314838360796, "p99.9": 0.01414608655494544, "max": 0.014211736364983196}, "time_to_first_token": {"mean": 4.293571519878781, "min": 0.04036042303778231, "p0.1": 0.05039092858508229, "p1": 0.10508870429825037, "p5": 3.5971936552086845, "p10": 3.649609885038808, "p25": 3.7844297765986994, "median": 3.9687943388707936, "p75": 5.121344945044257, "p90": 5.2863296689931305, "p95": 5.35273025771603, "p99": 5.430347757423297, "p99.9": 5.4521300631989735, "max": 6.87503706314601}, "inter_token_latency": {"mean": 0.010240985476944485, "min": 2.2668391466140747e-06, "p0.1": 4.5540593564510346e-06, "p1": 7.076887413859367e-06, "p5": 1.3414071872830391e-05, "p10": 1.64711382240057e-05, "p25": 2.7257949113845825e-05, "median": 0.00015123700723052025, "p75": 0.01565889094490558, "p90": 0.016075124964118004, "p95": 0.016414552833884953, "p99": 0.04367062470875677, "p99.9": 0.5458788357884623, "max": 0.8211659870576113}}, "throughput": {"input_tokens_per_sec": 15254.66522735321, "output_tokens_per_sec": 4777.912885902435, "total_tokens_per_sec": 20032.578113255648, "requests_per_sec": 76.25819067699986}, "prompt_len": {"mean": 200.03969530258146, "min": 195.0, "p0.1": 195.0, "p1": 195.0, "p5": 196.0, "p10": 196.0, "p25": 198.0, "median": 200.0, "p75": 202.0, "p90": 205.0, "p95": 205.0, "p99": 205.0, "p99.9": 207.0, "max": 207.0}, "output_len": {"mean": 62.65442234447736, "min": 17.0, "p0.1": 33.0, "p1": 39.0, "p5": 55.0, "p10": 57.0, "p25": 64.0, "median": 64.0, "p75": 65.0, "p90": 65.0, "p95": 65.0, "p99": 66.0, "p99.9": 67.0, "max": 103.0}}, "failures": {"count": 0, "request_latency": null, "prompt_len": null}}