{"load_summary": {"count": 60, "schedule_delay": {"mean": 0.0007149149663746357, "min": -0.0005171969532966614, "p0.1": -0.000501802863785997, "p1": -0.00036325605819001797, "p5": -0.00020221602171659469, "p10": -0.00014536150265485046, "p25": 0.00021404470317065716, "median": 0.0006882860325276852, "p75": 0.0012064935290254653, "p90": 0.0014070543693378568, "p95": 0.0016226637409999963, "p99": 0.0018816829356364895, "p99.9": 0.002041934516048062, "max": 0.0020597402472049}, "send_duration": 57.52729706908576, "requested_rate": 1.0, "achieved_rate": 1.0429831237846046}, "successes": {"count": 60, "latency": {"request_latency": {"mean": 0.5116417916375212, "min": 0.4885854159947485, "p0.1": 0.4885855831466615, "p1": 0.4885870875138789, "p5": 0.48903234147001057, "p10": 0.4897496478166431, "p25": 0.49414903798606247, "median": 0.508084743982181, "p75": 0.5232548588537611, "p90": 0.5391359927365557, "p95": 0.54741848873673, "p99": 0.5624601929076016, "p99.9": 0.5627481372989714, "max": 0.5627801311202347}, "normalized_time_per_output_token": {"mean": 0.008270964636536702, "min": 0.007516698707611515, "p0.1": 0.007516701279179408, "p1": 0.007516724423290445, "p5": 0.0075235744841540084, "p10": 0.0075740428745316776, "p25": 0.007759870663945689, "median": 0.008010111245899818, "p75": 0.008626725991126452, "p90": 0.008943238705380841, "p95": 0.009464219153596786, "p99": 0.011544975866972899, "p99.9": 0.011643904906472408, "max": 0.011654897021972352}, "time_per_output_token": {"mean": 0.003660987556800102, "min": 0.003515114969855478, "p0.1": 0.0035151179129828142, "p1": 0.003515144401128844, "p5": 0.0035163448801329143, "p10": 0.0035172034822072286, "p25": 0.0035213808566981622, "median": 0.0036486136039372446, "p75": 0.003759389072241507, "p90": 0.003856626616668158, "p95": 0.003904062186642153, "p99": 0.003992479932873488, "p99.9": 0.00401025183904418, "max": 0.004012226495285367}, "time_to_first_token": {"mean": 0.03741576086807375, "min": 0.02985989605076611, "p0.1": 0.029872727542649954, "p1": 0.02998821096960455, "p5": 0.030870466341730206, "p10": 0.03196695928927511, "p25": 0.03360533312661573, "median": 0.03706111456267536, "p75": 0.039989089767914265, "p90": 0.04346518949605525, "p95": 0.04502677868586033, "p99": 0.05342410152545194, "p99.9": 0.06039635238400673, "max": 0.061171046923846006}, "inter_token_latency": {"mean": 0.0036609875568001018, "min": 3.697117790579796e-06, "p0.1": 3.945223754271865e-06, "p1": 5.6723039597272874e-06, "p5": 4.71124891191721e-05, "p10": 5.0300010479986666e-05, "p25": 5.438056541606784e-05, "median": 9.201245848089457e-05, "p75": 0.007283691084012389, "p90": 0.007515074755065143, "p95": 0.007602219504769891, "p99": 0.008465115127619355, "p99.9": 0.018038108469220923, "max": 0.02208728506229818}}, "throughput": {"input_tokens_per_sec": 206.97611329294773, "output_tokens_per_sec": 64.43010588682867, "total_tokens_per_sec": 271.40621917977643, "requests_per_sec": 1.034191105727587}, "prompt_len": {"mean": 200.13333333333333, "min": 195.0, "p0.1": 195.0, "p1": 195.0, "p5": 196.0, "p10": 196.0, "p25": 198.0, "median": 200.0, "p75": 202.0, "p90": 205.0, "p95": 205.0, "p99": 205.82, "p99.9": 206.882, "max": 207.0}, "output_len": {"mean": 62.3, "min": 42.0, "p0.1": 42.295, "p1": 44.95, "p5": 54.65, "p10": 57.0, "p25": 62.75, "median": 65.0, "p75": 65.0, "p90": 65.0, "p95": 65.0, "p99": 65.0, "p99.9": 65.0, "max": 65.0}}, "failures": {"count": 0, "request_latency": null, "prompt_len": null}}