{"load_summary": {"count": 7113, "schedule_delay": {"mean": 12.97001684534533, "min": -0.0015737381763756275, "p0.1": -0.001011617274954915, "p1": -0.0003002370335161686, "p5": 0.0003525310661643744, "p10": 0.0011619077995419504, "p25": 4.3572247894480824, "median": 12.89575744397007, "p75": 21.42630269867368, "p90": 26.196114596910775, "p95": 27.713290155213326, "p99": 28.842817731713875, "p99.9": 29.77422774453462, "max": 29.80660239700228}, "send_duration": 89.71173521806486, "requested_rate": 118.56, "achieved_rate": 79.28728591315539}, "successes": {"count": 7113, "latency": {"request_latency": {"mean": 5.515044372924829, "min": 1.5142588668968529, "p0.1": 1.5691640920434147, "p1": 1.7370892236754298, "p5": 2.919107672199607, "p10": 4.785113964881748, "p25": 5.305192828876898, "median": 5.514731551986188, "p75": 6.233378064120188, "p90": 6.394907837454229, "p95": 6.458720104210078, "p99": 6.545751009872183, "p99.9": 6.556324626719579, "max": 6.561451540095732}, "normalized_time_per_output_token": {"mean": 0.08895836978755743, "min": 0.023375460938908733, "p0.1": 0.024277609792265755, "p1": 0.02713762114915692, "p5": 0.04681829068652587, "p10": 0.0751518650037738, "p25": 0.08327863718239734, "median": 0.08732580751529895, "p75": 0.09768290611100383, "p90": 0.10199730411547916, "p95": 0.11220596671339421, "p99": 0.1509875334553966, "p99.9": 0.18653699546626287, "max": 0.3667735333061394}, "time_per_output_token": {"mean": 0.01219645495468529, "min": 0.005764077496967574, "p0.1": 0.006200828329826048, "p1": 0.008655639913351845, "p5": 0.011384222940577901, "p10": 0.011573207259264796, "p25": 0.0119044647584561, "median": 0.012089044682306144, "p75": 0.01239958651861999, "p90": 0.013270845926229574, "p95": 0.013727046414314542, "p99": 0.014041762369677654, "p99.9": 0.014100313156929823, "max": 0.014258450953029963}, "time_to_first_token": {"mean": 3.939456935812729, "min": 0.028021295089274645, "p0.1": 0.03820975267700851, "p1": 0.05091065960936248, "p5": 1.3186471757479012, "p10": 3.253043450927362, "p25": 3.7642385410144925, "median": 3.952721660025418, "p75": 4.6342691970057786, "p90": 4.793975559528917, "p95": 4.846557915629819, "p99": 4.943722975887358, "p99.9": 4.985696729358287, "max": 4.9939350239001215}, "inter_token_latency": {"mean": 0.012196454954685292, "min": 2.360902726650238e-06, "p0.1": 3.901515156030655e-06, "p1": 6.448943167924881e-06, "p5": 1.5076948329806328e-05, "p10": 2.136710099875927e-05, "p25": 3.0442839488387108e-05, "median": 0.00015459791757166386, "p75": 0.01576054817996919, "p90": 0.016651963721960785, "p95": 0.023730575479567046, "p99": 0.17596450920216739, "p99.9": 0.2218191510215434, "max": 0.3900774670764804}}, "throughput": {"input_tokens_per_sec": 15098.731322224467, "output_tokens_per_sec": 4729.527969088627, "total_tokens_per_sec": 19828.259291313094, "requests_per_sec": 75.47864152919294}, "prompt_len": {"mean": 200.03978630676227, "min": 195.0, "p0.1": 195.0, "p1": 195.0, "p5": 196.0, "p10": 196.0, "p25": 198.0, "median": 200.0, "p75": 202.0, "p90": 205.0, "p95": 205.0, "p99": 205.0, "p99.9": 207.0, "max": 207.0}, "output_len": {"mean": 62.6604808097849, "min": 17.0, "p0.1": 33.0, "p1": 38.0, "p5": 54.0, "p10": 57.0, "p25": 64.0, "median": 64.0, "p75": 65.0, "p90": 65.0, "p95": 65.0, "p99": 66.0, "p99.9": 67.88800000000083, "max": 71.0}}, "failures": {"count": 0, "request_latency": null, "prompt_len": null}}