{"load_summary": {}, "successes": {"count": 102048, "rate": 110.441558, "prompt_len": {"mean": 8162, "rate": 22374.561314}, "output_len": {"mean": 2609, "rate": 7159.940618}, "queue_len": {"mean": 204}, "request_latency": {"mean": 5.148202, "median": 6.078998, "p90": 9.2158, "p99": 9.92158}, "time_to_first_token": {"mean": 3.747627, "median": 3.753654, "p90": 5.695212, "p99": 7.319521}, "time_per_output_token": {"mean": 0.022156, "median": 0.017811, "p90": 0.024205, "p99": 0.198358}, "kv_cache_usage_percentage": {"mean": 0.042485, "median": 0.05861, "p90": 0.067657, "p99": 0.072092}, "num_requests_swapped": {"mean": 0}, "num_preemptions_total": {"mean": 0}, "prefix_cache_hit_percent": {"mean": 0.0}}, "failures": {}}