{
  "load_summary": {
    "count": 300,
    "schedule_delay": {
      "mean": 0.0006143092410638929,
      "min": -0.0006983829662203789,
      "p0.1": -0.0006777748521417379,
      "p1": -0.00058019052259624,
      "p5": -0.00027719452045857904,
      "p10": -0.00011614966206252574,
      "p25": 0.00021153793204575777,
      "median": 0.0006241449154913425,
      "p75": 0.0009832734940573573,
      "p90": 0.0013311707414686682,
      "p95": 0.0014765191823244096,
      "p99": 0.0019002108229324221,
      "p99.9": 0.0020069926544092607,
      "max": 0.0020230053924024105
    },
    "send_duration": 19.038441841024905,
    "requested_rate": 15.0,
    "achieved_rate": 15.757592060582725
  },
  "successes": {
    "count": 300,
    "latency": {
      "request_latency": {
        "mean": 48.730655323802495,
        "min": 36.37883115187287,
        "p0.1": 36.408629646092656,
        "p1": 36.809970541410145,
        "p5": 37.320575491222556,
        "p10": 38.08581016687676,
        "p25": 39.976099073770456,
        "median": 45.91998973186128,
        "p75": 54.850304721156135,
        "p90": 66.49418046963402,
        "p95": 68.6900533117121,
        "p99": 69.18115634652786,
        "p99.9": 69.21657448319112,
        "max": 69.22112827422097
      },
      "normalized_time_per_output_token": {
        "mean": 0.049694795165454456,
        "min": 0.03667220882245249,
        "p0.1": 0.03673770259646271,
        "p1": 0.03694212350670371,
        "p5": 0.03793112170272,
        "p10": 0.03874139839976832,
        "p25": 0.04044474877198531,
        "median": 0.04747421844876118,
        "p75": 0.05719094493837377,
        "p90": 0.06740006121177068,
        "p95": 0.06965420484461168,
        "p99": 0.07193040787722513,
        "p99.9": 0.08040591503562498,
        "max": 0.08301183539807942
      },
      "time_per_output_token": {
        "mean": 0.019366536531360008,
        "min": 0.013727540807702627,
        "p0.1": 0.013727545387561674,
        "p1": 0.013862283686941573,
        "p5": 0.014222854323199263,
        "p10": 0.014557100049913979,
        "p25": 0.016579281159633325,
        "median": 0.019681817749915446,
        "p75": 0.021276772093399707,
        "p90": 0.0241141968384629,
        "p95": 0.024198360542004842,
        "p99": 0.028502169720049403,
        "p99.9": 0.029984498416666137,
        "max": 0.03037142761955517
      },
      "time_to_first_token": {
        "mean": 9.946455977663087,
        "min": 0.22922209603711963,
        "p0.1": 0.23059283469524233,
        "p1": 0.23547918470576407,
        "p5": 0.24573254010174422,
        "p10": 0.2487082822714001,
        "p25": 0.2720058298436925,
        "median": 0.3591733130160719,
        "p75": 25.47446503851097,
        "p90": 32.08502031355165,
        "p95": 37.49321134279017,
        "p99": 38.40508599085733,
        "p99.9": 38.6942344517503,
        "max": 38.708734650630504
      },
      "inter_token_latency": {
        "mean": 0.019366536531360008,
        "min": 1.2498348951339722e-06,
        "p0.1": 2.569984644651413e-06,
        "p1": 1.0740011930465698e-05,
        "p5": 1.604994758963585e-05,
        "p10": 2.00001522898674e-05,
        "p25": 2.8210226446390152e-05,
        "median": 7.566437125205994e-05,
        "p75": 0.03541906189639121,
        "p90": 0.04027087525464594,
        "p95": 0.04224626414943486,
        "p99": 0.07962183723691854,
        "p99.9": 0.657784156877083,
        "max": 21.404680454637855
      }
    },
    "throughput": {
      "input_tokens_per_sec": 26398.975188185337,
      "output_tokens_per_sec": 3447.5709305147957,
      "total_tokens_per_sec": 29846.54611870013,
      "requests_per_sec": 3.5113487279093896
    },
    "prompt_len": {
      "mean": 7518.1866666666665,
      "min": 7437.0,
      "p0.1": 7441.485,
      "p1": 7461.93,
      "p5": 7479.95,
      "p10": 7489.9,
      "p25": 7501.75,
      "median": 7518.0,
      "p75": 7534.0,
      "p90": 7549.0,
      "p95": 7556.0,
      "p99": 7566.01,
      "p99.9": 7574.701,
      "max": 7575.0
    },
    "output_len": {
      "mean": 981.8366666666667,
      "min": 758.0,
      "p0.1": 772.651,
      "p1": 819.96,
      "p5": 922.9,
      "p10": 956.0,
      "p25": 981.0,
      "median": 989.0,
      "p75": 997.25,
      "p90": 1001.0,
      "p95": 1001.0,
      "p99": 1002.01,
      "p99.9": 1006.402,
      "max": 1007.0
    }
  },
  "failures": {
    "count": 0,
    "request_latency": null,
    "prompt_len": null
  }
}