{
  "load_summary": {
    "count": 1520,
    "schedule_delay": {
      "mean": 0.0005601082867207496,
      "min": -0.0008971570059657097,
      "p0.1": -0.0007308466243557632,
      "p1": -0.0005733200721442699,
      "p5": -0.00029889759607613085,
      "p10": -0.0001244407147169113,
      "p25": 0.00019002379849553108,
      "median": 0.0005424418486654758,
      "p75": 0.0009272046154364944,
      "p90": 0.001245505223050714,
      "p95": 0.0014269893057644366,
      "p99": 0.0017076340736821292,
      "p99.9": 0.0023771037068218465,
      "max": 0.0034106536768376827
    },
    "send_duration": 37.37523208698258,
    "requested_rate": 40.0,
    "achieved_rate": 40.66864378159677
  },
  "successes": {
    "count": 1385,
    "latency": {
      "request_latency": {
        "mean": 165.84122025723056,
        "min": 39.44406358618289,
        "p0.1": 39.48877016807347,
        "p1": 40.196002459079025,
        "p5": 41.07729301406071,
        "p10": 41.76393617568537,
        "p25": 81.79423378128558,
        "median": 152.52479584980756,
        "p75": 227.24657544726506,
        "p90": 291.5704935895279,
        "p95": 293.55043609896677,
        "p99": 299.38188652375715,
        "p99.9": 300.11100094643984,
        "max": 300.23187695490196
      },
      "normalized_time_per_output_token": {
        "mean": 0.16891475205770104,
        "min": 0.04000412128416115,
        "p0.1": 0.040054890660859224,
        "p1": 0.04053201269172111,
        "p5": 0.041477665888094,
        "p10": 0.04290615243062736,
        "p25": 0.0896619133980564,
        "median": 0.1591170984636045,
        "p75": 0.23391050723076648,
        "p90": 0.2919703383632151,
        "p95": 0.29753970753114806,
        "p99": 0.3130512263060316,
        "p99.9": 0.3571501903390018,
        "max": 0.37790591673714913
      },
      "time_per_output_token": {
        "mean": 0.02062705289139024,
        "min": 0.01877277668263914,
        "p0.1": 0.01877438396333658,
        "p1": 0.01878998709325937,
        "p5": 0.01881944225949311,
        "p10": 0.01894049955269453,
        "p25": 0.019444567445285808,
        "median": 0.019839291294886804,
        "p75": 0.02036875938421403,
        "p90": 0.020937903001830016,
        "p95": 0.02773923143639281,
        "p99": 0.03677218900316734,
        "p99.9": 0.03826243769384934,
        "max": 0.038769804580748704
      },
      "time_to_first_token": {
        "mean": 124.5330766033361,
        "min": 0.23869886389002204,
        "p0.1": 0.2440286177918315,
        "p1": 0.2887100829556584,
        "p5": 0.48918821047991534,
        "p10": 1.285899460595101,
        "p25": 40.37664291867986,
        "median": 112.93369453167543,
        "p75": 185.7272826191038,
        "p90": 253.0916405483149,
        "p95": 254.8606490995735,
        "p99": 259.9163517021947,
        "p99.9": 260.50981563695893,
        "max": 260.52991100400686
      },
      "inter_token_latency": {
        "mean": 0.02062705289139024,
        "min": 1.1799857020378113e-06,
        "p0.1": 1.600012183189392e-06,
        "p1": 2.1900050342082977e-06,
        "p5": 4.080124199390411e-06,
        "p10": 1.1609867215156555e-05,
        "p25": 2.4110078811645508e-05,
        "median": 4.08003106713295e-05,
        "p75": 0.036448678001761436,
        "p90": 0.039838257059454915,
        "p95": 0.051821536291390656,
        "p99": 0.1554771325364711,
        "p99.9": 0.5287512821070979,
        "max": 35.91814087424427
      }
    },
    "throughput": {
      "input_tokens_per_sec": 30842.619185299416,
      "output_tokens_per_sec": 4031.650752368961,
      "total_tokens_per_sec": 34874.26993766838,
      "requests_per_sec": 4.102187646815834
    },
    "prompt_len": {
      "mean": 7518.578339350181,
      "min": 7421.0,
      "p0.1": 7427.144,
      "p1": 7460.88,
      "p5": 7479.0,
      "p10": 7489.0,
      "p25": 7503.0,
      "median": 7520.0,
      "p75": 7534.0,
      "p90": 7549.0,
      "p95": 7556.0,
      "p99": 7567.0,
      "p99.9": 7579.312000000002,
      "max": 7582.0
    },
    "output_len": {
      "mean": 982.8050541516245,
      "min": 506.0,
      "p0.1": 578.744,
      "p1": 882.04,
      "p5": 931.0,
      "p10": 956.0,
      "p25": 981.0,
      "median": 989.0,
      "p75": 998.0,
      "p90": 1001.0,
      "p95": 1001.0,
      "p99": 1003.0,
      "p99.9": 1019.0,
      "max": 1047.0
    }
  },
  "failures": {
    "count": 135,
    "request_latency": {
      "mean": 300.51839464277856,
      "min": 300.0074675148353,
      "p0.1": 300.00799109890966,
      "p1": 300.01137586039493,
      "p5": 300.019761052262,
      "p10": 300.10011330470445,
      "p25": 300.2235214628745,
      "median": 300.55775064695626,
      "p75": 300.8100081300363,
      "p90": 300.9055214042775,
      "p95": 300.95065838159064,
      "p99": 300.99469861746763,
      "p99.9": 301.00423561109045,
      "max": 301.00446701422334
    },
    "prompt_len": {
      "mean": 0.0,
      "min": 0.0,
      "p0.1": 0.0,
      "p1": 0.0,
      "p5": 0.0,
      "p10": 0.0,
      "p25": 0.0,
      "median": 0.0,
      "p75": 0.0,
      "p90": 0.0,
      "p95": 0.0,
      "p99": 0.0,
      "p99.9": 0.0,
      "max": 0.0
    }
  }
}