{
  "load_summary": {
    "count": 60,
    "schedule_delay": {
      "mean": 0.0006739243632182479,
      "min": -0.0006458531133830547,
      "p0.1": -0.0006357176741585136,
      "p1": -0.0005444987211376429,
      "p5": -0.0002690225141122937,
      "p10": 0.0001883002929389477,
      "p25": 0.00036525982432067394,
      "median": 0.0007324903272092342,
      "p75": 0.001038560294546187,
      "p90": 0.0011903921607881785,
      "p95": 0.0012640008702874182,
      "p99": 0.0015686378115788086,
      "p99.9": 0.0018221362982876646,
      "max": 0.0018503027968108654
    },
    "send_duration": 19.45049347402528,
    "requested_rate": 3.0,
    "achieved_rate": 3.084754640293607
  },
  "successes": {
    "count": 60,
    "latency": {
      "request_latency": {
        "mean": 23.316411388323953,
        "min": 20.842709706164896,
        "p0.1": 20.86426775278384,
        "p1": 21.05829017235432,
        "p5": 21.782411048864013,
        "p10": 22.282454874226822,
        "p25": 23.155792257282883,
        "median": 23.41057542199269,
        "p75": 23.58983000938315,
        "p90": 24.162127255881206,
        "p95": 24.24931055123452,
        "p99": 24.503137044054455,
        "p99.9": 24.523755638292524,
        "max": 24.526046593207866
      },
      "normalized_time_per_output_token": {
        "mean": 0.023935054389859305,
        "min": 0.02082188781834655,
        "p0.1": 0.020843424328455384,
        "p1": 0.021037252919434885,
        "p5": 0.02209393528302602,
        "p10": 0.022531972312403514,
        "p25": 0.023406489630351652,
        "median": 0.023745123302338286,
        "p75": 0.024453416314593066,
        "p90": 0.025057069173137006,
        "p95": 0.026260290254860694,
        "p99": 0.02839185593593301,
        "p99.9": 0.030284932437987015,
        "max": 0.030495274271548533
      },
      "time_per_output_token": {
        "mean": 0.011488034987131635,
        "min": 0.01021638576607818,
        "p0.1": 0.010226349058075353,
        "p1": 0.010316018686049908,
        "p5": 0.010699184766520506,
        "p10": 0.010954518693786438,
        "p25": 0.01140641716114808,
        "median": 0.011550161447529603,
        "p75": 0.011647974960154564,
        "p90": 0.011901970392443064,
        "p95": 0.011977677656731371,
        "p99": 0.012052533458960221,
        "p99.9": 0.012052967734181083,
        "max": 0.012053015986983402
      },
      "time_to_first_token": {
        "mean": 0.2974999012425542,
        "min": 0.2341586514376104,
        "p0.1": 0.23426462412951515,
        "p1": 0.23521837835665793,
        "p5": 0.23848220934160053,
        "p10": 0.23977425484918058,
        "p25": 0.25086264649871737,
        "median": 0.28771456936374307,
        "p75": 0.3317561289295554,
        "p90": 0.3765397801995278,
        "p95": 0.3967575964750722,
        "p99": 0.41239680182654403,
        "p99.9": 0.4231339881853202,
        "max": 0.4243270088918507
      },
      "inter_token_latency": {
        "mean": 0.011488034987131635,
        "min": 1.7201527953147888e-06,
        "p0.1": 2.751676365733147e-06,
        "p1": 1.2069940567016602e-05,
        "p5": 1.6869977116584778e-05,
        "p10": 2.0090024918317795e-05,
        "p25": 2.7199741452932358e-05,
        "median": 7.394491694867611e-05,
        "p75": 0.02252535510342568,
        "p90": 0.024069551890715957,
        "p95": 0.02515842905268072,
        "p99": 0.03079458560794592,
        "p99.9": 0.12617757724830905,
        "max": 0.18318424886092544
      }
    },
    "throughput": {
      "input_tokens_per_sec": 10659.374538874745,
      "output_tokens_per_sec": 1384.3094914967985,
      "total_tokens_per_sec": 12043.684030371543,
      "requests_per_sec": 1.418180365902435
    },
    "prompt_len": {
      "mean": 7516.233333333334,
      "min": 7452.0,
      "p0.1": 7453.298,
      "p1": 7464.98,
      "p5": 7478.95,
      "p10": 7481.0,
      "p25": 7500.0,
      "median": 7516.0,
      "p75": 7533.0,
      "p90": 7548.7,
      "p95": 7556.15,
      "p99": 7563.05,
      "p99.9": 7565.705,
      "max": 7566.0
    },
    "output_len": {
      "mean": 976.1166666666667,
      "min": 766.0,
      "p0.1": 771.723,
      "p1": 823.23,
      "p5": 892.5,
      "p10": 937.1,
      "p25": 979.25,
      "median": 987.5,
      "p75": 995.0,
      "p90": 1001.0,
      "p95": 1001.0,
      "p99": 1001.0,
      "p99.9": 1001.0,
      "max": 1001.0
    }
  },
  "failures": {
    "count": 0,
    "request_latency": null,
    "prompt_len": null
  }
}