{
  "load_summary": {
    "count": 750,
    "schedule_delay": {
      "mean": 0.0005763827512661617,
      "min": -0.0008711302652955055,
      "p0.1": -0.0007938667084090411,
      "p1": -0.0005343154212459921,
      "p5": -0.0002485725097358227,
      "p10": -7.245191372930999e-05,
      "p25": 0.000221722642891109,
      "median": 0.0005821886006742716,
      "p75": 0.0009132794803008437,
      "p90": 0.0012254712637513876,
      "p95": 0.0013860203325748444,
      "p99": 0.001731324861757457,
      "p99.9": 0.0019014983214437982,
      "max": 0.0019173859618604183
    },
    "send_duration": 26.101416513323784,
    "requested_rate": 30.0,
    "achieved_rate": 28.73407271276459
  },
  "successes": {
    "count": 748,
    "latency": {
      "request_latency": {
        "mean": 97.13540172239114,
        "min": 38.38155513070524,
        "p0.1": 38.40842055040691,
        "p1": 38.96880695227068,
        "p5": 40.07030911725015,
        "p10": 40.760484349634496,
        "p25": 64.30217063904274,
        "median": 109.0946812487673,
        "p75": 143.39077065174934,
        "p90": 149.5812245541718,
        "p95": 151.9655175039079,
        "p99": 165.82531739865894,
        "p99.9": 166.45390001200093,
        "max": 166.47216461692005
      },
      "normalized_time_per_output_token": {
        "mean": 0.10111162467473422,
        "min": 0.03684686910686088,
        "p0.1": 0.03823846799303749,
        "p1": 0.03934867065151397,
        "p5": 0.040465068624332134,
        "p10": 0.04148087914221438,
        "p25": 0.06689418859968754,
        "median": 0.10965887113589491,
        "p75": 0.14440158774633394,
        "p90": 0.1515622413004232,
        "p95": 0.16365376669752052,
        "p99": 0.17482060446847514,
        "p99.9": 0.5570743114029898,
        "max": 1.6378384529962204
      },
      "time_per_output_token": {
        "mean": 0.02076201243224097,
        "min": 0.011203723520725623,
        "p0.1": 0.011278237669245116,
        "p1": 0.01179689641704486,
        "p5": 0.018471715835806007,
        "p10": 0.019206153059323345,
        "p25": 0.01978287930808159,
        "median": 0.020241567651731435,
        "p75": 0.020994135549863048,
        "p90": 0.021946875038400836,
        "p95": 0.02789150586996137,
        "p99": 0.03634053217262021,
        "p99.9": 0.03737759625028845,
        "max": 0.03798435023892252
      },
      "time_to_first_token": {
        "mean": 55.55831046446468,
        "min": 0.23730252496898174,
        "p0.1": 0.23766779387975112,
        "p1": 0.24510679847095163,
        "p5": 0.29278063531965015,
        "p10": 0.3615159251261503,
        "p25": 1.503429154283367,
        "median": 67.995997433085,
        "p75": 104.52119904523715,
        "p90": 107.24108600551263,
        "p95": 109.29494207662064,
        "p99": 141.5685288486815,
        "p99.9": 143.45667623561715,
        "max": 143.5551245608367
      },
      "inter_token_latency": {
        "mean": 0.02076201243224097,
        "min": 1.3797543942928314e-06,
        "p0.1": 2.520158886909485e-06,
        "p1": 1.1430121958255768e-05,
        "p5": 1.6979873180389404e-05,
        "p10": 2.0700041204690933e-05,
        "p25": 2.8409995138645172e-05,
        "median": 7.732934318482876e-05,
        "p75": 0.03699259948916733,
        "p90": 0.03980526584200561,
        "p95": 0.04214679403230548,
        "p99": 0.07229408760555091,
        "p99.9": 0.43091959630140514,
        "max": 35.04594917083159
      }
    },
    "throughput": {
      "input_tokens_per_sec": 29275.61559460929,
      "output_tokens_per_sec": 3821.0230230500847,
      "total_tokens_per_sec": 33096.63861765937,
      "requests_per_sec": 3.8937179034262175
    },
    "prompt_len": {
      "mean": 7518.679144385027,
      "min": 7421.0,
      "p0.1": 7432.952,
      "p1": 7462.0,
      "p5": 7479.0,
      "p10": 7489.0,
      "p25": 7503.0,
      "median": 7520.0,
      "p75": 7534.0,
      "p90": 7549.0,
      "p95": 7556.0,
      "p99": 7567.0,
      "p99.9": 7576.771000000001,
      "max": 7582.0
    },
    "output_len": {
      "mean": 981.3302139037434,
      "min": 48.0,
      "p0.1": 535.7909999999999,
      "p1": 839.47,
      "p5": 925.75,
      "p10": 962.7,
      "p25": 981.75,
      "median": 989.0,
      "p75": 998.0,
      "p90": 1001.0,
      "p95": 1001.0,
      "p99": 1002.0,
      "p99.9": 1039.517000000004,
      "max": 1106.0
    }
  },
  "failures": {
    "count": 2,
    "request_latency": {
      "mean": 19.46996704931371,
      "min": 19.43964923871681,
      "p0.1": 19.439709874338003,
      "p1": 19.44025559492875,
      "p5": 19.4426810197765,
      "p10": 19.44571280083619,
      "p25": 19.45480814401526,
      "median": 19.46996704931371,
      "p75": 19.48512595461216,
      "p90": 19.494221297791228,
      "p95": 19.497253078850918,
      "p99": 19.499678503698668,
      "p99.9": 19.500224224289415,
      "max": 19.500284859910607
    },
    "prompt_len": {
      "mean": 0.0,
      "min": 0.0,
      "p0.1": 0.0,
      "p1": 0.0,
      "p5": 0.0,
      "p10": 0.0,
      "p25": 0.0,
      "median": 0.0,
      "p75": 0.0,
      "p90": 0.0,
      "p95": 0.0,
      "p99": 0.0,
      "p99.9": 0.0,
      "max": 0.0
    }
  }
}