{
  "load_summary": {
    "count": 200,
    "schedule_delay": {
      "mean": 0.0006157154706306756,
      "min": -0.0007574609480798244,
      "p0.1": -0.0007364129354245961,
      "p1": -0.0006208803318440915,
      "p5": -0.00024925693869590757,
      "p10": -8.219252340495577e-05,
      "p25": 0.0001972491154447198,
      "median": 0.0006064863409847021,
      "p75": 0.0010661646956577897,
      "p90": 0.0013202640693634746,
      "p95": 0.001561619481071829,
      "p99": 0.001717640003189444,
      "p99.9": 0.0019720644345507066,
      "max": 0.0020235246047377586
    },
    "send_duration": 20.736194347962737,
    "requested_rate": 10.0,
    "achieved_rate": 9.644971330993016
  },
  "successes": {
    "count": 200,
    "latency": {
      "request_latency": {
        "mean": 34.9291543301614,
        "min": 31.347437172662467,
        "p0.1": 31.385387909488287,
        "p1": 31.741642870972864,
        "p5": 32.91580485403538,
        "p10": 33.446389313973484,
        "p25": 34.06151952687651,
        "median": 35.0156138362363,
        "p75": 35.86494147754274,
        "p90": 36.55702425735071,
        "p95": 36.61527774240822,
        "p99": 36.75353613029234,
        "p99.9": 38.02976194846353,
        "max": 38.30701987212524
      },
      "normalized_time_per_output_token": {
        "mean": 0.035719036670829714,
        "min": 0.03131612105161086,
        "p0.1": 0.031354033875612676,
        "p1": 0.032026732802419126,
        "p5": 0.0330774392188283,
        "p10": 0.03374247224062459,
        "p25": 0.034376564948453904,
        "median": 0.03535848021380443,
        "p75": 0.03648761751981723,
        "p90": 0.03709561437596068,
        "p95": 0.03806557549000879,
        "p99": 0.042798654833104466,
        "p99.9": 0.0653238311350319,
        "max": 0.06910434897855731
      },
      "time_per_output_token": {
        "mean": 0.01725438263518843,
        "min": 0.012759273183410582,
        "p0.1": 0.013302513768808262,
        "p1": 0.015587661762376023,
        "p5": 0.016218059502964628,
        "p10": 0.016485940887574584,
        "p25": 0.01685634424598345,
        "median": 0.01724404018341579,
        "p75": 0.017734398760345077,
        "p90": 0.01805915770424378,
        "p95": 0.018133434071368457,
        "p99": 0.01816623781259213,
        "p99.9": 0.018216184135246696,
        "max": 0.0182192611644442
      },
      "time_to_first_token": {
        "mean": 0.3716461387136951,
        "min": 0.2236908981576562,
        "p0.1": 0.22405075776390732,
        "p1": 0.2257024058746174,
        "p5": 0.2316013471223414,
        "p10": 0.23436223580501975,
        "p25": 0.24542175454553217,
        "median": 0.26762237772345543,
        "p75": 0.33096767391543835,
        "p90": 0.40752162295393646,
        "p95": 0.5351805196143685,
        "p99": 0.877567497435957,
        "p99.9": 10.389849470078671,
        "max": 12.74586498271674
      },
      "inter_token_latency": {
        "mean": 0.01725438263518843,
        "min": 1.2801028788089752e-06,
        "p0.1": 2.2202730178833008e-06,
        "p1": 9.8496675491333e-06,
        "p5": 1.566018909215927e-05,
        "p10": 1.948797143995763e-05,
        "p25": 2.7579721063375473e-05,
        "median": 6.767525337636471e-05,
        "p75": 0.032434354070574045,
        "p90": 0.037719980766996744,
        "p95": 0.04029562242794782,
        "p99": 0.07688714549411095,
        "p99.9": 0.18697701488807916,
        "max": 12.228957416955382
      }
    },
    "throughput": {
      "input_tokens_per_sec": 25467.956307304157,
      "output_tokens_per_sec": 3324.2092693053855,
      "total_tokens_per_sec": 28792.165576609543,
      "requests_per_sec": 3.387349463301322
    },
    "prompt_len": {
      "mean": 7518.55,
      "min": 7452.0,
      "p0.1": 7454.786,
      "p1": 7466.99,
      "p5": 7480.95,
      "p10": 7489.0,
      "p25": 7501.75,
      "median": 7517.0,
      "p75": 7534.0,
      "p90": 7550.0,
      "p95": 7556.05,
      "p99": 7566.01,
      "p99.9": 7572.607,
      "max": 7574.0
    },
    "output_len": {
      "mean": 981.36,
      "min": 517.0,
      "p0.1": 559.188,
      "p1": 811.17,
      "p5": 943.85,
      "p10": 965.2,
      "p25": 983.0,
      "median": 991.0,
      "p75": 998.0,
      "p90": 1001.0,
      "p95": 1001.0,
      "p99": 1002.01,
      "p99.9": 1007.0050000000001,
      "max": 1008.0
    }
  },
  "failures": {
    "count": 0,
    "request_latency": null,
    "prompt_len": null
  }
}