{
  "load_summary": {
    "count": 1518,
    "schedule_delay": {
      "mean": 0.0005700840241716235,
      "min": -0.0008422583341598511,
      "p0.1": -0.0007978648063726723,
      "p1": -0.0005126520665362477,
      "p5": -0.0002593285171315074,
      "p10": -9.328164160251617e-05,
      "p25": 0.00020645430777221918,
      "median": 0.0005551420617848635,
      "p75": 0.000927759101614356,
      "p90": 0.0012614695820957421,
      "p95": 0.001436819694936275,
      "p99": 0.001698748138733208,
      "p99.9": 0.0020295506678521718,
      "max": 0.0021788678131997585
    },
    "send_duration": 31.818105161190033,
    "requested_rate": 46.0,
    "achieved_rate": 47.708686369280485
  },
  "successes": {
    "count": 1378,
    "latency": {
      "request_latency": {
        "mean": 168.20425778892397,
        "min": 38.84635970229283,
        "p0.1": 38.92196995653445,
        "p1": 39.49561041813809,
        "p5": 40.35610004547052,
        "p10": 41.62008958701044,
        "p25": 98.68177583103534,
        "median": 173.18791158730164,
        "p75": 238.73029759177007,
        "p90": 293.8336501021404,
        "p95": 294.7786437636707,
        "p99": 297.39312495413236,
        "p99.9": 297.85485115160003,
        "max": 298.65425849705935
      },
      "normalized_time_per_output_token": {
        "mean": 0.17154658029785552,
        "min": 0.03904156753999279,
        "p0.1": 0.03917700210965912,
        "p1": 0.03986505231747365,
        "p5": 0.040654799300546704,
        "p10": 0.0421623868802675,
        "p25": 0.09166458668296654,
        "median": 0.1840537560660066,
        "p75": 0.2525290396929913,
        "p90": 0.2953226456227231,
        "p95": 0.2992695578666298,
        "p99": 0.3106437969402974,
        "p99.9": 0.3559934662180169,
        "max": 0.3807435745058927
      },
      "time_per_output_token": {
        "mean": 0.02042191322368332,
        "min": 0.01878112727945586,
        "p0.1": 0.018781150506632493,
        "p1": 0.018782023955015527,
        "p5": 0.018829900576457986,
        "p10": 0.01914732760174022,
        "p25": 0.01937801935234112,
        "median": 0.01955914776155568,
        "p75": 0.01998150449894045,
        "p90": 0.020463153421236523,
        "p95": 0.027895143674954152,
        "p99": 0.035614038471617496,
        "p99.9": 0.037608740956999134,
        "max": 0.03826911719995311
      },
      "time_to_first_token": {
        "mean": 127.30685116384241,
        "min": 0.23984723119065166,
        "p0.1": 0.24146290484117344,
        "p1": 0.2798823594255373,
        "p5": 0.5242230246076361,
        "p10": 1.242312060110271,
        "p25": 40.44873388670385,
        "median": 112.42407168983482,
        "p75": 184.74992559070233,
        "p90": 255.39852393548935,
        "p95": 256.4163216500776,
        "p99": 258.4855947718071,
        "p99.9": 258.7511418279996,
        "max": 259.0946667981334
      },
      "inter_token_latency": {
        "mean": 0.02042191322368332,
        "min": 1.1399388313293457e-06,
        "p0.1": 1.5310943126678467e-06,
        "p1": 2.030283212661743e-06,
        "p5": 3.3099204301834106e-06,
        "p10": 8.590053766965866e-06,
        "p25": 2.2009946405887604e-05,
        "median": 3.890972584486008e-05,
        "p75": 0.03619933861773461,
        "p90": 0.039750135038048036,
        "p95": 0.054399195057339915,
        "p99": 0.15887213229201733,
        "p99.9": 0.48953836118663724,
        "max": 36.8326421380043
      }
    },
    "throughput": {
      "input_tokens_per_sec": 31145.3952462554,
      "output_tokens_per_sec": 4071.049372011546,
      "total_tokens_per_sec": 35216.44461826695,
      "requests_per_sec": 4.14242962708789
    },
    "prompt_len": {
      "mean": 7518.629898403483,
      "min": 7421.0,
      "p0.1": 7427.032,
      "p1": 7460.39,
      "p5": 7479.0,
      "p10": 7489.0,
      "p25": 7503.0,
      "median": 7520.0,
      "p75": 7534.0,
      "p90": 7549.0,
      "p95": 7556.0,
      "p99": 7567.0,
      "p99.9": 7579.361000000001,
      "max": 7582.0
    },
    "output_len": {
      "mean": 982.7685050798258,
      "min": 513.0,
      "p0.1": 584.681,
      "p1": 861.08,
      "p5": 932.0,
      "p10": 959.0,
      "p25": 981.0,
      "median": 989.0,
      "p75": 998.0,
      "p90": 1001.0,
      "p95": 1001.0,
      "p99": 1004.0,
      "p99.9": 1137.7790000000082,
      "max": 1242.0
    }
  },
  "failures": {
    "count": 140,
    "request_latency": {
      "mean": 300.48776816457973,
      "min": 300.0080190692097,
      "p0.1": 300.00925551485506,
      "p1": 300.01747037582567,
      "p5": 300.0371208959492,
      "p10": 300.0988076307811,
      "p25": 300.22012647474185,
      "median": 300.4371952849906,
      "p75": 300.771574604325,
      "p90": 300.92374475565737,
      "p95": 300.95435402567966,
      "p99": 300.99143610986414,
      "p99.9": 300.9995204316727,
      "max": 300.99985477980226
    },
    "prompt_len": {
      "mean": 0.0,
      "min": 0.0,
      "p0.1": 0.0,
      "p1": 0.0,
      "p5": 0.0,
      "p10": 0.0,
      "p25": 0.0,
      "median": 0.0,
      "p75": 0.0,
      "p90": 0.0,
      "p95": 0.0,
      "p99": 0.0,
      "p99.9": 0.0,
      "max": 0.0
    }
  }
}