{
  "load_summary": {
    "count": 750,
    "schedule_delay": {
      "mean": 0.000556246114273866,
      "min": -0.000764491967856884,
      "p0.1": -0.0007504940191283822,
      "p1": -0.0006026558997109532,
      "p5": -0.00031455231364816425,
      "p10": -0.0001697509083896875,
      "p25": 0.00018082233145833015,
      "median": 0.000548157375305891,
      "p75": 0.0009180856868624687,
      "p90": 0.0012726061511784792,
      "p95": 0.001427918579429388,
      "p99": 0.0017561156628653407,
      "p99.9": 0.002013592164497837,
      "max": 0.0021332227624952793
    },
    "send_duration": 33.015523366164416,
    "requested_rate": 25.0,
    "achieved_rate": 22.71658673049021
  },
  "successes": {
    "count": 750,
    "latency": {
      "request_latency": {
        "mean": 93.18785994710153,
        "min": 37.556814815849066,
        "p0.1": 37.81432942801761,
        "p1": 38.36740090908948,
        "p5": 39.64866248650942,
        "p10": 40.349880611198024,
        "p25": 59.57884264795575,
        "median": 104.89431219757535,
        "p75": 136.89738644799218,
        "p90": 142.64699656786397,
        "p95": 145.8230369445402,
        "p99": 161.37346111421473,
        "p99.9": 162.03551745238622,
        "max": 162.0735127828084
      },
      "normalized_time_per_output_token": {
        "mean": 0.09499847991818733,
        "min": 0.03797453469752181,
        "p0.1": 0.03806182821836389,
        "p1": 0.038836341377201065,
        "p5": 0.040262508243249284,
        "p10": 0.04099725280095368,
        "p25": 0.05990858666574235,
        "median": 0.10585901525076089,
        "p75": 0.1372636234427446,
        "p90": 0.14493255440838357,
        "p95": 0.14868214188497822,
        "p99": 0.16488814780464794,
        "p99.9": 0.1821279000277657,
        "max": 0.18429140867389304
      },
      "time_per_output_token": {
        "mean": 0.020760596116796863,
        "min": 0.010709906583824109,
        "p0.1": 0.010731813488849046,
        "p1": 0.011118003416486244,
        "p5": 0.017943753448800406,
        "p10": 0.018833624992309242,
        "p25": 0.01990819688687899,
        "median": 0.020538709678643872,
        "p75": 0.02111627909359287,
        "p90": 0.022008440539316238,
        "p95": 0.026315895056685717,
        "p99": 0.033793345884613586,
        "p99.9": 0.0367402600879449,
        "max": 0.03780106706349277
      },
      "time_to_first_token": {
        "mean": 51.61385534382984,
        "min": 0.2328524268232286,
        "p0.1": 0.23506006768299267,
        "p1": 0.2460807017609477,
        "p5": 0.2829793037381023,
        "p10": 0.31325829979032277,
        "p25": 0.5914653050713241,
        "median": 63.551582196494564,
        "p75": 98.49381131655537,
        "p90": 103.14544736491516,
        "p95": 105.04327023376246,
        "p99": 138.89194213014096,
        "p99.9": 139.35387158987393,
        "max": 139.37976163765416
      },
      "inter_token_latency": {
        "mean": 0.02076059611679686,
        "min": 1.4202669262886047e-06,
        "p0.1": 2.6603229343891144e-06,
        "p1": 1.1699739843606949e-05,
        "p5": 1.6980338841676712e-05,
        "p10": 2.06800177693367e-05,
        "p25": 2.8430018573999405e-05,
        "median": 8.021993562579155e-05,
        "p75": 0.03676677809562534,
        "p90": 0.039420202141627676,
        "p95": 0.04186940118670464,
        "p99": 0.09618520736694337,
        "p99.9": 0.5164911228483916,
        "max": 31.246636792086065
      }
    },
    "throughput": {
      "input_tokens_per_sec": 28997.621733851145,
      "output_tokens_per_sec": 3786.992323446751,
      "total_tokens_per_sec": 32784.6140572979,
      "requests_per_sec": 3.85675327671599
    },
    "prompt_len": {
      "mean": 7518.6613333333335,
      "min": 7421.0,
      "p0.1": 7432.984,
      "p1": 7462.0,
      "p5": 7479.0,
      "p10": 7489.0,
      "p25": 7503.0,
      "median": 7520.0,
      "p75": 7534.0,
      "p90": 7549.0,
      "p95": 7556.0,
      "p99": 7567.0,
      "p99.9": 7576.7570000000005,
      "max": 7582.0
    },
    "output_len": {
      "mean": 981.912,
      "min": 760.0,
      "p0.1": 774.231,
      "p1": 853.66,
      "p5": 929.0,
      "p10": 957.0,
      "p25": 981.0,
      "median": 989.0,
      "p75": 997.0,
      "p90": 1001.0,
      "p95": 1001.0,
      "p99": 1002.0,
      "p99.9": 1047.6300000000117,
      "max": 1145.0
    }
  },
  "failures": {
    "count": 0,
    "request_latency": null,
    "prompt_len": null
  }
}