{
  "load_summary": {
    "count": 735,
    "schedule_delay": {
      "mean": 0.0005425993853635123,
      "min": -0.0008275322616100311,
      "p0.1": -0.0008208757964894176,
      "p1": -0.0005713874753564596,
      "p5": -0.0002695123665034771,
      "p10": -0.00010939380154013633,
      "p25": 0.00014940625987946987,
      "median": 0.0005248379893600941,
      "p75": 0.0008881823159754276,
      "p90": 0.0012668156065046789,
      "p95": 0.0014207620639353979,
      "p99": 0.0016877044364809984,
      "p99.9": 0.0018296528691425984,
      "max": 0.0018909275531768799
    },
    "send_duration": 19.316967862658203,
    "requested_rate": 35.0,
    "achieved_rate": 38.04944985288477
  },
  "successes": {
    "count": 735,
    "latency": {
      "request_latency": {
        "mean": 97.46180667232684,
        "min": 39.479958094190806,
        "p0.1": 39.48583365324326,
        "p1": 39.70083316045813,
        "p5": 40.253281434578824,
        "p10": 41.10347863370553,
        "p25": 61.52252741972916,
        "median": 99.55506501113996,
        "p75": 148.10684715444222,
        "p90": 150.79725834252312,
        "p95": 151.63031663196162,
        "p99": 166.75401395450345,
        "p99.9": 168.9655588304,
        "max": 168.96833530301228
      },
      "normalized_time_per_output_token": {
        "mean": 0.09909112520183784,
        "min": 0.039570921972918734,
        "p0.1": 0.0396073219248584,
        "p1": 0.03993281119579735,
        "p5": 0.04089373225684851,
        "p10": 0.04149310580915096,
        "p25": 0.06236518809639642,
        "median": 0.10200314038026635,
        "p75": 0.14874823083966177,
        "p90": 0.1530175383359328,
        "p95": 0.15810827173757142,
        "p99": 0.17084563331875263,
        "p99.9": 0.18111409627321198,
        "max": 0.18434015665415426
      },
      "time_per_output_token": {
        "mean": 0.020778194949727536,
        "min": 0.009369604345383137,
        "p0.1": 0.009369669213227794,
        "p1": 0.01052424147508681,
        "p5": 0.018829812687672285,
        "p10": 0.019347172206745245,
        "p25": 0.019819018740866935,
        "median": 0.02022730919236,
        "p75": 0.020503732421528968,
        "p90": 0.021536209520747487,
        "p95": 0.02711944570238965,
        "p99": 0.03538010844123038,
        "p99.9": 0.03762625915938101,
        "max": 0.03775074165979999
      },
      "time_to_first_token": {
        "mean": 55.85243460685522,
        "min": 0.24066138407215476,
        "p0.1": 0.24403001855593176,
        "p1": 0.2547059430833906,
        "p5": 0.3045798401348293,
        "p10": 0.42338528838008643,
        "p25": 1.6375271992292255,
        "median": 40.747108368203044,
        "p75": 108.78674353053793,
        "p90": 111.00432406114415,
        "p95": 111.5513432295993,
        "p99": 145.6224377689697,
        "p99.9": 147.97637160399836,
        "max": 147.97812595870346
      },
      "inter_token_latency": {
        "mean": 0.020778194949727536,
        "min": 1.3704411685466766e-06,
        "p0.1": 2.5900080800056458e-06,
        "p1": 1.1519994586706161e-05,
        "p5": 1.701992005109787e-05,
        "p10": 2.0870938897132874e-05,
        "p25": 2.852967008948326e-05,
        "median": 7.926998659968376e-05,
        "p75": 0.037014061817899346,
        "p90": 0.03956093918532133,
        "p95": 0.04181091589853168,
        "p99": 0.06573359944857625,
        "p99.9": 0.4596881912797693,
        "max": 35.22646028408781
      }
    },
    "throughput": {
      "input_tokens_per_sec": 29406.782035826818,
      "output_tokens_per_sec": 3848.0681539269403,
      "total_tokens_per_sec": 33254.85018975376,
      "requests_per_sec": 3.9111521107610523
    },
    "prompt_len": {
      "mean": 7518.700680272109,
      "min": 7421.0,
      "p0.1": 7432.744,
      "p1": 7462.0,
      "p5": 7479.0,
      "p10": 7489.0,
      "p25": 7503.0,
      "median": 7520.0,
      "p75": 7534.0,
      "p90": 7549.0,
      "p95": 7556.0,
      "p99": 7567.0,
      "p99.9": 7576.862000000001,
      "max": 7582.0
    },
    "output_len": {
      "mean": 983.8707482993198,
      "min": 801.0,
      "p0.1": 816.414,
      "p1": 876.02,
      "p5": 938.7,
      "p10": 962.0,
      "p25": 981.0,
      "median": 989.0,
      "p75": 998.0,
      "p90": 1001.0,
      "p95": 1001.0,
      "p99": 1003.0,
      "p99.9": 1014.5960000000005,
      "max": 1019.0
    }
  },
  "failures": {
    "count": 0,
    "request_latency": null,
    "prompt_len": null
  }
}