{
  "load_summary": {
    "count": 1500,
    "schedule_delay": {
      "mean": 0.0005587390204891562,
      "min": -0.000943449791520834,
      "p0.1": -0.0008243508338928223,
      "p1": -0.0005315560009330511,
      "p5": -0.00026394478045403956,
      "p10": -0.00011935248039662837,
      "p25": 0.0001806358341127634,
      "median": 0.0005661097820848227,
      "p75": 0.000920927501283586,
      "p90": 0.0012453710194677114,
      "p95": 0.0014111112803220748,
      "p99": 0.0017253412632271647,
      "p99.9": 0.001957508713472641,
      "max": 0.002008525189012289
    },
    "send_duration": 24.613065510988235,
    "requested_rate": 60.0,
    "achieved_rate": 60.943241683176005
  },
  "successes": {
    "count": 1351,
    "latency": {
      "request_latency": {
        "mean": 164.46845552430204,
        "min": 39.20775208296254,
        "p0.1": 39.2766399247339,
        "p1": 39.57809415785596,
        "p5": 40.39098932896741,
        "p10": 40.99116826290265,
        "p25": 80.36367714218795,
        "median": 153.65723539795727,
        "p75": 227.3275176344905,
        "p90": 265.15653454791754,
        "p95": 299.40892354003154,
        "p99": 299.90793566964567,
        "p99.9": 300.1752751011169,
        "max": 300.19559406582266
      },
      "normalized_time_per_output_token": {
        "mean": 0.1676693799857731,
        "min": 0.03916858349946308,
        "p0.1": 0.039341786597877716,
        "p1": 0.03983930827224344,
        "p5": 0.040770012660387385,
        "p10": 0.04183857511014725,
        "p25": 0.08274092636253397,
        "median": 0.15619584498497155,
        "p75": 0.23137172298444708,
        "p90": 0.2772645147088386,
        "p95": 0.30252726170192823,
        "p99": 0.31602435079264135,
        "p99.9": 0.35513013230478924,
        "max": 0.5293005437382003
      },
      "time_per_output_token": {
        "mean": 0.020375540452085873,
        "min": 0.019017123846920846,
        "p0.1": 0.019023800268303834,
        "p1": 0.01903646539788282,
        "p5": 0.019067994293187562,
        "p10": 0.019120597989642354,
        "p25": 0.019396075595012944,
        "median": 0.019640219099968596,
        "p75": 0.0199098547121628,
        "p90": 0.020240349961311622,
        "p95": 0.026722307753530905,
        "p99": 0.03554882874713744,
        "p99.9": 0.036777711001484074,
        "max": 0.03714107743500248
      },
      "time_to_first_token": {
        "mean": 123.66777528609859,
        "min": 0.246743842959404,
        "p0.1": 0.25618401416577397,
        "p1": 0.29313800018280745,
        "p5": 0.4614996339660138,
        "p10": 1.0049942531622946,
        "p25": 40.914982517948374,
        "median": 114.16765499208122,
        "p75": 187.83765531261452,
        "p90": 225.32078719325364,
        "p95": 260.47375242761336,
        "p99": 261.6169575860258,
        "p99.9": 261.8428225022275,
        "max": 261.9002783759497
      },
      "inter_token_latency": {
        "mean": 0.020375553771591736,
        "min": 1.1799857020378113e-06,
        "p0.1": 1.528766006231308e-06,
        "p1": 1.9995495676994324e-06,
        "p5": 3.189779818058014e-06,
        "p10": 7.840339094400406e-06,
        "p25": 2.2280029952526093e-05,
        "median": 3.915000706911087e-05,
        "p75": 0.0362616425845772,
        "p90": 0.0398241875693202,
        "p95": 0.057087549986317696,
        "p99": 0.16337575217708933,
        "p99.9": 0.426513803676751,
        "max": 34.60692447097972
      }
    },
    "throughput": {
      "input_tokens_per_sec": 31278.27766137648,
      "output_tokens_per_sec": 4086.886773208859,
      "total_tokens_per_sec": 35365.16443458534,
      "requests_per_sec": 4.160124674962605
    },
    "prompt_len": {
      "mean": 7518.59141376758,
      "min": 7421.0,
      "p0.1": 7426.6,
      "p1": 7458.5,
      "p5": 7479.0,
      "p10": 7489.0,
      "p25": 7503.0,
      "median": 7519.0,
      "p75": 7534.0,
      "p90": 7549.0,
      "p95": 7556.0,
      "p99": 7567.0,
      "p99.9": 7579.550000000001,
      "max": 7582.0
    },
    "output_len": {
      "mean": 982.3952627683198,
      "min": 425.0,
      "p0.1": 729.65,
      "p1": 862.5,
      "p5": 930.0,
      "p10": 959.0,
      "p25": 981.0,
      "median": 989.0,
      "p75": 998.0,
      "p90": 1001.0,
      "p95": 1001.0,
      "p99": 1004.0,
      "p99.9": 1018.3000000000002,
      "max": 1031.0
    }
  },
  "failures": {
    "count": 149,
    "request_latency": {
      "mean": 300.5462896663839,
      "min": 300.00843757903203,
      "p0.1": 300.01012368133667,
      "p1": 300.0198764946498,
      "p5": 300.07218294674533,
      "p10": 300.13125195559115,
      "p25": 300.2692706710659,
      "median": 300.61553820734844,
      "p75": 300.7989490102045,
      "p90": 300.913481884636,
      "p95": 300.9607035126537,
      "p99": 300.98967683603985,
      "p99.9": 300.99952705438807,
      "max": 301.00096541969106
    },
    "prompt_len": {
      "mean": 0.0,
      "min": 0.0,
      "p0.1": 0.0,
      "p1": 0.0,
      "p5": 0.0,
      "p10": 0.0,
      "p25": 0.0,
      "median": 0.0,
      "p75": 0.0,
      "p90": 0.0,
      "p95": 0.0,
      "p99": 0.0,
      "p99.9": 0.0,
      "max": 0.0
    }
  }
}