{
  "load_summary": {
    "count": 748,
    "schedule_delay": {
      "mean": 0.0005544898278244278,
      "min": -0.0009650946594774723,
      "p0.1": -0.000825851755682379,
      "p1": -0.0006562070455402135,
      "p5": -0.0003441508859395981,
      "p10": -0.00015133586712181568,
      "p25": 0.000165290548466146,
      "median": 0.0005505671724677086,
      "p75": 0.0009347061859443784,
      "p90": 0.0012597499880939722,
      "p95": 0.00141533010173589,
      "p99": 0.0016761264065280556,
      "p99.9": 0.002001577388960894,
      "max": 0.0024491967633366585
    },
    "send_duration": 34.616708219982684,
    "requested_rate": 22.0,
    "achieved_rate": 21.60806265132434
  },
  "successes": {
    "count": 748,
    "latency": {
      "request_latency": {
        "mean": 93.03713165256157,
        "min": 38.910322174895555,
        "p0.1": 38.97236756537063,
        "p1": 39.562402401603755,
        "p5": 40.88441655191127,
        "p10": 42.14486435367726,
        "p25": 60.23014485940803,
        "median": 105.04872282943688,
        "p75": 135.00658999045845,
        "p90": 141.9918244399596,
        "p95": 144.95089767645112,
        "p99": 154.3496183581883,
        "p99.9": 159.35732076929602,
        "max": 159.47519712522626
      },
      "normalized_time_per_output_token": {
        "mean": 0.09496670140239252,
        "min": 0.03895442717272293,
        "p0.1": 0.03903735354914238,
        "p1": 0.03964280095892291,
        "p5": 0.04125241040801068,
        "p10": 0.04249116985032102,
        "p25": 0.061634175215593404,
        "median": 0.10658449710112347,
        "p75": 0.1374091130135247,
        "p90": 0.14513121399483891,
        "p95": 0.14737881224882723,
        "p99": 0.1599046667906075,
        "p99.9": 0.16693366317494074,
        "max": 0.1718866682038729
      },
      "time_per_output_token": {
        "mean": 0.021361981292746014,
        "min": 0.009491625949153969,
        "p0.1": 0.009504055763194071,
        "p1": 0.017267994678398686,
        "p5": 0.018532550358597463,
        "p10": 0.019251350550514378,
        "p25": 0.019950970183945784,
        "median": 0.020835845635204145,
        "p75": 0.021564717229368674,
        "p90": 0.022395287135961294,
        "p95": 0.030293755016293365,
        "p99": 0.0355684329359222,
        "p99.9": 0.03650343684396051,
        "max": 0.03669821231885218
      },
      "time_to_first_token": {
        "mean": 50.25951713108132,
        "min": 0.22768718982115388,
        "p0.1": 0.22809817443648353,
        "p1": 0.2417590787494555,
        "p5": 0.28241364427376536,
        "p10": 0.3254263703711331,
        "p25": 1.3162316400557756,
        "median": 60.820908824913204,
        "p75": 69.98236383066978,
        "p90": 102.34207092607394,
        "p95": 104.67044585915282,
        "p99": 105.79111410271376,
        "p99.9": 138.2486419200222,
        "max": 138.36354208597913
      },
      "inter_token_latency": {
        "mean": 0.021361981292746017,
        "min": 1.4510005712509155e-06,
        "p0.1": 2.6798807084560394e-06,
        "p1": 1.172022894024849e-05,
        "p5": 1.7000362277030945e-05,
        "p10": 2.0659994333982468e-05,
        "p25": 2.826005220413208e-05,
        "median": 8.208025246858597e-05,
        "p75": 0.03705775795970112,
        "p90": 0.039995750831440094,
        "p95": 0.04221831716131418,
        "p99": 0.09081195988692353,
        "p99.9": 0.6225583121958306,
        "max": 33.673594078049064
      }
    },
    "throughput": {
      "input_tokens_per_sec": 29025.30632009209,
      "output_tokens_per_sec": 3788.3394635778645,
      "total_tokens_per_sec": 32813.645783669956,
      "requests_per_sec": 3.860444095200929
    },
    "prompt_len": {
      "mean": 7518.644385026738,
      "min": 7421.0,
      "p0.1": 7432.952,
      "p1": 7462.0,
      "p5": 7479.0,
      "p10": 7489.0,
      "p25": 7503.0,
      "median": 7520.0,
      "p75": 7534.0,
      "p90": 7549.0,
      "p95": 7556.0,
      "p99": 7567.0,
      "p99.9": 7576.771000000001,
      "max": 7582.0
    },
    "output_len": {
      "mean": 981.322192513369,
      "min": 636.0,
      "p0.1": 730.869,
      "p1": 833.29,
      "p5": 927.7,
      "p10": 953.0,
      "p25": 981.0,
      "median": 989.0,
      "p75": 998.0,
      "p90": 1001.0,
      "p95": 1001.0,
      "p99": 1001.53,
      "p99.9": 1035.638000000002,
      "max": 1070.0
    }
  },
  "failures": {
    "count": 0,
    "request_latency": null,
    "prompt_len": null
  }
}