{
  "load_summary": {
    "count": 1508,
    "schedule_delay": {
      "mean": 0.0005666280553777472,
      "min": -0.0008606505580246449,
      "p0.1": -0.0007914760084822774,
      "p1": -0.0005576787004247307,
      "p5": -0.00026141712442040443,
      "p10": -9.859534911811349e-05,
      "p25": 0.00019892514683306217,
      "median": 0.0005670266691595316,
      "p75": 0.0009252701420336962,
      "p90": 0.0012564150150865315,
      "p95": 0.0014261605218052857,
      "p99": 0.0016970318648964167,
      "p99.9": 0.0018895316710695637,
      "max": 0.001897900365293026
    },
    "send_duration": 28.712480965070426,
    "requested_rate": 52.0,
    "achieved_rate": 52.52071396527963
  },
  "successes": {
    "count": 1381,
    "latency": {
      "request_latency": {
        "mean": 168.77326794994144,
        "min": 38.83583495113999,
        "p0.1": 38.8692151934281,
        "p1": 39.06799229942262,
        "p5": 40.14236166002229,
        "p10": 40.83148763794452,
        "p25": 94.84205490583554,
        "median": 153.0309978122823,
        "p75": 226.2591577717103,
        "p90": 297.049479202833,
        "p95": 298.0616990919225,
        "p99": 299.65807363493366,
        "p99.9": 300.044231941672,
        "max": 300.055272876285
      },
      "normalized_time_per_output_token": {
        "mean": 0.17213199050382852,
        "min": 0.038719675923369876,
        "p0.1": 0.03888834630275348,
        "p1": 0.039626457222783046,
        "p5": 0.040510772523555914,
        "p10": 0.04148695641149941,
        "p25": 0.1019332283082051,
        "median": 0.1734293606681971,
        "p75": 0.2502440304882089,
        "p90": 0.29792648757464596,
        "p95": 0.301683842866858,
        "p99": 0.31601004363824725,
        "p99.9": 0.36322287464664926,
        "max": 0.40554264453506195
      },
      "time_per_output_token": {
        "mean": 0.020349151002199212,
        "min": 0.018706362046858018,
        "p0.1": 0.018711709669720883,
        "p1": 0.018712014097558415,
        "p5": 0.018775427249492497,
        "p10": 0.018894810671697015,
        "p25": 0.019206833078533873,
        "median": 0.019525726241800097,
        "p75": 0.019859444595996353,
        "p90": 0.02051886699689754,
        "p95": 0.02791873742614513,
        "p99": 0.03566964940302473,
        "p99.9": 0.03849525899124118,
        "max": 0.03875387392669119
      },
      "time_to_first_token": {
        "mean": 128.02415601552852,
        "min": 0.2735287141986191,
        "p0.1": 0.2800189558137208,
        "p1": 0.39326020888984203,
        "p5": 0.7830464830622077,
        "p10": 1.3679506280459464,
        "p25": 40.62183351023123,
        "median": 113.13627868006006,
        "p75": 187.2436205567792,
        "p90": 258.37361400201917,
        "p95": 259.4148179637268,
        "p99": 260.29360513919966,
        "p99.9": 260.47363766845314,
        "max": 260.4744448438287
      },
      "inter_token_latency": {
        "mean": 0.02034916325044353,
        "min": 1.1399388313293457e-06,
        "p0.1": 1.5506520867347717e-06,
        "p1": 2.0693987607955933e-06,
        "p5": 3.339722752571106e-06,
        "p10": 8.67992639541626e-06,
        "p25": 2.2479798644781113e-05,
        "median": 3.90494242310524e-05,
        "p75": 0.036160048097372055,
        "p90": 0.03976181177422404,
        "p95": 0.050670641008764485,
        "p99": 0.15832716068252917,
        "p99.9": 0.4722332384661066,
        "max": 38.982922649011016
      }
    },
    "throughput": {
      "input_tokens_per_sec": 31524.137873342937,
      "output_tokens_per_sec": 4116.871879264113,
      "total_tokens_per_sec": 35641.00975260705,
      "requests_per_sec": 4.192766725464815
    },
    "prompt_len": {
      "mean": 7518.695872556119,
      "min": 7421.0,
      "p0.1": 7427.08,
      "p1": 7460.6,
      "p5": 7479.0,
      "p10": 7489.0,
      "p25": 7503.0,
      "median": 7520.0,
      "p75": 7534.0,
      "p90": 7549.0,
      "p95": 7556.0,
      "p99": 7567.0,
      "p99.9": 7579.340000000001,
      "max": 7582.0
    },
    "output_len": {
      "mean": 981.8986241853729,
      "min": 607.0,
      "p0.1": 622.14,
      "p1": 816.8,
      "p5": 924.0,
      "p10": 962.0,
      "p25": 983.0,
      "median": 989.0,
      "p75": 998.0,
      "p90": 1001.0,
      "p95": 1001.0,
      "p99": 1003.0,
      "p99.9": 1020.8600000000004,
      "max": 1033.0
    }
  },
  "failures": {
    "count": 127,
    "request_latency": {
      "mean": 300.4864011488041,
      "min": 300.0122973676771,
      "p0.1": 300.01306893236654,
      "p1": 300.01888550239613,
      "p5": 300.0294108722825,
      "p10": 300.0463560358621,
      "p25": 300.1977138079237,
      "median": 300.4523541769013,
      "p75": 300.792128456058,
      "p90": 300.91487968331205,
      "p95": 300.94768635123035,
      "p99": 300.9736400108878,
      "p99.9": 300.9886193435779,
      "max": 300.9906454621814
    },
    "prompt_len": {
      "mean": 0.0,
      "min": 0.0,
      "p0.1": 0.0,
      "p1": 0.0,
      "p5": 0.0,
      "p10": 0.0,
      "p25": 0.0,
      "median": 0.0,
      "p75": 0.0,
      "p90": 0.0,
      "p95": 0.0,
      "p99": 0.0,
      "p99.9": 0.0,
      "max": 0.0
    }
  }
}