{
  "load_summary": {
    "count": 760,
    "schedule_delay": {
      "mean": 0.0005777604154948341,
      "min": -0.0009591481648385525,
      "p0.1": -0.0007652127337642014,
      "p1": -0.0005673105176538229,
      "p5": -0.0003300245851278305,
      "p10": -0.00017372309230268,
      "p25": 0.00017740426119416952,
      "median": 0.0005744106601923704,
      "p75": 0.0009824405424296856,
      "p90": 0.0013088558334857225,
      "p95": 0.0014727784087881445,
      "p99": 0.0017935537872835973,
      "p99.9": 0.0021507614636793767,
      "max": 0.0021761078387498856
    },
    "send_duration": 38.078188583720475,
    "requested_rate": 20.0,
    "achieved_rate": 19.95893261385133
  },
  "successes": {
    "count": 760,
    "latency": {
      "request_latency": {
        "mean": 93.73460290209378,
        "min": 36.603958290070295,
        "p0.1": 36.88139177092491,
        "p1": 37.97211107051931,
        "p5": 39.57667475589551,
        "p10": 40.59529836415313,
        "p25": 59.89466801006347,
        "median": 87.66798865096644,
        "p75": 121.53982201265171,
        "p90": 144.63342602783814,
        "p95": 146.23874511688481,
        "p99": 153.85418669785372,
        "p99.9": 158.86712896162226,
        "max": 158.868616418913
      },
      "normalized_time_per_output_token": {
        "mean": 0.0954795648041433,
        "min": 0.036567390899171125,
        "p0.1": 0.03718467024918554,
        "p1": 0.038359274377463046,
        "p5": 0.04005544117435212,
        "p10": 0.04114113621787046,
        "p25": 0.061342135011404425,
        "median": 0.09178518349318793,
        "p75": 0.13028918713815185,
        "p90": 0.14620905262288944,
        "p95": 0.14814229379405489,
        "p99": 0.16034649356987485,
        "p99.9": 0.1734680182579858,
        "max": 0.1783361432591222
      },
      "time_per_output_token": {
        "mean": 0.02190700506297059,
        "min": 0.010416609303758614,
        "p0.1": 0.010416749007604283,
        "p1": 0.016088005349785647,
        "p5": 0.018182703648318727,
        "p10": 0.019020723544367436,
        "p25": 0.020118894729659012,
        "median": 0.021726671854841118,
        "p75": 0.022646612930530476,
        "p90": 0.02372769838755672,
        "p95": 0.028181121482754458,
        "p99": 0.03567223870334146,
        "p99.9": 0.037458331366288705,
        "max": 0.038268170539878014
      },
      "time_to_first_token": {
        "mean": 49.86661290282408,
        "min": 0.2324077826924622,
        "p0.1": 0.2341318363104947,
        "p1": 0.24477603524457664,
        "p5": 0.2699056864483282,
        "p10": 0.2980472481809557,
        "p25": 0.5464570815674961,
        "median": 36.516015802975744,
        "p75": 72.06224183016457,
        "p90": 104.21258552940563,
        "p95": 104.73045434111263,
        "p99": 106.02056379104499,
        "p99.9": 137.96112225202657,
        "max": 137.98368252487853
      },
      "inter_token_latency": {
        "mean": 0.021907005062970587,
        "min": 1.2898817658424377e-06,
        "p0.1": 2.7497299015522003e-06,
        "p1": 1.2089964002370834e-05,
        "p5": 1.727975904941559e-05,
        "p10": 2.099107950925827e-05,
        "p25": 2.8569716960191727e-05,
        "median": 8.744001388549805e-05,
        "p75": 0.03740900394041091,
        "p90": 0.041319011244922876,
        "p95": 0.043549271603114906,
        "p99": 0.09416020285803808,
        "p99.9": 0.657520837004765,
        "max": 31.315789503976703
      }
    },
    "throughput": {
      "input_tokens_per_sec": 29104.555051709143,
      "output_tokens_per_sec": 3807.6116397209357,
      "total_tokens_per_sec": 32912.16669143008,
      "requests_per_sec": 3.871045856961192
    },
    "prompt_len": {
      "mean": 7518.525,
      "min": 7421.0,
      "p0.1": 7433.144,
      "p1": 7462.0,
      "p5": 7479.0,
      "p10": 7489.0,
      "p25": 7503.0,
      "median": 7519.0,
      "p75": 7534.0,
      "p90": 7549.0,
      "p95": 7556.0,
      "p99": 7567.0,
      "p99.9": 7576.687000000001,
      "max": 7582.0
    },
    "output_len": {
      "mean": 983.6131578947368,
      "min": 502.0,
      "p0.1": 740.326,
      "p1": 849.13,
      "p5": 937.9,
      "p10": 962.0,
      "p25": 983.0,
      "median": 990.5,
      "p75": 999.0,
      "p90": 1001.0,
      "p95": 1001.0,
      "p99": 1005.0,
      "p99.9": 1035.7120000000032,
      "max": 1060.0
    }
  },
  "failures": {
    "count": 0,
    "request_latency": null,
    "prompt_len": null
  }
}