{
  "load_summary": {
    "count": 1485,
    "schedule_delay": {
      "mean": 0.000573629776160123,
      "min": -0.0008805426768958569,
      "p0.1": -0.0008161398209631443,
      "p1": -0.0005604594759643078,
      "p5": -0.00025351159274578094,
      "p10": -0.00010979510843753814,
      "p25": 0.00019660405814647675,
      "median": 0.0005514263175427914,
      "p75": 0.0009299991652369499,
      "p90": 0.0012576795183122174,
      "p95": 0.001447989698499441,
      "p99": 0.0017847724258899693,
      "p99.9": 0.005319207102060327,
      "max": 0.005894836504012346
    },
    "send_duration": 26.76259602420032,
    "requested_rate": 55.0,
    "achieved_rate": 55.48789058644293
  },
  "successes": {
    "count": 1338,
    "latency": {
      "request_latency": {
        "mean": 162.79454320281403,
        "min": 39.15482072625309,
        "p0.1": 39.2510011616121,
        "p1": 39.80476365649607,
        "p5": 40.43035968907643,
        "p10": 41.261986336437985,
        "p25": 79.60097701777704,
        "median": 152.30621493654326,
        "p75": 226.9453019365901,
        "p90": 264.18496736167,
        "p95": 296.59915914388836,
        "p99": 298.36350208742545,
        "p99.9": 298.60486601906786,
        "max": 298.69226054195315
      },
      "normalized_time_per_output_token": {
        "mean": 0.16570265774898335,
        "min": 0.03890937744460435,
        "p0.1": 0.039285128838247294,
        "p1": 0.040041776340692996,
        "p5": 0.04083347376202098,
        "p10": 0.041840315437170726,
        "p25": 0.08153075858634144,
        "median": 0.15535330665113567,
        "p75": 0.22929139475928517,
        "p90": 0.2721385646199542,
        "p95": 0.29944859215407044,
        "p99": 0.30999986088048165,
        "p99.9": 0.3361077280839583,
        "max": 0.385456059528563
      },
      "time_per_output_token": {
        "mean": 0.020461771622760326,
        "min": 0.018975124566181414,
        "p0.1": 0.018976429589514177,
        "p1": 0.01897754964362858,
        "p5": 0.019089608797561497,
        "p10": 0.019213413269324662,
        "p25": 0.01934485499845303,
        "median": 0.019642093130780653,
        "p75": 0.019964806720854593,
        "p90": 0.02049613914483677,
        "p95": 0.028137847861304764,
        "p99": 0.0358405817851009,
        "p99.9": 0.037179406986895695,
        "max": 0.037524951029864924
      },
      "time_to_first_token": {
        "mean": 121.81747929543404,
        "min": 0.23598994500935078,
        "p0.1": 0.24966124646738172,
        "p1": 0.29366665972862394,
        "p5": 0.4976089812349529,
        "p10": 1.155732235312462,
        "p25": 40.531308680423535,
        "median": 112.2406787504442,
        "p75": 186.2376860989025,
        "p90": 224.25106262704358,
        "p95": 257.91211407359225,
        "p99": 259.4695219652215,
        "p99.9": 259.8628569297293,
        "max": 259.9438679921441
      },
      "inter_token_latency": {
        "mean": 0.020461771622760326,
        "min": 1.1497177183628082e-06,
        "p0.1": 1.5599653124809265e-06,
        "p1": 2.02888622879982e-06,
        "p5": 3.200024366378784e-06,
        "p10": 7.910188287496567e-06,
        "p25": 2.2380147129297256e-05,
        "median": 3.897957503795624e-05,
        "p75": 0.036196317756548524,
        "p90": 0.03950242646969856,
        "p95": 0.05559981300029903,
        "p99": 0.1616766638914123,
        "p99.9": 0.45503169560013346,
        "max": 35.483301904052496
      }
    },
    "throughput": {
      "input_tokens_per_sec": 30775.51585800437,
      "output_tokens_per_sec": 4024.471238922936,
      "total_tokens_per_sec": 34799.98709692731,
      "requests_per_sec": 4.093180380436086
    },
    "prompt_len": {
      "mean": 7518.729446935725,
      "min": 7421.0,
      "p0.1": 7426.392,
      "p1": 7462.0,
      "p5": 7479.0,
      "p10": 7489.0,
      "p25": 7503.0,
      "median": 7519.5,
      "p75": 7534.0,
      "p90": 7549.0,
      "p95": 7556.0,
      "p99": 7567.0,
      "p99.9": 7579.641000000001,
      "max": 7582.0
    },
    "output_len": {
      "mean": 983.2137518684603,
      "min": 350.0,
      "p0.1": 594.715,
      "p1": 877.0,
      "p5": 932.0,
      "p10": 961.7,
      "p25": 983.0,
      "median": 989.0,
      "p75": 998.0,
      "p90": 1001.0,
      "p95": 1001.0,
      "p99": 1003.6299999999999,
      "p99.9": 1026.3150000000012,
      "max": 1028.0
    }
  },
  "failures": {
    "count": 147,
    "request_latency": {
      "mean": 300.5190278387812,
      "min": 300.0110235400498,
      "p0.1": 300.01170948889757,
      "p1": 300.01678997688,
      "p5": 300.04434591108003,
      "p10": 300.09043872123584,
      "p25": 300.2044551305007,
      "median": 300.571911721956,
      "p75": 300.7549549720716,
      "p90": 300.901596232038,
      "p95": 300.94106679260733,
      "p99": 300.98378896957263,
      "p99.9": 301.00002530764976,
      "max": 301.00156711786985
    },
    "prompt_len": {
      "mean": 0.0,
      "min": 0.0,
      "p0.1": 0.0,
      "p1": 0.0,
      "p5": 0.0,
      "p10": 0.0,
      "p25": 0.0,
      "median": 0.0,
      "p75": 0.0,
      "p90": 0.0,
      "p95": 0.0,
      "p99": 0.0,
      "p99.9": 0.0,
      "max": 0.0
    }
  }
}