{
  "load_summary": {
    "count": 1470,
    "schedule_delay": {
      "mean": 0.0005681006358239521,
      "min": -0.000879970844835043,
      "p0.1": -0.0008412838103249669,
      "p1": -0.0005855786427855492,
      "p5": -0.0002689466346055269,
      "p10": -8.31109471619129e-05,
      "p25": 0.00020070048049092293,
      "median": 0.0005677696317434311,
      "p75": 0.0009109064703807235,
      "p90": 0.0012395731639117005,
      "p95": 0.001412969664670527,
      "p99": 0.0017236567102372645,
      "p99.9": 0.001939219912514116,
      "max": 0.0020258366130292416
    },
    "send_duration": 28.815244569908828,
    "requested_rate": 49.0,
    "achieved_rate": 51.014663312456875
  },
  "successes": {
    "count": 1355,
    "latency": {
      "request_latency": {
        "mean": 166.79150851397085,
        "min": 39.043349030893296,
        "p0.1": 39.11397334865574,
        "p1": 39.89240594287403,
        "p5": 40.42975839171559,
        "p10": 41.714022983517495,
        "p25": 81.38658815226518,
        "median": 153.40992585988715,
        "p75": 227.4267376640346,
        "p90": 276.11015678886343,
        "p95": 299.3150405753404,
        "p99": 299.8027329211868,
        "p99.9": 300.1352760549998,
        "max": 300.6012391913682
      },
      "normalized_time_per_output_token": {
        "mean": 0.17046198483436992,
        "min": 0.036550452488810094,
        "p0.1": 0.039178702380439336,
        "p1": 0.0399323255146868,
        "p5": 0.04101980313273259,
        "p10": 0.04256920189691961,
        "p25": 0.0919675249037641,
        "median": 0.16007442342902906,
        "p75": 0.23158974109412755,
        "p90": 0.28949892672287064,
        "p95": 0.3029251985469337,
        "p99": 0.3232625063785623,
        "p99.9": 0.4722363040779985,
        "max": 0.5936765388750413
      },
      "time_per_output_token": {
        "mean": 0.020648590147252847,
        "min": 0.018917808600555714,
        "p0.1": 0.01891798345262612,
        "p1": 0.018919261398202537,
        "p5": 0.019020348807414253,
        "p10": 0.01904848832413666,
        "p25": 0.01939212989885306,
        "median": 0.019766558319384207,
        "p75": 0.02010402217545062,
        "p90": 0.020724158076991118,
        "p95": 0.030570924353587065,
        "p99": 0.03610383736467671,
        "p99.9": 0.037999662129603644,
        "max": 0.03828288662456337
      },
      "time_to_first_token": {
        "mean": 125.4427102892907,
        "min": 0.22800774779170752,
        "p0.1": 0.2290373126482591,
        "p1": 0.261231903731823,
        "p5": 0.5267485536169261,
        "p10": 1.6063489007763565,
        "p25": 40.8240027227439,
        "median": 113.64069114299491,
        "p75": 188.02572658890858,
        "p90": 225.8610612870194,
        "p95": 259.7067757341545,
        "p99": 261.4743173947651,
        "p99.9": 261.8197364742793,
        "max": 261.89891050802544
      },
      "inter_token_latency": {
        "mean": 0.020648623186417508,
        "min": 1.1688098311424255e-06,
        "p0.1": 1.5292316675186157e-06,
        "p1": 2.0400620996952057e-06,
        "p5": 3.4598633646965027e-06,
        "p10": 9.470153599977493e-06,
        "p25": 2.307118847966194e-05,
        "median": 3.9599835872650146e-05,
        "p75": 0.03634851798415184,
        "p90": 0.03963699797168374,
        "p95": 0.04934046696871519,
        "p99": 0.15820248937234288,
        "p99.9": 0.4838434605486698,
        "max": 36.22516664257273
      }
    },
    "throughput": {
      "input_tokens_per_sec": 30971.775378718357,
      "output_tokens_per_sec": 4040.969976042114,
      "total_tokens_per_sec": 35012.745354760475,
      "requests_per_sec": 4.119241647404268
    },
    "prompt_len": {
      "mean": 7518.80516605166,
      "min": 7421.0,
      "p0.1": 7426.664,
      "p1": 7458.78,
      "p5": 7479.0,
      "p10": 7489.0,
      "p25": 7503.0,
      "median": 7520.0,
      "p75": 7534.0,
      "p90": 7550.0,
      "p95": 7556.3,
      "p99": 7567.0,
      "p99.9": 7579.522000000001,
      "max": 7582.0
    },
    "output_len": {
      "mean": 980.9985239852399,
      "min": 474.0,
      "p0.1": 506.54,
      "p1": 849.08,
      "p5": 925.7,
      "p10": 956.0,
      "p25": 981.0,
      "median": 989.0,
      "p75": 997.0,
      "p90": 1001.0,
      "p95": 1001.0,
      "p99": 1003.0,
      "p99.9": 1016.5840000000007,
      "max": 1113.0
    }
  },
  "failures": {
    "count": 115,
    "request_latency": {
      "mean": 300.4786432712744,
      "min": 300.0032912087627,
      "p0.1": 300.0054475446576,
      "p1": 300.022707423158,
      "p5": 300.0585481105838,
      "p10": 300.10132272746415,
      "p25": 300.2463214646559,
      "median": 300.47097724163905,
      "p75": 300.6616458815988,
      "p90": 300.90391266494987,
      "p95": 300.9513424306177,
      "p99": 300.98377826142126,
      "p99.9": 300.9869423867902,
      "max": 300.98734931414947
    },
    "prompt_len": {
      "mean": 0.0,
      "min": 0.0,
      "p0.1": 0.0,
      "p1": 0.0,
      "p5": 0.0,
      "p10": 0.0,
      "p25": 0.0,
      "median": 0.0,
      "p75": 0.0,
      "p90": 0.0,
      "p95": 0.0,
      "p99": 0.0,
      "p99.9": 0.0,
      "max": 0.0
    }
  }
}