{"load_summary": {"count": 1485, "schedule_delay": {"mean": 0.0007542298118166801, "min": -0.0007169753080233932, "p0.1": -0.000576879009604454, "p1": -0.0004059690376743674, "p5": -7.03328987583518e-05, "p10": 6.769131869077682e-05, "p25": 0.0003739898093044758, "median": 0.0007202305132523179, "p75": 0.0011078211246058345, "p90": 0.001458304654806853, "p95": 0.0016754062613472342, "p99": 0.002226675320416691, "p99.9": 0.003062616516835988, "max": 0.0031693548662588}, "send_duration": 27.99753596505616, "requested_rate": 55.0, "achieved_rate": 53.040381905516064}, "successes": {"count": 1485, "latency": {"request_latency": {"mean": 67.99541407221017, "min": 48.672201763954945, "p0.1": 48.89044022851065, "p1": 50.06294603317976, "p5": 51.134127560746855, "p10": 52.91008482601028, "p25": 56.884679352049716, "median": 62.37769198301248, "p75": 80.11613507394213, "p90": 90.6537539590383, "p95": 96.827350982395, "p99": 110.41714578386399, "p99.9": 111.39734851236082, "max": 111.43344845389947}, "normalized_time_per_output_token": {"mean": 0.1739471610005188, "min": 0.0, "p0.1": 0.03424631681878655, "p1": 0.0499293349969713, "p5": 0.05134102289236418, "p10": 0.05350919674302144, "p25": 0.057551980376942084, "median": 0.06422292340593412, "p75": 0.08424082660605199, "p90": 0.0975860224808318, "p95": 0.1859124696307434, "p99": 2.493940567160219, "p99.9": 15.37672005908594, "max": 30.308458017689798}, "time_per_output_token": {"mean": 0.03289807508735294, "min": 0.024158654434756302, "p0.1": 0.02422238162539337, "p1": 0.02467797999567669, "p5": 0.025346292245182218, "p10": 0.026054656246771522, "p25": 0.028050317611221388, "median": 0.030412767469747526, "p75": 0.035594579579749853, "p90": 0.04273474514592617, "p95": 0.04526301411581856, "p99": 0.04874195723587053, "p99.9": 0.048868594151900625, "max": 0.04889733963115406}, "time_to_first_token": {"mean": 2.113567736964149, "min": 0.06724834896158427, "p0.1": 0.07006943019619212, "p1": 0.07462182356510311, "p5": 0.08750103178899735, "p10": 0.09595870664343238, "p25": 0.11386041704099625, "median": 0.14373641007114202, "p75": 0.17928925505839288, "p90": 0.5181306237587715, "p95": 1.056961861369199, "p99": 45.597920112703, "p99.9": 45.902423296296504, "max": 45.94317524100188}, "inter_token_latency": {"mean": 0.03289807508735294, "min": 2.322020009160042e-06, "p0.1": 3.630513325333595e-06, "p1": 1.3048062101006508e-05, "p5": 1.9666040316224098e-05, "p10": 2.4277018383145332e-05, "p25": 3.3683027140796185e-05, "median": 0.00018826895393431187, "p75": 0.04875596193596721, "p90": 0.06247085898648948, "p95": 0.0702907619997859, "p99": 0.11638439532369396, "p99.9": 0.5670853010215821, "max": 45.46467566792853}}, "throughput": {"input_tokens_per_sec": 80820.38043913538, "output_tokens_per_sec": 10044.014286326266, "total_tokens_per_sec": 90864.39472546165, "requests_per_sec": 10.657254985670042}, "prompt_len": {"mean": 7583.60202020202, "min": 7498.0, "p0.1": 7498.968, "p1": 7524.0, "p5": 7542.0, "p10": 7551.4, "p25": 7566.0, "median": 7583.0, "p75": 7599.0, "p90": 7618.0, "p95": 7631.0, "p99": 7652.0, "p99.9": 7672.064, "max": 7674.0}, "output_len": {"mean": 942.4579124579125, "min": 0.0, "p0.1": 3.484, "p1": 33.0, "p5": 332.80000000000007, "p10": 951.2, "p25": 993.0, "median": 998.0, "p75": 1000.0, "p90": 1000.0, "p95": 1000.0, "p99": 1001.0, "p99.9": 1999.0, "max": 1999.0}}, "failures": {"count": 0, "request_latency": null, "prompt_len": null}}