{"load_summary": {}, "successes": {"count": 1482, "rate": 9.320755, "prompt_len": {"mean": 0, "rate": 71406.692423}, "output_len": {"mean": 0, "rate": 9289.79039}, "queue_len": {"mean": 0}, "request_latency": {"mean": 68.408522, "median": 69.304447, "p90": 109.860889, "p99": 118.986089}, "time_to_first_token": {"mean": 1.795268, "median": 0.094576, "p90": 0.508099, "p99": 69.112727}, "time_per_output_token": {"mean": 0.066796, "median": 0.049732, "p90": 0.071866, "p99": 0.172956}, "kv_cache_usage_percentage": {"mean": 0.0, "median": 0.0, "p90": 0.0, "p99": 0.0}, "num_requests_swapped": {"mean": 0}, "num_preemptions_total": {"mean": 0}, "prefix_cache_hit_percent": {"mean": 91.81008510229776}}, "failures": {}}