{"load_summary": {}, "successes": {"count": 750, "rate": 7.352941, "prompt_len": {"mean": 0, "rate": 57416.284216}, "output_len": {"mean": 0, "rate": 7454.219244}, "queue_len": {"mean": 0}, "request_latency": {"mean": 40.373532, "median": 39.124088, "p90": 48.888889, "p99": 58.214286}, "time_to_first_token": {"mean": 0.129821, "median": 0.07773, "p90": 0.308333, "p99": 0.731196}, "time_per_output_token": {"mean": 0.040165, "median": 0.037729, "p90": 0.048163, "p99": 0.112437}, "kv_cache_usage_percentage": {"mean": 0.0, "median": 0.0, "p90": 0.0, "p99": 0.0}, "num_requests_swapped": {"mean": 0}, "num_preemptions_total": {"mean": 0}, "prefix_cache_hit_percent": {"mean": 90.67558435059841}}, "failures": {}}