{"load_summary": {"count": 1518, "schedule_delay": {"mean": 0.0010470940486211402, "min": -0.001365391188301146, "p0.1": -0.0006280089610954747, "p1": -0.0004306225338950753, "p5": -0.00012229314888827502, "p10": 4.6364392619580035e-05, "p25": 0.0003456896811258048, "median": 0.0007182515109889209, "p75": 0.0010971011652145535, "p90": 0.0015066775726154445, "p95": 0.0017073359747882917, "p99": 0.0024160954984836277, "p99.9": 0.1133665072069316, "max": 0.14560990897007287}, "send_duration": 33.778666655067354, "requested_rate": 46.0, "achieved_rate": 44.939606867883136}, "successes": {"count": 1518, "latency": {"request_latency": {"mean": 67.04704932385809, "min": 46.79570879996754, "p0.1": 46.9196363149411, "p1": 47.944015273067635, "p5": 49.510806284938006, "p10": 52.084735815331804, "p25": 56.308727908006404, "median": 61.16618521953933, "p75": 79.5829253073025, "p90": 90.21021688762121, "p95": 96.70304564675898, "p99": 109.38109108239294, "p99.9": 110.7705794358175, "max": 110.98985639191233}, "normalized_time_per_output_token": {"mean": 0.14320189490987872, "min": 0.03381562041675019, "p0.1": 0.04695421065999238, "p1": 0.048068571579790956, "p5": 0.04975298280015889, "p10": 0.05249591823743459, "p25": 0.05716868010300146, "median": 0.06302098472551038, "p75": 0.08229385899491726, "p90": 0.09850381957610803, "p95": 0.18262182585318668, "p99": 2.2430197776364618, "p99.9": 2.987921731058368, "max": 3.4387853322805313}, "time_per_output_token": {"mean": 0.03188968105221803, "min": 0.02296115135236912, "p0.1": 0.023332877399012523, "p1": 0.023711219609788697, "p5": 0.024499058978559834, "p10": 0.02532772076381803, "p25": 0.027339248671436098, "median": 0.029836786021486622, "p75": 0.034660100567993866, "p90": 0.04146193746492608, "p95": 0.04496615991104689, "p99": 0.04917793816161471, "p99.9": 0.04952668555773623, "max": 0.049548718973522775}, "time_to_first_token": {"mean": 3.182888142299751, "min": 0.06441367801744491, "p0.1": 0.06789836375182494, "p1": 0.07208091743057593, "p5": 0.0879703244951088, "p10": 0.09705431103939191, "p25": 0.11724929348565638, "median": 0.14812178548891097, "p75": 0.18798864699783735, "p90": 0.5596966771292499, "p95": 39.327300606295466, "p99": 44.42389175817603, "p99.9": 45.1437942476715, "max": 45.46248208801262}, "inter_token_latency": {"mean": 0.031889681052218025, "min": 2.3170141503214836e-06, "p0.1": 3.6730198189616203e-06, "p1": 1.291697844862938e-05, "p5": 1.9434024579823017e-05, "p10": 2.4272012524306774e-05, "p25": 3.366905730217695e-05, "median": 0.00017918151570484042, "p75": 0.04919464481645264, "p90": 0.06114098565885798, "p95": 0.06945208382094278, "p99": 0.12076214859727781, "p99.9": 0.43962962591205906, "max": 44.41841448901687}}, "throughput": {"input_tokens_per_sec": 79615.87100355326, "output_tokens_per_sec": 9864.08232716124, "total_tokens_per_sec": 89479.9533307145, "requests_per_sec": 10.49849430411147}, "prompt_len": {"mean": 7583.551383399209, "min": 7498.0, "p0.1": 7499.034, "p1": 7524.51, "p5": 7542.0, "p10": 7551.7, "p25": 7566.0, "median": 7583.0, "p75": 7599.0, "p90": 7617.3, "p95": 7630.15, "p99": 7651.66, "p99.9": 7671.932000000001, "max": 7674.0}, "output_len": {"mean": 939.5711462450593, "min": 26.0, "p0.1": 31.517, "p1": 33.0, "p5": 377.2000000000001, "p10": 957.0, "p25": 992.0, "median": 998.0, "p75": 1000.0, "p90": 1000.0, "p95": 1000.0, "p99": 1000.0, "p99.9": 1001.0, "max": 1999.0}}, "failures": {"count": 0, "request_latency": null, "prompt_len": null}}