{"load_summary": {"count": 1548, "schedule_delay": {"mean": 0.0018391482541349642, "min": -0.0007561208913102746, "p0.1": -0.0006823488745139912, "p1": -0.00044844984542578457, "p5": -0.00012927592615596947, "p10": 6.271961610764267e-05, "p25": 0.00035896585904993117, "median": 0.0007551752496510744, "p75": 0.0011312553833704442, "p90": 0.0014831098611466586, "p95": 0.0017103184247389432, "p99": 0.018824753051157928, "p99.9": 0.14638698163698627, "max": 0.1529595247702673}, "send_duration": 35.02500821801368, "requested_rate": 43.0, "achieved_rate": 44.19699177126387}, "successes": {"count": 1548, "latency": {"request_latency": {"mean": 67.48294368641953, "min": 47.02549257094506, "p0.1": 47.184070854385965, "p1": 48.49635169739951, "p5": 50.19450540481485, "p10": 52.12892927499488, "p25": 56.413635581790004, "median": 62.545210835000034, "p75": 79.84217781398911, "p90": 89.72679092421895, "p95": 96.27283585366092, "p99": 110.14582693386474, "p99.9": 110.80554227919633, "max": 111.18881517695263}, "normalized_time_per_output_token": {"mean": 0.1679348622892576, "min": 0.026774579758547294, "p0.1": 0.036875223957302236, "p1": 0.04853194739601691, "p5": 0.05048443443165485, "p10": 0.05265017219332513, "p25": 0.057303110725882705, "median": 0.06506754438698241, "p75": 0.08248702944650832, "p90": 0.09938483927959221, "p95": 0.41575633423465674, "p99": 2.400882435906783, "p99.9": 3.1654108220764248, "max": 20.10124147431149}, "time_per_output_token": {"mean": 0.0318552926632085, "min": 0.022441744488705395, "p0.1": 0.02244961525796671, "p1": 0.023623005207808367, "p5": 0.024701584106349483, "p10": 0.02522701572806368, "p25": 0.027335056558562405, "median": 0.030245490063747243, "p75": 0.03503921967163425, "p90": 0.04106990995471073, "p95": 0.044519305883634855, "p99": 0.04922115563345758, "p99.9": 0.049524342261349094, "max": 0.04954084156868586}, "time_to_first_token": {"mean": 3.687112662238138, "min": 0.06813975505065173, "p0.1": 0.07022416736034211, "p1": 0.07567970380885526, "p5": 0.0866268829558976, "p10": 0.0952372002764605, "p25": 0.11599383348948322, "median": 0.14743722352432087, "p75": 0.19802579772658646, "p90": 0.9112325953668912, "p95": 37.383662463852666, "p99": 42.1692146072071, "p99.9": 43.16515678058728, "max": 43.22901873104274}, "inter_token_latency": {"mean": 0.0318552926632085, "min": 2.250075340270996e-06, "p0.1": 3.448920324444771e-06, "p1": 1.2830016203224659e-05, "p5": 1.92329753190279e-05, "p10": 2.4098088033497334e-05, "p25": 3.344391006976366e-05, "median": 0.00016601546667516232, "p75": 0.04897019328200258, "p90": 0.060322984354570515, "p95": 0.068243747780798, "p99": 0.11994827207527106, "p99.9": 0.49321851775192793, "max": 43.35701021901332}}, "throughput": {"input_tokens_per_sec": 80421.16404648796, "output_tokens_per_sec": 9888.808174895035, "total_tokens_per_sec": 90309.972221383, "requests_per_sec": 10.604568602058386}, "prompt_len": {"mean": 7583.633720930233, "min": 7498.0, "p0.1": 7499.094, "p1": 7525.41, "p5": 7542.0, "p10": 7552.0, "p25": 7566.0, "median": 7583.0, "p75": 7599.0, "p90": 7618.0, "p95": 7631.0, "p99": 7651.0599999999995, "p99.9": 7671.812000000001, "max": 7674.0}, "output_len": {"mean": 932.5045219638243, "min": 3.0, "p0.1": 22.547, "p1": 33.0, "p5": 145.95000000000016, "p10": 942.4000000000001, "p25": 992.0, "median": 997.0, "p75": 1000.0, "p90": 1000.0, "p95": 1000.0, "p99": 1001.0, "p99.9": 1996.0, "max": 1998.0}}, "failures": {"count": 0, "request_latency": null, "prompt_len": null}}