{"load_summary": {}, "successes": {"count": 1518, "rate": 9.256098, "prompt_len": {"mean": 0, "rate": 72318.931522}, "output_len": {"mean": 0, "rate": 9302.620993}, "queue_len": {"mean": 0}, "request_latency": {"mean": 66.947298, "median": 65.395683, "p90": 109.079137, "p99": 118.907914}, "time_to_first_token": {"mean": 3.046737, "median": 0.096615, "p90": 0.532857, "p99": 71.062857}, "time_per_output_token": {"mean": 0.063778, "median": 0.049288, "p90": 0.071922, "p99": 0.178831}, "kv_cache_usage_percentage": {"mean": 0.0, "median": 0.0, "p90": 0.0, "p99": 0.0}, "num_requests_swapped": {"mean": 0}, "num_preemptions_total": {"mean": 0}, "prefix_cache_hit_percent": {"mean": 91.6928899859707}}, "failures": {}}