{"load_summary": {"count": 735, "schedule_delay": {"mean": 0.0007604724559679526, "min": -0.001080459333024919, "p0.1": -0.000688500861171633, "p1": -0.0003701439313590527, "p5": -0.0001084727351553738, "p10": 6.717983633279805e-05, "p25": 0.0003686464624479413, "median": 0.0007343611214309931, "p75": 0.0011213461984880269, "p90": 0.0014753057388588787, "p95": 0.0016783760511316357, "p99": 0.0021607578103430506, "p99.9": 0.0027110914741642856, "max": 0.0027891272911801934}, "send_duration": 20.299749003024772, "requested_rate": 35.0, "achieved_rate": 36.20734423319624}, "successes": {"count": 735, "latency": {"request_latency": {"mean": 42.70835467911702, "min": 35.207367833005264, "p0.1": 35.363030253196136, "p1": 36.43128064119024, "p5": 37.325896137754896, "p10": 37.87985685365275, "p25": 39.01812993752537, "median": 42.483025780995376, "p75": 45.47446341748582, "p90": 48.93279906725511, "p95": 50.46705196620896, "p99": 53.35507696538231, "p99.9": 55.700039931914326, "max": 55.90445693396032}, "normalized_time_per_output_token": {"mean": 0.08574707749322738, "min": 0.020093707467904343, "p0.1": 0.0201820540348024, "p1": 0.03659578337491058, "p5": 0.03755398566084518, "p10": 0.03817033655317965, "p25": 0.03938685412644212, "median": 0.043565154778221885, "p75": 0.04745736641321943, "p90": 0.05197140576104892, "p95": 0.09649279268261304, "p99": 1.345919854732731, "p99.9": 1.491212294685485, "max": 1.491259786998853}, "time_per_output_token": {"mean": 0.021220790936765314, "min": 0.017503717298868918, "p0.1": 0.0175738712849297, "p1": 0.01811503766300408, "p5": 0.018573661118661794, "p10": 0.018788667654768488, "p25": 0.01939212558547273, "median": 0.021148829706137007, "p75": 0.022604489617701527, "p90": 0.024291752642455762, "p95": 0.024956892576577815, "p99": 0.026574461362605068, "p99.9": 0.027732991979161438, "max": 0.027847615299806436}, "time_to_first_token": {"mean": 0.1920398716870252, "min": 0.07098299206700176, "p0.1": 0.07191174497595057, "p1": 0.07632854313123971, "p5": 0.08349096929887309, "p10": 0.08873729840852321, "p25": 0.0999703195411712, "median": 0.12150737305637449, "p75": 0.1854554110323079, "p90": 0.41669629176612943, "p95": 0.538183889747597, "p99": 0.9477625621482724, "p99.9": 1.025212937893114, "max": 1.0333128509810194}, "inter_token_latency": {"mean": 0.021220790936765314, "min": 2.4139881134033203e-06, "p0.1": 3.2888033892959356e-06, "p1": 1.2947013601660728e-05, "p5": 1.9441009499132633e-05, "p10": 2.435203641653061e-05, "p25": 3.3708056434988976e-05, "median": 0.00015296798665076494, "p75": 0.042629013012629, "p90": 0.04552534841932356, "p95": 0.04666537300217897, "p99": 0.05767342820530754, "p99.9": 0.21893838009075325, "max": 23.2317253400106}}, "throughput": {"input_tokens_per_sec": 73327.04696564312, "output_tokens_per_sec": 9116.739681725232, "total_tokens_per_sec": 82443.78664736837, "requests_per_sec": 9.669060072390996}, "prompt_len": {"mean": 7583.678911564626, "min": 7498.0, "p0.1": 7499.468, "p1": 7525.02, "p5": 7542.0, "p10": 7552.0, "p25": 7567.0, "median": 7583.0, "p75": 7599.0, "p90": 7618.0, "p95": 7631.0, "p99": 7651.32, "p99.9": 7671.064, "max": 7674.0}, "output_len": {"mean": 942.8775510204082, "min": 32.0, "p0.1": 32.0, "p1": 33.0, "p5": 457.5000000000003, "p10": 928.4, "p25": 991.0, "median": 998.0, "p75": 1000.0, "p90": 1000.0, "p95": 1000.0, "p99": 1000.66, "p99.9": 1996.0640000000003, "max": 1999.0}}, "failures": {"count": 0, "request_latency": null, "prompt_len": null}}