{"load_summary": {"count": 60, "schedule_delay": {"mean": 0.0009509828368512292, "min": 1.435715239495039e-05, "p0.1": 2.399992069695145e-05, "p1": 0.00011078483541496098, "p5": 0.0002617076213937253, "p10": 0.0003764456487260759, "p25": 0.0005761829379480332, "median": 0.0009819957776926458, "p75": 0.00119376479415223, "p90": 0.0014319575508125128, "p95": 0.00177753958851099, "p99": 0.0019840254180599, "p99.9": 0.0020752157500246557, "max": 0.002085348009131849}, "send_duration": 19.999379461980425, "requested_rate": 3.0, "achieved_rate": 3.0000930835910316}, "successes": {"count": 60, "latency": {"request_latency": {"mean": 25.333692799326187, "min": 23.852426836965606, "p0.1": 23.85437263330468, "p1": 23.871884800356348, "p5": 24.602949876571074, "p10": 24.753910525387617, "p25": 24.957969332288485, "median": 25.389749890950043, "p75": 25.855199562502094, "p90": 25.89247024640208, "p95": 25.903088434576055, "p99": 25.98975657660281, "p99.9": 26.02208700331417, "max": 26.025679272948764}, "normalized_time_per_output_token": {"mean": 0.04173249850356573, "min": 0.023852426836965604, "p0.1": 0.023860032227600744, "p1": 0.02392848074331699, "p5": 0.024705417988139796, "p10": 0.024862315283098724, "p25": 0.025054517502518137, "median": 0.02566505774176895, "p75": 0.025918135466427898, "p90": 0.02628321450496927, "p95": 0.03701906929882717, "p99": 0.3994110199607841, "p99.9": 0.652750731622594, "max": 0.680899588473901}, "time_per_output_token": {"mean": 0.012569761644520323, "min": 0.011813996955512678, "p0.1": 0.011817577344272275, "p1": 0.011849800843108648, "p5": 0.012199707041234024, "p10": 0.012272896325798182, "p25": 0.012375705173517321, "median": 0.012586969094453794, "p75": 0.012855655547709198, "p90": 0.012873647317213743, "p95": 0.012874209477183018, "p99": 0.012890319761235211, "p99.9": 0.012907405294973914, "max": 0.012909303687611546}, "time_to_first_token": {"mean": 0.13230285746200632, "min": 0.07101468800101429, "p0.1": 0.07111088950419799, "p1": 0.07197670303285122, "p5": 0.07281075021019205, "p10": 0.0755530063295737, "p25": 0.08785656551481225, "median": 0.14436970750102773, "p75": 0.15485887724207714, "p90": 0.16527861038921401, "p95": 0.1736038858769461, "p99": 0.23516910375095898, "p99.9": 0.24371200114581748, "max": 0.24466121196746826}, "inter_token_latency": {"mean": 0.012569761644520323, "min": 2.527027390897274e-06, "p0.1": 4.6711651375517246e-06, "p1": 1.5680717770010233e-05, "p5": 2.3212883388623598e-05, "p10": 3.104390343651176e-05, "p25": 3.8081983802840114e-05, "median": 0.0001732829841785133, "p75": 0.024951691448222846, "p90": 0.02582119854632765, "p95": 0.0262468775967136, "p99": 0.02788667890126817, "p99.9": 0.09939086678274936, "max": 0.10550817602779716}}, "throughput": {"input_tokens_per_sec": 10139.976768465294, "output_tokens_per_sec": 1264.8153729012065, "total_tokens_per_sec": 11404.7921413665, "requests_per_sec": 1.33668443960391}, "prompt_len": {"mean": 7585.916666666667, "min": 7539.0, "p0.1": 7539.885, "p1": 7547.85, "p5": 7555.0, "p10": 7558.9, "p25": 7568.75, "median": 7582.0, "p75": 7605.0, "p90": 7618.0, "p95": 7623.45, "p99": 7639.74, "p99.9": 7647.174, "max": 7648.0}, "output_len": {"mean": 946.2333333333333, "min": 38.0, "p0.1": 43.133, "p1": 89.33, "p5": 813.3500000000001, "p10": 961.6, "p25": 993.0, "median": 998.0, "p75": 1000.0, "p90": 1000.0, "p95": 1000.0, "p99": 1000.0, "p99.9": 1000.0, "max": 1000.0}}, "failures": {"count": 0, "request_latency": null, "prompt_len": null}}