{"load_summary": {"count": 1508, "schedule_delay": {"mean": 0.0007652544550966985, "min": -0.0006332581397145987, "p0.1": -0.0006258694789139554, "p1": -0.00039156525279395284, "p5": -0.00011184734175913033, "p10": 4.9282156396657235e-05, "p25": 0.0003858502022922039, "median": 0.000756578054279089, "p75": 0.0011336025781929493, "p90": 0.0014508442603982986, "p95": 0.0016865616722498088, "p99": 0.0021237398125231294, "p99.9": 0.0028390992409549677, "max": 0.003139227512292564}, "send_duration": 29.222478596959263, "requested_rate": 52.0, "achieved_rate": 51.604110000337705}, "successes": {"count": 1496, "latency": {"request_latency": {"mean": 67.65669563489207, "min": 47.7761220819084, "p0.1": 48.137527028225016, "p1": 48.61873685699538, "p5": 50.547598718316294, "p10": 52.43115350097651, "p25": 56.57411572147976, "median": 61.853811605018564, "p75": 78.65986039626296, "p90": 90.02168659301242, "p95": 96.42196833726484, "p99": 109.17950152802513, "p99.9": 111.151591681891, "max": 111.18320250790566}, "normalized_time_per_output_token": {"mean": 0.17696210173263943, "min": 0.03484266165979607, "p0.1": 0.04801948557244338, "p1": 0.04870901126507088, "p5": 0.050937481542601554, "p10": 0.05295060563360496, "p25": 0.05757277812118687, "median": 0.06374132158240932, "p75": 0.08378176892414248, "p90": 0.09811992966651234, "p95": 0.3352727239664649, "p99": 2.5359776500346456, "p99.9": 8.472381725112726, "max": 22.506274803250562}, "time_per_output_token": {"mean": 0.03255115602590302, "min": 0.023595591738139618, "p0.1": 0.02359618946367913, "p1": 0.02400877654558801, "p5": 0.025005496167300294, "p10": 0.025749186344066824, "p25": 0.0277075863103174, "median": 0.03028896754074759, "p75": 0.03580465779899781, "p90": 0.042940685273099716, "p95": 0.04489706118703356, "p99": 0.04835174635479653, "p99.9": 0.048801634798032595, "max": 0.04882668401103007}, "time_to_first_token": {"mean": 2.468970219807075, "min": 0.0695367039879784, "p0.1": 0.07091817231674213, "p1": 0.07617210291791707, "p5": 0.08553334270254709, "p10": 0.09311169048305601, "p25": 0.1114323208166752, "median": 0.14120465505402535, "p75": 0.17503681997186504, "p90": 0.42363362200558186, "p95": 40.66496906802058, "p99": 44.79929133926635, "p99.9": 45.34179360318522, "max": 45.35530331800692}, "inter_token_latency": {"mean": 0.03255115602590302, "min": 2.444954589009285e-06, "p0.1": 3.6170240491628647e-06, "p1": 1.283793244510889e-05, "p5": 1.9178027287125587e-05, "p10": 2.4039996787905693e-05, "p25": 3.3537973649799824e-05, "median": 0.0001841349876485765, "p75": 0.04891511195455678, "p90": 0.06237261102069169, "p95": 0.07041951557039283, "p99": 0.12113609481020812, "p99.9": 0.4211606796889171, "max": 44.08848803699948}}, "throughput": {"input_tokens_per_sec": 81085.64286251944, "output_tokens_per_sec": 9962.627013945448, "total_tokens_per_sec": 91048.26987646488, "requests_per_sec": 10.692374420860041}, "prompt_len": {"mean": 7583.502005347594, "min": 7498.0, "p0.1": 7498.99, "p1": 7524.0, "p5": 7542.0, "p10": 7551.0, "p25": 7566.0, "median": 7583.0, "p75": 7599.0, "p90": 7617.0, "p95": 7631.0, "p99": 7652.0, "p99.9": 7672.02, "max": 7674.0}, "output_len": {"mean": 931.7506684491979, "min": 4.0, "p0.1": 14.415000000000003, "p1": 32.95, "p5": 168.5, "p10": 931.0, "p25": 992.0, "median": 998.0, "p75": 1000.0, "p90": 1000.0, "p95": 1000.0, "p99": 1000.0, "p99.9": 1001.5050000000001, "max": 1999.0}}, "failures": {"count": 12, "request_latency": {"mean": 3.547315379992748, "min": 0.6549281999468803, "p0.1": 0.6552885166300694, "p1": 0.6585313667787704, "p5": 0.672944034106331, "p10": 0.7380048152524978, "p25": 1.7933964229887351, "median": 2.4995161229744554, "p75": 3.262260688788956, "p90": 6.377722826530227, "p95": 10.229676090984134, "p99": 13.660749292534314, "p99.9": 14.432740762883105, "max": 14.518517592921853}, "prompt_len": {"mean": 0.0, "min": 0.0, "p0.1": 0.0, "p1": 0.0, "p5": 0.0, "p10": 0.0, "p25": 0.0, "median": 0.0, "p75": 0.0, "p90": 0.0, "p95": 0.0, "p99": 0.0, "p99.9": 0.0, "max": 0.0}}}