{"load_summary": {"count": 1482, "schedule_delay": {"mean": 0.0007507433723934829, "min": -0.0007145912386476994, "p0.1": -0.0006424798180814833, "p1": -0.00044319596141576765, "p5": -0.00013619316159747542, "p10": 5.274122813716529e-05, "p25": 0.00037929703830741346, "median": 0.0007403086638078094, "p75": 0.001110098382923752, "p90": 0.0014608255121856927, "p95": 0.0016807086474727847, "p99": 0.0020740861690137537, "p99.9": 0.002818669829284836, "max": 0.0031051270198076963}, "send_duration": 26.962904977961443, "requested_rate": 57.0, "achieved_rate": 54.96440391757995}, "successes": {"count": 1482, "latency": {"request_latency": {"mean": 68.50645060937039, "min": 48.77955781703349, "p0.1": 48.9761140762642, "p1": 49.91338661723421, "p5": 51.49038720683893, "p10": 53.218950214865615, "p25": 56.85962943127379, "median": 63.42388810700504, "p75": 80.87760711769806, "p90": 90.56131579875947, "p95": 97.98519694646238, "p99": 111.50232440987719, "p99.9": 112.64050710422828, "max": 112.73223269800656}, "normalized_time_per_output_token": {"mean": 0.14860548840435228, "min": 0.0487798968780553, "p0.1": 0.049066212561868335, "p1": 0.04999804273890236, "p5": 0.05203910028139328, "p10": 0.053670141527311546, "p25": 0.05779735526589407, "median": 0.06526494899345656, "p75": 0.08524909401906003, "p90": 0.09896704069369024, "p95": 0.35401900893407856, "p99": 2.3107435525779874, "p99.9": 3.368384550291796, "max": 3.9276611038208515}, "time_per_output_token": {"mean": 0.03328439877118602, "min": 0.02399756955117851, "p0.1": 0.024272135940660234, "p1": 0.02464937553743249, "p5": 0.025477340121461224, "p10": 0.02627001060947854, "p25": 0.028082635150924476, "median": 0.030994979320818895, "p75": 0.03615426788818841, "p90": 0.04338682580296289, "p95": 0.04535850645407445, "p99": 0.04916851608839614, "p99.9": 0.04925946698676108, "max": 0.04926361986259087}, "time_to_first_token": {"mean": 1.8524137915892265, "min": 0.07030707795638591, "p0.1": 0.07072782354429365, "p1": 0.07537557006930001, "p5": 0.08638589185429738, "p10": 0.09339616475626826, "p25": 0.11299940600292757, "median": 0.14153278950834647, "p75": 0.1770597741997335, "p90": 0.47737579252570905, "p95": 0.8198256680567283, "p99": 46.18562263412635, "p99.9": 46.82727613153996, "max": 46.912099251989275}, "inter_token_latency": {"mean": 0.03328439877118602, "min": 2.3440225049853325e-06, "p0.1": 3.7229619920253754e-06, "p1": 1.3064942322671413e-05, "p5": 1.962797250598669e-05, "p10": 2.424593549221754e-05, "p25": 3.345310688018799e-05, "median": 0.0001792414695955813, "p75": 0.04937040578806773, "p90": 0.06365131578641012, "p95": 0.07056384349125437, "p99": 0.12062397172674531, "p99.9": 0.5124491359189924, "max": 45.8729248540476}}, "throughput": {"input_tokens_per_sec": 80498.60506812274, "output_tokens_per_sec": 9911.372717460992, "total_tokens_per_sec": 90409.97778558373, "requests_per_sec": 10.614800198929888}, "prompt_len": {"mean": 7583.619433198381, "min": 7498.0, "p0.1": 7498.962, "p1": 7524.0, "p5": 7542.0, "p10": 7551.1, "p25": 7566.25, "median": 7583.0, "p75": 7599.0, "p90": 7618.0, "p95": 7631.0, "p99": 7652.0, "p99.9": 7672.076000000001, "max": 7674.0}, "output_len": {"mean": 933.7314439946019, "min": 22.0, "p0.1": 27.367, "p1": 33.0, "p5": 178.14999999999998, "p10": 942.1, "p25": 991.25, "median": 997.0, "p75": 1000.0, "p90": 1000.0, "p95": 1000.0, "p99": 1000.0, "p99.9": 1001.0, "max": 1020.0}}, "failures": {"count": 0, "request_latency": null, "prompt_len": null}}