{"load_summary": {"count": 1500, "schedule_delay": {"mean": 0.0007333807587468376, "min": -0.0006129003595560789, "p0.1": -0.000563746998901479, "p1": -0.0004373787750955671, "p5": -0.00015917273703962563, "p10": 3.70916328392923e-05, "p25": 0.0003426882321946323, "median": 0.000722171738743782, "p75": 0.001112069294322282, "p90": 0.0014479126082733277, "p95": 0.0016551755717955528, "p99": 0.0020336966530885544, "p99.9": 0.0027129686699482103, "max": 0.0034801739966496825}, "send_duration": 25.95060412096791, "requested_rate": 60.0, "achieved_rate": 57.80212256361347}, "successes": {"count": 1500, "latency": {"request_latency": {"mean": 69.54819574135371, "min": 49.88706987805199, "p0.1": 50.02258329734043, "p1": 50.85563308955869, "p5": 52.30865253512165, "p10": 53.86007202088367, "p25": 57.43067156348843, "median": 64.51462001801701, "p75": 81.89194503324688, "p90": 91.62453011850594, "p95": 98.50621170243248, "p99": 113.20129872786696, "p99.9": 113.77947689917173, "max": 113.83752568997443}, "normalized_time_per_output_token": {"mean": 0.16585293686712835, "min": 0.04131822181927599, "p0.1": 0.047924515039023806, "p1": 0.05089591927121277, "p5": 0.05268785161692649, "p10": 0.05424885787740455, "p25": 0.05847598640518845, "median": 0.06661415013554856, "p75": 0.0862590864788469, "p90": 0.10122692866717266, "p95": 0.3240732055371404, "p99": 2.4532218842159765, "p99.9": 3.008306266300466, "max": 21.505360307327162}, "time_per_output_token": {"mean": 0.033764376932265944, "min": 0.02483595780556326, "p0.1": 0.024884201678026678, "p1": 0.025177775551487615, "p5": 0.025823668704516762, "p10": 0.02653380183230523, "p25": 0.028391989006747914, "median": 0.03159390234058888, "p75": 0.036997438547626625, "p90": 0.04395037841229029, "p95": 0.045913922536757135, "p99": 0.04928338113105516, "p99.9": 0.04997928973247898, "max": 0.050455372913034056}, "time_to_first_token": {"mean": 1.933516788741108, "min": 0.06688319309614599, "p0.1": 0.06926584325055592, "p1": 0.07536572605604305, "p5": 0.08675803579390048, "p10": 0.09330660699633882, "p25": 0.11267953654169105, "median": 0.1421478004194796, "p75": 0.1819961544824764, "p90": 0.5019857111736207, "p95": 1.0924534199293672, "p99": 46.53675366301439, "p99.9": 46.9159854348451, "max": 46.939358026953414}, "inter_token_latency": {"mean": 0.03376437693226595, "min": 2.349959686398506e-06, "p0.1": 3.651948645710945e-06, "p1": 1.2928969226777554e-05, "p5": 1.9408995285630226e-05, "p10": 2.404698170721531e-05, "p25": 3.3251941204071045e-05, "median": 0.00017570453928783536, "p75": 0.04898404679261148, "p90": 0.06420940859243274, "p95": 0.07086763418046756, "p99": 0.11779645802685977, "p99.9": 0.6184418681153333, "max": 46.61666903202422}}, "throughput": {"input_tokens_per_sec": 81488.4446946824, "output_tokens_per_sec": 10021.376115916095, "total_tokens_per_sec": 91509.8208105985, "requests_per_sec": 10.745455020665284}, "prompt_len": {"mean": 7583.526666666667, "min": 7498.0, "p0.1": 7498.998, "p1": 7524.0, "p5": 7542.0, "p10": 7551.0, "p25": 7566.0, "median": 7583.0, "p75": 7599.0, "p90": 7617.1, "p95": 7631.0, "p99": 7652.0, "p99.9": 7672.004000000001, "max": 7674.0}, "output_len": {"mean": 932.6153333333333, "min": 3.0, "p0.1": 23.0, "p1": 33.0, "p5": 209.30000000000004, "p10": 906.6, "p25": 992.0, "median": 997.0, "p75": 1000.0, "p90": 1000.0, "p95": 1000.0, "p99": 1000.01, "p99.9": 1502.487000000201, "max": 1997.0}}, "failures": {"count": 0, "request_latency": null, "prompt_len": null}}