{"load_summary": {"count": 750, "schedule_delay": {"mean": 0.0007475822409614921, "min": -0.0013216132065281272, "p0.1": -0.0007863767828093841, "p1": -0.0004766402638051659, "p5": -0.00011988868936896323, "p10": 3.915309207513929e-05, "p25": 0.00037799644633196294, "median": 0.000752104155253619, "p75": 0.0011102291464339942, "p90": 0.0013916213531047106, "p95": 0.0015814044338185334, "p99": 0.002172016255790367, "p99.9": 0.003149111362057758, "max": 0.0033149017253890634}, "send_duration": 29.719254023046233, "requested_rate": 25.0, "achieved_rate": 25.23616506048239}, "successes": {"count": 750, "latency": {"request_latency": {"mean": 40.46881860763595, "min": 32.15328329789918, "p0.1": 32.41549871110462, "p1": 33.69258245739853, "p5": 34.7597685901972, "p10": 35.40983073243406, "p25": 36.79291686270153, "median": 38.913121005985886, "p75": 42.81400585421943, "p90": 48.546108203218324, "p95": 50.308281926193736, "p99": 52.13501130101387, "p99.9": 54.12897767720676, "max": 54.3086507639382}, "normalized_time_per_output_token": {"mean": 0.11525207243237957, "min": 0.03234736750291668, "p0.1": 0.03248858324056134, "p1": 0.03411665896084688, "p5": 0.03495796371105238, "p10": 0.03553422406923492, "p25": 0.03740336381290145, "median": 0.04034258056699408, "p75": 0.0458676736825593, "p90": 0.05181461128239749, "p95": 0.23850984645267262, "p99": 1.4362791055647903, "p99.9": 9.210547910898459, "max": 12.325741428649053}, "time_per_output_token": {"mean": 0.020112349185958646, "min": 0.015975788444292725, "p0.1": 0.016111743890104228, "p1": 0.01674750039796124, "p5": 0.01726806832286101, "p10": 0.017491894217870334, "p25": 0.01830305794327774, "median": 0.01937487931863434, "p75": 0.021313604970979477, "p90": 0.024109397734498383, "p95": 0.02502730189066758, "p99": 0.02596468814791225, "p99.9": 0.026948363676632375, "max": 0.02702727617890477}, "time_to_first_token": {"mean": 0.17124998357566074, "min": 0.0688193200621754, "p0.1": 0.06926258800260257, "p1": 0.0731402603792958, "p5": 0.08141252446221188, "p10": 0.08554877280257642, "p25": 0.09898446500301361, "median": 0.12206693651387468, "p75": 0.1798118209990207, "p90": 0.3150002582231538, "p95": 0.4958435376232955, "p99": 0.6775691520865073, "p99.9": 0.9137724890128079, "max": 0.9703641720116138}, "inter_token_latency": {"mean": 0.02011234918595865, "min": 2.3739412426948547e-06, "p0.1": 3.191757947206497e-06, "p1": 1.2964010238647461e-05, "p5": 1.9474071450531483e-05, "p10": 2.4417904205620283e-05, "p25": 3.378093242645264e-05, "median": 0.00014752696733921766, "p75": 0.04039662398281507, "p90": 0.04498135979520157, "p95": 0.04679405873757787, "p99": 0.06653749076533153, "p99.9": 0.1988318092477377, "max": 22.159246135037392}}, "throughput": {"input_tokens_per_sec": 67929.06490817027, "output_tokens_per_sec": 8307.545686322672, "total_tokens_per_sec": 76236.61059449294, "requests_per_sec": 8.957450523217906}, "prompt_len": {"mean": 7583.526666666667, "min": 7498.0, "p0.1": 7499.498, "p1": 7525.47, "p5": 7542.0, "p10": 7551.0, "p25": 7566.0, "median": 7583.0, "p75": 7599.0, "p90": 7617.1, "p95": 7630.55, "p99": 7651.02, "p99.9": 7671.004000000001, "max": 7674.0}, "output_len": {"mean": 927.4453333333333, "min": 3.0, "p0.1": 4.498, "p1": 33.0, "p5": 170.3000000000001, "p10": 914.5, "p25": 992.0, "median": 997.0, "p75": 1000.0, "p90": 1000.0, "p95": 1000.0, "p99": 1000.0, "p99.9": 1001.0, "max": 1001.0}}, "failures": {"count": 0, "request_latency": null, "prompt_len": null}}