{"load_summary": {"count": 750, "schedule_delay": {"mean": 0.001230062328123798, "min": -0.0010010743280872703, "p0.1": -0.0006323379484238104, "p1": -0.0002062685345299542, "p5": 9.423669544048608e-05, "p10": 0.0002710588625632227, "p25": 0.0005629439256154001, "median": 0.0009083261829800904, "p75": 0.0013243209978099912, "p90": 0.0017465654178522529, "p95": 0.0020866981823928652, "p99": 0.0031136235373560306, "p99.9": 0.06422103384580674, "max": 0.159152289503254}, "send_duration": 49.03248645900749, "requested_rate": 15.0, "achieved_rate": 15.295981382200976}, "successes": {"count": 750, "latency": {"request_latency": {"mean": 42.94414693802021, "min": 29.15798498201184, "p0.1": 29.534980124917812, "p1": 31.75204473501188, "p5": 33.72667211092776, "p10": 35.88501691452693, "p25": 39.21202567580622, "median": 43.07788913347758, "p75": 47.064628734777216, "p90": 49.33187571815215, "p95": 50.988076684868425, "p99": 53.68495133161545, "p99.9": 53.872470656492865, "max": 53.88620623201132}, "normalized_time_per_output_token": {"mean": 0.09355561921794807, "min": 0.02915798498201184, "p0.1": 0.029534980124917815, "p1": 0.031796614395564825, "p5": 0.03402604175909266, "p10": 0.03638474833506912, "p25": 0.03973852194455248, "median": 0.043889554701454475, "p75": 0.048390653657600764, "p90": 0.053843597758310185, "p95": 0.2023614334800903, "p99": 1.3708786780913085, "p99.9": 1.5138042306062498, "max": 1.6366933232493466}, "time_per_output_token": {"mean": 0.02096259414103188, "min": 0.014438848918025056, "p0.1": 0.014589237297381352, "p1": 0.015642131587448784, "p5": 0.016676372387508135, "p10": 0.01772662441649738, "p25": 0.01937230466501387, "median": 0.021013950312847335, "p75": 0.02271087286018032, "p90": 0.024120363492330398, "p95": 0.024644954729563337, "p99": 0.02573118213410217, "p99.9": 0.026358569338289194, "max": 0.026539547784569982}, "time_to_first_token": {"mean": 0.9419134306314711, "min": 0.1486048010410741, "p0.1": 0.15060009808640462, "p1": 0.1557068125391379, "p5": 0.16436939620180055, "p10": 0.1716724717640318, "p25": 0.183227722736774, "median": 0.21983223303686827, "p75": 0.950857379270019, "p90": 2.784122726949864, "p95": 4.310941648861626, "p99": 7.089731639748206, "p99.9": 13.367239576924478, "max": 13.378533530049026}, "inter_token_latency": {"mean": 0.02096259414103188, "min": 2.3060711100697517e-06, "p0.1": 2.8579961508512497e-06, "p1": 1.2472039088606834e-05, "p5": 1.946208067238331e-05, "p10": 2.472300548106432e-05, "p25": 3.448501229286194e-05, "median": 0.00013529753778129816, "p75": 0.0362973716983106, "p90": 0.04352283544139937, "p95": 0.04589911515940912, "p99": 0.12917648624395953, "p99.9": 0.5288637860567573, "max": 8.108466355944984}}, "throughput": {"input_tokens_per_sec": 61170.8133203051, "output_tokens_per_sec": 7501.743515821752, "total_tokens_per_sec": 68672.55683612685, "requests_per_sec": 8.066275231704655}, "prompt_len": {"mean": 7583.526666666667, "min": 7498.0, "p0.1": 7499.498, "p1": 7525.47, "p5": 7542.0, "p10": 7551.0, "p25": 7566.0, "median": 7583.0, "p75": 7599.0, "p90": 7617.1, "p95": 7630.55, "p99": 7651.02, "p99.9": 7671.004000000001, "max": 7674.0}, "output_len": {"mean": 930.0133333333333, "min": 32.0, "p0.1": 32.0, "p1": 33.0, "p5": 194.8, "p10": 921.8, "p25": 992.0, "median": 998.0, "p75": 1000.0, "p90": 1000.0, "p95": 1000.0, "p99": 1000.0, "p99.9": 1002.5020000000002, "max": 1004.0}}, "failures": {"count": 0, "request_latency": null, "prompt_len": null}}