{"load_summary": {}, "successes": {"count": 1500, "rate": 9.493671, "prompt_len": {"mean": 0, "rate": 67307.447497}, "output_len": {"mean": 0, "rate": 9462.014269}, "queue_len": {"mean": 0}, "request_latency": {"mean": 69.449701, "median": 71.716738, "p90": 110.343348, "p99": 119.034335}, "time_to_first_token": {"mean": 1.996224, "median": 0.092145, "p90": 0.420703, "p99": 70.324138}, "time_per_output_token": {"mean": 0.067722, "median": 0.049229, "p90": 0.071748, "p99": 0.172357}, "kv_cache_usage_percentage": {"mean": 0.0, "median": 0.0, "p90": 0.0, "p99": 0.0}, "num_requests_swapped": {"mean": 0}, "num_preemptions_total": {"mean": 0}, "prefix_cache_hit_percent": {"mean": 91.80303437311174}}, "failures": {}}