{"load_summary": {"count": 200, "schedule_delay": {"mean": 0.000792432317393832, "min": -0.0004834855208173394, "p0.1": -0.00045931591803673654, "p1": -0.0003608704579528421, "p5": -0.00015621647471562023, "p10": 2.9145809821784524e-05, "p25": 0.0003947288205381483, "median": 0.0008003193070180714, "p75": 0.0011291587143205106, "p90": 0.0015356991323642432, "p95": 0.001727572502568364, "p99": 0.0020976844266988324, "p99.9": 0.0025560209999093853, "max": 0.002636251854710281}, "send_duration": 19.03249329107348, "requested_rate": 10.0, "achieved_rate": 10.508344699840402}, "successes": {"count": 200, "latency": {"request_latency": {"mean": 27.226720373308055, "min": 25.19058373896405, "p0.1": 25.208821045228746, "p1": 25.491389449109555, "p5": 25.799825789424357, "p10": 26.074373939458745, "p25": 26.52573217669851, "median": 26.943815448030364, "p75": 27.863979998219293, "p90": 29.326924148213582, "p95": 29.4729252977937, "p99": 29.492056891234824, "p99.9": 29.515563254929848, "max": 29.521294987061992}, "normalized_time_per_output_token": {"mean": 0.06805615221709045, "min": 0.025190583738964052, "p0.1": 0.025218903537153232, "p1": 0.025567839639083982, "p5": 0.02588626723656722, "p10": 0.026205407861073036, "p25": 0.026615305201763126, "median": 0.027387501380522733, "p75": 0.028634383425636744, "p90": 0.030187599993930656, "p95": 0.318778982990133, "p99": 0.8592053378560012, "p99.9": 1.0037578772724207, "max": 1.0377713499625247}, "time_per_output_token": {"mean": 0.013495843897772388, "min": 0.012484727634188219, "p0.1": 0.01249289166856546, "p1": 0.012638250507468097, "p5": 0.012775041696479729, "p10": 0.012881271531716965, "p25": 0.013132270858057592, "median": 0.013349115497753562, "p75": 0.013783713836991542, "p90": 0.01456792327393403, "p95": 0.014661168032224572, "p99": 0.014662600401343883, "p99.9": 0.014662974243803157, "max": 0.014663021702183013}, "time_to_first_token": {"mean": 0.1698659768892685, "min": 0.06583475903607905, "p0.1": 0.06584462504007388, "p1": 0.06845904782181605, "p5": 0.07197805166360922, "p10": 0.07665114311967045, "p25": 0.09004750422900543, "median": 0.1563069035182707, "p75": 0.17770195874618366, "p90": 0.33668234157375987, "p95": 0.3831577776407357, "p99": 0.4860059546399857, "p99.9": 0.5546230193392843, "max": 0.5593408319400623}, "inter_token_latency": {"mean": 0.013495843897772388, "min": 2.3869797587394714e-06, "p0.1": 3.5190023481845856e-06, "p1": 1.4518037205561996e-05, "p5": 2.0649051293730736e-05, "p10": 2.6736990548670292e-05, "p25": 3.605498932301998e-05, "median": 0.00012632249854505062, "p75": 0.02586972576682456, "p90": 0.02695328483823687, "p95": 0.02932549429242498, "p99": 0.0320741211634595, "p99.9": 0.11170904389780484, "max": 0.28829185105860233}}, "throughput": {"input_tokens_per_sec": 32423.23609033084, "output_tokens_per_sec": 3934.3997194291337, "total_tokens_per_sec": 36357.63580975997, "requests_per_sec": 4.276800355924444}, "prompt_len": {"mean": 7581.19, "min": 7509.0, "p0.1": 7510.592, "p1": 7519.97, "p5": 7539.0, "p10": 7551.0, "p25": 7565.0, "median": 7581.0, "p75": 7595.0, "p90": 7613.1, "p95": 7620.05, "p99": 7635.01, "p99.9": 7645.612, "max": 7648.0}, "output_len": {"mean": 919.94, "min": 27.0, "p0.1": 27.995, "p1": 32.0, "p5": 84.55000000000001, "p10": 919.0, "p25": 990.0, "median": 998.0, "p75": 1000.0, "p90": 1000.0, "p95": 1000.0, "p99": 1000.01, "p99.9": 1001.0, "max": 1001.0}}, "failures": {"count": 0, "request_latency": null, "prompt_len": null}}