{"load_summary": {}, "successes": {"count": 1485, "rate": 9.398734, "prompt_len": {"mean": 0, "rate": 77768.044671}, "output_len": {"mean": 0, "rate": 9520.684921}, "queue_len": {"mean": 0}, "request_latency": {"mean": 67.896418, "median": 67.526502, "p90": 109.5053, "p99": 118.95053}, "time_to_first_token": {"mean": 1.908886, "median": 0.092825, "p90": 0.491927, "p99": 69.193333}, "time_per_output_token": {"mean": 0.065514, "median": 0.048139, "p90": 0.071527, "p99": 0.170584}, "kv_cache_usage_percentage": {"mean": 0.0, "median": 0.0, "p90": 0.0, "p99": 0.0}, "num_requests_swapped": {"mean": 0}, "num_preemptions_total": {"mean": 0}, "prefix_cache_hit_percent": {"mean": 91.66269575822949}}, "failures": {}}