{"load_summary": {"count": 750, "schedule_delay": {"mean": 0.0007565278865707417, "min": -0.001584370736964047, "p0.1": -0.0008659568157745525, "p1": -0.00044442726648412644, "p5": -0.00013075872557237743, "p10": 8.557531982660297e-05, "p25": 0.0003648606943897903, "median": 0.0007401053444482386, "p75": 0.00116516460548155, "p90": 0.0014386840397492052, "p95": 0.0016274176363367584, "p99": 0.001962891318835318, "p99.9": 0.0025220472696237386, "max": 0.0026204106397926807}, "send_duration": 25.463404970942065, "requested_rate": 30.0, "achieved_rate": 29.454034166124814}, "successes": {"count": 750, "latency": {"request_latency": {"mean": 41.76197949010584, "min": 33.75925975490827, "p0.1": 33.937594971227576, "p1": 35.070792079913666, "p5": 35.93926759407041, "p10": 36.58720821641619, "p25": 37.94899594949675, "median": 40.41674350644462, "p75": 44.90954370252439, "p90": 49.420754622539974, "p95": 51.03961887239129, "p99": 54.7571728385787, "p99.9": 56.84705306310674, "max": 57.0182183959987}, "normalized_time_per_output_token": {"mean": 0.08885245687481025, "min": 0.018348939243101874, "p0.1": 0.020682805734737193, "p1": 0.03493106382751954, "p5": 0.036081620071137833, "p10": 0.03672681897128933, "p25": 0.03825589399839027, "median": 0.04175833133875913, "p75": 0.04729475500900299, "p90": 0.051910375954022155, "p95": 0.0989702486400844, "p99": 1.3113598491882863, "p99.9": 1.6410096294078602, "max": 1.8611363566507442}, "time_per_output_token": {"mean": 0.020754283079892778, "min": 0.01676470886208238, "p0.1": 0.016853520633888373, "p1": 0.017451093823031484, "p5": 0.0178421810954263, "p10": 0.018086674456131588, "p25": 0.018874724123704674, "median": 0.02011900300574049, "p75": 0.022343720321973806, "p90": 0.024517199134748282, "p95": 0.025385617252277757, "p99": 0.027277968796853812, "p99.9": 0.028309316541180782, "max": 0.028390056343338656}, "time_to_first_token": {"mean": 0.17946503031905742, "min": 0.06794879597146064, "p0.1": 0.06829373071121518, "p1": 0.07165909408242442, "p5": 0.08268370094592684, "p10": 0.0885028368793428, "p25": 0.09937218244886026, "median": 0.12293609755579382, "p75": 0.18323117491672747, "p90": 0.3537765383371152, "p95": 0.510065354418475, "p99": 0.851051121749915, "p99.9": 1.0186446885719207, "max": 1.0277880140347406}, "inter_token_latency": {"mean": 0.020754283079892778, "min": 2.3799948394298553e-06, "p0.1": 3.235996700823307e-06, "p1": 1.2958470033481718e-05, "p5": 1.931993756443262e-05, "p10": 2.4267006665468216e-05, "p25": 3.368500620126724e-05, "median": 0.00015561154577881098, "p75": 0.041765556699829176, "p90": 0.045482029917184266, "p95": 0.047373504954157396, "p99": 0.06468712415779021, "p99.9": 0.21293956321292395, "max": 24.899844861007296}}, "throughput": {"input_tokens_per_sec": 69195.10376686079, "output_tokens_per_sec": 8571.044382237937, "total_tokens_per_sec": 77766.14814909872, "requests_per_sec": 9.124396446182134}, "prompt_len": {"mean": 7583.526666666667, "min": 7498.0, "p0.1": 7499.498, "p1": 7525.47, "p5": 7542.0, "p10": 7551.0, "p25": 7566.0, "median": 7583.0, "p75": 7599.0, "p90": 7617.1, "p95": 7630.55, "p99": 7651.02, "p99.9": 7671.004000000001, "max": 7674.0}, "output_len": {"mean": 939.3546666666666, "min": 26.0, "p0.1": 26.749, "p1": 34.0, "p5": 429.5000000000001, "p10": 924.0, "p25": 991.0, "median": 998.0, "p75": 1000.0, "p90": 1000.0, "p95": 1000.0, "p99": 1000.0, "p99.9": 1996.0040000000004, "max": 1999.0}}, "failures": {"count": 0, "request_latency": null, "prompt_len": null}}