{"load_summary": {"count": 760, "schedule_delay": {"mean": 0.0008485980180251461, "min": -0.0006185950478538871, "p0.1": -0.0006166320592164993, "p1": -0.0003165860217995942, "p5": -6.778932292945683e-05, "p10": 8.230190724134449e-05, "p25": 0.00036980080767534673, "median": 0.0007482037763111293, "p75": 0.001118935935664922, "p90": 0.0014693016419187188, "p95": 0.0016990774311125278, "p99": 0.0019463023683056232, "p99.9": 0.032239815571113224, "max": 0.037323568598367274}, "send_duration": 41.556059599039145, "requested_rate": 20.0, "achieved_rate": 18.288548224566814}, "successes": {"count": 760, "latency": {"request_latency": {"mean": 40.107080238114115, "min": 29.089875429985113, "p0.1": 29.475809249035432, "p1": 32.013300990215505, "p5": 33.63237707570661, "p10": 34.97557191274827, "p25": 37.18284118769225, "median": 40.233189775957726, "p75": 42.66504294547485, "p90": 45.69024548702873, "p95": 46.30338589258026, "p99": 47.8032764070807, "p99.9": 47.92774555500329, "max": 47.95547492697369}, "normalized_time_per_output_token": {"mean": 0.09184186382314945, "min": 0.02153101755576809, "p0.1": 0.022362604616338672, "p1": 0.03164306885620018, "p5": 0.033949282781013626, "p10": 0.03536079051438052, "p25": 0.03772723838998354, "median": 0.04078855807031981, "p75": 0.04405627130076755, "p90": 0.047814950527444465, "p95": 0.13951711412101464, "p99": 1.2600379581219094, "p99.9": 2.870129592548543, "max": 7.40957362082554}, "time_per_output_token": {"mean": 0.019931884551181518, "min": 0.014464428096005264, "p0.1": 0.014627532312729995, "p1": 0.015877139697539976, "p5": 0.01668980193343819, "p10": 0.017410476897164354, "p25": 0.018477256515461636, "median": 0.019991922923027473, "p75": 0.02124125738079294, "p90": 0.022680735529930066, "p95": 0.022996902865652546, "p99": 0.023758642580569034, "p99.9": 0.02383355172695705, "max": 0.023852470064494313}, "time_to_first_token": {"mean": 0.16994352970796173, "min": 0.0634027769556269, "p0.1": 0.06472083970764651, "p1": 0.0685838812275324, "p5": 0.07367829665890895, "p10": 0.07872172145871445, "p25": 0.08978185924934223, "median": 0.17676391900749877, "p75": 0.20478454750264063, "p90": 0.279090734035708, "p95": 0.3195549546100664, "p99": 0.5051157600199798, "p99.9": 0.725176065703856, "max": 0.740006975014694}, "inter_token_latency": {"mean": 0.019931884551181518, "min": 2.320040948688984e-06, "p0.1": 3.044959157705307e-06, "p1": 1.2702075764536858e-05, "p5": 1.8924003234133126e-05, "p10": 2.4172011762857437e-05, "p25": 3.3988035283982754e-05, "median": 0.00014046451542526484, "p75": 0.03639843949349597, "p90": 0.042794187436811626, "p95": 0.04504859441076405, "p99": 0.1251726256951224, "p99.9": 0.21505484460247687, "max": 5.759252674062736}}, "throughput": {"input_tokens_per_sec": 70553.17536979081, "output_tokens_per_sec": 8742.746706383241, "total_tokens_per_sec": 79295.92207617406, "requests_per_sec": 9.303477062046534}, "prompt_len": {"mean": 7583.527631578947, "min": 7498.0, "p0.1": 7499.518, "p1": 7525.77, "p5": 7542.0, "p10": 7551.9, "p25": 7566.0, "median": 7583.0, "p75": 7599.0, "p90": 7617.0, "p95": 7630.05, "p99": 7650.82, "p99.9": 7670.964, "max": 7674.0}, "output_len": {"mean": 939.728947368421, "min": 6.0, "p0.1": 25.734, "p1": 33.0, "p5": 266.05000000000007, "p10": 918.9, "p25": 992.0, "median": 998.0, "p75": 1000.0, "p90": 1000.0, "p95": 1000.0, "p99": 1001.0, "p99.9": 1999.0, "max": 1999.0}}, "failures": {"count": 0, "request_latency": null, "prompt_len": null}}