{"load_summary": {"count": 300, "schedule_delay": {"mean": 0.0007197391109851499, "min": -0.0005018223309889436, "p0.1": -0.0004824694695416838, "p1": -0.0003759059205185622, "p5": -0.00012672121520154178, "p10": 6.145230727270246e-05, "p25": 0.00034447023062966764, "median": 0.000699406024068594, "p75": 0.0010565358388703316, "p90": 0.0013970561674796049, "p95": 0.0015755914966575802, "p99": 0.0017893170809838916, "p99.9": 0.0025077175484039074, "max": 0.002759711933322251}, "send_duration": 20.899655304965563, "requested_rate": 15.0, "achieved_rate": 14.354303725225689}, "successes": {"count": 300, "latency": {"request_latency": {"mean": 29.254726367940894, "min": 26.418019652017392, "p0.1": 26.477642311525415, "p1": 26.858774834000506, "p5": 27.269494393625063, "p10": 27.38071737641003, "p25": 28.47503321178374, "median": 29.419964088476263, "p75": 30.39299713273067, "p90": 30.590419614687562, "p95": 31.236945819319224, "p99": 31.306027944553644, "p99.9": 31.314319847443375, "max": 31.31531429302413}, "normalized_time_per_output_token": {"mean": 0.10804447820154837, "min": 0.026418019652017392, "p0.1": 0.026524322336518788, "p1": 0.026984170841349988, "p5": 0.02734598458753005, "p10": 0.027618607297897373, "p25": 0.02854911280728993, "median": 0.029601053988118096, "p75": 0.030627727436456746, "p90": 0.031868001995083016, "p95": 0.09010388813647353, "p99": 0.920439793897447, "p99.9": 10.105635287473703, "max": 14.021984768507537}, "time_per_output_token": {"mean": 0.014535588172537679, "min": 0.013097362905060746, "p0.1": 0.013125469747951942, "p1": 0.01332656022237343, "p5": 0.013526547993197623, "p10": 0.013608859712077627, "p25": 0.014138610480353352, "median": 0.014616316916782461, "p75": 0.01511792634321581, "p90": 0.015222256337380924, "p95": 0.015497731928574456, "p99": 0.015574873205595372, "p99.9": 0.015579201359141873, "max": 0.015580725122900816}, "time_to_first_token": {"mean": 0.11719308252756794, "min": 0.06529264897108078, "p0.1": 0.06558796081482433, "p1": 0.06741504575591534, "p5": 0.06988167747622356, "p10": 0.07215676081832498, "p25": 0.08003778825514019, "median": 0.09002107806736603, "p75": 0.16728663246612996, "p90": 0.1827790739480406, "p95": 0.1903804206172936, "p99": 0.26376176846679295, "p99.9": 0.2879902330676564, "max": 0.294352471944876}, "inter_token_latency": {"mean": 0.01453558817253768, "min": 2.3270258679986e-06, "p0.1": 3.1263791024684906e-06, "p1": 1.3677054084837437e-05, "p5": 1.9854935817420483e-05, "p10": 2.5202054530382156e-05, "p25": 3.509898670017719e-05, "median": 0.00011721305781975389, "p75": 0.02790228952653706, "p90": 0.031014144688379017, "p95": 0.031627038231818005, "p99": 0.03463413088116796, "p99.9": 0.11715215496462955, "max": 0.13835021597333252}}, "throughput": {"input_tokens_per_sec": 45972.704238094106, "output_tokens_per_sec": 5654.710404086019, "total_tokens_per_sec": 51627.41464218012, "requests_per_sec": 6.0628622936977505}, "prompt_len": {"mean": 7582.673333333333, "min": 7500.0, "p0.1": 7502.691, "p1": 7519.97, "p5": 7541.95, "p10": 7551.9, "p25": 7567.0, "median": 7583.0, "p75": 7596.0, "p90": 7616.0, "p95": 7623.0, "p99": 7644.04, "p99.9": 7661.113, "max": 7665.0}, "output_len": {"mean": 932.68, "min": 2.0, "p0.1": 10.969999999999999, "p1": 32.99, "p5": 339.1000000000001, "p10": 935.6, "p25": 992.75, "median": 997.0, "p75": 1000.0, "p90": 1000.0, "p95": 1000.0, "p99": 1000.0, "p99.9": 1000.701, "max": 1001.0}}, "failures": {"count": 0, "request_latency": null, "prompt_len": null}}