{"load_summary": {"count": 1520, "schedule_delay": {"mean": 0.0008576149604203621, "min": -0.0007774992845952511, "p0.1": -0.0005663950372254476, "p1": -0.0003720051527488977, "p5": -0.00015973811387084424, "p10": 6.133080460131168e-05, "p25": 0.00037885535857640207, "median": 0.0007711169309914112, "p75": 0.001111358724301681, "p90": 0.0014345475123263899, "p95": 0.0016535949194803833, "p99": 0.0022269563085865218, "p99.9": 0.004210701684467579, "max": 0.1434975741431117}, "send_duration": 36.111088569043204, "requested_rate": 40.0, "achieved_rate": 42.0923339681054}, "successes": {"count": 1520, "latency": {"request_latency": {"mean": 65.96991059642774, "min": 45.77767456008587, "p0.1": 45.85549367928982, "p1": 46.90106857568724, "p5": 48.75275465443265, "p10": 51.144591528526504, "p25": 55.70532177272253, "median": 60.24401400057832, "p75": 78.35546372100362, "p90": 87.95699683430142, "p95": 93.20560133066027, "p99": 106.23082422890114, "p99.9": 106.71140919310973, "max": 106.7466618999606}, "normalized_time_per_output_token": {"mean": 0.1464686278253009, "min": 0.029418237605920314, "p0.1": 0.04580246038880149, "p1": 0.04694495887132059, "p5": 0.04927929696943981, "p10": 0.05169024585738427, "p25": 0.056798962109547574, "median": 0.06187390914329784, "p75": 0.08095514080919924, "p90": 0.09691534327894767, "p95": 0.3806473082944024, "p99": 2.394776372958229, "p99.9": 3.159876745428475, "max": 3.686973350264294}, "time_per_output_token": {"mean": 0.031004271388309423, "min": 0.022662067559719, "p0.1": 0.02267644671906038, "p1": 0.02300919614230708, "p5": 0.02383715556505118, "p10": 0.024683487981653027, "p25": 0.026730621776374024, "median": 0.029290821783578322, "p75": 0.033935981249131414, "p90": 0.040375999294156015, "p95": 0.04343462908696471, "p99": 0.047634275251942935, "p99.9": 0.048261018087624515, "max": 0.048275471729601546}, "time_to_first_token": {"mean": 3.877099168328124, "min": 0.06946604908443987, "p0.1": 0.07150993899826426, "p1": 0.07819832913693972, "p5": 0.08812068928964437, "p10": 0.0959871182916686, "p25": 0.1155876477714628, "median": 0.1486890219966881, "p75": 0.19084248555009253, "p90": 27.729247895000103, "p95": 36.31490060185897, "p99": 40.84935163950198, "p99.9": 41.55697383214418, "max": 41.91615144198295}, "inter_token_latency": {"mean": 0.031004271388309423, "min": 2.392916940152645e-06, "p0.1": 3.6370474845170975e-06, "p1": 1.3016979210078716e-05, "p5": 1.975602935999632e-05, "p10": 2.4444074369966984e-05, "p25": 3.3662072382867336e-05, "median": 0.00017800345085561275, "p75": 0.04933860371238552, "p90": 0.06075368351303041, "p95": 0.06863931692787445, "p99": 0.1173304512968753, "p99.9": 0.44191073708643736, "max": 41.106973693938926}}, "throughput": {"input_tokens_per_sec": 80836.48122008561, "output_tokens_per_sec": 9949.247794604807, "total_tokens_per_sec": 90785.72901469041, "requests_per_sec": 10.65944751058646}, "prompt_len": {"mean": 7583.5526315789475, "min": 7498.0, "p0.1": 7499.038, "p1": 7524.57, "p5": 7542.0, "p10": 7551.9, "p25": 7566.0, "median": 7583.0, "p75": 7599.0, "p90": 7617.1, "p95": 7630.05, "p99": 7651.62, "p99.9": 7671.924000000001, "max": 7674.0}, "output_len": {"mean": 933.3736842105263, "min": 23.0, "p0.1": 25.038, "p1": 33.0, "p5": 180.60000000000002, "p10": 931.9, "p25": 991.0, "median": 997.0, "p75": 1000.0, "p90": 1000.0, "p95": 1000.0, "p99": 1001.0, "p99.9": 1480.076000000221, "max": 1999.0}}, "failures": {"count": 0, "request_latency": null, "prompt_len": null}}