{"load_summary": {"count": 748, "schedule_delay": {"mean": 0.0007397516821710304, "min": -0.0006763297133147717, "p0.1": -0.0006322256800485775, "p1": -0.0003796720562968403, "p5": -0.00011655072448775172, "p10": 5.007078871130943e-05, "p25": 0.0003529004461597651, "median": 0.0007149500888772309, "p75": 0.0011011530295945704, "p90": 0.0014631375554017725, "p95": 0.0016657332889735697, "p99": 0.0020932564325630665, "p99.9": 0.0025671969699906285, "max": 0.002742971060797572}, "send_duration": 31.896139638964087, "requested_rate": 22.0, "achieved_rate": 23.45111378576512}, "successes": {"count": 748, "latency": {"request_latency": {"mean": 40.11803375822906, "min": 31.352499063010328, "p0.1": 31.566829469857854, "p1": 33.03271096277633, "p5": 34.45640274842153, "p10": 34.87351214017254, "p25": 36.499567163031315, "median": 38.86994679248892, "p75": 42.46306026127422, "p90": 48.0441684973659, "p95": 49.957185131002916, "p99": 50.74693392132758, "p99.9": 52.40989888213727, "max": 52.58881830004975}, "normalized_time_per_output_token": {"mean": 0.09438338301877641, "min": 0.02013444966159579, "p0.1": 0.028514332564452446, "p1": 0.03319111926892905, "p5": 0.034557566937006436, "p10": 0.035163216798205256, "p25": 0.036999017221120166, "median": 0.039971680206271884, "p75": 0.045229762333852404, "p90": 0.05063541204211239, "p95": 0.08036961554448065, "p99": 1.21127843630401, "p99.9": 7.9259890391754215, "max": 18.417186384554952}, "time_per_output_token": {"mean": 0.019934511860555292, "min": 0.015590359808584822, "p0.1": 0.015681652471594077, "p1": 0.016417335145567463, "p5": 0.017118172893516612, "p10": 0.01733863124008249, "p25": 0.018142494740115752, "median": 0.019338252358843684, "p75": 0.021071170498843307, "p90": 0.0238008461975742, "p95": 0.02477339790441791, "p99": 0.02521818476159643, "p99.9": 0.02608286027464798, "max": 0.02619696704301702}, "time_to_first_token": {"mean": 0.17625676819066055, "min": 0.06943723501171917, "p0.1": 0.06944010050466749, "p1": 0.07406583260628395, "p5": 0.08298411147552542, "p10": 0.08909141179174185, "p25": 0.10287993829115294, "median": 0.133039980486501, "p75": 0.18861099376226775, "p90": 0.3293712481507101, "p95": 0.46917707766988315, "p99": 0.6643033024342722, "p99.9": 0.8482712426441753, "max": 0.9037075170781463}, "inter_token_latency": {"mean": 0.019934511860555292, "min": 2.4010660126805305e-06, "p0.1": 3.21993138641119e-06, "p1": 1.3087992556393147e-05, "p5": 1.976091880351305e-05, "p10": 2.4675042368471622e-05, "p25": 3.397604450583458e-05, "median": 0.00014709302922710776, "p75": 0.03999303048476577, "p90": 0.04464256716892123, "p95": 0.04645275814691558, "p99": 0.06924628836219222, "p99.9": 0.18299741883121914, "max": 20.40509174100589}}, "throughput": {"input_tokens_per_sec": 67363.53550333499, "output_tokens_per_sec": 8401.522812203497, "total_tokens_per_sec": 75765.05831553848, "requests_per_sec": 8.8828598092468}, "prompt_len": {"mean": 7583.541443850268, "min": 7498.0, "p0.1": 7499.494, "p1": 7525.41, "p5": 7542.0, "p10": 7551.0, "p25": 7566.0, "median": 7583.0, "p75": 7599.0, "p90": 7617.3, "p95": 7630.65, "p99": 7651.0599999999995, "p99.9": 7671.012000000001, "max": 7674.0}, "output_len": {"mean": 945.812834224599, "min": 2.0, "p0.1": 8.722999999999999, "p1": 33.0, "p5": 585.0500000000001, "p10": 944.0, "p25": 992.0, "median": 997.0, "p75": 1000.0, "p90": 1000.0, "p95": 1000.0, "p99": 1001.0, "p99.9": 1162.6670000000272, "max": 1640.0}}, "failures": {"count": 0, "request_latency": null, "prompt_len": null}}