{"load_summary": {}, "successes": {"count": 735, "rate": 7.819149, "prompt_len": {"mean": 0, "rate": 64430.114804}, "output_len": {"mean": 0, "rate": 7940.524571}, "queue_len": {"mean": 0}, "request_latency": {"mean": 42.610801, "median": 41.26703, "p90": 49.277929, "p99": 58.43617}, "time_to_first_token": {"mean": 0.150043, "median": 0.076162, "p90": 0.399713, "p99": 0.889028}, "time_per_output_token": {"mean": 0.042411, "median": 0.037548, "p90": 0.047812, "p99": 0.106861}, "kv_cache_usage_percentage": {"mean": 0.0, "median": 0.0, "p90": 0.0, "p99": 0.0}, "num_requests_swapped": {"mean": 0}, "num_preemptions_total": {"mean": 0}, "prefix_cache_hit_percent": {"mean": 89.61268089149918}}, "failures": {}}