{"load_summary": {}, "successes": {"count": 17069, "rate": 7.953868, "prompt_len": {"mean": 0, "rate": 60371.407269}, "output_len": {"mean": 0, "rate": 7955.404007}, "queue_len": {"mean": 0}, "request_latency": {"mean": 59.273415, "median": 56.581499, "p90": 105.03157, "p99": 118.503157}, "time_to_first_token": {"mean": 1.919578, "median": 0.096566, "p90": 0.478279, "p99": 64.433713}, "time_per_output_token": {"mean": 0.057421, "median": 0.044105, "p90": 0.069931, "p99": 0.149406}, "kv_cache_usage_percentage": {"mean": 0.0, "median": 0.0, "p90": 0.0, "p99": 0.0}, "num_requests_swapped": {"mean": 0}, "num_preemptions_total": {"mean": 0}, "prefix_cache_hit_percent": {"mean": 91.33717814349046}}, "failures": {}}