{"load_summary": {"count": 17084, "schedule_delay": {"mean": 0.0009119879406796944, "min": -0.001584370736964047, "p0.1": -0.0006419527664547787, "p1": -0.0004202279658056796, "p5": -0.00011549611226655542, "p10": 6.235152250155809e-05, "p25": 0.0003741332911886275, "median": 0.0007496711914427578, "p75": 0.0011298837489448488, "p90": 0.0014686265960335734, "p95": 0.0016867010854184628, "p99": 0.0022338132909499047, "p99.9": 0.0765381602752187, "max": 0.159152289503254}}, "successes": {"count": 17069, "latency": {"request_latency": {"mean": 59.37187545044665, "min": 23.852426836965606, "p0.1": 25.000959860320204, "p1": 26.998936427836306, "p5": 35.14111975147389, "p10": 37.86698367362842, "p25": 46.35700036899652, "median": 57.386775152990595, "p75": 69.67900616396219, "p90": 86.27569987743627, "p95": 92.6335337509634, "p99": 106.54490522324573, "p99.9": 113.1589462389583, "max": 113.83752568997443}, "normalized_time_per_output_token": {"mean": 0.14235364070204437, "min": 0.0, "p0.1": 0.02488632218467962, "p1": 0.027274346638301823, "p5": 0.03553397785536945, "p10": 0.038350527506770676, "p25": 0.048250156119000166, "median": 0.058735445795952336, "p75": 0.0763256989848781, "p90": 0.09641926502080714, "p95": 0.2158311173826432, "p99": 2.1604091625293065, "p99.9": 4.15528868849676, "max": 44.09611753351055}, "time_per_output_token": {"mean": 0.028664516358525467, "min": 0.011813996955512678, "p0.1": 0.012395767284461111, "p1": 0.013389978151792182, "p5": 0.017392488028891366, "p10": 0.01881867138469226, "p25": 0.02281764529385734, "median": 0.028158369742141667, "p75": 0.03368520864215947, "p90": 0.04103530138603708, "p95": 0.04389584408785592, "p99": 0.04833207051029316, "p99.9": 0.04948672817147424, "max": 0.050455372913034056}, "time_to_first_token": {"mean": 1.9612114571278638, "min": 0.0634027769556269, "p0.1": 0.06802040717750787, "p1": 0.07275197609327734, "p5": 0.08355722576379776, "p10": 0.09094797784928232, "p25": 0.10984723700676113, "median": 0.1454447329742834, "p75": 0.190738384029828, "p90": 0.5183675429550932, "p95": 1.802212717360735, "p99": 44.11636959074531, "p99.9": 46.6445895275688, "max": 46.939358026953414}, "inter_token_latency": {"mean": 0.028664516358525464, "min": 2.250075340270996e-06, "p0.1": 3.4549739211797714e-06, "p1": 1.2955977581441402e-05, "p5": 1.945404801517725e-05, "p10": 2.4294015020132065e-05, "p25": 3.371504135429859e-05, "median": 0.00016621698159724474, "p75": 0.045442976988852024, "p90": 0.05653450372628865, "p95": 0.0678441471653059, "p99": 0.11585554269608116, "p99.9": 0.4187177001764611, "max": 46.61666903202422}}, "throughput": {"input_tokens_per_sec": 63575.19634972404, "output_tokens_per_sec": 7848.829346266771, "total_tokens_per_sec": 71424.02569599081, "requests_per_sec": 8.383324351356569}, "prompt_len": {"mean": 7583.5305524635305, "min": 7498.0, "p0.1": 7498.0, "p1": 7524.0, "p5": 7542.0, "p10": 7551.0, "p25": 7566.0, "median": 7583.0, "p75": 7599.0, "p90": 7617.0, "p95": 7631.0, "p99": 7652.0, "p99.9": 7674.0, "max": 7674.0}, "output_len": {"mean": 936.2430722362177, "min": 0.0, "p0.1": 11.748000000000015, "p1": 33.0, "p5": 248.0, "p10": 936.0, "p25": 992.0, "median": 997.0, "p75": 1000.0, "p90": 1000.0, "p95": 1000.0, "p99": 1000.0, "p99.9": 1997.0, "max": 1999.0}}, "failures": {"count": 15, "request_latency": {"mean": 20.680856209799337, "min": 0.6549281999468803, "p0.1": 0.6553867848163937, "p1": 0.6595140486420132, "p5": 0.6778574434225447, "p10": 0.8889664748450742, "p25": 2.0596302219782956, "median": 3.1327586909756064, "p75": 10.619570772978477, "p90": 88.92370185181498, "p95": 90.17527955130208, "p99": 90.3387759534875, "p99.9": 90.37556264397921, "max": 90.37965005403385}, "prompt_len": {"mean": 0.0, "min": 0.0, "p0.1": 0.0, "p1": 0.0, "p5": 0.0, "p10": 0.0, "p25": 0.0, "median": 0.0, "p75": 0.0, "p90": 0.0, "p95": 0.0, "p99": 0.0, "p99.9": 0.0, "max": 0.0}}}