{"load_summary": {"count": 1518, "schedule_delay": {"mean": 0.0011275036099283404, "min": -0.0006946914363652468, "p0.1": -0.0006094287027372048, "p1": -0.0003284470352809876, "p5": -3.2236974220722548e-06, "p10": 0.0001510513829998672, "p25": 0.00048156233970075846, "median": 0.000886591849848628, "p75": 0.001269115338800475, "p90": 0.0016107542323879898, "p95": 0.0018427063128910951, "p99": 0.0024451061140280212, "p99.9": 0.09141365146626068, "max": 0.12306683231145144}, "send_duration": 31.434896465972997, "requested_rate": 46.0, "achieved_rate": 48.290281523375576}, "successes": {"count": 1518, "latency": {"request_latency": {"mean": 67.13083698149326, "min": 48.08250045904424, "p0.1": 48.14221775473968, "p1": 48.79323109318852, "p5": 50.78763464690419, "p10": 52.34939527173992, "p25": 56.76465633101179, "median": 64.4467654635082, "p75": 78.22787891002372, "p90": 87.75912666468648, "p95": 88.97728638494155, "p99": 90.9127077960479, "p99.9": 97.77001375466342, "max": 97.900961878011}, "normalized_time_per_output_token": {"mean": 0.17832580565415032, "min": 0.03625513518705737, "p0.1": 0.04852911649923914, "p1": 0.04900948715478265, "p5": 0.051191728257727734, "p10": 0.05294582537208099, "p25": 0.057479758080101966, "median": 0.06874954404187311, "p75": 0.0802073613049268, "p90": 0.09030535821060703, "p95": 0.47320677466247324, "p99": 2.402046061164459, "p99.9": 3.319164889074144, "max": 26.198734982676495}, "time_per_output_token": {"mean": 0.03302274302603376, "min": 0.02051702810594275, "p0.1": 0.0223652611429949, "p1": 0.023976855159843404, "p5": 0.024862553652063867, "p10": 0.02577550638341873, "p25": 0.02810527124416387, "median": 0.03175712588480788, "p75": 0.03863875743427625, "p90": 0.04297326469474748, "p95": 0.044224000054122796, "p99": 0.04473572599129164, "p99.9": 0.04653549697066443, "max": 0.04687890699198437}, "time_to_first_token": {"mean": 0.9933660395399879, "min": 0.06143028801307082, "p0.1": 0.06558066536940169, "p1": 0.07815253354259767, "p5": 0.09075685290736146, "p10": 0.09685651557520032, "p25": 0.11355860598268919, "median": 0.1439424455165863, "p75": 0.17847945529501885, "p90": 0.38087456387002017, "p95": 0.7935780836385671, "p99": 39.60696507851942, "p99.9": 40.26691751726019, "max": 40.61927221599035}, "inter_token_latency": {"mean": 0.03302274302603376, "min": 2.3659085854887962e-06, "p0.1": 3.3120159059762955e-06, "p1": 1.2830947525799274e-05, "p5": 1.855997834354639e-05, "p10": 2.389994915574789e-05, "p25": 3.551505506038666e-05, "median": 0.00027681601932272315, "p75": 0.048560050199739635, "p90": 0.06069750904571266, "p95": 0.0702313284797128, "p99": 0.11542488796752882, "p99.9": 0.4845945345240309, "max": 40.53714966401458}}, "throughput": {"input_tokens_per_sec": 89244.53098722872, "output_tokens_per_sec": 10932.966648875243, "total_tokens_per_sec": 100177.49763610396, "requests_per_sec": 11.772664759199916}, "prompt_len": {"mean": 7580.656785243742, "min": 7515.0, "p0.1": 7515.0, "p1": 7524.17, "p5": 7536.0, "p10": 7544.0, "p25": 7560.25, "median": 7579.0, "p75": 7600.0, "p90": 7621.0, "p95": 7632.0, "p99": 7649.66, "p99.9": 7664.415000000001, "max": 7667.0}, "output_len": {"mean": 928.6739130434783, "min": 3.0, "p0.1": 25.068, "p1": 33.0, "p5": 127.85000000000001, "p10": 933.0, "p25": 992.0, "median": 997.0, "p75": 1000.0, "p90": 1000.0, "p95": 1000.0, "p99": 1000.0, "p99.9": 1023.2520000000077, "max": 1999.0}}, "failures": {"count": 0, "request_latency": null, "prompt_len": null}}