{"load_summary": {"count": 1500, "schedule_delay": {"mean": 0.0008991937489093592, "min": -0.0012120058527216315, "p0.1": -0.000909115063259378, "p1": -0.00045239722239784894, "p5": -6.168282125145196e-05, "p10": 0.0001468823291361332, "p25": 0.0004846381489187479, "median": 0.000896755198482424, "p75": 0.0013002327759750187, "p90": 0.0016449813731014731, "p95": 0.0018916194560006261, "p99": 0.002404078351100906, "p99.9": 0.003115911710658125, "max": 0.003289256594143808}, "send_duration": 23.968179068993777, "requested_rate": 60.0, "achieved_rate": 62.582977024752864}, "successes": {"count": 1500, "latency": {"request_latency": {"mean": 114.62174794071564, "min": 50.154777421965264, "p0.1": 50.67573112725513, "p1": 52.36885995895486, "p5": 56.45291034938418, "p10": 57.16346816136502, "p25": 64.55028406975907, "median": 105.0066821979708, "p75": 144.47922735198517, "p90": 189.72244097540394, "p95": 237.305635245546, "p99": 276.4875789665198, "p99.9": 277.15515615657193, "max": 279.44182773295324}, "normalized_time_per_output_token": {"mean": 0.34128176903911406, "min": 0.02852654063093169, "p0.1": 0.0504308765306169, "p1": 0.053260171250546814, "p5": 0.05679462256481056, "p10": 0.057644817061916175, "p25": 0.06884610697794731, "median": 0.10794634202086488, "p75": 0.14848726396716475, "p90": 0.27495323399882765, "p95": 0.6039215178439258, "p99": 3.8595355548612966, "p99.9": 34.11141695656679, "max": 64.64999383001123}, "time_per_output_token": {"mean": 0.031777388738703526, "min": 0.016052702578182133, "p0.1": 0.016122361444671853, "p1": 0.01692855873392422, "p5": 0.019537420293740018, "p10": 0.021223993211875725, "p25": 0.024576102616949015, "median": 0.02764087986709645, "p75": 0.03734144397277577, "p90": 0.05114090007503281, "p95": 0.05240677222580722, "p99": 0.05818055590480167, "p99.9": 0.0598379674728256, "max": 0.06038109712344108}, "time_to_first_token": {"mean": 50.97906501591477, "min": 0.09161161805968732, "p0.1": 0.09462394544668495, "p1": 0.10767157806316391, "p5": 0.13493349825730547, "p10": 0.16574862841516733, "p25": 1.6614708212437108, "median": 6.69889105448965, "p75": 97.68753418969573, "p90": 142.60214392929345, "p95": 189.07824580115266, "p99": 235.18957930243573, "p99.9": 236.78810708898143, "max": 236.97092945000622}, "inter_token_latency": {"mean": 0.031777388738703526, "min": 2.434011548757553e-06, "p0.1": 3.86103056371212e-06, "p1": 1.3574957847595215e-05, "p5": 1.890596468001604e-05, "p10": 2.403405960649252e-05, "p25": 3.675301559269428e-05, "median": 0.0003161639906466007, "p75": 0.043776069971499965, "p90": 0.048195275466423486, "p95": 0.051993447117274626, "p99": 0.17584145392407646, "p99.9": 0.6355773073183533, "max": 56.226464853971265}}, "throughput": {"input_tokens_per_sec": 37487.252347974594, "output_tokens_per_sec": 4576.258902818573, "total_tokens_per_sec": 42063.51125079317, "requests_per_sec": 4.94509722086553}, "prompt_len": {"mean": 7580.690666666666, "min": 7515.0, "p0.1": 7515.0, "p1": 7524.0, "p5": 7536.0, "p10": 7544.0, "p25": 7560.0, "median": 7579.0, "p75": 7600.0, "p90": 7621.1, "p95": 7632.0, "p99": 7650.0, "p99.9": 7664.505000000001, "max": 7667.0}, "output_len": {"mean": 925.4133333333333, "min": 2.0, "p0.1": 4.497, "p1": 33.0, "p5": 138.95, "p10": 877.8, "p25": 990.0, "median": 997.0, "p75": 1000.0, "p90": 1000.0, "p95": 1000.0, "p99": 1000.0, "p99.9": 1006.0060000000012, "max": 1997.0}}, "failures": {"count": 0, "request_latency": null, "prompt_len": null}}