{"load_summary": {"count": 750, "schedule_delay": {"mean": 0.00084666187580054, "min": -0.001091102953068912, "p0.1": -0.0009751837262883782, "p1": -0.0004713800654280931, "p5": -0.00010829560924321407, "p10": 0.00012036457192152742, "p25": 0.0004259317647665739, "median": 0.0008233682019636035, "p75": 0.0011953892244491726, "p90": 0.0015359992277808488, "p95": 0.00172722497372888, "p99": 0.001983245285227895, "p99.9": 0.008814280890861902, "max": 0.0274301094468683}, "send_duration": 24.425797676085494, "requested_rate": 30.0, "achieved_rate": 30.70524082553507}, "successes": {"count": 750, "latency": {"request_latency": {"mean": 41.14699082893071, "min": 36.10338172398042, "p0.1": 36.16956029161403, "p1": 36.510590022149266, "p5": 37.27482743348228, "p10": 37.969625184719916, "p25": 39.10738354595378, "median": 40.63911328697577, "p75": 42.43144633973134, "p90": 45.390065577754285, "p95": 47.06589886138681, "p99": 47.93639183138148, "p99.9": 49.611456752849776, "max": 49.865447796997614}, "normalized_time_per_output_token": {"mean": 0.08160339736598048, "min": 0.01913173473824666, "p0.1": 0.020147383806519783, "p1": 0.03645688968023867, "p5": 0.03734855196635835, "p10": 0.0382169565971001, "p25": 0.039382027107112035, "median": 0.04115228319552262, "p75": 0.04426430649098306, "p90": 0.04779916107776202, "p95": 0.06816787931878118, "p99": 1.2754279692308146, "p99.9": 1.3999670672681246, "max": 1.4086545897189353}, "time_per_output_token": {"mean": 0.020433338446266158, "min": 0.017860849190427495, "p0.1": 0.01787927053468787, "p1": 0.017986934407914837, "p5": 0.018451136757849717, "p10": 0.01888546629649201, "p25": 0.01945516324362023, "median": 0.020205286142947122, "p75": 0.021108743144436157, "p90": 0.022549024660358796, "p95": 0.023402672074133015, "p99": 0.023834785745346636, "p99.9": 0.024710195160562724, "max": 0.024832301526744642}, "time_to_first_token": {"mean": 0.20126709141985824, "min": 0.06928686494939029, "p0.1": 0.06995954487880227, "p1": 0.07563120438484475, "p5": 0.08439239812432789, "p10": 0.08912459628190846, "p25": 0.10141519029275514, "median": 0.12218394601950422, "p75": 0.18663642977480777, "p90": 0.44630001088371535, "p95": 0.6819062463822774, "p99": 0.9276017143984789, "p99.9": 1.1387543278458847, "max": 1.210115720052272}, "inter_token_latency": {"mean": 0.020433338446266155, "min": 2.3740576580166817e-06, "p0.1": 3.000720404088497e-06, "p1": 1.2642936781048775e-05, "p5": 1.8649036064743996e-05, "p10": 2.4156994186341763e-05, "p25": 3.6244047805666924e-05, "median": 0.0002348580164834857, "p75": 0.04188682304811664, "p90": 0.04519451145315543, "p95": 0.046811682236148046, "p99": 0.05866365353576844, "p99.9": 0.1797780351552669, "max": 14.377153194043785}}, "throughput": {"input_tokens_per_sec": 76530.12092871634, "output_tokens_per_sec": 9573.308341662998, "total_tokens_per_sec": 86103.42927037933, "requests_per_sec": 10.095402159756992}, "prompt_len": {"mean": 7580.690666666666, "min": 7515.0, "p0.1": 7515.0, "p1": 7524.49, "p5": 7536.0, "p10": 7544.0, "p25": 7560.25, "median": 7579.0, "p75": 7600.0, "p90": 7621.1, "p95": 7632.0, "p99": 7649.02, "p99.9": 7663.255, "max": 7667.0}, "output_len": {"mean": 948.284, "min": 29.0, "p0.1": 30.498, "p1": 33.0, "p5": 579.6500000000001, "p10": 952.6, "p25": 991.0, "median": 997.0, "p75": 1000.0, "p90": 1000.0, "p95": 1000.0, "p99": 1000.0, "p99.9": 1998.2510000000002, "max": 1999.0}}, "failures": {"count": 0, "request_latency": null, "prompt_len": null}}