{"load_summary": {"count": 200, "schedule_delay": {"mean": 0.0009037556889234111, "min": -0.00040483055636286736, "p0.1": -0.00038809337059501556, "p1": -0.0002356785291340202, "p5": 6.123138009570544e-05, "p10": 0.00018457241822034123, "p25": 0.0005095228843856603, "median": 0.0009449423523619771, "p75": 0.0012701381638180465, "p90": 0.001523139281198382, "p95": 0.0017094552516937255, "p99": 0.0020431664353236546, "p99.9": 0.0027855521723395343, "max": 0.0029435617616400123}, "send_duration": 21.96353338297922, "requested_rate": 10.0, "achieved_rate": 9.1060029601153}, "successes": {"count": 200, "latency": {"request_latency": {"mean": 27.221085168476566, "min": 25.2603342999937, "p0.1": 25.30045948490873, "p1": 25.543149821675616, "p5": 25.820756164571502, "p10": 26.101543034007772, "p25": 26.466078948345967, "median": 27.170842477527913, "p75": 27.925100893276976, "p90": 28.58852532248711, "p95": 28.82828517332091, "p99": 28.914436026779004, "p99.9": 28.968886787352268, "max": 28.971751302015036}, "normalized_time_per_output_token": {"mean": 0.09680496385803192, "min": 0.025487455850894992, "p0.1": 0.025501416624078902, "p1": 0.02564566660462417, "p5": 0.02596919397961858, "p10": 0.026194621442549394, "p25": 0.026699592109683423, "median": 0.02750405211614449, "p75": 0.028618964877842174, "p90": 0.06367008143803674, "p95": 0.8026196146892177, "p99": 0.8731156417092402, "p99.9": 1.9063938107298448, "max": 2.1535624963088105}, "time_per_output_token": {"mean": 0.013498619458582746, "min": 0.012514974669155864, "p0.1": 0.012527454462172852, "p1": 0.012577805659472025, "p5": 0.01279518873768399, "p10": 0.012935650044017057, "p25": 0.013141055067448221, "median": 0.013477322693889973, "p75": 0.013843542635440246, "p90": 0.014186692541487968, "p95": 0.014332167924766819, "p99": 0.014372819024506423, "p99.9": 0.014396439969722905, "max": 0.014399853328811652}, "time_to_first_token": {"mean": 0.15429097416403237, "min": 0.06057406705804169, "p0.1": 0.06080545091535896, "p1": 0.06289022033568471, "p5": 0.06656686608330346, "p10": 0.07335309066111222, "p25": 0.0894469317572657, "median": 0.15598399500595406, "p75": 0.17090112404548563, "p90": 0.24489549520658327, "p95": 0.2741660511528604, "p99": 0.3528692012734232, "p99.9": 0.5223591109291887, "max": 0.5276496279984713}, "inter_token_latency": {"mean": 0.013498619458582746, "min": 2.4480978026986122e-06, "p0.1": 3.4079652978107334e-06, "p1": 1.447601243853569e-05, "p5": 2.0034867338836194e-05, "p10": 2.7168996166437864e-05, "p25": 4.144501872360706e-05, "median": 0.0002516210079193115, "p75": 0.026001870748586953, "p90": 0.027288471953943374, "p95": 0.02829598438111134, "p99": 0.0313729608955328, "p99.9": 0.11231900202622658, "max": 0.2856045829830691}}, "throughput": {"input_tokens_per_sec": 31341.42870642066, "output_tokens_per_sec": 3685.2163315792964, "total_tokens_per_sec": 35026.64503799995, "requests_per_sec": 4.132983796042546}, "prompt_len": {"mean": 7583.245, "min": 7515.0, "p0.1": 7516.791, "p1": 7525.98, "p5": 7537.0, "p10": 7544.0, "p25": 7563.0, "median": 7582.0, "p75": 7600.5, "p90": 7625.1, "p95": 7633.0, "p99": 7654.02, "p99.9": 7656.0, "max": 7656.0}, "output_len": {"mean": 891.66, "min": 13.0, "p0.1": 16.184, "p1": 31.97, "p5": 33.0, "p10": 449.9000000000006, "p25": 988.75, "median": 997.0, "p75": 1000.0, "p90": 1000.0, "p95": 1000.0, "p99": 1000.0, "p99.9": 1000.0, "max": 1000.0}}, "failures": {"count": 0, "request_latency": null, "prompt_len": null}}