{"load_summary": {"count": 60, "schedule_delay": {"mean": 0.0007982611209930231, "min": -0.00021298357751220465, "p0.1": -0.00021264177327975632, "p1": -0.00020956553518772125, "p5": -8.373509044758975e-05, "p10": 5.3763622418046004e-05, "p25": 0.00032220888533629477, "median": 0.0007555002812296152, "p75": 0.001253447844646871, "p90": 0.0016081293928436936, "p95": 0.0017125934245996175, "p99": 0.0019522737630177287, "p99.9": 0.001994134252076038, "max": 0.0019987854175269604}, "send_duration": 17.26974723197054, "requested_rate": 3.0, "achieved_rate": 3.474283624077906}, "successes": {"count": 60, "latency": {"request_latency": {"mean": 25.925534136244096, "min": 23.640552142984234, "p0.1": 23.700257999515742, "p1": 24.237610708299325, "p5": 24.768651007371954, "p10": 24.844898448558524, "p25": 25.026596610987326, "median": 25.42119498498505, "p75": 25.879547351505607, "p90": 28.277843393792864, "p95": 28.452244831912687, "p99": 28.598921488274353, "p99.9": 28.629201973567483, "max": 28.632566471933387}, "normalized_time_per_output_token": {"mean": 0.040482282761461146, "min": 0.012442407748614366, "p0.1": 0.013103098267882187, "p1": 0.019049312941292588, "p5": 0.024831623470189516, "p10": 0.024950733698089606, "p25": 0.025079283952963986, "median": 0.02549316521854019, "p75": 0.02792184614550307, "p90": 0.02895545745522247, "p95": 0.03167334246334636, "p99": 0.3849231981417718, "p99.9": 0.8178252582478525, "max": 0.865925487148519}, "time_per_output_token": {"mean": 0.012848191353968415, "min": 0.011703464176926087, "p0.1": 0.011733455288443198, "p1": 0.012003375292097199, "p5": 0.01227637253081387, "p10": 0.012313996693802422, "p25": 0.012397441139037691, "median": 0.012602173237867517, "p75": 0.01283663039290947, "p90": 0.014032083934627711, "p95": 0.014113341842917423, "p99": 0.014192626712855295, "p99.9": 0.014209725078174563, "max": 0.014211624896543372}, "time_to_first_token": {"mean": 0.1635330860755251, "min": 0.13349037803709507, "p0.1": 0.1335429776519304, "p1": 0.1340163741854485, "p5": 0.1384198228479363, "p10": 0.13984032347798347, "p25": 0.14630691322963685, "median": 0.1530596660450101, "p75": 0.163583536981605, "p90": 0.2256554642575793, "p95": 0.2316442983050365, "p99": 0.24993475058698086, "p99.9": 0.265932718068478, "max": 0.2677102700108662}, "inter_token_latency": {"mean": 0.012848191353968417, "min": 2.50211451202631e-06, "p0.1": 3.964003524743021e-06, "p1": 1.5305555425584316e-05, "p5": 1.9803893519565466e-05, "p10": 2.8489879332482816e-05, "p25": 4.390801768749952e-05, "median": 0.0002595619880594313, "p75": 0.025052346260054037, "p90": 0.026904627587646248, "p95": 0.027818384987767786, "p99": 0.02940794058027677, "p99.9": 0.10309901779005323, "max": 0.11233828694093972}}, "throughput": {"input_tokens_per_sec": 10823.420042925329, "output_tokens_per_sec": 1398.3563002333442, "total_tokens_per_sec": 12221.776343158674, "requests_per_sec": 1.4275496914229433}, "prompt_len": {"mean": 7581.816666666667, "min": 7532.0, "p0.1": 7532.0, "p1": 7532.0, "p5": 7537.0, "p10": 7544.6, "p25": 7561.0, "median": 7582.5, "p75": 7598.5, "p90": 7624.3, "p95": 7631.1, "p99": 7641.61, "p99.9": 7652.761, "max": 7654.0}, "output_len": {"mean": 979.55, "min": 33.0, "p0.1": 61.202, "p1": 315.02, "p5": 812.3000000000001, "p10": 973.3, "p25": 991.75, "median": 998.0, "p75": 1000.0, "p90": 1000.0, "p95": 1000.0, "p99": 1408.7699999999966, "p99.9": 1938.1770000000097, "max": 1997.0}}, "failures": {"count": 0, "request_latency": null, "prompt_len": null}}