{"load_summary": {"count": 748, "schedule_delay": {"mean": 0.0009911086839526633, "min": -0.0008670025272294879, "p0.1": -0.0008372090010670945, "p1": -0.0003836907388176769, "p5": 1.3891095295548452e-05, "p10": 0.0002036747056990862, "p25": 0.0005280121113173664, "median": 0.0008989009656943381, "p75": 0.0012987342779524624, "p90": 0.0016776468255557122, "p95": 0.0019391312438528981, "p99": 0.002598274894990024, "p99.9": 0.022572697999189192, "max": 0.03162117407191545}, "send_duration": 35.98191267391667, "requested_rate": 22.0, "achieved_rate": 20.788222315436446}, "successes": {"count": 748, "latency": {"request_latency": {"mean": 38.05929134597499, "min": 32.61827969702426, "p0.1": 32.623637913864336, "p1": 33.077466390741755, "p5": 33.67921882990049, "p10": 34.350784968072546, "p25": 36.54995172872441, "median": 37.77261605049716, "p75": 39.39647889669868, "p90": 41.677008329564714, "p95": 43.11097214497276, "p99": 44.52784114049515, "p99.9": 44.651231882466355, "max": 44.6567723590415}, "normalized_time_per_output_token": {"mean": 0.07611190418005348, "min": 0.03262545267806854, "p0.1": 0.03277792651947774, "p1": 0.033087946610583736, "p5": 0.0338446036575363, "p10": 0.0349016844488828, "p25": 0.03697943536861191, "median": 0.038494409571405985, "p75": 0.04101440394841158, "p90": 0.04483710028007968, "p95": 0.1354392389110327, "p99": 1.1703090452952096, "p99.9": 1.2695771720181024, "max": 1.296990437001702}, "time_per_output_token": {"mean": 0.018901548229934464, "min": 0.01621117912196107, "p0.1": 0.016218442203699442, "p1": 0.016435047450318544, "p5": 0.01670539478799256, "p10": 0.01707315137265422, "p25": 0.01816848066368914, "median": 0.018760784567460123, "p75": 0.01956248583960003, "p90": 0.02070903953809202, "p95": 0.02140793125704815, "p99": 0.022132182521466887, "p99.9": 0.02219580849572412, "max": 0.022205657279316702}, "time_to_first_token": {"mean": 0.17658818152625447, "min": 0.0636531679192558, "p0.1": 0.06417518132051919, "p1": 0.07743607532931492, "p5": 0.08807660578750073, "p10": 0.09586692731827498, "p25": 0.10853169579058886, "median": 0.1337112180190161, "p75": 0.18291952495928854, "p90": 0.3013817150611431, "p95": 0.40422597742290206, "p99": 0.7933271057123779, "p99.9": 0.9605245613803859, "max": 0.9685341180302203}, "inter_token_latency": {"mean": 0.018901548229934464, "min": 2.400018274784088e-06, "p0.1": 2.934015356004238e-06, "p1": 1.2374455109238626e-05, "p5": 1.8647057004272938e-05, "p10": 2.4178996682167053e-05, "p25": 3.7680030800402164e-05, "median": 0.0002568195341154933, "p75": 0.03713363377028145, "p90": 0.042984451458323754, "p95": 0.04526003705104813, "p99": 0.06670187608455308, "p99.9": 0.12806191957194898, "max": 0.5986394429346547}}, "throughput": {"input_tokens_per_sec": 76551.59207326967, "output_tokens_per_sec": 9416.361268492694, "total_tokens_per_sec": 85967.95334176236, "requests_per_sec": 10.098264102471052}, "prompt_len": {"mean": 7580.668449197861, "min": 7515.0, "p0.1": 7515.0, "p1": 7524.47, "p5": 7536.0, "p10": 7544.0, "p25": 7560.75, "median": 7579.0, "p75": 7600.0, "p90": 7621.3, "p95": 7632.0, "p99": 7649.0599999999995, "p99.9": 7663.265, "max": 7667.0}, "output_len": {"mean": 932.4732620320856, "min": 32.0, "p0.1": 32.0, "p1": 33.0, "p5": 294.0, "p10": 881.0, "p25": 990.0, "median": 997.0, "p75": 1000.0, "p90": 1000.0, "p95": 1000.0, "p99": 1000.53, "p99.9": 1001.7590000000001, "max": 1004.0}}, "failures": {"count": 0, "request_latency": null, "prompt_len": null}}