{"load_summary": {"count": 1548, "schedule_delay": {"mean": 0.001629155858294095, "min": -0.000650842091999948, "p0.1": -0.000622302845469676, "p1": -0.00043029386550188066, "p5": -5.804401589557528e-05, "p10": 0.00011076809605583556, "p25": 0.00045302699436433613, "median": 0.0008575675310567021, "p75": 0.001254719914868474, "p90": 0.0015850043739192186, "p95": 0.001859011215856298, "p99": 0.0024824185203760844, "p99.9": 0.15447552744636833, "max": 0.16581606853287667}, "send_duration": 36.97104627697263, "requested_rate": 43.0, "achieved_rate": 41.870602968684985}, "successes": {"count": 1548, "latency": {"request_latency": {"mean": 65.81731610170944, "min": 46.77306465501897, "p0.1": 46.897470067002, "p1": 47.47898531513172, "p5": 49.26671193811344, "p10": 50.898743163200564, "p25": 55.541539725265466, "median": 63.8742138214875, "p75": 75.07506966925575, "p90": 85.84836062814574, "p95": 88.41266636839137, "p99": 91.25626509465624, "p99.9": 94.48850752049366, "max": 94.93062345997896}, "normalized_time_per_output_token": {"mean": 0.14248335772194798, "min": 0.02649662578180134, "p0.1": 0.038341515899201956, "p1": 0.04759176484471007, "p5": 0.04977931635761821, "p10": 0.051349440958222844, "p25": 0.05635197743109308, "median": 0.06758481690043117, "p75": 0.07955971909280238, "p90": 0.08916920661072496, "p95": 0.2813307098773999, "p99": 2.059522016808159, "p99.9": 2.593712003482444, "max": 2.7045963067128986}, "time_per_output_token": {"mean": 0.03128169392150352, "min": 0.019318108758093255, "p0.1": 0.020139213608958567, "p1": 0.02168621657316681, "p5": 0.023474062375691385, "p10": 0.024780329845848957, "p25": 0.026425789834467577, "median": 0.029419886737347238, "p75": 0.034985214835084016, "p90": 0.040014633596012567, "p95": 0.04385708767639672, "p99": 0.04431870806012254, "p99.9": 0.044388977886960744, "max": 0.044394741715655765}, "time_to_first_token": {"mean": 3.164696903398305, "min": 0.06430939002893865, "p0.1": 0.06770004205091391, "p1": 0.0808971878059674, "p5": 0.09115740492125042, "p10": 0.09801137961912901, "p25": 0.11803484501433559, "median": 0.14479182398645207, "p75": 0.19916418753564358, "p90": 1.1153103033546354, "p95": 30.91989842691109, "p99": 34.85008903217618, "p99.9": 37.29485292139558, "max": 37.55235608003568}, "inter_token_latency": {"mean": 0.03128169392150352, "min": 2.345070242881775e-06, "p0.1": 3.174995072185993e-06, "p1": 1.2754496419802309e-05, "p5": 1.8713995814323425e-05, "p10": 2.406397834420204e-05, "p25": 3.546895459294319e-05, "median": 0.0002629685332067311, "p75": 0.04879317348240875, "p90": 0.05913837329717353, "p95": 0.0661713503766805, "p99": 0.11335257645579971, "p99.9": 0.4842984758541034, "max": 37.39242310996633}}, "throughput": {"input_tokens_per_sec": 89799.98353370553, "output_tokens_per_sec": 11093.322885574247, "total_tokens_per_sec": 100893.30641927978, "requests_per_sec": 11.845847978850873}, "prompt_len": {"mean": 7580.713824289405, "min": 7515.0, "p0.1": 7515.0, "p1": 7524.47, "p5": 7536.0, "p10": 7544.0, "p25": 7560.0, "median": 7579.0, "p75": 7600.0, "p90": 7622.0, "p95": 7632.0, "p99": 7650.0, "p99.9": 7664.265000000001, "max": 7667.0}, "output_len": {"mean": 936.4735142118863, "min": 24.0, "p0.1": 29.735, "p1": 33.0, "p5": 197.75000000000006, "p10": 953.0, "p25": 992.0, "median": 997.0, "p75": 1000.0, "p90": 1000.0, "p95": 1000.0, "p99": 1000.0, "p99.9": 1453.188000000201, "max": 1999.0}}, "failures": {"count": 0, "request_latency": null, "prompt_len": null}}