{"load_summary": {"count": 1485, "schedule_delay": {"mean": 0.0009394030539030428, "min": -0.0010476803872734308, "p0.1": -0.0009520679945126176, "p1": -0.0004438274307176471, "p5": -8.121023420244455e-05, "p10": 0.0001344735035672784, "p25": 0.0004803622141480446, "median": 0.0008549443446099758, "p75": 0.001239575445652008, "p90": 0.0016006769379600884, "p95": 0.0018375312676653266, "p99": 0.002505885469727223, "p99.9": 0.028366095250007807, "max": 0.03744491538964212}, "send_duration": 26.959510695072822, "requested_rate": 55.0, "achieved_rate": 55.08260208414694}, "successes": {"count": 1485, "latency": {"request_latency": {"mean": 67.82205345343559, "min": 49.83280900202226, "p0.1": 49.97469662029389, "p1": 50.43663897077553, "p5": 51.925585578847674, "p10": 53.25020638837013, "p25": 57.308643653057516, "median": 65.72317666793242, "p75": 79.3358457449358, "p90": 85.73950971940067, "p95": 90.06262830004562, "p99": 90.97033237975556, "p99.9": 100.99641809029319, "max": 101.14818026893772}, "normalized_time_per_output_token": {"mean": 0.14715138720657864, "min": 0.025192427646682912, "p0.1": 0.02942846212867676, "p1": 0.05050225064234343, "p5": 0.05206009712668375, "p10": 0.05369250648575835, "p25": 0.05793456031603273, "median": 0.0701552184498337, "p75": 0.08156285777699668, "p90": 0.0908595418029782, "p95": 0.188541198140886, "p99": 2.2353342274838024, "p99.9": 2.784756598132973, "max": 20.549511880342227}, "time_per_output_token": {"mean": 0.033696613234007425, "min": 0.02484144505496411, "p0.1": 0.024886870751176716, "p1": 0.024922931624619733, "p5": 0.02570806194003951, "p10": 0.02648987543401725, "p25": 0.028539855419814044, "median": 0.03252081988608117, "p75": 0.03949088136479817, "p90": 0.04265911336600742, "p95": 0.04456376729103485, "p99": 0.04533474444906213, "p99.9": 0.04954277768627841, "max": 0.050221735912050286}, "time_to_first_token": {"mean": 0.33741816274644587, "min": 0.06293641508091241, "p0.1": 0.06963841684907675, "p1": 0.07929892550222575, "p5": 0.08985637398436666, "p10": 0.09649694960098713, "p25": 0.11306478001642972, "median": 0.14196645200718194, "p75": 0.1765152809675783, "p90": 0.3638044453691692, "p95": 0.6249190972652287, "p99": 1.0589034409541642, "p99.9": 43.19551630593512, "max": 43.359887133934535}, "inter_token_latency": {"mean": 0.033696613234007425, "min": 2.4330802261829376e-06, "p0.1": 3.3859959803521634e-06, "p1": 1.2930016964673996e-05, "p5": 1.8656207248568546e-05, "p10": 2.390297595411539e-05, "p25": 3.499200101941824e-05, "median": 0.00027853401843458414, "p75": 0.04840839491225779, "p90": 0.06296738316304981, "p95": 0.07112548784352839, "p99": 0.10948882234282804, "p99.9": 0.5783296079277085, "max": 43.2591103289742}}, "throughput": {"input_tokens_per_sec": 87971.28834453136, "output_tokens_per_sec": 10905.859109600286, "total_tokens_per_sec": 98877.14745413164, "requests_per_sec": 11.604463437441234}, "prompt_len": {"mean": 7580.814814814815, "min": 7515.0, "p0.1": 7515.0, "p1": 7524.0, "p5": 7536.0, "p10": 7544.4, "p25": 7561.0, "median": 7579.0, "p75": 7600.0, "p90": 7622.0, "p95": 7632.0, "p99": 7650.0, "p99.9": 7664.58, "max": 7667.0}, "output_len": {"mean": 939.7986531986533, "min": 3.0, "p0.1": 28.904, "p1": 33.0, "p5": 404.8, "p10": 934.8, "p25": 992.0, "median": 997.0, "p75": 1000.0, "p90": 1000.0, "p95": 1000.0, "p99": 1000.0, "p99.9": 1997.516, "max": 1999.0}}, "failures": {"count": 0, "request_latency": null, "prompt_len": null}}