{"load_summary": {"count": 1520, "schedule_delay": {"mean": 0.0011537395652052702, "min": -0.0010719243437051773, "p0.1": -0.0006021435473812744, "p1": -0.0004042792192194611, "p5": -7.148004951886831e-05, "p10": 0.00012492962414398793, "p25": 0.0004674576048273593, "median": 0.0008524742443114519, "p75": 0.0012260479852557182, "p90": 0.0015860151033848526, "p95": 0.0017888428352307527, "p99": 0.0022631741198711093, "p99.9": 0.13063808159461512, "max": 0.16441334271803498}, "send_duration": 38.2278229619842, "requested_rate": 40.0, "achieved_rate": 39.761615551886635}, "successes": {"count": 1520, "latency": {"request_latency": {"mean": 64.28773085891643, "min": 45.15445706003811, "p0.1": 45.16216592714726, "p1": 46.40387976084021, "p5": 48.254871504876064, "p10": 50.17773477700539, "p25": 55.41080291674007, "median": 61.559411704947706, "p75": 73.5097312250582, "p90": 83.26029593310086, "p95": 85.47466363303246, "p99": 87.25359878616757, "p99.9": 93.03870383964049, "max": 93.11439885292202}, "normalized_time_per_output_token": {"mean": 0.20503013697806394, "min": 0.02585342066178938, "p0.1": 0.04318627860153778, "p1": 0.046420019869723515, "p5": 0.04854681096245667, "p10": 0.050664782729055904, "p25": 0.05622459194425028, "median": 0.06513548573480556, "p75": 0.07570236373398802, "p90": 0.08686851580283815, "p95": 0.28556698978014006, "p99": 2.28555990731784, "p99.9": 11.68233879526784, "max": 76.30097925302107}, "time_per_output_token": {"mean": 0.030536028932376696, "min": 0.01926488721690167, "p0.1": 0.019400071927138243, "p1": 0.02063927764438143, "p5": 0.02307540632064465, "p10": 0.024001763794723123, "p25": 0.02600430318319098, "median": 0.029246959757622516, "p75": 0.03436458797425556, "p90": 0.03824223636614409, "p95": 0.042017909437740295, "p99": 0.04333463459752436, "p99.9": 0.04354876366682651, "max": 0.043560569290828514}, "time_to_first_token": {"mean": 3.1271199796215545, "min": 0.06820471002720296, "p0.1": 0.07298231417604256, "p1": 0.07978374865837395, "p5": 0.08899870376917533, "p10": 0.09722948131384328, "p25": 0.11670034096459858, "median": 0.14732294098939747, "p75": 0.19121481516049244, "p90": 1.011642333341299, "p95": 31.166690786107207, "p99": 35.79353516102419, "p99.9": 36.6658743062693, "max": 37.26115752803162}, "inter_token_latency": {"mean": 0.030536028932376696, "min": 2.359040081501007e-06, "p0.1": 3.296998329460621e-06, "p1": 1.2594042345881462e-05, "p5": 1.8215039744973183e-05, "p10": 2.3612985387444496e-05, "p25": 3.497896250337362e-05, "median": 0.0002636774443089962, "p75": 0.048490956716705114, "p90": 0.058529811666812766, "p95": 0.06723688869387842, "p99": 0.11159989843028602, "p99.9": 0.4682506827062472, "max": 36.63012340001296}}, "throughput": {"input_tokens_per_sec": 88155.7871833769, "output_tokens_per_sec": 10907.492611862606, "total_tokens_per_sec": 99063.2797952395, "requests_per_sec": 11.629101299681457}, "prompt_len": {"mean": 7580.6190789473685, "min": 7515.0, "p0.1": 7515.0, "p1": 7524.19, "p5": 7536.0, "p10": 7544.0, "p25": 7560.0, "median": 7579.0, "p75": 7600.0, "p90": 7621.0, "p95": 7632.0, "p99": 7649.62, "p99.9": 7664.405000000001, "max": 7667.0}, "output_len": {"mean": 937.9480263157894, "min": 1.0, "p0.1": 4.519, "p1": 32.0, "p5": 236.95, "p10": 941.7, "p25": 991.0, "median": 997.0, "p75": 1000.0, "p90": 1000.0, "p95": 1000.0, "p99": 1000.81, "p99.9": 1998.4810000000002, "max": 1999.0}}, "failures": {"count": 0, "request_latency": null, "prompt_len": null}}