{"load_summary": {"count": 750, "schedule_delay": {"mean": 0.0009075887187694509, "min": -0.0005416248459368944, "p0.1": -0.0005259264188352972, "p1": -0.0003570447256788611, "p5": -3.947186633013189e-05, "p10": 0.0001334104221314192, "p25": 0.0005093601939734071, "median": 0.000889308110345155, "p75": 0.0013088127016089857, "p90": 0.0016663317335769534, "p95": 0.001826727349543944, "p99": 0.002361982380971312, "p99.9": 0.00329792114591695, "max": 0.0035789668327197433}, "send_duration": 31.36847399303224, "requested_rate": 25.0, "achieved_rate": 23.909355621398564}, "successes": {"count": 750, "latency": {"request_latency": {"mean": 39.24440472090229, "min": 33.85872279899195, "p0.1": 33.92351253557438, "p1": 34.06211297424976, "p5": 35.18686084584333, "p10": 35.804095229459925, "p25": 37.59534236768377, "median": 38.840721252490766, "p75": 40.61260001978371, "p90": 43.18981672449736, "p95": 44.84509853396448, "p99": 46.38130282497383, "p99.9": 46.462152815774665, "max": 46.48456947202794}, "normalized_time_per_output_token": {"mean": 0.07631731936207758, "min": 0.02192848996396012, "p0.1": 0.030935672872603782, "p1": 0.034179696364982, "p5": 0.03533335806467073, "p10": 0.03604215893964537, "p25": 0.03796760240441875, "median": 0.03933627573953709, "p75": 0.04187623944164253, "p90": 0.04604307895643107, "p95": 0.10074892605474287, "p99": 1.199264360270674, "p99.9": 1.4787849848198746, "max": 1.577868357523466}, "time_per_output_token": {"mean": 0.019493435665370186, "min": 0.016579914168905707, "p0.1": 0.016580033635354378, "p1": 0.01687775241845145, "p5": 0.01748213114273706, "p10": 0.017807358750716963, "p25": 0.018705440801873766, "median": 0.019323788496010796, "p75": 0.0201730856323207, "p90": 0.021429833516011715, "p95": 0.022270101865757373, "p99": 0.023022203275387332, "p99.9": 0.02310938150999803, "max": 0.02312654226340925}, "time_to_first_token": {"mean": 0.18074192692354943, "min": 0.06954746192786843, "p0.1": 0.07130300111405086, "p1": 0.07746728864614852, "p5": 0.08522414837498218, "p10": 0.09110736706061288, "p25": 0.10311154479859397, "median": 0.12798881001072004, "p75": 0.17919711396098137, "p90": 0.34404653685633096, "p95": 0.4956920185300986, "p99": 0.731351519837044, "p99.9": 1.1211844268376032, "max": 1.1407354030525312}, "inter_token_latency": {"mean": 0.019493435665370186, "min": 2.362998202443123e-06, "p0.1": 3.0100345611572266e-06, "p1": 1.254398375749588e-05, "p5": 1.8348917365074158e-05, "p10": 2.3807049728929996e-05, "p25": 3.627408295869827e-05, "median": 0.00023418496130034328, "p75": 0.03981175072840415, "p90": 0.04421592016005889, "p95": 0.04622158012352884, "p99": 0.06008958955411803, "p99.9": 0.1368304924487669, "max": 5.365255012991838}}, "throughput": {"input_tokens_per_sec": 75750.30286800218, "output_tokens_per_sec": 9406.05140447274, "total_tokens_per_sec": 85156.35427247493, "requests_per_sec": 9.992533160743074}, "prompt_len": {"mean": 7580.690666666666, "min": 7515.0, "p0.1": 7515.0, "p1": 7524.49, "p5": 7536.0, "p10": 7544.0, "p25": 7560.25, "median": 7579.0, "p75": 7600.0, "p90": 7621.1, "p95": 7632.0, "p99": 7649.02, "p99.9": 7663.255, "max": 7667.0}, "output_len": {"mean": 941.308, "min": 23.0, "p0.1": 24.498, "p1": 33.0, "p5": 408.9, "p10": 954.3000000000001, "p25": 991.0, "median": 997.0, "p75": 1000.0, "p90": 1000.0, "p95": 1000.0, "p99": 1000.0, "p99.9": 1253.7450000000895, "max": 1999.0}}, "failures": {"count": 0, "request_latency": null, "prompt_len": null}}