{"load_summary": {"count": 1508, "schedule_delay": {"mean": 0.0008191503389844725, "min": -0.0007703100563958287, "p0.1": -0.0005636846536071971, "p1": -0.0003994555736426264, "p5": -6.969955284148454e-05, "p10": 0.00013393204426392916, "p25": 0.0004296254483051598, "median": 0.000783834489993751, "p75": 0.0011728729587048292, "p90": 0.0014991405652835963, "p95": 0.00178749882034026, "p99": 0.002292975593591109, "p99.9": 0.003441742571420117, "max": 0.011999108246527612}, "send_duration": 28.567451670998707, "requested_rate": 52.0, "achieved_rate": 52.787347550880824}, "successes": {"count": 1484, "latency": {"request_latency": {"mean": 66.9964323275758, "min": 48.3186770969769, "p0.1": 48.40008318848838, "p1": 48.78302660988993, "p5": 50.80680434191599, "p10": 52.77369583873078, "p25": 57.439912905567326, "median": 64.5056202019914, "p75": 77.23788031577715, "p90": 84.81702913349727, "p95": 87.987153802783, "p99": 91.40279233998619, "p99.9": 97.84204293321542, "max": 98.3174870479852}, "normalized_time_per_output_token": {"mean": 0.13993235639227505, "min": 0.03649371237769628, "p0.1": 0.04837100766386324, "p1": 0.04899429627257929, "p5": 0.0512850474315434, "p10": 0.05337066868551954, "p25": 0.05806253317751563, "median": 0.06897670226942813, "p75": 0.08022785034562276, "p90": 0.09074192561496748, "p95": 0.30533856972440904, "p99": 2.0265317305126356, "p99.9": 2.5537934973375345, "max": 12.235429959003037}, "time_per_output_token": {"mean": 0.03314875542606353, "min": 0.022992834542714606, "p0.1": 0.022993312078269035, "p1": 0.024074117263845018, "p5": 0.025115027612318746, "p10": 0.026145385595734115, "p25": 0.028411489733889152, "median": 0.031906892192406416, "p75": 0.038089938631298365, "p90": 0.04159337687588272, "p95": 0.04305471830315066, "p99": 0.04538799834150558, "p99.9": 0.045651878255618054, "max": 0.04579982251425258}, "time_to_first_token": {"mean": 0.6082736732495629, "min": 0.06335298693738878, "p0.1": 0.06559262296045199, "p1": 0.07609571320586837, "p5": 0.0857585075602401, "p10": 0.09301553837722168, "p25": 0.11046717644785531, "median": 0.13772375200642273, "p75": 0.1721621426695492, "p90": 0.228818329423666, "p95": 0.46020325173158155, "p99": 8.413037099152104, "p99.9": 44.21459002458409, "max": 44.239259976078756}, "inter_token_latency": {"mean": 0.03314875542606353, "min": 2.283952198922634e-06, "p0.1": 3.009496838785708e-06, "p1": 1.255807001143694e-05, "p5": 1.805298961699009e-05, "p10": 2.347305417060852e-05, "p25": 3.464100882411003e-05, "median": 0.0002478170208632946, "p75": 0.048060596047434956, "p90": 0.06299903840990738, "p95": 0.0715020078001544, "p99": 0.11683019254822277, "p99.9": 0.4490650052248395, "max": 82.4004218459595}}, "throughput": {"input_tokens_per_sec": 88768.22748957068, "output_tokens_per_sec": 10942.764522091155, "total_tokens_per_sec": 99710.99201166183, "requests_per_sec": 11.710167125257183}, "prompt_len": {"mean": 7580.4407008086255, "min": 7515.0, "p0.1": 7515.0, "p1": 7524.0, "p5": 7535.15, "p10": 7544.0, "p25": 7560.0, "median": 7579.0, "p75": 7600.0, "p90": 7620.0, "p95": 7631.0, "p99": 7648.34, "p99.9": 7664.585, "max": 7667.0}, "output_len": {"mean": 934.4669811320755, "min": 6.0, "p0.1": 29.415, "p1": 33.0, "p5": 217.20000000000016, "p10": 918.3, "p25": 991.0, "median": 997.0, "p75": 1000.0, "p90": 1000.0, "p95": 1000.0, "p99": 1000.0, "p99.9": 1004.6190000000004, "max": 1999.0}}, "failures": {"count": 24, "request_latency": {"mean": 18.381231083597715, "min": 6.924487006966956, "p0.1": 6.9392043504443714, "p1": 7.071660441741114, "p5": 7.584801514237188, "p10": 7.995904511690606, "p25": 9.441742430033628, "median": 12.940235233400017, "p75": 15.013796151062706, "p90": 17.737974258908068, "p95": 69.90770685897428, "p99": 93.27522945587988, "p99.9": 97.10974217346876, "max": 97.53579914208967}, "prompt_len": {"mean": 0.0, "min": 0.0, "p0.1": 0.0, "p1": 0.0, "p5": 0.0, "p10": 0.0, "p25": 0.0, "median": 0.0, "p75": 0.0, "p90": 0.0, "p95": 0.0, "p99": 0.0, "p99.9": 0.0, "max": 0.0}}}