{"load_summary": {"count": 17084, "schedule_delay": {"mean": 0.001017628103275006, "min": -0.0012120058527216315, "p0.1": -0.0007686416953802108, "p1": -0.00039320891373790796, "p5": -5.252811242826283e-05, "p10": 0.00014514115173369646, "p25": 0.0004832523118238896, "median": 0.0008706409716978669, "p75": 0.0012609221157617867, "p90": 0.0016109048388898374, "p95": 0.0018479538790415972, "p99": 0.002536116987466797, "p99.9": 0.03412166084465615, "max": 0.16581606853287667}}, "successes": {"count": 16974, "latency": {"request_latency": {"mean": 62.578152132137454, "min": 23.640552142984234, "p0.1": 25.055869746534388, "p1": 27.126624529283728, "p5": 35.59089105749154, "p10": 38.22991325190524, "p25": 43.89922562526772, "median": 57.63034295348916, "p75": 73.32029217801755, "p90": 86.66882159437519, "p95": 102.45719334817257, "p99": 186.25510909930878, "p99.9": 276.23492383267256, "max": 279.44182773295324}, "normalized_time_per_output_token": {"mean": 0.15790382149012758, "min": 0.012442407748614366, "p0.1": 0.02501284439784683, "p1": 0.027350081751957085, "p5": 0.03616511997868454, "p10": 0.038672956217970185, "p25": 0.04577485253110321, "median": 0.05902973727138497, "p75": 0.07846029145651846, "p90": 0.10811027163535536, "p95": 0.28534433118090197, "p99": 2.1459573267459406, "p99.9": 7.021603543129155, "max": 76.30097925302107}, "time_per_output_token": {"mean": 0.028526777240528947, "min": 0.011703464176926087, "p0.1": 0.012432281203624997, "p1": 0.013448681441704809, "p5": 0.017591556079976815, "p10": 0.01896176922387783, "p25": 0.02132798727061113, "median": 0.027715779124680713, "p75": 0.03457510912317205, "p90": 0.04020029131150542, "p95": 0.043326526754729464, "p99": 0.050769884355778394, "p99.9": 0.05794402482513581, "max": 0.06038109712344108}, "time_to_first_token": {"mean": 5.438039997924133, "min": 0.057809393969364464, "p0.1": 0.06356201816617976, "p1": 0.07390027970657684, "p5": 0.08587239289190621, "p10": 0.09400793259264902, "p25": 0.11336813701200299, "median": 0.15073463146109134, "p75": 0.21680920553626493, "p90": 1.4287751035531995, "p95": 34.43296601220496, "p99": 112.18827687913785, "p99.9": 235.1557997918848, "max": 236.97092945000622}, "inter_token_latency": {"mean": 0.028526777240528947, "min": 2.283952198922634e-06, "p0.1": 3.168010152876377e-06, "p1": 1.2813950888812542e-05, "p5": 1.853296998888254e-05, "p10": 2.392393071204424e-05, "p25": 3.593799192458391e-05, "median": 0.000261569453869015, "p75": 0.04461371700745076, "p90": 0.05418615975650027, "p95": 0.06561113318894056, "p99": 0.11120862378738824, "p99.9": 0.5718603602673447, "max": 82.4004218459595}}, "throughput": {"input_tokens_per_sec": 70124.58437344736, "output_tokens_per_sec": 8652.880295597215, "total_tokens_per_sec": 78777.46466904458, "requests_per_sec": 9.250351996812322}, "prompt_len": {"mean": 7580.7476729115115, "min": 7515.0, "p0.1": 7515.0, "p1": 7524.0, "p5": 7536.0, "p10": 7544.0, "p25": 7561.0, "median": 7579.0, "p75": 7600.0, "p90": 7622.0, "p95": 7632.0, "p99": 7650.0, "p99.9": 7667.0, "max": 7667.0}, "output_len": {"mean": 935.4109225874868, "min": 1.0, "p0.1": 23.0, "p1": 33.0, "p5": 214.6500000000001, "p10": 934.3000000000002, "p25": 991.0, "median": 997.0, "p75": 1000.0, "p90": 1000.0, "p95": 1000.0, "p99": 1000.0, "p99.9": 1998.0, "max": 1999.0}}, "failures": {"count": 110, "request_latency": {"mean": 33.036079864605036, "min": 2.7969162160297856, "p0.1": 2.7998218940950466, "p1": 2.8715096836979503, "p5": 5.879564182978356, "p10": 8.74245265624486, "p25": 15.013796151062706, "median": 36.33964019891573, "p75": 45.14762522478122, "p90": 51.246367995534094, "p95": 52.90963884254452, "p99": 77.05465881006901, "p99.9": 95.51665959514688, "max": 97.53579914208967}, "prompt_len": {"mean": 0.0, "min": 0.0, "p0.1": 0.0, "p1": 0.0, "p5": 0.0, "p10": 0.0, "p25": 0.0, "median": 0.0, "p75": 0.0, "p90": 0.0, "p95": 0.0, "p99": 0.0, "p99.9": 0.0, "max": 0.0}}}