{"load_summary": {"count": 1200, "schedule_delay": {"mean": 0.0007245070935944872, "min": -0.0015560782048851252, "p0.1": -0.001047926983446814, "p1": -0.00046514673449564724, "p5": -0.0002019399864366278, "p10": 2.1297659259289503e-05, "p25": 0.0003276029892731458, "median": 0.0007269685156643391, "p75": 0.0010892693971982226, "p90": 0.001408654771512375, "p95": 0.0015768502198625352, "p99": 0.0019576429441804065, "p99.9": 0.0047375657902448826, "max": 0.006575102859642357}, "send_duration": 59.93205237900838, "requested_rate": 20.0, "achieved_rate": 20.022674885405866}, "successes": {"count": 1200, "latency": {"request_latency": {"mean": 1.7889681878781993, "min": 0.7970960809616372, "p0.1": 0.8025158055375796, "p1": 0.8680458757228916, "p5": 1.0041907250677469, "p10": 1.0895015504094772, "p25": 1.3369811292359373, "median": 1.7337619895115495, "p75": 2.0975334790273337, "p90": 2.519536074815551, "p95": 3.0167962153383994, "p99": 3.580052915934356, "p99.9": 3.9893560643503014, "max": 4.067261444986798}, "normalized_time_per_output_token": {"mean": 0.05845012346495488, "min": 0.025712776805214103, "p0.1": 0.025887606630244503, "p1": 0.02807244184997774, "p5": 0.03241490080667239, "p10": 0.035521362242551764, "p25": 0.04370440476902461, "median": 0.05688885193517161, "p75": 0.06810868007361874, "p90": 0.08238381463921662, "p95": 0.09854183709558714, "p99": 0.12126724484622181, "p99.9": 0.12868890530162264, "max": 0.1312019820963483}, "time_per_output_token": {"mean": 0.018972891171653572, "min": 0.01112360371025129, "p0.1": 0.011218515312678421, "p1": 0.011421057682666522, "p5": 0.01167887771908652, "p10": 0.011813939174246644, "p25": 0.012142266342820104, "median": 0.016310594427200308, "p75": 0.02346084595938596, "p90": 0.030915460612478428, "p95": 0.034222063105628475, "p99": 0.047810962260297046, "p99.9": 0.059661401219669716, "max": 0.06291687125790744}, "time_to_first_token": {"mean": 0.6065788400566574, "min": 0.041191015974618495, "p0.1": 0.04435312055423856, "p1": 0.050630676011205654, "p5": 0.08582712888019159, "p10": 0.1270715433114674, "p25": 0.24015713673725259, "median": 0.5278871475020424, "p75": 0.8357260685006622, "p90": 1.205119840084808, "p95": 1.4196681951434582, "p99": 2.023664794304641, "p99.9": 2.5740096325163933, "max": 2.642425091995392}, "inter_token_latency": {"mean": 0.018972891171653572, "min": 9.425973985344172e-06, "p0.1": 1.3151031453162432e-05, "p1": 1.5487990458495916e-05, "p5": 1.8339022062718868e-05, "p10": 2.748387632891536e-05, "p25": 4.151176835875958e-05, "median": 7.693847874179482e-05, "p75": 0.02525966199755203, "p90": 0.02631205961224623, "p95": 0.02708776435465552, "p99": 0.34583708374644606, "p99.9": 0.5829250661779688, "max": 0.822881250991486}}, "throughput": {"input_tokens_per_sec": 28533.628792884054, "output_tokens_per_sec": 603.0008400111395, "total_tokens_per_sec": 29136.629632895194, "requests_per_sec": 19.662002282847876}, "prompt_len": {"mean": 1451.2066666666667, "min": 7.0, "p0.1": 11.0, "p1": 47.99, "p5": 218.95, "p10": 338.8, "p25": 733.75, "median": 1713.0, "p75": 2038.0, "p90": 2232.0, "p95": 2358.05, "p99": 2566.22, "p99.9": 5454.798000000221, "max": 10309.0}, "output_len": {"mean": 30.668333333333333, "min": 19.0, "p0.1": 19.0, "p1": 25.0, "p5": 28.0, "p10": 31.0, "p25": 31.0, "median": 31.0, "p75": 31.0, "p90": 31.0, "p95": 31.0, "p99": 31.0, "p99.9": 31.0, "max": 31.0}}, "failures": {"count": 0, "request_latency": null, "prompt_len": null}}