{"load_summary": {"count": 2400, "schedule_delay": {"mean": 0.000744468588042461, "min": -0.0010229215840809047, "p0.1": -0.0008299627146916464, "p1": -0.0004980209679342806, "p5": -0.00016194046766031532, "p10": -6.556173320859666e-06, "p25": 0.00034473498817533255, "median": 0.0007002541387919337, "p75": 0.001068816301994957, "p90": 0.0014017058652825653, "p95": 0.0016053979896241799, "p99": 0.0022134731296682515, "p99.9": 0.01211692121112728, "max": 0.01733336178585887}, "send_duration": 59.972822642012034, "requested_rate": 40.0, "achieved_rate": 40.01812644914193}, "successes": {"count": 2399, "latency": {"request_latency": {"mean": 16.928950000554178, "min": 1.0098549390095286, "p0.1": 1.0451436061842834, "p1": 1.9411960256728344, "p5": 4.421085148892598, "p10": 8.046217687788886, "p25": 14.210524403490126, "median": 19.2104756909539, "p75": 20.667649811512092, "p90": 21.773957951832564, "p95": 22.504611053765984, "p99": 23.41168121853145, "p99.9": 24.303664292797446, "max": 24.74040397501085}, "normalized_time_per_output_token": {"mean": 0.5515807304479518, "min": 0.03257596577450092, "p0.1": 0.03371430987691237, "p1": 0.06343304503318523, "p5": 0.14261564996427736, "p10": 0.26328662994220076, "p25": 0.4641691624354045, "median": 0.6214224251603047, "p75": 0.6712741883867797, "p90": 0.7114741974773127, "p95": 0.7399639672254241, "p99": 0.7893130935514683, "p99.9": 1.0559263170410977, "max": 1.2634169609373203}, "time_per_output_token": {"mean": 0.21604462066575533, "min": 0.011386425596767015, "p0.1": 0.012006413771677011, "p1": 0.016160956259907013, "p5": 0.032205734235204515, "p10": 0.05844782044803123, "p25": 0.16162191970168704, "median": 0.2708912699355654, "p75": 0.2749009543955664, "p90": 0.2767736019386399, "p95": 0.28214481621924337, "p99": 0.28438544086670703, "p99.9": 0.28506968517723347, "max": 0.285080507547865}, "time_to_first_token": {"mean": 3.526923288937516, "min": 0.03647910797735676, "p0.1": 0.07505946114542894, "p1": 0.208414651802741, "p5": 0.7620841293304693, "p10": 1.2889870196115225, "p25": 2.188301757501904, "median": 3.403162576025352, "p75": 4.747600271977717, "p90": 5.959351793606766, "p95": 6.546319269866217, "p99": 7.388291310278, "p99.9": 8.275656614341875, "max": 8.415450876986142}, "inter_token_latency": {"mean": 0.2160446206657554, "min": 7.69604230299592e-06, "p0.1": 1.0902003850787878e-05, "p1": 1.2766009313054383e-05, "p5": 1.6734993550926447e-05, "p10": 2.177001442760229e-05, "p25": 3.409724740777165e-05, "median": 0.00010495400056242943, "p75": 0.5816623947321204, "p90": 0.5897938144800718, "p95": 0.5944854377215961, "p99": 0.6088471082632896, "p99.9": 0.7135335062579254, "max": 1.010882917966228}}, "throughput": {"input_tokens_per_sec": 49407.45560848609, "output_tokens_per_sec": 1082.4604748206418, "total_tokens_per_sec": 50489.91608330673, "requests_per_sec": 35.20208595880003}, "prompt_len": {"mean": 1403.5377240516882, "min": 7.0, "p0.1": 9.398, "p1": 32.900000000000006, "p5": 200.9, "p10": 312.0, "p25": 685.0, "median": 1554.0, "p75": 2016.5, "p90": 2211.2000000000003, "p95": 2335.2, "p99": 2703.3999999999987, "p99.9": 7442.4420000018745, "max": 22278.0}, "output_len": {"mean": 30.749895789912465, "min": 16.0, "p0.1": 17.796, "p1": 25.0, "p5": 28.0, "p10": 31.0, "p25": 31.0, "median": 31.0, "p75": 31.0, "p90": 31.0, "p95": 31.0, "p99": 31.0, "p99.9": 31.0, "max": 32.0}}, "failures": {"count": 1, "request_latency": {"mean": 0.7892381629790179, "min": 0.7892381629790179, "p0.1": 0.7892381629790179, "p1": 0.7892381629790179, "p5": 0.7892381629790179, "p10": 0.7892381629790179, "p25": 0.7892381629790179, "median": 0.7892381629790179, "p75": 0.7892381629790179, "p90": 0.7892381629790179, "p95": 0.7892381629790179, "p99": 0.7892381629790179, "p99.9": 0.7892381629790179, "max": 0.7892381629790179}, "prompt_len": {"mean": 161289.0, "min": 161289.0, "p0.1": 161289.0, "p1": 161289.0, "p5": 161289.0, "p10": 161289.0, "p25": 161289.0, "median": 161289.0, "p75": 161289.0, "p90": 161289.0, "p95": 161289.0, "p99": 161289.0, "p99.9": 161289.0, "max": 161289.0}}}