{"load_summary": {"count": 1500, "schedule_delay": {"mean": 0.00070021150726825, "min": -0.001025832665618509, "p0.1": -0.0007861406109295786, "p1": -0.0005346313625341281, "p5": -0.0002532932965550572, "p10": -4.1043089004233474e-05, "p25": 0.00030077254632487893, "median": 0.0006600644264835864, "p75": 0.0010551890736678615, "p90": 0.0013868656184058642, "p95": 0.0015799589629750695, "p99": 0.001993301651091315, "p99.9": 0.005396543437789844, "max": 0.02921433630399406}, "send_duration": 59.97182087099645, "requested_rate": 25.0, "achieved_rate": 25.011746820671064}, "successes": {"count": 1500, "latency": {"request_latency": {"mean": 2.216894314525998, "min": 0.8466868320247158, "p0.1": 0.8514284424107172, "p1": 0.9656354223052039, "p5": 1.1201831970975036, "p10": 1.2814022920909338, "p25": 1.608518853012356, "median": 2.0831426710356027, "p75": 2.6997731024748646, "p90": 3.405932222097181, "p95": 3.715060144293238, "p99": 4.095036522529553, "p99.9": 4.413588381797258, "max": 4.455953707976732}, "normalized_time_per_output_token": {"mean": 0.07384367771998855, "min": 0.027312478452410187, "p0.1": 0.02746543362615217, "p1": 0.031153428284714242, "p5": 0.036804508858542806, "p10": 0.04243114123218543, "p25": 0.05211338184674406, "median": 0.06803820538803965, "p75": 0.08974962189395522, "p90": 0.11447621195712283, "p95": 0.1256281822912335, "p99": 0.1657938118804803, "p99.9": 0.1883704533556215, "max": 0.1894390776520595}, "time_per_output_token": {"mean": 0.02272923742379287, "min": 0.011124168612783956, "p0.1": 0.011451511184321604, "p1": 0.011614691448705871, "p5": 0.011849752606471038, "p10": 0.01206660219881263, "p25": 0.013516569459639985, "median": 0.019469430064594735, "p75": 0.028211080278138508, "p90": 0.03908455239199555, "p95": 0.04462629436719937, "p99": 0.054427130066887326, "p99.9": 0.06477700257616899, "max": 0.06888435616049045}, "time_to_first_token": {"mean": 0.8016844429420307, "min": 0.03848247695714235, "p0.1": 0.04089765057206387, "p1": 0.05200929418555461, "p5": 0.10007669541810174, "p10": 0.15852712037740277, "p25": 0.34050408222537953, "median": 0.6931017894821707, "p75": 1.1463018817739794, "p90": 1.597376246086788, "p95": 1.9809117885364678, "p99": 2.5573938211653147, "p99.9": 2.732903733626827, "max": 2.7531305499724112}, "inter_token_latency": {"mean": 0.02272923742379287, "min": 1.0552990715950727e-05, "p0.1": 1.2767966836690903e-05, "p1": 1.5176007873378693e-05, "p5": 1.8401903798803686e-05, "p10": 2.620819141156971e-05, "p25": 4.1196501115337014e-05, "median": 8.28305201139301e-05, "p75": 0.02571340251597576, "p90": 0.026902421622071414, "p95": 0.028310471161967155, "p99": 0.5590621606697094, "p99.9": 0.5862069383079072, "max": 0.5963642160058953}}, "throughput": {"input_tokens_per_sec": 33261.36416462454, "output_tokens_per_sec": 728.6942763432404, "total_tokens_per_sec": 33990.05844096778, "requests_per_sec": 23.983355227972805}, "prompt_len": {"mean": 1386.852, "min": 11.0, "p0.1": 11.998000000000001, "p1": 60.97, "p5": 205.95, "p10": 309.8, "p25": 672.75, "median": 1561.0, "p75": 2007.25, "p90": 2185.2000000000003, "p95": 2325.6499999999996, "p99": 2735.05, "p99.9": 4526.480000000098, "max": 8158.0}, "output_len": {"mean": 30.383333333333333, "min": 16.0, "p0.1": 20.0, "p1": 20.0, "p5": 27.950000000000003, "p10": 29.0, "p25": 31.0, "median": 31.0, "p75": 31.0, "p90": 31.0, "p95": 31.0, "p99": 31.0, "p99.9": 31.0, "max": 31.0}}, "failures": {"count": 0, "request_latency": null, "prompt_len": null}}