{"load_summary": {"count": 120, "schedule_delay": {"mean": 0.0007479162828531116, "min": -0.000910669332370162, "p0.1": -0.0008698687218711711, "p1": -0.0005480025161523372, "p5": -0.0002638283127453178, "p10": -4.894722951576089e-06, "p25": 0.0003133141726721078, "median": 0.0008217122231144458, "p75": 0.0011875921481987461, "p90": 0.001550772477639839, "p95": 0.0016513805865542963, "p99": 0.0018782553251367065, "p99.9": 0.0019083795566111805, "max": 0.0019103665254078805}, "send_duration": 58.643124528985936, "requested_rate": 2.0, "achieved_rate": 2.046275688136071}, "successes": {"count": 120, "latency": {"request_latency": {"mean": 0.8567869414318314, "min": 0.7457949269446544, "p0.1": 0.7465257340348326, "p1": 0.7523422760260291, "p5": 0.7623850075906375, "p10": 0.7677101559238508, "p25": 0.8061738614924252, "median": 0.8597698585072067, "p75": 0.8864371177478461, "p90": 0.9176661477831658, "p95": 1.0008056137448875, "p99": 1.0827716252044777, "p99.9": 1.15837417651096, "max": 1.1671590839978307}, "normalized_time_per_output_token": {"mean": 0.02780382037721899, "min": 0.0240579008691824, "p0.1": 0.024089680291532026, "p1": 0.0243498710830388, "p5": 0.024596420691006878, "p10": 0.024804698441725885, "p25": 0.026073436943754073, "median": 0.027896927950355498, "p75": 0.028899003507479305, "p90": 0.03000726013359601, "p95": 0.0322840520562867, "p99": 0.034928116942079916, "p99.9": 0.03736690891970838, "max": 0.03765029303218809}, "time_per_output_token": {"mean": 0.011527848995953513, "min": 0.01103132524276002, "p0.1": 0.011034694347601015, "p1": 0.01106656007201133, "p5": 0.011133719537024116, "p10": 0.011199708470808072, "p25": 0.011322772870874858, "median": 0.011444205838356978, "p75": 0.011523139306049299, "p90": 0.011632926903022905, "p95": 0.012378691343568086, "p99": 0.01414812399662145, "p99.9": 0.015618389338194866, "max": 0.015793290242717993}, "time_to_first_token": {"mean": 0.136106510257135, "min": 0.04585832299198955, "p0.1": 0.04612783609871986, "p1": 0.04868473416543566, "p5": 0.05351112677890342, "p10": 0.05795647936174646, "p25": 0.08635789051186293, "median": 0.13909256650367752, "p75": 0.16976302898547146, "p90": 0.19689910991000945, "p95": 0.23745135311619367, "p99": 0.30949798198300416, "p99.9": 0.3104155779251014, "max": 0.3104565529501997}, "inter_token_latency": {"mean": 0.011527848995953513, "min": 1.287402119487524e-05, "p0.1": 1.5346734900958835e-05, "p1": 1.752105075865984e-05, "p5": 4.033231816720217e-05, "p10": 4.6109408140182494e-05, "p25": 4.995601193513721e-05, "median": 8.607550989836454e-05, "p75": 0.024218276506871916, "p90": 0.02505377886700444, "p95": 0.025536394349182957, "p99": 0.026766620196285656, "p99.9": 0.06151117510435978, "max": 0.2851420309743844}}, "throughput": {"input_tokens_per_sec": 2838.1020026190363, "output_tokens_per_sec": 62.146747418604804, "total_tokens_per_sec": 2900.2487500376415, "requests_per_sec": 2.016115082517593}, "prompt_len": {"mean": 1407.7083333333333, "min": 65.0, "p0.1": 68.689, "p1": 96.19, "p5": 231.25, "p10": 368.9, "p25": 716.0, "median": 1609.0, "p75": 1978.5, "p90": 2217.5000000000005, "p95": 2509.9, "p99": 2800.8000000000006, "p99.9": 2859.286, "max": 2860.0}, "output_len": {"mean": 30.825, "min": 27.0, "p0.1": 27.119, "p1": 28.0, "p5": 28.95, "p10": 31.0, "p25": 31.0, "median": 31.0, "p75": 31.0, "p90": 31.0, "p95": 31.0, "p99": 31.0, "p99.9": 31.0, "max": 31.0}}, "failures": {"count": 0, "request_latency": null, "prompt_len": null}}