{"load_summary": {"count": 300, "schedule_delay": {"mean": 0.0007599417265737429, "min": -0.0007179906242527068, "p0.1": -0.0006895880185766145, "p1": -0.0004352624400053173, "p5": -0.00014478851226158438, "p10": -6.1378697864711185e-06, "p25": 0.0003718953230418265, "median": 0.0007303427846636623, "p75": 0.00116190969129093, "p90": 0.0014876996167004109, "p95": 0.0016970736643997953, "p99": 0.0022012552962405603, "p99.9": 0.002324419208336622, "max": 0.002334345248527825}, "send_duration": 59.79457338998327, "requested_rate": 5.0, "achieved_rate": 5.017177696768311}, "successes": {"count": 300, "latency": {"request_latency": {"mean": 0.9394509873822486, "min": 0.7409269339987077, "p0.1": 0.7417224423305597, "p1": 0.7472482384101022, "p5": 0.7694936631974997, "p10": 0.7942413049109746, "p25": 0.8583586622407893, "median": 0.90496876949328, "p75": 0.9989385855005821, "p90": 1.1015909649373499, "p95": 1.1809087417612318, "p99": 1.3403937058383597, "p99.9": 2.178654349194748, "max": 2.5181727870367467}, "normalized_time_per_output_token": {"mean": 0.03052595393101805, "min": 0.02390086883866799, "p0.1": 0.023926530397759993, "p1": 0.024164823910536905, "p5": 0.025048661355826736, "p10": 0.025722384745735797, "p25": 0.02768967582256488, "median": 0.029248416322403617, "p75": 0.03257231167733534, "p90": 0.03596761245149068, "p95": 0.038546409755156594, "p99": 0.044207089764231274, "p99.9": 0.07074492568107567, "max": 0.08123138022699183}, "time_per_output_token": {"mean": 0.012239965188619932, "min": 0.010858017403910297, "p0.1": 0.010866253874634557, "p1": 0.011019098467499603, "p5": 0.0111181343743679, "p10": 0.011220847369611053, "p25": 0.01139675345996605, "median": 0.011592883008321928, "p75": 0.012994771733628434, "p90": 0.013808220908263578, "p95": 0.015163989996090683, "p99": 0.017005623209669495, "p99.9": 0.018806275564605474, "max": 0.019115044193665286}, "time_to_first_token": {"mean": 0.17445506244296363, "min": 0.04623103799531236, "p0.1": 0.04629807468864601, "p1": 0.04667636917845812, "p5": 0.0505632695829263, "p10": 0.06716720850672574, "p25": 0.10502408495813143, "median": 0.16350544401211664, "p75": 0.19070777826709673, "p90": 0.2726881642884111, "p95": 0.375815204391256, "p99": 0.5520460892445404, "p99.9": 1.3984015209984157, "max": 1.7256006550160237}, "inter_token_latency": {"mean": 0.01223996518861993, "min": 1.3804004993289709e-05, "p0.1": 1.517717493698001e-05, "p1": 1.6599820228293538e-05, "p5": 3.667466517072171e-05, "p10": 4.163302364759147e-05, "p25": 4.8074740334413946e-05, "median": 8.125550812110305e-05, "p75": 0.024328750718268566, "p90": 0.02522817078861408, "p95": 0.025814032249036244, "p99": 0.029310531333903662, "p99.9": 0.16672749785217467, "max": 0.47458017198368907}}, "throughput": {"input_tokens_per_sec": 7583.763613835799, "output_tokens_per_sec": 152.22501489243703, "total_tokens_per_sec": 7735.988628728236, "requests_per_sec": 4.940766468433528}, "prompt_len": {"mean": 1534.9366666666667, "min": 11.0, "p0.1": 13.392, "p1": 62.7, "p5": 227.9, "p10": 357.00000000000006, "p25": 830.75, "median": 1750.0, "p75": 2068.25, "p90": 2242.2000000000003, "p95": 2372.1, "p99": 2654.6999999999994, "p99.9": 15624.772000000401, "max": 21118.0}, "output_len": {"mean": 30.81, "min": 19.0, "p0.1": 20.196, "p1": 27.98, "p5": 31.0, "p10": 31.0, "p25": 31.0, "median": 31.0, "p75": 31.0, "p90": 31.0, "p95": 31.0, "p99": 31.0, "p99.9": 31.0, "max": 31.0}}, "failures": {"count": 0, "request_latency": null, "prompt_len": null}}