{"load_summary": {"count": 1800, "schedule_delay": {"mean": 0.0006949145295463192, "min": -0.0010954844765365124, "p0.1": -0.0010563867596210912, "p1": -0.0005678152211476118, "p5": -0.0002223453251644969, "p10": -5.03381248563528e-05, "p25": 0.0002841851965058595, "median": 0.0006732319016009569, "p75": 0.0010315894178347662, "p90": 0.0013658005977049475, "p95": 0.001599409696063958, "p99": 0.001984824231476523, "p99.9": 0.00959517125017072, "max": 0.01736668834928423}, "send_duration": 59.98376301402459, "requested_rate": 30.0, "achieved_rate": 30.00812069058002}, "successes": {"count": 1800, "latency": {"request_latency": {"mean": 3.8183574980502857, "min": 0.9129520069691353, "p0.1": 0.928390043833584, "p1": 1.1049698574183275, "p5": 1.659050567157101, "p10": 2.0098333168250972, "p25": 2.7792237502289936, "median": 3.625205238495255, "p75": 4.634462521731621, "p90": 6.098856710444671, "p95": 6.4932701275363796, "p99": 8.022560748585965, "p99.9": 9.573342771632717, "max": 9.688526223995723}, "normalized_time_per_output_token": {"mean": 0.12416651615031202, "min": 0.029450064740939846, "p0.1": 0.029948065930115616, "p1": 0.035644188948978306, "p5": 0.05484193255674214, "p10": 0.0650027638443956, "p25": 0.08989077563737444, "median": 0.11748332287102276, "p75": 0.15014062156537433, "p90": 0.1980375705904613, "p95": 0.2126911113809441, "p99": 0.28354319243143045, "p99.9": 0.30881750876234565, "max": 0.312533103999862}, "time_per_output_token": {"mean": 0.04023681319434084, "min": 0.011510823338833307, "p0.1": 0.011515645986550579, "p1": 0.011918014752671062, "p5": 0.012309009574528318, "p10": 0.013946346058172264, "p25": 0.020387558971584264, "median": 0.03450177479845157, "p75": 0.05341316050368233, "p90": 0.07382155492537534, "p95": 0.09050104420053803, "p99": 0.12709061258342944, "p99.9": 0.14462876662000593, "max": 0.15091124141960585}, "time_to_first_token": {"mean": 1.3171201575547458, "min": 0.038720156997442245, "p0.1": 0.04231124258512864, "p1": 0.0623204896657262, "p5": 0.1590081157279201, "p10": 0.2763352660171222, "p25": 0.6523328074981691, "median": 1.1961077569867484, "p75": 1.803933671762934, "p90": 2.535542397579411, "p95": 2.9577272323862416, "p99": 4.015655330712907, "p99.9": 5.073494608871759, "max": 5.17135951097589}, "inter_token_latency": {"mean": 0.04023681319434084, "min": 9.34302806854248e-06, "p0.1": 1.179380709072575e-05, "p1": 1.3805974158458411e-05, "p5": 1.726200571283698e-05, "p10": 2.2987020201981068e-05, "p25": 3.956175351049751e-05, "median": 9.111501276493073e-05, "p75": 0.026692844243370928, "p90": 0.029452564642997465, "p95": 0.282432593812671, "p99": 0.5809692719008308, "p99.9": 0.5920316136556797, "max": 0.837548324954696}}, "throughput": {"input_tokens_per_sec": 41691.548201102436, "output_tokens_per_sec": 885.1063319603766, "total_tokens_per_sec": 42576.654533062814, "requests_per_sec": 28.769392132772545}, "prompt_len": {"mean": 1449.1633333333334, "min": 3.0, "p0.1": 11.0, "p1": 41.99, "p5": 205.85000000000002, "p10": 313.0, "p25": 727.75, "median": 1719.5, "p75": 2022.25, "p90": 2216.2000000000003, "p95": 2351.05, "p99": 2832.979999999999, "p99.9": 6480.486000000072, "max": 12406.0}, "output_len": {"mean": 30.765555555555554, "min": 19.0, "p0.1": 21.799, "p1": 25.0, "p5": 28.0, "p10": 31.0, "p25": 31.0, "median": 31.0, "p75": 31.0, "p90": 31.0, "p95": 31.0, "p99": 31.0, "p99.9": 31.0, "max": 31.0}}, "failures": {"count": 0, "request_latency": null, "prompt_len": null}}