{"load_summary": {"count": 480, "schedule_delay": {"mean": 0.0007699621506617405, "min": -0.0009473201935179532, "p0.1": -0.0008919675580691546, "p1": -0.0004865821998100728, "p5": -0.00021215780288912355, "p10": 2.2508844267576977e-05, "p25": 0.00035787548404186964, "median": 0.000732791522750631, "p75": 0.001088951452402398, "p90": 0.0014871472725644709, "p95": 0.0016507888154592364, "p99": 0.002037135487771591, "p99.9": 0.01100724257831578, "max": 0.018757146084681153}, "send_duration": 59.90103646897478, "requested_rate": 8.0, "achieved_rate": 8.013216937383243}, "successes": {"count": 480, "latency": {"request_latency": {"mean": 1.0177877338565546, "min": 0.7489939269726165, "p0.1": 0.7497142131773289, "p1": 0.7603673181997146, "p5": 0.7789071487670298, "p10": 0.8035117516817991, "p25": 0.8833919659955427, "median": 0.9738005019898992, "p75": 1.1119899262557738, "p90": 1.280458053399343, "p95": 1.364886189973913, "p99": 1.8868072027724678, "p99.9": 1.9921199013489532, "max": 1.9928421389777213}, "normalized_time_per_output_token": {"mean": 0.03315927680779992, "min": 0.024209601806491735, "p0.1": 0.024209960716554985, "p1": 0.024727671917400235, "p5": 0.025216499728529955, "p10": 0.026271099412641035, "p25": 0.028581795524880892, "median": 0.03163329274725123, "p75": 0.03657514560590273, "p90": 0.041463897934356224, "p95": 0.04416449447594312, "p99": 0.06086474847653123, "p99.9": 0.06426193230157913, "max": 0.06428523028960391}, "time_per_output_token": {"mean": 0.012970835954921088, "min": 0.011102510677207442, "p0.1": 0.011106291153998632, "p1": 0.011134237251094272, "p5": 0.011283783109918717, "p10": 0.011379214785166925, "p25": 0.011511151398853173, "median": 0.011855007669862149, "p75": 0.013766086177765242, "p90": 0.01569275516151045, "p95": 0.017663713882070768, "p99": 0.020987814297118493, "p99.9": 0.026902734223564893, "max": 0.02946657338742948}, "time_to_first_token": {"mean": 0.2076440372098053, "min": 0.041307194042019546, "p0.1": 0.04175981022045016, "p1": 0.04635746164771262, "p5": 0.05240525630069896, "p10": 0.061115804646397015, "p25": 0.10531455422460567, "median": 0.17089636097080074, "p75": 0.24831046478357166, "p90": 0.41357064154581175, "p95": 0.5232558013929519, "p99": 1.0240045007568543, "p99.9": 1.1640266135960198, "max": 1.2173431599512696}, "inter_token_latency": {"mean": 0.012970835954921088, "min": 1.2038974091410637e-05, "p0.1": 1.4894037274643778e-05, "p1": 1.64827611297369e-05, "p5": 3.4512660931795835e-05, "p10": 3.942399052903056e-05, "p25": 4.697675467468798e-05, "median": 7.954300963319838e-05, "p75": 0.024470222473610193, "p90": 0.02537969253025949, "p95": 0.0260009386081947, "p99": 0.061961426591151246, "p99.9": 0.27746219748969875, "max": 0.5790912440279499}}, "throughput": {"input_tokens_per_sec": 11524.989845686963, "output_tokens_per_sec": 242.80871486216816, "total_tokens_per_sec": 11767.798560549132, "requests_per_sec": 7.905323416797173}, "prompt_len": {"mean": 1457.8770833333333, "min": 11.0, "p0.1": 12.916, "p1": 40.69, "p5": 170.70000000000002, "p10": 281.30000000000007, "p25": 749.5, "median": 1688.5, "p75": 2057.25, "p90": 2239.4, "p95": 2378.0, "p99": 2854.4299999999985, "p99.9": 7529.71700000048, "max": 10728.0}, "output_len": {"mean": 30.714583333333334, "min": 22.0, "p0.1": 22.0, "p1": 25.0, "p5": 28.0, "p10": 31.0, "p25": 31.0, "median": 31.0, "p75": 31.0, "p90": 31.0, "p95": 31.0, "p99": 31.0, "p99.9": 31.0, "max": 31.0}}, "failures": {"count": 0, "request_latency": null, "prompt_len": null}}