{"load_summary": {"count": 600, "schedule_delay": {"mean": 0.0007390818219088639, "min": -0.0012409567134454846, "p0.1": -0.0012214579643914476, "p1": -0.0005292964656837284, "p5": -0.000241397155332379, "p10": 1.5803246060386304e-05, "p25": 0.0004043761291541159, "median": 0.0007411936530843377, "p75": 0.0011173882958246395, "p90": 0.001444243174046278, "p95": 0.0016276897222269316, "p99": 0.0018741443211911242, "p99.9": 0.0022430817084969027, "max": 0.0022488667746074498}, "send_duration": 59.8499642329989, "requested_rate": 10.0, "achieved_rate": 10.025068647730015}, "successes": {"count": 600, "latency": {"request_latency": {"mean": 1.0721288412684225, "min": 0.7509976560249925, "p0.1": 0.7515720233332249, "p1": 0.7697633797215531, "p5": 0.8150791633175686, "p10": 0.8498843805049546, "p25": 0.915146891537006, "median": 1.0355161869956646, "p75": 1.1699600512365578, "p90": 1.3365223077591508, "p95": 1.4743640986765967, "p99": 1.752145796791301, "p99.9": 1.8559553374731923, "max": 1.8648445489816368}, "normalized_time_per_output_token": {"mean": 0.03480562619367998, "min": 0.024225730839515885, "p0.1": 0.024244258817200805, "p1": 0.0248529697842558, "p5": 0.026384987781995967, "p10": 0.027789522373425444, "p25": 0.02973176421777856, "median": 0.03369533575812145, "p75": 0.03804557610763259, "p90": 0.04336172422908637, "p95": 0.047576114499186625, "p99": 0.0565208321545581, "p99.9": 0.05986952701526427, "max": 0.060156275773601185}, "time_per_output_token": {"mean": 0.01335770423034011, "min": 0.011070124000393516, "p0.1": 0.011115979991065556, "p1": 0.011223479604175794, "p5": 0.011358442751788383, "p10": 0.011453523132349213, "p25": 0.011602637132689837, "median": 0.012384420249990428, "p75": 0.014264209164989992, "p90": 0.016647086868103924, "p95": 0.018257888000141147, "p99": 0.022019166372370932, "p99.9": 0.026690939047724016, "max": 0.02669185848395911}, "time_to_first_token": {"mean": 0.2381424392888827, "min": 0.04232358903391287, "p0.1": 0.04508169232105138, "p1": 0.04915353660879191, "p5": 0.06501499432197307, "p10": 0.07990666952100582, "p25": 0.1289141494926298, "median": 0.18323322301148437, "p75": 0.31464793425402604, "p90": 0.44754084782907744, "p95": 0.5316011526971122, "p99": 0.8393640085752119, "p99.9": 1.0444922485870256, "max": 1.1001967309857719}, "inter_token_latency": {"mean": 0.013357704230340108, "min": 9.218987543135881e-06, "p0.1": 1.486454380210489e-05, "p1": 1.6303034499287605e-05, "p5": 2.8970008133910597e-05, "p10": 3.7955003790557384e-05, "p25": 4.5303459046408534e-05, "median": 7.697349064983428e-05, "p75": 0.024585696737631224, "p90": 0.025495401618536563, "p95": 0.026089549978496506, "p99": 0.08449133947608135, "p99.9": 0.3223358408507781, "max": 0.579819466045592}}, "throughput": {"input_tokens_per_sec": 14112.310911476869, "output_tokens_per_sec": 302.514878713324, "total_tokens_per_sec": 14414.825790190192, "requests_per_sec": 9.816599633747668}, "prompt_len": {"mean": 1437.5966666666666, "min": 12.0, "p0.1": 26.975, "p1": 88.89, "p5": 270.0, "p10": 377.0, "p25": 734.75, "median": 1631.5, "p75": 2013.75, "p90": 2207.6000000000004, "p95": 2343.2999999999997, "p99": 2619.959999999999, "p99.9": 5793.791000000363, "max": 9023.0}, "output_len": {"mean": 30.816666666666666, "min": 25.0, "p0.1": 25.599, "p1": 28.0, "p5": 28.0, "p10": 31.0, "p25": 31.0, "median": 31.0, "p75": 31.0, "p90": 31.0, "p95": 31.0, "p99": 31.0, "p99.9": 31.0, "max": 31.0}}, "failures": {"count": 0, "request_latency": null, "prompt_len": null}}