{"load_summary": {"count": 225, "schedule_delay": {"mean": 0.0011217039396675924, "min": -0.00036694540176540613, "p0.1": -0.0003410725397989154, "p1": -0.0002145413728430867, "p5": 0.00013477104948833585, "p10": 0.0002815636456944049, "p25": 0.0006263467366807163, "median": 0.0009469075012020767, "p75": 0.0014970585471019149, "p90": 0.0022292529349215327, "p95": 0.002677005680743604, "p99": 0.0030776704475283623, "p99.9": 0.003396706738974903, "max": 0.0034828506759367883}, "send_duration": 24.987724535982125, "requested_rate": 9.0, "achieved_rate": 9.004421338005459}, "successes": {"count": 225, "latency": {"request_latency": {"mean": 1.1805790297937993, "min": 0.7353285599965602, "p0.1": 0.7373877073191106, "p1": 0.7663949107704684, "p5": 0.8068455824046395, "p10": 0.8462876694044098, "p25": 0.9383104529697448, "median": 1.0268682309542783, "p75": 1.2693800869747065, "p90": 1.779685089830308, "p95": 2.2294904192211096, "p99": 2.607315713791176, "p99.9": 3.165477258229163, "max": 3.173257111979183}, "normalized_time_per_output_token": {"mean": 0.03839802876022689, "min": 0.023720276128921296, "p0.1": 0.02378670023610034, "p1": 0.024722416476466724, "p5": 0.02608105556123079, "p10": 0.027365100600816792, "p25": 0.030268079128056284, "median": 0.033124781643686395, "p75": 0.041183229598682376, "p90": 0.057409196446138976, "p95": 0.07236586638140462, "p99": 0.08410695850939277, "p99.9": 0.10991133752273789, "max": 0.11209020078656197}, "time_per_output_token": {"mean": 0.013549666294855598, "min": 0.010885148065074558, "p0.1": 0.01089650179034159, "p1": 0.011020377647740045, "p5": 0.011242437360793231, "p10": 0.011304198528992974, "p25": 0.011534694662024718, "median": 0.012714619161523577, "p75": 0.014197865516067512, "p90": 0.017967930319719015, "p95": 0.019915472029054897, "p99": 0.022254490895654937, "p99.9": 0.028248052870404168, "max": 0.02976635432306437}, "time_to_first_token": {"mean": 0.3313042245976006, "min": 0.046781325014308095, "p0.1": 0.0473851658385247, "p1": 0.05083078088471666, "p5": 0.06331219478743151, "p10": 0.07843492018291727, "p25": 0.12384137796470895, "median": 0.18662920698989183, "p75": 0.3762678620405495, "p90": 0.8375182358082381, "p95": 1.215338180225808, "p99": 1.417796238409355, "p99.9": 1.7569904314400653, "max": 1.8118941449793056}, "inter_token_latency": {"mean": 0.013549666294855597, "min": 1.2277974747121334e-05, "p0.1": 1.4489802182652056e-05, "p1": 1.673562335781753e-05, "p5": 3.5320007009431725e-05, "p10": 3.9084290619939566e-05, "p25": 4.6995250158943236e-05, "median": 9.026599582284689e-05, "p75": 0.02435093850363046, "p90": 0.025333519594278188, "p95": 0.026155628828564658, "p99": 0.09357495538133671, "p99.9": 0.4193137406373689, "max": 0.5709653089870699}}, "throughput": {"input_tokens_per_sec": 11932.949971915923, "output_tokens_per_sec": 267.8726939250857, "total_tokens_per_sec": 12200.82266584101, "requests_per_sec": 8.693402009684737}, "prompt_len": {"mean": 1372.6444444444444, "min": 11.0, "p0.1": 18.392, "p1": 75.88, "p5": 197.8, "p10": 263.4, "p25": 580.0, "median": 1517.0, "p75": 1995.0, "p90": 2241.4, "p95": 2352.6, "p99": 3012.5999999999995, "p99.9": 5719.576000000005, "max": 5815.0}, "output_len": {"mean": 30.813333333333333, "min": 24.0, "p0.1": 24.224, "p1": 28.0, "p5": 29.400000000000002, "p10": 31.0, "p25": 31.0, "median": 31.0, "p75": 31.0, "p90": 31.0, "p95": 31.0, "p99": 31.0, "p99.9": 31.0, "max": 31.0}}, "failures": {"count": 0, "request_latency": null, "prompt_len": null}}