{"load_summary": {"count": 900, "schedule_delay": {"mean": 0.0007939628207047159, "min": -0.0009592252899892628, "p0.1": -0.0009116445939289406, "p1": -0.000475286049186252, "p5": -0.00011436383647378533, "p10": 0.00010367968934588137, "p25": 0.00039843557169660926, "median": 0.0007521013321820647, "p75": 0.0011413042375352234, "p90": 0.0014856307534500957, "p95": 0.0016880642157047984, "p99": 0.002051050964510068, "p99.9": 0.007844290864072345, "max": 0.012123902852181345}, "send_duration": 59.9869458170142, "requested_rate": 15.0, "achieved_rate": 15.003264255949691}, "successes": {"count": 900, "latency": {"request_latency": {"mean": 1.4899896614551027, "min": 0.7555849589989521, "p0.1": 0.7740667169758235, "p1": 0.8047086227289401, "p5": 0.8865617844945518, "p10": 0.9410247940802947, "p25": 1.0845150752575137, "median": 1.2958190199860837, "p75": 1.7649577442643931, "p90": 2.3666516510013027, "p95": 2.637419816738111, "p99": 3.0639099152636478, "p99.9": 3.8549283171921935, "max": 3.9203746109851636}, "normalized_time_per_output_token": {"mean": 0.04842001294820633, "min": 0.024373708354804905, "p0.1": 0.024969894095994306, "p1": 0.02595834266867549, "p5": 0.028642058289316933, "p10": 0.030642951790416137, "p25": 0.03553389696706642, "median": 0.04201886032317434, "p75": 0.057389915064108676, "p90": 0.0765165308319528, "p95": 0.08507805860445519, "p99": 0.09960291436375925, "p99.9": 0.1243525263610385, "max": 0.12646369712855365}, "time_per_output_token": {"mean": 0.01633841359662497, "min": 0.01107307814527303, "p0.1": 0.011110925842251164, "p1": 0.01134940594470414, "p5": 0.011473958783561455, "p10": 0.011591868664442203, "p25": 0.011864838309843289, "median": 0.014064663467692182, "p75": 0.018514731923078804, "p90": 0.024370389434249864, "p95": 0.02938481533506532, "p99": 0.038382838994448616, "p99.9": 0.04351612098540608, "max": 0.046550586531426935}, "time_to_first_token": {"mean": 0.47078445067176494, "min": 0.0390869359835051, "p0.1": 0.04005960278213024, "p1": 0.04665474852256011, "p5": 0.07309522202413063, "p10": 0.1009615532879252, "p25": 0.17371677326445933, "median": 0.3247246659884695, "p75": 0.6504164499783656, "p90": 1.1183868753025308, "p95": 1.3756924573215654, "p99": 1.7244059934164395, "p99.9": 1.9926780216998357, "max": 2.0344113080063835}, "inter_token_latency": {"mean": 0.01633841359662497, "min": 1.0186049621552229e-05, "p0.1": 1.3225817237980664e-05, "p1": 1.562501129228622e-05, "p5": 1.9749041530303658e-05, "p10": 3.364288131706417e-05, "p25": 4.317599814385176e-05, "median": 7.784299668855965e-05, "p75": 0.024941611220128834, "p90": 0.025987535389140247, "p95": 0.026813131940434682, "p99": 0.17411710770160435, "p99.9": 0.5810349883339954, "max": 0.5898523210198618}}, "throughput": {"input_tokens_per_sec": 22709.427402929836, "output_tokens_per_sec": 455.16454594101947, "total_tokens_per_sec": 23164.591948870857, "requests_per_sec": 14.782869306301379}, "prompt_len": {"mean": 1536.1988888888889, "min": 11.0, "p0.1": 11.0, "p1": 42.99, "p5": 161.0, "p10": 307.70000000000005, "p25": 781.75, "median": 1830.5, "p75": 2090.5, "p90": 2298.1, "p95": 2453.2, "p99": 3104.1899999999996, "p99.9": 7898.550000001415, "max": 19181.0}, "output_len": {"mean": 30.79, "min": 19.0, "p0.1": 22.596, "p1": 27.990000000000002, "p5": 28.0, "p10": 31.0, "p25": 31.0, "median": 31.0, "p75": 31.0, "p90": 31.0, "p95": 31.0, "p99": 31.0, "p99.9": 31.0, "max": 31.0}}, "failures": {"count": 0, "request_latency": null, "prompt_len": null}}