{"load_summary": {"count": 9525, "schedule_delay": {"mean": 0.0007406834498832486, "min": -0.0015560782048851252, "p0.1": -0.0010035161729902028, "p1": -0.0005284869484603405, "p5": -0.00019556611077859996, "p10": -3.545440267771466e-06, "p25": 0.0003383273142389953, "median": 0.0007124569965526462, "p75": 0.001088473538402468, "p90": 0.0014269541017711163, "p95": 0.0016435622819699345, "p99": 0.002172096890863034, "p99.9": 0.009491363173351168, "max": 0.02921433630399406}}, "successes": {"count": 9524, "latency": {"request_latency": {"mean": 5.888364549377857, "min": 0.7353285599965602, "p0.1": 0.750509804245201, "p1": 0.7828136468847515, "p5": 0.8770095195563045, "p10": 0.9564785861119163, "p25": 1.2650840787246125, "median": 2.3042888879717793, "p75": 6.318586524750572, "p90": 19.75956428550417, "p95": 20.991307410929586, "p99": 22.77028059219825, "p99.9": 23.806511496789764, "max": 24.74040397501085}, "normalized_time_per_output_token": {"mean": 0.19205787562852653, "min": 0.023720276128921296, "p0.1": 0.024230120360933905, "p1": 0.025435015022596943, "p5": 0.02838322095903418, "p10": 0.031072838231545663, "p25": 0.04118984997612349, "median": 0.07527824766085749, "p75": 0.20463957683034917, "p90": 0.6418869806517427, "p95": 0.6807932964695107, "p99": 0.7456732688004103, "p99.9": 0.851320146153283, "max": 1.2634169609373203}, "time_per_output_token": {"mean": 0.07188448515903044, "min": 0.010858017403910297, "p0.1": 0.01103272004983662, "p1": 0.01124268438222052, "p5": 0.01147577446001026, "p10": 0.01166236896787004, "p25": 0.012977742915550592, "median": 0.021647645330954073, "p75": 0.06590353275861427, "p90": 0.2732214294870632, "p95": 0.27530476475503457, "p99": 0.2829411880833645, "p99.9": 0.28481715656360873, "max": 0.285080507547865}, "time_to_first_token": {"mean": 1.4250104875868868, "min": 0.03647910797735676, "p0.1": 0.041801386654376986, "p1": 0.05054879719566088, "p5": 0.08233630535250995, "p10": 0.1301604500913527, "p25": 0.24435272373375483, "median": 0.7571885295037646, "p75": 1.9764715874771355, "p90": 4.01387236529845, "p95": 5.164146356834681, "p99": 6.6771792648919, "p99.9": 7.860984698111325, "max": 8.415450876986142}, "inter_token_latency": {"mean": 0.07188448515903043, "min": 7.69604230299592e-06, "p0.1": 1.1692857602611184e-05, "p1": 1.4188000932335854e-05, "p5": 1.835799776017666e-05, "p10": 2.5462009944021702e-05, "p25": 4.1255028918385506e-05, "median": 8.677798905409873e-05, "p75": 0.025957883466617204, "p90": 0.5525284382863902, "p95": 0.5847281582769938, "p99": 0.5968357576784911, "p99.9": 0.63148048808903, "max": 1.010882917966228}}, "throughput": {"input_tokens_per_sec": 19900.15681147316, "output_tokens_per_sec": 425.25359079146796, "total_tokens_per_sec": 20325.410402264628, "requests_per_sec": 13.85398384328662}, "prompt_len": {"mean": 1436.4212515749684, "min": 3.0, "p0.1": 11.0, "p1": 44.0, "p5": 202.0, "p10": 318.0, "p25": 711.75, "median": 1652.0, "p75": 2030.0, "p90": 2220.0, "p95": 2359.0, "p99": 2765.0, "p99.9": 7400.1730000011175, "max": 22278.0}, "output_len": {"mean": 30.69540109197816, "min": 16.0, "p0.1": 19.0, "p1": 25.0, "p5": 28.0, "p10": 31.0, "p25": 31.0, "median": 31.0, "p75": 31.0, "p90": 31.0, "p95": 31.0, "p99": 31.0, "p99.9": 31.0, "max": 32.0}}, "failures": {"count": 1, "request_latency": {"mean": 0.7892381629790179, "min": 0.7892381629790179, "p0.1": 0.7892381629790179, "p1": 0.7892381629790179, "p5": 0.7892381629790179, "p10": 0.7892381629790179, "p25": 0.7892381629790179, "median": 0.7892381629790179, "p75": 0.7892381629790179, "p90": 0.7892381629790179, "p95": 0.7892381629790179, "p99": 0.7892381629790179, "p99.9": 0.7892381629790179, "max": 0.7892381629790179}, "prompt_len": {"mean": 161289.0, "min": 161289.0, "p0.1": 161289.0, "p1": 161289.0, "p5": 161289.0, "p10": 161289.0, "p25": 161289.0, "median": 161289.0, "p75": 161289.0, "p90": 161289.0, "p95": 161289.0, "p99": 161289.0, "p99.9": 161289.0, "max": 161289.0}}}