{"load_summary": {"count": 2598, "schedule_delay": {"mean": 0.0007131147717542981, "min": -0.0012317978544160724, "p0.1": -0.0011146837986307219, "p1": -0.0007900559075642377, "p5": -0.0004546472628135234, "p10": -0.00026189166819676755, "p25": 0.00012962953769601882, "median": 0.0005563779268413782, "p75": 0.0011163176386617124, "p90": 0.0018368661054410079, "p95": 0.0024570607230998587, "p99": 0.003877450444269935, "p99.9": 0.0049405753624159965, "max": 0.005834645591676235}, "send_duration": 59.96932984003797, "requested_rate": 43.31, "achieved_rate": 43.32214495192623}, "successes": {"count": 2598, "latency": {"request_latency": {"mean": 0.5208211270386993, "min": 0.49401863606180996, "p0.1": 0.49674426748440603, "p1": 0.501644556473475, "p5": 0.5068850516865495, "p10": 0.5097616303828545, "p25": 0.5151724537136033, "median": 0.5203925265232101, "p75": 0.5259670293016825, "p90": 0.5320212419494055, "p95": 0.5359166392183397, "p99": 0.5465176502184477, "p99.9": 0.5514110935328065, "max": 0.5549416990252212}, "normalized_time_per_output_token": {"mean": 0.00842404959859507, "min": 0.007534817607269029, "p0.1": 0.007583380062865053, "p1": 0.007718545146823789, "p5": 0.00782612943818374, "p10": 0.007884472867154834, "p25": 0.007980051461625127, "median": 0.00809854248431153, "p75": 0.008319215807261152, "p90": 0.009185821361831603, "p95": 0.009464815875565235, "p99": 0.013394792811133165, "p99.9": 0.02674990716771003, "max": 0.048318094997243446}, "time_per_output_token": {"mean": 0.0038191312865639496, "min": 0.003614518557704061, "p0.1": 0.0036377708842894856, "p1": 0.003681996135129557, "p5": 0.003717130741290387, "p10": 0.003742354303190499, "p25": 0.0037787272288038057, "median": 0.0038173972013543626, "p75": 0.003856215069418802, "p90": 0.003894900463434846, "p95": 0.003927525760093343, "p99": 0.004008761473268978, "p99.9": 0.0040224886686746905, "max": 0.004026990519230103}, "time_to_first_token": {"mean": 0.026984518725061867, "min": 0.01917658094316721, "p0.1": 0.019483883537817746, "p1": 0.02090708716888912, "p5": 0.02206425670883618, "p10": 0.022911304689478128, "p25": 0.0247198429715354, "median": 0.026831897033844143, "p75": 0.02907737225177698, "p90": 0.031107952678576113, "p95": 0.03218867926625535, "p99": 0.03483204861870039, "p99.9": 0.04335844625427918, "max": 0.047031546011567116}, "inter_token_latency": {"mean": 0.00381913128656395, "min": 2.7370406314730644e-06, "p0.1": 3.296998329460621e-06, "p1": 4.033023724332452e-06, "p5": 8.622114546597003e-06, "p10": 1.0102987289428711e-05, "p25": 1.230393536388874e-05, "median": 3.8692494854331017e-05, "p75": 0.007757194020086899, "p90": 0.00802299145143479, "p95": 0.008178166433935985, "p99": 0.008526331189787018, "p99.9": 0.009543051336309944, "max": 0.014040005975402892}}, "throughput": {"input_tokens_per_sec": 8665.273578182618, "output_tokens_per_sec": 2689.469774140785, "total_tokens_per_sec": 11354.743352323403, "requests_per_sec": 42.967478635184264}, "prompt_len": {"mean": 201.67051578137028, "min": 194.0, "p0.1": 194.0, "p1": 194.97, "p5": 196.0, "p10": 197.0, "p25": 199.0, "median": 201.0, "p75": 205.0, "p90": 207.0, "p95": 208.0, "p99": 210.0300000000002, "p99.9": 211.0, "max": 211.0}, "output_len": {"mean": 62.59314857582756, "min": 11.0, "p0.1": 19.387999999999998, "p1": 39.0, "p5": 56.0, "p10": 57.0, "p25": 63.0, "median": 65.0, "p75": 65.0, "p90": 65.0, "p95": 65.0, "p99": 66.0, "p99.9": 67.0, "max": 69.0}}, "failures": {"count": 0, "request_latency": null, "prompt_len": null}}