{"load_summary": {"count": 5137, "schedule_delay": {"mean": 0.00033815879372385647, "min": -0.0012208818225190043, "p0.1": -0.001081624169833958, "p1": -0.0008725495031103492, "p5": -0.0005979567999020219, "p10": -0.0004123108461499214, "p25": -8.497678209096193e-05, "median": 0.000288467388600111, "p75": 0.00068422663025558, "p90": 0.0011141840135678652, "p95": 0.0014559190720319747, "p99": 0.002273590546101333, "p99.9": 0.003082746245898325, "max": 0.004172637476585805}, "send_duration": 59.99265242903493, "requested_rate": 85.62, "achieved_rate": 85.62715252632873}, "successes": {"count": 5137, "latency": {"request_latency": {"mean": 0.5771687080079633, "min": 0.5173386048991233, "p0.1": 0.5269763730540872, "p1": 0.53777580272872, "p5": 0.5552429320523515, "p10": 0.5614823672221974, "p25": 0.5689458230044693, "median": 0.5772875070106238, "p75": 0.5865575650241226, "p90": 0.5933279210468754, "p95": 0.5974886765936389, "p99": 0.6069985953858122, "p99.9": 0.6145718318819999, "max": 0.6176854299847037}, "normalized_time_per_output_token": {"mean": 0.009313043524176305, "min": 0.008094706998851437, "p0.1": 0.008117383868039514, "p1": 0.00834674427197149, "p5": 0.008596045592410239, "p10": 0.008682686359106535, "p25": 0.008819686599935476, "median": 0.009005628538747819, "p75": 0.009247483234503306, "p90": 0.010201110047787142, "p95": 0.01052632650691701, "p99": 0.014427966748670942, "p99.9": 0.018601206202907034, "max": 0.11548354281112552}, "time_per_output_token": {"mean": 0.004242834382651676, "min": 0.003779688829288984, "p0.1": 0.003866594492955956, "p1": 0.0039382064664851895, "p5": 0.0040794019331043775, "p10": 0.004131928278862448, "p25": 0.004184396193875361, "median": 0.00424406761953304, "p75": 0.004314769325640717, "p90": 0.004356907444912218, "p95": 0.004387442072557444, "p99": 0.00445179439846484, "p99.9": 0.0044930861784405135, "max": 0.004498743101080894}, "time_to_first_token": {"mean": 0.02870174600131877, "min": 0.019926887936890125, "p0.1": 0.020716713512316347, "p1": 0.02201932008843869, "p5": 0.02349845313001424, "p10": 0.02450132367666811, "p25": 0.02625345205888152, "median": 0.02854652493260801, "p75": 0.030951058957725763, "p90": 0.03300373458769172, "p95": 0.03425434820819646, "p99": 0.03678809832315893, "p99.9": 0.043423947695643124, "max": 0.05352206702809781}, "inter_token_latency": {"mean": 0.004242834382651676, "min": 2.4099135771393776e-06, "p0.1": 3.3169835805892943e-06, "p1": 4.218076355755329e-06, "p5": 9.063980542123318e-06, "p10": 1.0509975254535675e-05, "p25": 1.4033983461558819e-05, "median": 4.2582047171890736e-05, "p75": 0.008614238002337515, "p90": 0.008971168147400023, "p95": 0.009211696591228247, "p99": 0.009841505964286627, "p99.9": 0.012574479980394317, "max": 0.015280785970389843}}, "throughput": {"input_tokens_per_sec": 17119.851284994184, "output_tokens_per_sec": 5322.170882670151, "total_tokens_per_sec": 22442.022167664334, "requests_per_sec": 84.89204307411309}, "prompt_len": {"mean": 201.66614755693985, "min": 194.0, "p0.1": 194.0, "p1": 194.36, "p5": 196.0, "p10": 197.0, "p25": 199.0, "median": 201.0, "p75": 205.0, "p90": 207.0, "p95": 208.0, "p99": 210.0, "p99.9": 211.0, "max": 211.0}, "output_len": {"mean": 62.69340081759782, "min": 5.0, "p0.1": 30.408, "p1": 40.0, "p5": 56.0, "p10": 57.0, "p25": 63.0, "median": 65.0, "p75": 65.0, "p90": 65.0, "p95": 65.0, "p99": 66.0, "p99.9": 67.86400000000049, "max": 71.0}}, "failures": {"count": 0, "request_latency": null, "prompt_len": null}}