{"load_summary": {"count": 12753, "schedule_delay": {"mean": 5.337513146320673, "min": -0.0012957563158124685, "p0.1": -0.0010075981924310327, "p1": -0.0005503789102658629, "p5": 3.173891454935074e-05, "p10": 0.0005215140292420984, "p25": 1.8926393260480836, "median": 5.259554522112012, "p75": 8.57405458111316, "p90": 10.95446265770588, "p95": 11.426905998191796, "p99": 11.755256910510361, "p99.9": 11.882442838784309, "max": 11.903796923113987}, "send_duration": 71.87144495802931, "requested_rate": 212.55, "achieved_rate": 177.4418200085911}, "successes": {"count": 12753, "latency": {"request_latency": {"mean": 2.4049859713812802, "min": 0.6180260750697926, "p0.1": 0.6349660944323987, "p1": 0.7541424063267186, "p5": 1.23860396402888, "p10": 1.9835647186730057, "p25": 2.490590706001967, "median": 2.53969518491067, "p75": 2.5724498321069404, "p90": 2.5967442775843663, "p95": 2.6103950805496425, "p99": 2.6363381331507116, "p99.9": 2.6661916729118675, "max": 2.691377156996168}, "normalized_time_per_output_token": {"mean": 0.03881427184315551, "min": 0.0, "p0.1": 0.009942628933194635, "p1": 0.011760266579978633, "p5": 0.019653997913874698, "p10": 0.031126048916192944, "p25": 0.03860224718407083, "median": 0.039480927754909946, "p75": 0.0403999945237523, "p90": 0.04469486163038631, "p95": 0.045967311186209454, "p99": 0.06482300432518315, "p99.9": 0.09559823151657035, "max": 0.5174039041856304}, "time_per_output_token": {"mean": 0.005658065843249594, "min": 0.004371978945365941, "p0.1": 0.004544746165705282, "p1": 0.005246669305344076, "p5": 0.005537608244579083, "p10": 0.005557690310118677, "p25": 0.005599892791180128, "median": 0.0056594772717388445, "p75": 0.005708584681969107, "p90": 0.005764533186932604, "p95": 0.005898037413857126, "p99": 0.00598414398194474, "p99.9": 0.006143011899305668, "max": 0.006162497212223004}, "time_to_first_token": {"mean": 1.676636974635918, "min": 0.022100565023720264, "p0.1": 0.027028839935548603, "p1": 0.036223677401430905, "p5": 0.5152512929867953, "p10": 1.2506258642533794, "p25": 1.7627148269675672, "median": 1.8118889910401776, "p75": 1.839647148968652, "p90": 1.8624459522543475, "p95": 1.8763319331454114, "p99": 1.9022326552169397, "p99.9": 1.925422377587296, "max": 1.958979690913111}, "inter_token_latency": {"mean": 0.005657798028546994, "min": 1.9100261852145195e-06, "p0.1": 3.1919917091727257e-06, "p1": 4.5299530029296875e-06, "p5": 9.683077223598957e-06, "p10": 1.1105090379714966e-05, "p25": 1.5335041098296642e-05, "median": 4.4876011088490486e-05, "p75": 0.01139227207750082, "p90": 0.012243441259488464, "p95": 0.012820773827843366, "p99": 0.013986084018833934, "p99.9": 0.03607093054708215, "max": 0.06980838708113879}}, "throughput": {"input_tokens_per_sec": 34653.50965625309, "output_tokens_per_sec": 10754.735872398645, "total_tokens_per_sec": 45408.245528651736, "requests_per_sec": 171.83378111678363}, "prompt_len": {"mean": 201.6687838155728, "min": 194.0, "p0.1": 194.0, "p1": 194.51999999999998, "p5": 196.0, "p10": 197.0, "p25": 199.0, "median": 201.0, "p75": 205.0, "p90": 207.0, "p95": 208.0, "p99": 210.0, "p99.9": 211.0, "max": 211.0}, "output_len": {"mean": 62.588018505449696, "min": 0.0, "p0.1": 25.0, "p1": 38.0, "p5": 55.60000000000002, "p10": 57.0, "p25": 63.0, "median": 65.0, "p75": 65.0, "p90": 65.0, "p95": 65.0, "p99": 66.0, "p99.9": 67.0, "max": 70.0}}, "failures": {"count": 0, "request_latency": null, "prompt_len": null}}