{"load_summary": {"count": 60, "schedule_delay": {"mean": 0.0004930082165325681, "min": -0.0006753827910870314, "p0.1": -0.0006610049310838803, "p1": -0.0005316041910555214, "p5": -0.00024196498561650514, "p10": -0.00010968917049467564, "p25": 0.00019546336261555552, "median": 0.00046399119310081005, "p75": 0.0008029438322409987, "p90": 0.001079136726912111, "p95": 0.0013125255471095442, "p99": 0.00151656637317501, "p99.9": 0.0015235636959550903, "max": 0.001524341176263988}, "send_duration": 59.46639028401114, "requested_rate": 1.0, "achieved_rate": 1.0089732992609832}, "successes": {"count": 60, "latency": {"request_latency": {"mean": 0.475779257749673, "min": 0.46800631599035114, "p0.1": 0.4680154714314267, "p1": 0.4680978704011068, "p5": 0.4688836992601864, "p10": 0.4698497510398738, "p25": 0.4725551730080042, "median": 0.47550570248859003, "p75": 0.47848714829888195, "p90": 0.4813020969973877, "p95": 0.48203030886361375, "p99": 0.4878815991617739, "p99.9": 0.48968716646125543, "max": 0.4898877850500867}, "normalized_time_per_output_token": {"mean": 0.0077204204470520685, "min": 0.007113274211543753, "p0.1": 0.007119113917318161, "p1": 0.007171671269287839, "p5": 0.007233998983955154, "p10": 0.007265872185727437, "p25": 0.007311355477192522, "median": 0.00737646230800937, "p75": 0.007525802226386048, "p90": 0.008370033282329116, "p95": 0.008538449070718046, "p99": 0.013696689275933717, "p99.9": 0.0140586663028107, "max": 0.01409888597246369}, "time_per_output_token": {"mean": 0.003446522555016198, "min": 0.0034327549379781002, "p0.1": 0.0034327918358477436, "p1": 0.003433123916674535, "p5": 0.0034341394281747584, "p10": 0.003436129126704998, "p25": 0.003438233207936521, "median": 0.003441656821465134, "p75": 0.0034486990640401954, "p90": 0.0034700067771613135, "p95": 0.0034740190280695238, "p99": 0.0034784784109887575, "p99.9": 0.0034805635776255254, "max": 0.0034807952628073883}, "time_to_first_token": {"mean": 0.029874461212117846, "min": 0.022137252963148057, "p0.1": 0.022225939581170678, "p1": 0.023024119143374263, "p5": 0.024266126804286615, "p10": 0.024915533512830733, "p25": 0.02680092424270697, "median": 0.02926190651487559, "p75": 0.032650585228111595, "p90": 0.03501452641794458, "p95": 0.03648974581155926, "p99": 0.040942011214792726, "p99.9": 0.041362329041585336, "max": 0.04140903102234006}, "inter_token_latency": {"mean": 0.003446522555016198, "min": 3.2299431040883064e-06, "p0.1": 3.345766104757786e-06, "p1": 3.944095224142074e-06, "p5": 9.591825073584914e-06, "p10": 9.938864968717098e-06, "p25": 1.0992982424795628e-05, "median": 3.635295433923602e-05, "p75": 0.007030306238448247, "p90": 0.007084613083861768, "p95": 0.007125620037550106, "p99": 0.007288924462627619, "p99.9": 0.007529102525906638, "max": 0.008933271048590541}}, "throughput": {"input_tokens_per_sec": 201.78045277855924, "output_tokens_per_sec": 62.57779895596327, "total_tokens_per_sec": 264.3582517345225, "requests_per_sec": 1.000977855867181}, "prompt_len": {"mean": 201.58333333333334, "min": 194.0, "p0.1": 194.059, "p1": 194.59, "p5": 196.95, "p10": 197.0, "p25": 199.0, "median": 201.0, "p75": 204.25, "p90": 207.0, "p95": 208.0, "p99": 209.41, "p99.9": 209.941, "max": 210.0}, "output_len": {"mean": 62.516666666666666, "min": 34.0, "p0.1": 34.059, "p1": 34.59, "p5": 56.8, "p10": 57.0, "p25": 64.0, "median": 65.0, "p75": 65.0, "p90": 65.0, "p95": 65.0, "p99": 65.41, "p99.9": 65.941, "max": 66.0}}, "failures": {"count": 0, "request_latency": null, "prompt_len": null}}