{"load_summary": {"count": 7675, "schedule_delay": {"mean": 0.0002332675824827645, "min": -0.0013160445960238576, "p0.1": -0.0011387296363245696, "p1": -0.000920586409047246, "p5": -0.0006375990691594779, "p10": -0.0004545528208836913, "p25": -0.00014432589523494244, "median": 0.00021365249995142221, "p75": 0.0005873977788724005, "p90": 0.0009372722124680877, "p95": 0.0011431446648202837, "p99": 0.001558563120197505, "p99.9": 0.002440895417006692, "max": 0.0029029286233708262}, "send_duration": 59.99696710205171, "requested_rate": 127.93, "achieved_rate": 127.92313296345839}, "successes": {"count": 7675, "latency": {"request_latency": {"mean": 0.6470339032938304, "min": 0.5531578339869156, "p0.1": 0.565192739547696, "p1": 0.6000422480143607, "p5": 0.613159131957218, "p10": 0.6207501771859825, "p25": 0.6335429844912142, "median": 0.6457663379842415, "p75": 0.6592559925047681, "p90": 0.6758808946004138, "p95": 0.6896701127872802, "p99": 0.7004210695601069, "p99.9": 0.7068221326039641, "max": 0.7103385929949582}, "normalized_time_per_output_token": {"mean": 0.01049504086223089, "min": 0.008537913769340285, "p0.1": 0.008738808553382618, "p1": 0.009263844718296941, "p5": 0.009484816249639084, "p10": 0.009627163827132721, "p25": 0.00984088455509034, "median": 0.010100842845769455, "p75": 0.01057943645280672, "p90": 0.01145138783143474, "p95": 0.01200862302508374, "p99": 0.017026515299767692, "p99.9": 0.03649912101116646, "max": 0.20841134463747343}, "time_per_output_token": {"mean": 0.004760704962378779, "min": 0.004016726147816624, "p0.1": 0.004120298867209548, "p1": 0.004401478827804645, "p5": 0.004506439519522697, "p10": 0.004568364873145844, "p25": 0.004662319635629452, "median": 0.004752410728260586, "p75": 0.004850493662795701, "p90": 0.004975060130426184, "p95": 0.005072351878999855, "p99": 0.005154580275542572, "p99.9": 0.005186861080489333, "max": 0.005197546255319964}, "time_to_first_token": {"mean": 0.03174985872549748, "min": 0.021428566076792777, "p0.1": 0.022664619122166187, "p1": 0.024108476107940077, "p5": 0.02584393317811191, "p10": 0.026816118764691053, "p25": 0.02887417154852301, "median": 0.0315330479061231, "p75": 0.03430499153910205, "p90": 0.036703855055384337, "p95": 0.03829238434555009, "p99": 0.04179430214222521, "p99.9": 0.047954754574458656, "max": 0.07946356700267643}, "inter_token_latency": {"mean": 0.004760704962378779, "min": 2.835993655025959e-06, "p0.1": 3.34298238158226e-06, "p1": 4.688045009970665e-06, "p5": 9.328941814601421e-06, "p10": 1.1104973964393139e-05, "p25": 1.5527009963989258e-05, "median": 4.609301686286926e-05, "p75": 0.009632928995415568, "p90": 0.010239081387408078, "p95": 0.010626612079795447, "p99": 0.011841573624406012, "p99.9": 0.01355486721894707, "max": 0.01808934600558132}}, "throughput": {"input_tokens_per_sec": 25562.67022787745, "output_tokens_per_sec": 7926.859636770968, "total_tokens_per_sec": 33489.529864648415, "requests_per_sec": 126.75431266387312}, "prompt_len": {"mean": 201.67100977198697, "min": 194.0, "p0.1": 194.0, "p1": 194.74, "p5": 196.0, "p10": 197.0, "p25": 199.0, "median": 201.0, "p75": 205.0, "p90": 207.0, "p95": 208.0, "p99": 210.0, "p99.9": 211.0, "max": 211.0}, "output_len": {"mean": 62.537198697068405, "min": 3.0, "p0.1": 17.0, "p1": 38.0, "p5": 56.0, "p10": 57.0, "p25": 63.0, "median": 65.0, "p75": 65.0, "p90": 65.0, "p95": 65.0, "p99": 66.0, "p99.9": 67.0, "max": 68.0}}, "failures": {"count": 0, "request_latency": null, "prompt_len": null}}