{"load_summary": {"count": 53728, "schedule_delay": {"mean": 4.877943967970482, "min": -0.0013160445960238576, "p0.1": -0.0010788825590861962, "p1": -0.0008048592135310173, "p5": -0.00045780850341543556, "p10": -0.0002362959552556276, "p25": 0.00020212694653309882, "median": 0.0012297407956793904, "p75": 8.398108776396839, "p90": 16.97954282736173, "p95": 21.638758324319497, "p99": 25.308929098058723, "p99.9": 26.229870215549138, "max": 26.420678433263674}}, "successes": {"count": 53728, "latency": {"request_latency": {"mean": 1.5979005466816911, "min": 0.46800631599035114, "p0.1": 0.48131316352216524, "p1": 0.5133016048220452, "p5": 0.5426850174320862, "p10": 0.5779562128474937, "p25": 0.6577837060613092, "median": 1.3516905145370401, "p75": 2.5360384349769447, "p90": 2.5888257107231767, "p95": 2.6136722894676496, "p99": 2.6684995689452626, "p99.9": 2.7076935865238796, "max": 2.73535901599098}, "normalized_time_per_output_token": {"mean": 0.02579078179461238, "min": 0.0, "p0.1": 0.00759733214089895, "p1": 0.007945264335900832, "p5": 0.008676187171713536, "p10": 0.009071729865928108, "p25": 0.01051940917499968, "median": 0.023474559101166755, "p75": 0.039544424140219164, "p90": 0.04145734524181685, "p95": 0.04480633085242292, "p99": 0.05774611369336883, "p99.9": 0.07709913992510053, "max": 0.5174039041856304}, "time_per_output_token": {"mean": 0.005260220841933581, "min": 0.0034327549379781002, "p0.1": 0.00347111910901415, "p1": 0.003765340683631628, "p5": 0.003977880322883383, "p10": 0.004249591006384802, "p25": 0.004832501335262661, "median": 0.005550500751805109, "p75": 0.005666939278537267, "p90": 0.00573323906883304, "p95": 0.005792184357992483, "p99": 0.005979320590774572, "p99.9": 0.0063777348698367715, "max": 0.0065472818208973885}, "time_to_first_token": {"mean": 0.9195843098724368, "min": 0.01917658094316721, "p0.1": 0.021132711959420705, "p1": 0.023200382983777672, "p5": 0.0260004622337874, "p10": 0.02791031413944438, "p25": 0.03268464750726707, "median": 0.6291958904475905, "p75": 1.8087504089344293, "p90": 1.8572789153316989, "p95": 1.8830105505126995, "p99": 1.9340070191654368, "p99.9": 1.9710893584795999, "max": 2.004270128090866}, "inter_token_latency": {"mean": 0.005259326191398598, "min": 1.7780112102627754e-06, "p0.1": 3.2619573175907135e-06, "p1": 4.522968083620071e-06, "p5": 9.555439464747917e-06, "p10": 1.1008931323885918e-05, "p25": 1.530093140900135e-05, "median": 4.5340973883867264e-05, "p75": 0.010837383073521778, "p90": 0.011847402062267066, "p95": 0.012451363069703802, "p99": 0.013723304610466579, "p99.9": 0.03300397459208056, "max": 0.15545859292615205}}, "throughput": {"input_tokens_per_sec": 19174.96030066757, "output_tokens_per_sec": 5951.58019692232, "total_tokens_per_sec": 25126.540497589893, "requests_per_sec": 95.0810759084695}, "prompt_len": {"mean": 201.66957638475282, "min": 194.0, "p0.1": 194.0, "p1": 194.0, "p5": 196.0, "p10": 197.0, "p25": 199.0, "median": 201.0, "p75": 205.0, "p90": 207.0, "p95": 208.0, "p99": 210.0, "p99.9": 211.0, "max": 211.0}, "output_len": {"mean": 62.59479228707564, "min": 0.0, "p0.1": 25.0, "p1": 39.0, "p5": 56.0, "p10": 57.0, "p25": 63.0, "median": 65.0, "p75": 65.0, "p90": 65.0, "p95": 65.0, "p99": 66.0, "p99.9": 67.0, "max": 76.0}}, "failures": {"count": 0, "request_latency": null, "prompt_len": null}}